fight_id,date,time,session,build,rings_awake,world_awake,r_cap,bot,class,fighting_skills,stats,armour,weapon,weapon_damage,carries_bow,held,held_ammo,weapon_changes,creature,creature_might,result,called_reason,seconds,creature_left_pct,share_killed,taken,healed,hits_max,net_damage,dealt,spells,healing_spells,bandages,bottles,mana_spent,r,proven_strength,formula_power,proven_over_formula,formula_implied_r,steps,shots,paralysed_s,traced_seconds
1,2026-09-26,01:36:19,2026-09-26_01-35,234,0,0,20,Doran,Captain,390,180,0,Bow,25,1,,,,OrcishMage,5609,won,,25,0,1.0,0,0,90,1.8,100,0,0,0,0,0,20.0,112185,2250,49.86,0.4011,,,,0
2,2026-09-26,01:36:21,2026-09-26_01-35,234,0,0,20,Edda,Baron,495,180,50,BotBaronHalberd,27,0,,,,OrcishMage,5609,won,,27,0,1.0,2,0,97,2,94,0,0,0,0,0,20.0,112185,2619,42.8351,0.4669,,,,0
3,2026-09-26,01:36:57,2026-09-26_01-35,234,0,0,20,Edda,Baron,495,180,50,BotBaronHalberd,27,0,,,,JukaMage,12553,won,,31,0,1.0,3,0,97,3,173,0,0,0,0,0,20.0,251056,2619,95.8595,0.2086,,,,0
4,2026-09-26,01:38:10,2026-09-26_01-35,234,0,0,20,Doran,Captain,390,180,0,Bow,25,1,,,,JukaMage,12553,won,,106,0,1.0,0,0,90,1.8,239,0,0,0,0,0,20.0,251056,2250,111.5804,0.1792,,,,0
5,2026-09-26,01:38:21,2026-09-26_01-35,234,0,0,20,Gerda,Sage,237,101,7,BotCasterStaff,18,0,,,,OrcishMage,5609,won,,5,0,1.0,0,0,62,1.24,78,2,0,0,0,40,1.4,7853,3534,2.2221,0.6301,,,,0
6,2026-09-26,01:40:02,2026-09-26_01-35,234,0,0,20,Edda,Baron,495,180,50,BotBaronHalberd,27,0,,,,OgreLord,18990,called,cap,180,21,0.79,297,280,97,17,730,0,0,7,0,0,4.49,85323,2619,32.5785,0.1379,,,,0
7,2026-09-26,01:40:13,2026-09-26_01-35,234,0,0,20,Gerda,Sage,237,101,7,BotCasterStaff,18,0,,,,JukaMage,12553,lost,,108,63,0.37,133,63,62,70,97,6,5,6,2,81,0.25,3182,3534,0.9004,0.2815,,,,0
8,2026-09-26,01:40:49,2026-09-26_01-35,234,0,0,20,Edda,Baron,495,180,50,BotBaronHalberd,27,0,,,,PoisonElemental,27501,lost,,31,83,0.17,99,0,97,99,88,0,0,3,0,20,0.17,4700,2619,1.7946,0.0952,,,,0
9,2026-09-26,01:43:05,2026-09-26_01-42,235,0,0,5,Doran,Captain,390,180,0,Bow,25,1,,,,OgreLord,18810,lost,,27,99,0.01,129,37,90,92,9,1,0,2,2,30,0.01,147,2250,0.0653,0.1196,,,,0
10,2026-09-26,01:43:51,2026-09-26_01-42,235,0,0,5,Perri,Warrior,166,102,2,WarFork,18,0,,,,OrcishMage,5925,won,,40,0,1.0,21,0,75,21,125,0,0,0,0,0,3.57,21162,1376,15.3794,0.2322,,,,0
11,2026-09-26,01:47:23,2026-09-26_01-45,236,0,0,5,Edda,Baron,495,180,50,BotBaronHalberd,27,0,,,,LichLord,25534,won,,89,0,1.0,22,0,97,22,455,0,0,0,0,0,4.41,112584,2619,42.9874,0.1026,,,,0
12,2026-09-26,01:50:08,2026-09-26_01-48,237,0,0,5,Perri,Warrior,168,103,2,WarFork,18,0,,,,JukaMage,15550,won,,112,0,1.0,77,10,75,67,282,0,0,6,0,0,1.12,17406,1376,12.6497,0.0885,,,,0
13,2026-09-26,01:50:20,2026-09-26_01-48,237,0,0,5,Perri,Warrior,169,103,2,WarFork,18,0,,,,OgreLord,20295,lost,,7,97,0.03,75,0,75,75,29,0,0,1,0,17,0.03,645,1376,0.4688,0.0678,,,,0
14,2026-09-26,01:50:29,2026-09-26_01-48,237,0,0,5,Hale,Brawler,120,113,0,Fists,4,0,,,,OrcishMage,5980,lost,,133,83,0.17,106,14,81,92,33,0,0,7,2,10,0.15,905,364,2.4863,0.0609,,,,0
15,2026-09-26,01:51:06,2026-09-26_01-48,237,0,0,5,Quill,Warrior,173,102,15,Kryss,15,0,,,,OrcishMage,5980,won,,41,0,1.0,30,0,75,30,135,0,0,2,0,0,2.5,14951,1162,12.8666,0.1943,,,,0
16,2026-09-26,01:51:45,2026-09-26_01-48,237,0,0,5,Rowan,Warrior,173,102,19,WarMace,20,0,,,,OrcishMage,5980,won,,71,0,1.0,28,0,75,28,135,0,0,1,0,0,2.68,16019,1511,10.6016,0.2527,,,,0
17,2026-09-26,01:54:11,2026-09-26_01-48,237,0,0,5,Doran,Captain,390,180,0,Bow,25,1,,,,JukaMage,15550,called,cap,180,90,0.1,254,233,90,21,33,1,0,9,2,6,0.42,6570,2250,2.92,0.1447,,,,0
18,2026-09-26,01:54:28,2026-09-26_01-48,237,0,0,5,Quill,Warrior,173,102,15,Kryss,15,0,,,,JukaMage,15550,won,,158,0,1.0,88,25,75,63,289,0,0,7,1,0,1.19,18511,1162,15.9303,0.0747,,,,0
19,2026-09-26,01:54:43,2026-09-26_01-48,237,0,0,5,Quill,Warrior,175,102,15,Kryss,15,0,,,,OgreLord,20295,lost,,10,96,0.04,78,3,75,75,33,0,0,1,1,15,0.04,817,1162,0.7031,0.0573,,,,0
20,2026-09-26,01:57:57,2026-09-26_01-55,238,0,0,5,Rowan,Warrior,174,103,19,WarMace,20,0,WarMace,,0,JukaMage,11557,won,,122,0,1.0,31,0,75,31,266,0,0,0,0,0,2.42,27960,1511,18.5043,0.1307,,,,0
21,2026-09-26,01:58:22,2026-09-26_01-55,238,0,0,5,Rowan,Warrior,175,103,19,WarMace,20,0,WarMace,,0,OgreLord,20565,lost,,20,96,0.04,84,8,75,76,35,0,0,1,2,17,0.04,811,1511,0.5367,0.0735,,,,0
22,2026-09-26,01:58:55,2026-09-26_01-55,238,0,0,5,Edda,Baron,495,180,50,BotBaronHalberd,27,0,BotBaronHalberd,,0,Dragon,31245,called,cap,180,14,0.86,232,200,97,32,726,0,0,5,0,0,2.62,81822,2619,31.2417,0.0838,,,,0
23,2026-09-26,01:59:07,2026-09-26_01-55,238,0,0,5,Sable,Warrior,171,104,9,WarMace,20,0,WarMace,,0,OrcishMage,6015,won,,40,0,1.0,18,0,76,18,111,0,0,0,0,0,4.22,25397,1535,16.5453,0.2552,,,,0
24,2026-09-26,01:59:19,2026-09-26_01-55,238,0,0,5,Ulla,Warrior,181,102,0,WarMace,20,0,WarMace,,0,OrcishMage,6015,won,,32,0,1.0,5,0,75,5,126,0,0,0,0,0,5.0,30075,1500,20.05,0.2494,,,,0
25,2026-09-26,01:59:51,2026-09-26_01-55,238,0,0,5,Torvin,Warrior,166,102,7,WarMace,20,0,WarMace,,0,OrcishMage,6015,won,,64,0,1.0,23,0,75,23,125,0,0,0,0,0,3.26,19614,1504,13.0412,0.25,,,,0
26,2026-09-26,02:01:15,2026-09-26_01-55,238,0,0,5,Torvin,Warrior,166,102,7,WarMace,20,0,WarMace,,0,JukaMage,11557,won,,79,0,1.0,78,0,75,78,265,0,0,0,0,0,0.96,11112,1504,7.3883,0.1301,,,,0
27,2026-09-26,02:01:53,2026-09-26_01-55,238,0,0,5,Sable,Warrior,172,104,9,WarMace,20,0,WarMace,,0,JukaMage,11557,won,,161,0,1.0,126,78,76,48,260,0,0,9,2,0,1.58,18298,1535,11.9205,0.1328,,,,0
28,2026-09-26,02:01:58,2026-09-26_01-55,238,0,0,5,Edda,Baron,495,180,50,BotBaronHalberd,27,0,BotBaronHalberd,,0,WhiteWyrm,53336,won,,178,0,1.0,179,164,97,15,713,0,0,4,0,0,5.0,266679,2619,101.8247,0.0491,,,,0
29,2026-09-26,02:02:05,2026-09-26_01-55,238,0,0,5,Ulla,Warrior,181,102,0,WarMace,20,0,WarMace,,0,JukaMage,11557,won,,160,0,1.0,89,55,75,34,300,0,0,8,1,0,2.21,25493,1500,16.9953,0.1298,,,,0
30,2026-09-26,02:02:08,2026-09-26_01-55,238,0,0,5,Sable,Warrior,172,104,9,WarMace,20,0,WarMace,,0,OgreLord,20565,lost,,4,100,0.0,76,0,76,76,0,0,0,1,0,16,0.0,0,1535,0.0,0.0746,,,,0
31,2026-09-26,02:02:26,2026-09-26_01-55,238,0,0,5,Vance,Warrior,185,104,7,WarFork,18,0,WarFork,,0,OrcishMage,6015,won,,65,0,1.0,39,0,75,39,136,0,0,2,0,0,1.92,11567,1372,8.4308,0.2281,,,,0
32,2026-09-26,02:02:50,2026-09-26_01-55,238,0,0,5,Ulla,Warrior,182,102,0,WarMace,20,0,WarMace,,0,OgreLord,20565,lost,,40,96,0.04,91,13,75,78,40,0,0,3,2,15,0.04,815,1500,0.5433,0.0729,,,,0
33,2026-09-26,02:03:38,2026-09-26_01-55,238,0,0,5,Yarrow,Warrior,176,107,19,Katana,15,0,Katana,,0,OrcishMage,6015,won,,43,0,1.0,5,0,77,5,129,0,0,0,0,0,5.0,30075,1247,24.1179,0.2073,,,,0
34,2026-09-26,02:03:42,2026-09-26_01-55,238,0,0,5,Wynn,Warrior,186,102,7,Broadsword,17,0,Broadsword,,0,OrcishMage,6015,lost,,89,84,0.16,90,8,75,82,26,2,0,5,2,28,0.14,864,1301,0.6641,0.2163,,,,0
35,2026-09-26,02:04:15,2026-09-26_01-55,238,0,0,5,Aric,Archer,174,103,7,Bow,25,1,Bow,127,0,OrcishMage,6015,won,,28,0,1.0,0,0,67,1.34,107,0,0,0,0,0,5.0,30075,1752,17.1661,0.2913,,,,0
36,2026-09-26,02:04:17,2026-09-26_01-55,238,0,0,5,Vance,Warrior,186,104,7,WarFork,18,0,WarFork,,0,JukaMage,11557,won,,106,0,1.0,82,41,75,41,288,0,0,6,0,0,1.83,21140,1372,15.4082,0.1187,,,,0
37,2026-09-26,02:04:53,2026-09-26_01-55,238,0,0,5,Vance,Warrior,189,104,7,WarFork,18,0,WarFork,,0,OgreLord,20565,lost,,33,85,0.15,81,5,75,76,137,0,0,1,1,16,0.15,3135,1372,2.285,0.0667,,,,0
38,2026-09-26,02:04:55,2026-09-26_01-55,238,0,0,5,Edda,Baron,495,180,50,BotBaronHalberd,27,0,BotBaronHalberd,,0,AncientLich,80032,won,,177,0,1.0,32,0,97,32,920,0,0,0,0,0,3.03,242596,2619,92.6292,0.0327,,,,0
39,2026-09-26,02:05:14,2026-09-26_01-55,238,0,0,5,Yarrow,Warrior,176,107,19,Katana,15,0,Katana,,0,JukaMage,11557,won,,91,0,1.0,45,0,77,45,258,0,0,3,0,0,1.71,19775,1247,15.8581,0.1079,,,,0
40,2026-09-26,02:05:23,2026-09-26_01-55,238,0,0,5,Edda,Baron,495,180,50,BotBaronHalberd,27,0,BotBaronHalberd,,0,Balron,82881,lost,,25,98,0.02,98,0,97,98,18,0,0,1,0,20,0.02,1311,2619,0.5006,0.0316,,,,0
41,2026-09-26,02:06:15,2026-09-26_02-05,239,0,0,5,Yarrow,Warrior,177,108,19,Katana,15,0,Katana,,0,OgreLord,17978,lost,,17,97,0.03,86,9,77,77,28,0,0,1,1,17,0.03,540,1247,0.433,0.0694,,,,0
42,2026-09-26,02:06:50,2026-09-26_02-05,239,0,0,5,Delwyn,Archer,165,101,0,Bow,25,1,Bow,142,0,OrcishMage,5243,lost,,52,99,0.01,71,0,67,71,5,1,0,0,0,21,0.01,66,1712,0.0386,0.3265,,,,0
43,2026-09-26,02:07:00,2026-09-26_02-05,239,0,0,5,Brannoc,Archer,165,103,0,Bow,25,1,Bow,54,0,OrcishMage,5243,won,,62,0,1.0,0,0,67,1.34,127,0,0,0,0,0,5.0,26216,1715,15.2863,0.3271,,,,0
44,2026-09-26,02:07:18,2026-09-26_02-05,239,0,0,5,Emrys,Archer,168,101,2,Bow,25,1,Bow,64,0,OrcishMage,5243,won,,57,0,1.0,0,0,67,1.34,106,0,0,0,0,0,5.0,26216,1712,15.3131,0.3265,,,,0
45,2026-09-26,02:07:52,2026-09-26_02-05,239,0,0,5,Aric,Archer,175,103,7,Bow,25,1,Bow,115,0,JukaMage,13109,won,,114,0,1.0,0,0,67,1.34,256,0,0,0,0,0,5.0,65546,1752,37.4121,0.1336,,,,0
46,2026-09-26,02:08:05,2026-09-26_02-05,239,0,0,5,Fenna,Archer,188,104,4,Dagger,9,0,Dagger,,0,OrcishMage,5243,lost,,70,39,0.61,88,14,68,74,82,0,0,5,2,16,0.56,2936,643,4.5661,0.1226,,,,0
47,2026-09-26,02:09:03,2026-09-26_02-05,239,0,0,5,Garrow,Archer,172,102,0,Bow,25,1,Bow,25,0,OrcishMage,5243,won,,52,0,1.0,0,0,67,1.34,134,0,0,0,0,0,5.0,26216,1708,15.3489,0.3258,,,,0
48,2026-09-26,02:09:21,2026-09-26_02-05,239,0,0,5,Brannoc,Archer,165,103,0,Bow,25,1,Bow,51,0,JukaMage,13109,won,,136,0,1.0,0,0,67,1.34,224,0,0,0,0,0,5.0,65546,1715,38.2192,0.1308,,,,0
49,2026-09-26,02:09:55,2026-09-26_02-05,239,0,0,5,Emrys,Archer,168,101,2,Bow,25,1,Bow,64,0,JukaMage,13109,won,,152,0,1.0,0,0,67,1.34,275,0,0,0,0,0,5.0,65546,1712,38.2862,0.1306,,,,0
50,2026-09-26,02:11:05,2026-09-26_02-10,240,0,0,5,Edda,Baron,495,180,50,BotBaronHalberd,27,0,BotBaronHalberd,,0,AncientWyrm,83010,lost,,10,97,0.03,97,0,97,97,29,0,0,1,0,20,0.03,2165,2619,0.8267,0.0316,,,,0
51,2026-09-26,02:11:49,2026-09-26_02-10,240,0,0,5,Garrow,Archer,173,103,0,Bow,25,1,Bow,0,1,JukaMage,14711,lost,,39,73,0.27,70,0,67,70,75,0,0,0,0,15,0.26,3779,1708,2.2125,0.1161,,,,0
52,2026-09-26,02:11:58,2026-09-26_02-10,240,0,0,5,Aric,Archer,176,103,7,Bow,25,1,Bow,106,0,OgreLord,18180,called,still,63,96,0.04,0,0,67,1.34,38,0,0,0,0,0,2.12,38584,1752,22.0228,0.0964,,,,0
53,2026-09-26,02:12:54,2026-09-26_02-10,240,0,0,5,Hollis,Archer,170,103,1,Bow,25,1,Bow,0,1,OrcishMage,5670,lost,,60,61,0.39,72,0,67,72,56,0,0,0,0,16,0.36,2032,1675,1.2131,0.2954,,,,0
54,2026-09-26,02:13:55,2026-09-26_02-10,240,0,0,5,Brannoc,Archer,166,103,0,Bow,25,1,Bow,42,0,OgreLord,18180,called,cap,180,76,0.24,0,0,67,1.34,209,0,0,0,0,0,5.0,90900,1715,53.0029,0.0943,,,,0
55,2026-09-26,02:13:55,2026-09-26_02-10,240,0,0,5,Emrys,Archer,169,101,2,Bow,25,1,Bow,43,0,OgreLord,18180,called,cap,180,77,0.23,0,0,67,1.34,195,0,0,0,0,0,5.0,90900,1712,53.0958,0.0942,,,,0
56,2026-09-26,02:14:05,2026-09-26_02-10,240,0,0,5,Isolde,Mage,111,102,0,BotCasterStaff,18,0,BotCasterStaff,,0,OrcishMage,5670,lost,,67,70,0.3,68,0,63,68,41,0,0,4,0,50,0.28,1593,2712,0.5874,0.4783,,,,0
57,2026-09-26,02:15:03,2026-09-26_02-10,240,0,0,5,Aric,Archer,177,103,7,Bow,25,1,Bow,105,0,LichLord,27450,called,cap,180,44,0.56,0,0,67,1.34,255,0,0,0,0,0,5.0,137250,1752,78.339,0.0638,,,,0
58,2026-09-26,02:15:36,2026-09-26_02-10,240,0,0,5,Jarek,Mage,122,104,0,BotCasterStaff,18,0,BotCasterStaff,,0,OrcishMage,5670,lost,,85,35,0.65,70,0,63,70,95,0,0,0,0,51,0.58,3302,2718,1.2149,0.4794,,,,0
59,2026-09-26,02:16:47,2026-09-26_02-10,240,0,0,5,Brannoc,Archer,167,103,0,Bow,25,1,Bow,28,1,LichLord,27450,lost,,167,60,0.4,69,0,67,69,206,0,0,2,0,16,0.39,10739,1715,6.2618,0.0625,,,,0
60,2026-09-26,02:16:56,2026-09-26_02-10,240,0,0,5,Kelda,Mage,117,103,0,BotCasterStaff,18,0,BotCasterStaff,,0,OrcishMage,5670,lost,,75,91,0.09,68,0,62,68,17,0,0,0,0,52,0.08,477,2682,0.1779,0.473,,,,0
61,2026-09-26,02:17:00,2026-09-26_02-10,240,0,0,5,Emrys,Archer,170,101,2,Bow,25,1,Bow,37,0,LichLord,27450,called,cap,180,34,0.66,0,0,67,1.34,346,0,0,0,0,0,5.0,137250,1712,80.1694,0.0624,,,,0
62,2026-09-26,02:18:35,2026-09-26_02-17,241,0,0,5,Emrys,Archer,170,101,2,Bow,25,1,Bow,37,0,WhiteWyrm,51473,called,still,45,100,0.0,0,0,67,1.34,0,0,0,0,0,0,0.0,0,1712,0.0,0.0333,,,,0
63,2026-09-26,02:18:53,2026-09-26_02-17,241,0,0,5,Lorcan,Mage,98,102,0,BotCasterStaff,18,0,BotCasterStaff,,0,OrcishMage,5420,lost,,63,59,0.41,68,1,62,67,52,0,0,3,0,51,0.38,2040,2669,0.7643,0.4924,,,,0
64,2026-09-26,02:19:25,2026-09-26_02-17,241,0,0,5,Brannoc,Archer,169,103,0,Bow,25,1,Bow,16,0,PoisonElemental,29025,lost,,95,76,0.24,68,0,67,68,112,0,0,1,2,16,0.24,6967,1715,4.0624,0.0591,,,,0
65,2026-09-26,02:19:38,2026-09-26_02-17,241,0,0,5,Aric,Archer,179,104,7,Bow,25,1,Bow,92,0,WhiteWyrm,51473,called,still,108,88,0.12,0,0,67,1.34,98,0,0,0,0,0,5.0,257367,1752,146.899,0.034,,,,0
66,2026-09-26,02:20:09,2026-09-26_02-17,241,0,0,5,Neriah,Mage,114,102,0,BotCasterStaff,18,0,BotCasterStaff,,0,OrcishMage,5420,lost,,71,64,0.36,69,0,63,69,52,0,0,0,0,50,0.33,1789,2718,0.6582,0.5015,,,,0
67,2026-09-26,02:20:19,2026-09-26_02-17,241,0,0,5,Maeve,Mage,115,104,7,BotCasterStaff,18,0,BotCasterStaff,,0,OrcishMage,5420,lost,,98,80,0.2,71,0,63,71,36,0,0,4,0,51,0.17,942,2737,0.3442,0.505,,,,0
68,2026-09-26,02:22:44,2026-09-26_02-20,242,0,0,5,Aric,Archer,180,104,7,Bow,25,1,Bow,89,0,AncientLich,80788,called,still,108,84,0.16,0,0,67,1.34,159,0,0,0,0,0,5.0,403942,1752,230.5605,0.0217,,,,0
69,2026-09-26,02:23:27,2026-09-26_02-20,242,0,0,5,Oswin,Healer,131,102,0,BotCasterStaff,18,0,BotCasterStaff,,0,OrcishMage,6134,lost,,150,78,0.22,163,87,63,76,45,0,25,0,0,70,0.18,1134,1840,0.6163,0.3,,,,0
70,2026-09-26,02:23:30,2026-09-26_02-20,242,0,0,5,Quenna,Healer,125,101,0,BotCasterStaff,18,0,BotCasterStaff,,0,OrcishMage,6134,won,,154,0,1.0,103,43,62,60,144,0,0,9,0,0,1.03,6338,1838,3.4483,0.2996,,,,0
71,2026-09-26,02:23:57,2026-09-26_02-20,242,0,0,5,Pell,Healer,100,101,0,BotCasterStaff,18,0,BotCasterStaff,,0,OrcishMage,6134,called,cap,180,61,0.39,205,146,62,59,65,15,12,9,2,84,0.41,2527,1736,1.4556,0.283,,,,0
72,2026-09-26,02:24:15,2026-09-26_02-20,242,0,0,5,Quenna,Healer,125,101,0,BotCasterStaff,18,0,BotCasterStaff,,0,JukaMage,16244,lost,,43,87,0.13,65,0,62,65,32,0,0,3,0,46,0.12,1978,1838,1.0762,0.1131,,,,0
73,2026-09-26,02:25:05,2026-09-26_02-20,242,0,0,5,Ronan,WarriorMage,202,104,0,Broadsword,17,0,Broadsword,,0,OrcishMage,6134,lost,,89,42,0.58,88,10,71,78,88,10,0,4,2,52,0.53,3253,2996,1.0858,0.4884,,,,0
74,2026-09-26,02:25:32,2026-09-26_02-20,242,0,0,5,Selwyn,WarriorMage,184,106,7,QuarterStaff,18,0,QuarterStaff,,0,OrcishMage,6134,lost,,90,69,0.31,79,0,72,79,45,6,0,0,0,50,0.29,1753,3096,0.5662,0.5047,,,,0
75,2026-09-26,02:26:46,2026-09-26_02-25,243,0,0,5,Emrys,Archer,172,102,2,Bow,25,1,Bow,8,1,Dragon,27554,lost,,48,91,0.09,67,0,67,67,77,0,0,1,0,15,0.09,2574,1712,1.5035,0.0621,,,,0
76,2026-09-26,02:26:57,2026-09-26_02-25,243,0,0,5,Selwyn,WarriorMage,186,106,7,QuarterStaff,18,0,QuarterStaff,,0,OrcishMage,5887,lost,,60,72,0.28,76,0,72,76,45,6,0,0,0,45,0.27,1588,3096,0.5129,0.5259,,,,0
77,2026-09-26,02:27:29,2026-09-26_02-25,243,0,0,5,Talia,WarriorMage,207,104,7,Katana,15,0,Katana,,0,OrcishMage,5887,lost,,92,39,0.61,77,0,70,77,84,8,0,0,0,51,0.55,3254,2856,1.1394,0.4851,,,,0
78,2026-09-26,02:27:53,2026-09-26_02-25,243,0,0,5,Vesna,WarriorMage,180,107,14,Broadsword,17,0,Broadsword,,0,OrcishMage,5887,lost,,62,66,0.34,83,8,71,75,51,9,0,0,2,45,0.32,1913,2989,0.64,0.5077,,,,0
79,2026-09-26,02:27:55,2026-09-26_02-25,243,0,0,5,Wystan,WarriorArcher,191,103,0,Dagger,9,0,Dagger,,0,OrcishMage,5887,lost,,52,70,0.3,74,0,70,74,40,0,0,0,0,16,0.28,1657,724,2.2887,0.123,,,,0
80,2026-09-26,02:29:52,2026-09-26_02-29,244,0,0,5,Emrys,Archer,172,102,2,Bow,25,1,Bow,8,1,PoisonElemental,26868,lost,,47,89,0.11,67,0,67,67,51,0,0,1,2,15,0.11,3048,1712,1.7804,0.0637,,,,0
81,2026-09-26,02:30:03,2026-09-26_02-29,244,0,0,5,Cassia,WarriorArcher,175,103,0,Bow,25,1,Bow,47,0,OrcishMage,4936,won,,59,0,1.0,0,0,70,1.4,130,0,0,0,0,0,5.0,24679,1788,13.8026,0.3622,,,,0
82,2026-09-26,02:30:09,2026-09-26_02-29,244,0,0,5,Gerda,Sage,261,102,7,BotCasterStaff,18,0,BotCasterStaff,,0,OrcishMage,4936,won,,12,0,1.0,0,0,62,1.24,119,6,0,0,0,58,0.98,4851,3534,1.3727,0.716,,,,0
83,2026-09-26,02:30:17,2026-09-26_02-29,244,0,0,5,Ysolt,WarriorArcher,180,105,0,Bow,25,1,Bow,0,1,OrcishMage,4936,lost,,72,64,0.36,76,0,70,76,57,0,0,0,0,16,0.33,1617,1764,0.9167,0.3574,,,,0
84,2026-09-26,02:30:51,2026-09-26_02-29,244,0,0,5,Perri,Warrior,190,107,10,WarFork,18,0,WarFork,,0,OrcishMage,4936,won,,38,0,1.0,13,0,75,13,129,0,0,0,0,0,5.0,24679,1376,17.9353,0.2788,,,,0
85,2026-09-26,02:32:04,2026-09-26_02-29,244,0,0,5,Hale,Brawler,134,116,0,Fists,4,0,nothing,,0,OrcishMage,4936,lost,,102,81,0.19,90,0,82,90,34,0,0,0,0,11,0.17,860,369,2.3306,0.0748,,,,0
86,2026-09-26,02:32:05,2026-09-26_02-29,244,0,0,5,Bertram,WarriorArcher,198,107,20,Dagger,9,0,Dagger,,0,OrcishMage,4936,called,cap,180,10,0.9,90,15,70,75,127,0,0,2,2,0,0.84,4161,710,5.8606,0.1438,,,,0
87,2026-09-26,02:32:37,2026-09-26_02-29,244,0,0,5,Perri,Warrior,190,107,10,WarFork,18,0,WarFork,,0,JukaMage,15508,won,,101,0,1.0,63,0,75,63,266,0,0,0,0,0,1.19,18462,1376,13.4172,0.0887,,,,0
88,2026-09-26,02:32:49,2026-09-26_02-29,244,0,0,5,Cassia,WarriorArcher,175,103,0,Bow,25,1,Bow,47,0,JukaMage,15508,won,,161,0,1.0,0,0,70,1.4,227,0,0,0,0,0,5.0,77542,1788,43.368,0.1153,,,,0
89,2026-09-26,02:32:52,2026-09-26_02-29,244,0,0,5,Perri,Warrior,191,107,10,WarFork,18,0,WarFork,,0,OgreLord,18360,lost,,10,97,0.03,75,0,75,75,26,0,0,0,0,18,0.03,586,1376,0.4259,0.0749,,,,0
90,2026-09-26,02:33:02,2026-09-26_02-29,244,0,0,5,Quill,Warrior,200,106,7,WarFork,18,0,WarFork,,0,OrcishMage,4936,won,,53,0,1.0,13,0,76,13,100,0,0,0,0,0,5.0,24679,1406,17.5526,0.2848,,,,0
91,2026-09-26,02:33:06,2026-09-26_02-29,244,0,0,5,Rowan,Warrior,184,104,18,WarMace,20,0,WarMace,,0,OrcishMage,4936,won,,56,0,1.0,15,0,76,15,119,0,0,0,0,0,5.0,24679,1531,16.1195,0.3102,,,,0
92,2026-09-26,02:34:41,2026-09-26_02-33,245,0,0,5,Quill,Warrior,200,106,7,WarFork,18,0,WarFork,,0,JukaMage,15691,won,,68,0,1.0,53,5,76,48,196,0,0,3,1,0,1.58,24843,1406,17.6693,0.0896,,,,0
93,2026-09-26,02:34:56,2026-09-26_02-33,245,0,0,5,Quill,Warrior,200,106,7,WarFork,18,0,WarFork,,0,OgreLord,18652,lost,,10,98,0.02,85,9,76,76,20,0,0,1,1,16,0.02,419,1406,0.298,0.0754,,,,0
94,2026-09-26,02:35:20,2026-09-26_02-33,245,0,0,5,Rowan,Warrior,185,104,18,WarMace,20,0,WarMace,,0,JukaMage,15691,won,,107,0,1.0,40,0,76,40,258,0,0,3,0,0,1.9,29812,1531,19.4722,0.0976,,,,0
95,2026-09-26,02:36:15,2026-09-26_02-33,245,0,0,5,Ulla,Warrior,195,106,7,WarMace,20,0,WarMace,,0,OrcishMage,4848,won,,50,0,1.0,22,0,76,22,115,0,0,0,0,0,3.45,16748,1520,11.0184,0.3135,,,,0
96,2026-09-26,02:36:26,2026-09-26_02-33,245,0,0,5,Aric,Archer,185,106,7,Bow,25,1,Bow,33,1,AncientWyrm,88749,lost,,173,80,0.2,74,7,67,67,235,0,0,1,1,19,0.2,17372,1752,9.9155,0.0197,,,,0
97,2026-09-26,02:36:33,2026-09-26_02-33,245,0,0,5,Cassia,WarriorArcher,175,103,0,Bow,25,1,Bow,47,0,OgreLord,18652,called,cap,180,82,0.18,0,0,70,1.4,157,0,0,0,0,0,5.0,93262,1788,52.16,0.0959,,,,0
98,2026-09-26,02:37:04,2026-09-26_02-33,245,0,0,5,Sable,Warrior,184,106,7,WarMace,20,0,WarMace,,0,OrcishMage,4848,lost,,123,91,0.09,84,0,76,84,22,17,0,0,0,25,0.09,415,1535,0.2704,0.3166,,,,0
99,2026-09-26,02:37:19,2026-09-26_02-33,245,0,0,5,Rowan,Warrior,186,104,18,WarMace,20,0,WarMace,,0,OgreLord,18652,lost,,10,100,0.0,82,6,76,76,0,0,0,1,1,17,0.0,0,1531,0.0,0.0821,,,,0
100,2026-09-26,02:37:58,2026-09-26_02-33,245,0,0,5,Torvin,Warrior,179,105,0,WarMace,20,0,WarMace,,0,OrcishMage,4848,won,,98,0,1.0,63,0,76,63,127,0,0,0,0,0,1.21,5848,1524,3.8373,0.3144,,,,0
101,2026-09-26,02:38:23,2026-09-26_02-33,245,0,0,5,Ulla,Warrior,196,106,7,WarMace,20,0,WarMace,,0,JukaMage,15691,won,,112,0,1.0,68,15,76,53,217,0,0,6,1,0,1.43,22500,1520,14.8026,0.0969,,,,0
102,2026-09-26,02:38:25,2026-09-26_02-33,245,0,0,5,Vance,Warrior,207,108,7,Kryss,15,0,Kryss,,0,OrcishMage,4848,won,,62,0,1.0,33,0,76,33,138,0,0,0,0,0,2.3,11165,1201,9.2964,0.2477,,,,0
103,2026-09-26,02:38:47,2026-09-26_02-33,245,0,0,5,Ulla,Warrior,198,106,7,WarMace,20,0,WarMace,,0,OgreLord,18652,lost,,19,97,0.03,82,5,76,77,32,0,0,1,1,17,0.03,633,1520,0.4164,0.0815,,,,0
104,2026-09-26,02:39:20,2026-09-26_02-33,245,0,0,5,Yarrow,Warrior,194,112,19,Katana,15,0,Katana,,0,OrcishMage,4848,won,,50,0,1.0,25,0,77,25,124,3,0,0,0,0,3.08,14932,1247,11.9743,0.2572,,,,0
105,2026-09-26,02:39:31,2026-09-26_02-33,245,0,0,5,Torvin,Warrior,181,105,0,WarMace,20,0,WarMace,,0,JukaMage,15691,won,,88,0,1.0,82,0,76,82,254,0,0,0,0,0,0.93,14543,1524,9.5427,0.0971,,,,0
106,2026-09-26,02:39:34,2026-09-26_02-33,245,0,0,5,Wynn,Warrior,208,108,9,Broadsword,17,0,Broadsword,,0,OrcishMage,4848,won,,41,0,1.0,22,0,77,22,124,0,0,0,0,0,3.5,16968,1355,12.5225,0.2795,,,,0
107,2026-09-26,02:39:39,2026-09-26_02-33,245,0,0,5,Cassia,WarriorArcher,175,103,0,Bow,25,1,Bow,47,0,LichLord,26235,called,cap,180,52,0.48,0,0,70,1.4,226,0,0,0,0,0,5.0,131175,1788,73.3641,0.0682,,,,0
108,2026-09-26,02:40:41,2026-09-26_02-33,245,0,0,5,Vance,Warrior,208,108,7,Kryss,15,0,Kryss,,0,JukaMage,15691,won,,76,0,1.0,50,0,76,50,296,0,0,0,0,0,1.52,23850,1201,19.8585,0.0765,,,,0
109,2026-09-26,02:41:06,2026-09-26_02-33,245,0,0,5,Vance,Warrior,208,108,7,Kryss,15,0,Kryss,,0,OgreLord,18652,lost,,19,96,0.04,77,0,76,77,38,0,0,0,0,17,0.04,815,1201,0.6786,0.0644,,,,0
110,2026-09-26,02:41:06,2026-09-26_02-33,245,0,0,5,Wynn,Warrior,208,108,9,Broadsword,17,0,Broadsword,,0,JukaMage,15691,won,,90,0,1.0,45,0,77,45,230,0,0,0,0,0,1.71,26848,1355,19.814,0.0864,,,,0
111,2026-09-26,02:41:23,2026-09-26_02-33,245,0,0,5,Wynn,Warrior,208,108,9,Broadsword,17,0,Broadsword,,0,OgreLord,18652,lost,,13,99,0.01,87,10,77,77,7,0,0,0,1,18,0.01,154,1355,0.1137,0.0726,,,,0
112,2026-09-26,02:42:32,2026-09-26_02-42,246,0,0,5,Aric,Archer,188,108,7,Bow,25,1,Bow,4,1,Balron,80390,lost,,25,99,0.01,70,3,67,67,14,0,0,1,1,20,0.01,969,1752,0.5531,0.0218,,,,0
113,2026-09-26,02:43:23,2026-09-26_02-42,246,0,0,5,Emrys,Archer,186,103,2,Dagger,9,0,Dagger,,0,OrcishMage,5339,lost,,77,41,0.59,110,37,67,73,77,0,0,4,2,16,0.54,2869,640,4.4828,0.1199,,,,0
114,2026-09-26,02:44:26,2026-09-26_02-42,246,0,0,5,Fenna,Archer,195,105,4,Bow,25,1,Bow,0,1,OrcishMage,5339,won,,109,0,1.0,88,20,68,68,147,0,0,4,2,0,1.0,5339,1737,3.0737,0.3253,,,,0
115,2026-09-26,02:44:30,2026-09-26_02-42,246,0,0,5,Cassia,WarriorArcher,177,104,0,Bow,25,1,Bow,26,1,PoisonElemental,25606,lost,,144,37,0.63,70,0,70,70,293,0,0,1,2,16,0.63,16154,1788,9.0347,0.0698,,,,0
116,2026-09-26,02:44:44,2026-09-26_02-42,246,0,0,5,Isolde,Mage,120,102,0,BotCasterStaff,18,0,BotCasterStaff,,0,OrcishMage,5339,lost,,76,38,0.62,69,0,63,69,90,0,0,0,0,50,0.56,3011,2712,1.1103,0.508,,,,0
117,2026-09-26,02:45:36,2026-09-26_02-42,246,0,0,5,Fenna,Archer,195,105,4,Dagger,9,0,Dagger,,0,JukaMage,12984,lost,,65,75,0.25,93,20,68,73,70,0,0,4,2,16,0.23,3012,649,4.641,0.05,,,,0
118,2026-09-26,02:45:53,2026-09-26_02-42,246,0,0,5,Aric,Archer,190,108,7,Dagger,9,0,Dagger,,0,OrcishMage,5339,lost,,77,16,0.84,89,16,67,73,110,0,0,5,2,20,0.77,4110,680,6.0441,0.1274,,,,0
119,2026-09-26,02:46:02,2026-09-26_02-42,246,0,0,5,Hollis,Archer,178,104,1,Dagger,9,0,Dagger,,0,OrcishMage,5339,lost,,72,67,0.33,73,0,67,73,52,0,0,0,0,17,0.3,1599,603,2.6517,0.1129,,,,0
120,2026-09-26,02:46:42,2026-09-26_02-42,246,0,0,5,Neriah,Mage,122,102,0,BotCasterStaff,18,0,BotCasterStaff,,0,OrcishMage,5339,lost,,44,87,0.13,66,0,63,66,22,0,0,0,0,50,0.12,663,2718,0.2439,0.5091,,,,0
121,2026-09-26,02:46:56,2026-09-26_02-42,246,0,0,5,Kelda,Mage,128,103,0,BotCasterStaff,18,0,BotCasterStaff,,0,OrcishMage,5339,lost,,76,56,0.44,68,0,62,68,68,0,0,0,0,52,0.4,2141,2682,0.7983,0.5023,,,,0
122,2026-09-26,02:47:27,2026-09-26_02-42,246,0,0,5,Maeve,Mage,125,105,7,BotCasterStaff,18,0,BotCasterStaff,,0,OrcishMage,5339,lost,,80,77,0.23,70,0,63,70,37,0,0,0,0,52,0.21,1122,2744,0.4089,0.514,,,,0
123,2026-09-26,02:47:27,2026-09-26_02-42,246,0,0,5,Vesna,WarriorMage,193,108,14,Katana,15,0,Katana,,0,OrcishMage,5339,lost,,26,95,0.05,88,15,71,73,8,1,0,0,2,40,0.05,266,2890,0.092,0.5413,,,,0
124,2026-09-26,02:47:43,2026-09-26_02-42,246,0,0,5,Selwyn,WarriorMage,196,107,0,QuarterStaff,18,0,QuarterStaff,,0,OrcishMage,5339,won,,56,0,1.0,56,0,72,56,126,0,0,0,0,0,1.29,6865,3096,2.2174,0.5799,,,,0
125,2026-09-26,02:48:48,2026-09-26_02-42,246,0,0,5,Wystan,WarriorArcher,193,103,0,Crossbow,25,1,Crossbow,0,1,OrcishMage,5339,lost,,76,52,0.48,76,0,70,76,65,0,0,0,0,16,0.44,2359,1880,1.2548,0.3521,,,,0
126,2026-09-26,02:49:24,2026-09-26_02-42,246,0,0,5,Bertram,WarriorArcher,212,109,20,Bow,25,1,Bow,0,1,OrcishMage,5339,lost,,112,19,0.81,89,9,71,80,106,0,0,0,2,17,0.72,3838,1857,2.0668,0.3478,,,,0
127,2026-09-26,02:49:25,2026-09-26_02-42,246,0,0,5,Selwyn,WarriorMage,196,107,0,QuarterStaff,18,0,QuarterStaff,,0,JukaMage,12984,lost,,97,32,0.68,80,0,72,80,184,0,0,0,0,37,0.61,7955,3096,2.5694,0.2384,,,,0
128,2026-09-26,02:50:13,2026-09-26_02-42,246,0,0,5,Ulla,Warrior,202,107,13,WarMace,20,0,WarMace,,0,OrcishMage,5339,won,,43,0,1.0,8,0,76,8,132,0,0,0,0,0,5.0,26696,1520,17.5632,0.2847,,,,0
129,2026-09-26,02:51:00,2026-09-26_02-42,246,0,0,5,Ronan,WarriorMage,214,104,0,Broadsword,17,0,Broadsword,,0,OrcishMage,5339,lost,,91,54,0.46,101,23,71,78,63,0,2,5,2,44,0.42,2234,2996,0.7457,0.5612,,,,0
130,2026-09-26,02:51:20,2026-09-26_02-42,246,0,0,5,Delwyn,Archer,175,102,0,Bow,25,1,Bow,131,0,OrcishMage,5339,won,,62,0,1.0,0,0,67,1.34,134,0,0,0,0,0,5.0,26696,1719,15.53,0.322,,,,0
131,2026-09-26,02:51:53,2026-09-26_02-42,246,0,0,5,Hale,Brawler,142,118,0,Fists,4,0,nothing,,0,OrcishMage,5339,called,cap,180,61,0.39,116,24,82,92,67,0,0,10,2,0,0.35,1867,369,5.0596,0.0691,,,,0
132,2026-09-26,02:52:07,2026-09-26_02-42,246,0,0,5,Perri,Warrior,202,109,10,WarFork,18,0,WarFork,,0,OrcishMage,5339,won,,63,0,1.0,24,0,76,24,118,0,0,0,0,0,3.17,16908,1395,12.1204,0.2613,,,,0
133,2026-09-26,02:52:24,2026-09-26_02-42,246,0,0,5,Quill,Warrior,212,108,7,WarFork,18,0,WarFork,,0,OrcishMage,5339,won,,26,0,1.0,5,0,77,5,130,0,0,0,0,0,5.0,26696,1424,18.7472,0.2667,,,,0
134,2026-09-26,02:53:24,2026-09-26_02-42,246,0,0,5,Perri,Warrior,202,109,10,WarFork,18,0,WarFork,,0,JukaMage,12984,lost,,72,85,0.15,82,0,76,82,38,2,0,0,0,29,0.14,1758,1395,1.2602,0.1074,,,,0
135,2026-09-26,02:53:29,2026-09-26_02-42,246,0,0,5,Quill,Warrior,212,109,7,WarFork,18,0,WarFork,,0,JukaMage,12984,won,,60,0,1.0,49,0,77,49,204,0,0,0,0,0,1.57,20404,1424,14.3287,0.1097,,,,0
136,2026-09-26,02:53:41,2026-09-26_02-42,246,0,0,5,Quill,Warrior,214,109,7,WarFork,18,0,WarFork,,0,OgreLord,18248,lost,,7,98,0.02,85,8,77,77,16,0,0,0,1,17,0.02,368,1424,0.2584,0.078,,,,0
137,2026-09-26,02:54:25,2026-09-26_02-42,246,0,0,5,Delwyn,Archer,175,102,0,Bow,25,1,Bow,125,0,JukaMage,12984,called,cap,180,7,0.93,0,0,67,1.34,292,0,0,0,0,0,5.0,64922,1719,37.7673,0.1324,,,,0
138,2026-09-26,02:54:37,2026-09-26_02-42,246,0,0,5,Ysolt,WarriorArcher,183,105,0,Bow,25,1,Bow,0,1,OrcishMage,5339,lost,,68,66,0.34,76,0,70,76,52,0,0,0,0,16,0.32,1687,1764,0.9563,0.3304,,,,0
139,2026-09-26,02:55:11,2026-09-26_02-42,246,0,0,5,Ulla,Warrior,205,109,13,WarMace,20,0,WarMace,,0,JukaMage,12984,won,,84,0,1.0,53,0,77,53,232,0,0,3,0,0,1.45,18864,1540,12.2494,0.1186,,,,0
140,2026-09-26,02:55:39,2026-09-26_02-42,246,0,0,5,Vance,Warrior,219,110,7,WarFork,18,0,WarFork,,0,OrcishMage,5339,won,,23,0,1.0,9,0,77,9,100,0,0,0,0,0,5.0,26696,1409,18.9468,0.2639,,,,0
141,2026-09-26,02:55:51,2026-09-26_02-42,246,0,0,5,Brannoc,Archer,173,106,0,Dagger,9,0,Dagger,,0,OrcishMage,5339,lost,,69,41,0.59,84,10,68,74,87,0,0,4,2,17,0.55,2915,653,4.464,0.1223,,,,0
142,2026-09-26,02:55:54,2026-09-26_02-42,246,0,0,5,Ulla,Warrior,205,109,13,WarMace,20,0,WarMace,,0,OgreLord,18248,lost,,10,100,0.0,77,0,77,77,0,0,0,1,0,17,0.0,0,1540,0.0,0.0844,,,,0
143,2026-09-26,02:56:49,2026-09-26_02-42,246,0,0,5,Yarrow,Warrior,203,113,8,Katana,15,0,Katana,,0,OrcishMage,5339,won,,50,0,1.0,22,0,77,22,117,0,0,0,0,0,3.5,18687,1247,14.9856,0.2336,,,,0
144,2026-09-26,02:57:27,2026-09-26_02-42,246,0,0,5,Quenna,Healer,132,102,0,BotCasterStaff,18,0,BotCasterStaff,,0,OrcishMage,5339,lost,,91,97,0.03,115,45,62,70,12,0,1,5,0,47,0.03,158,1857,0.0851,0.3478,,,,0
145,2026-09-26,02:57:30,2026-09-26_02-42,246,0,0,5,Delwyn,Archer,177,104,0,Bow,25,1,Bow,102,0,OgreLord,18248,called,cap,180,85,0.15,0,0,68,1.36,146,0,0,0,0,0,5.0,91238,1744,52.3154,0.0956,,,,0
146,2026-09-26,02:58:03,2026-09-26_02-42,246,0,0,5,Yarrow,Warrior,203,113,8,Katana,15,0,Katana,,0,JukaMage,12984,won,,69,0,1.0,34,0,77,34,283,0,0,0,0,0,2.26,29406,1247,23.5814,0.096,,,,0
147,2026-09-26,02:58:27,2026-09-26_02-42,246,0,0,5,Yarrow,Warrior,203,113,8,Katana,15,0,Katana,,0,OgreLord,18248,lost,,19,99,0.01,78,0,77,78,7,0,0,0,0,19,0.01,148,1247,0.1187,0.0683,,,,0
148,2026-09-26,02:58:47,2026-09-26_02-42,246,0,0,5,Vance,Warrior,219,110,7,WarFork,18,0,WarFork,,0,JukaMage,12984,won,,72,0,1.0,69,0,77,69,245,0,0,0,0,0,1.12,14490,1409,10.2839,0.1085,,,,0
149,2026-09-26,02:59:11,2026-09-26_02-42,246,0,0,5,Vance,Warrior,220,110,7,WarFork,18,0,WarFork,,0,OgreLord,18248,lost,,19,94,0.06,77,0,77,77,58,0,0,0,0,17,0.06,1152,1409,0.8176,0.0772,,,,0
150,2026-09-26,02:59:58,2026-09-26_02-42,246,0,0,5,Emrys,Archer,191,104,0,Bow,25,1,Bow,0,1,OrcishMage,5339,lost,,86,39,0.61,75,0,68,75,86,0,0,0,0,16,0.55,2956,1737,1.7018,0.3253,,,,0
151,2026-09-26,03:00:32,2026-09-26_02-42,246,0,0,5,Delwyn,Archer,182,104,0,Bow,25,1,Bow,99,0,LichLord,24988,called,cap,180,22,0.78,0,0,68,1.36,366,0,0,0,0,0,5.0,124939,1782,70.1117,0.0713,,,,0
152,2026-09-26,03:01:14,2026-09-26_02-42,246,0,0,5,Fenna,Archer,198,105,4,Dagger,9,0,Dagger,,0,OrcishMage,5339,lost,,119,35,0.65,107,29,68,78,96,0,0,4,2,16,0.57,3034,649,4.6749,0.1216,,,,0
153,2026-09-26,03:01:31,2026-09-26_02-42,246,0,0,5,Aric,Archer,201,108,7,Bow,25,1,Bow,0,1,OrcishMage,5339,lost,,87,76,0.24,87,13,67,74,38,0,0,6,2,20,0.21,1137,1752,0.649,0.3282,,,,0
154,2026-09-26,03:02:45,2026-09-26_02-42,246,0,0,5,Talia,WarriorMage,221,108,7,Katana,15,0,Katana,,0,OrcishMage,5339,won,,70,0,1.0,25,0,72,25,128,0,0,0,0,0,2.88,15377,2952,5.209,0.5529,,,,0
155,2026-09-26,03:02:57,2026-09-26_02-42,246,0,0,5,Jarek,Mage,129,104,0,BotCasterStaff,18,0,BotCasterStaff,,0,OrcishMage,5339,lost,,98,53,0.47,70,0,63,70,65,0,0,0,0,51,0.42,2266,2737,0.8279,0.5126,,,,0
156,2026-09-26,03:03:38,2026-09-26_02-42,246,0,0,5,Delwyn,Archer,184,105,0,Bow,25,1,Bow,92,0,PoisonElemental,25606,called,cap,180,58,0.42,0,0,68,1.36,225,0,0,0,0,0,5.0,128032,1782,71.8474,0.0696,,,,0
157,2026-09-26,03:03:55,2026-09-26_02-42,246,0,0,5,Talia,WarriorMage,221,108,7,Katana,15,0,Katana,,0,JukaMage,12984,lost,,64,92,0.08,88,12,72,76,22,6,0,0,2,47,0.08,1020,2952,0.3455,0.2274,,,,0
158,2026-09-26,03:04:35,2026-09-26_02-42,246,0,0,5,Cassia,WarriorArcher,180,104,0,Dagger,9,0,Dagger,,0,OrcishMage,5339,lost,,93,91,0.09,96,18,70,78,19,2,0,6,2,22,0.08,446,668,0.6677,0.1251,,,,0
159,2026-09-26,03:04:52,2026-09-26_02-42,246,0,0,5,Wynn,Warrior,223,110,9,Broadsword,17,0,Broadsword,,0,OrcishMage,5339,won,,52,0,1.0,24,0,77,24,112,0,0,0,0,0,3.21,17130,1355,12.6421,0.2538,,,,0
160,2026-09-26,03:06:02,2026-09-26_02-42,246,0,0,5,Hollis,Archer,184,104,1,Bow,25,1,Bow,0,1,OrcishMage,5339,lost,,81,9,0.91,74,0,67,74,116,0,0,0,0,17,0.82,4398,1675,2.6257,0.3137,,,,0
161,2026-09-26,03:06:23,2026-09-26_02-42,246,0,0,5,Torvin,Warrior,190,109,0,WarMace,20,0,WarMace,,0,OrcishMage,5339,won,,87,0,1.0,65,16,77,49,116,0,0,5,1,0,1.57,8390,1544,5.4339,0.2892,,,,0
162,2026-09-26,03:06:43,2026-09-26_02-42,246,0,0,5,Delwyn,Archer,185,105,0,Bow,25,1,Bow,78,0,Dragon,29756,called,cap,180,67,0.33,0,0,68,1.36,278,0,0,0,0,0,5.0,148782,1782,83.4916,0.0599,,,,0
163,2026-09-26,03:07:29,2026-09-26_02-42,246,0,0,5,Wynn,Warrior,225,110,9,Broadsword,17,0,Broadsword,,0,JukaMage,12984,won,,83,0,1.0,78,25,77,53,199,0,0,5,2,0,1.45,18864,1355,13.9218,0.1044,,,,0
164,2026-09-26,03:07:48,2026-09-26_02-42,246,0,0,5,Vesna,WarriorMage,202,109,0,Broadsword,17,0,Broadsword,,0,OrcishMage,5339,won,,79,0,1.0,63,0,72,63,144,0,0,0,0,0,1.14,6102,3038,2.0086,0.569,,,,0
165,2026-09-26,03:07:53,2026-09-26_02-42,246,0,0,5,Wynn,Warrior,227,110,9,Broadsword,17,0,Broadsword,,0,OgreLord,18248,lost,,19,95,0.05,82,5,77,77,45,0,0,1,1,19,0.05,926,1355,0.6834,0.0743,,,,0
166,2026-09-26,03:09:20,2026-09-26_02-42,246,0,0,5,Vesna,WarriorMage,202,109,0,Broadsword,17,0,Broadsword,,0,JukaMage,12984,lost,,87,24,0.76,79,0,72,79,211,0,0,0,0,37,0.7,9042,3038,2.9763,0.234,,,,0
167,2026-09-26,03:09:30,2026-09-26_02-42,246,0,0,5,Torvin,Warrior,192,109,0,WarMace,20,0,WarMace,,0,JukaMage,12984,won,,91,0,1.0,74,14,77,60,202,0,0,6,2,0,1.28,16663,1544,10.7921,0.1189,,,,0
168,2026-09-26,03:09:48,2026-09-26_02-42,246,0,0,5,Delwyn,Archer,188,106,0,Bow,25,1,Bow,52,0,WhiteWyrm,52526,called,cap,180,78,0.22,0,0,68,1.36,179,0,0,0,0,0,5.0,262632,1782,147.3805,0.0339,,,,0
169,2026-09-26,03:09:51,2026-09-26_02-42,246,0,0,5,Dain,Warrior,150,100,0,Kryss,15,0,Kryss,,0,OrcishMage,5339,won,,26,0,1.0,18,0,75,18,127,0,0,0,0,0,4.17,22247,1162,19.1454,0.2176,,,,0
170,2026-09-26,03:10:12,2026-09-26_02-42,246,0,0,5,Torvin,Warrior,192,109,0,WarMace,20,0,WarMace,,0,OgreLord,18248,lost,,38,95,0.05,88,8,77,80,43,0,0,1,1,17,0.05,839,1544,0.5434,0.0846,,,,0
171,2026-09-26,03:11:19,2026-09-26_02-42,246,0,0,5,Elspeth,Archer,150,100,0,Bow,25,1,Bow,150,0,OrcishMage,5339,won,,83,0,1.0,0,0,67,1.34,115,0,0,0,0,0,5.0,26696,1675,15.9379,0.3137,,,,0
172,2026-09-26,03:11:20,2026-09-26_02-42,246,0,0,5,Dain,Warrior,151,100,0,Kryss,15,0,Kryss,,0,JukaMage,12984,won,,88,0,1.0,100,20,75,80,225,0,0,4,2,0,0.94,12173,1162,10.4759,0.0895,,,,0
173,2026-09-26,03:12:14,2026-09-26_02-42,246,0,0,5,Rowan,Warrior,201,106,18,WarMace,20,0,WarMace,,0,OrcishMage,5339,won,,49,0,1.0,10,0,76,10,120,0,0,0,0,0,5.0,26696,1577,16.9283,0.2954,,,,0
174,2026-09-26,03:13:17,2026-09-26_02-42,246,0,0,5,Delwyn,Archer,188,106,0,Bow,25,1,Bow,46,0,AncientLich,78474,called,cap,180,66,0.34,0,0,68,1.36,337,0,0,0,0,0,5.0,392370,1782,220.1852,0.0227,,,,0
175,2026-09-26,03:14:24,2026-09-26_02-42,246,0,0,5,Elspeth,Archer,150,100,0,Bow,25,1,Bow,146,0,JukaMage,12984,called,cap,180,35,0.65,0,0,67,1.34,207,0,0,0,0,0,5.0,64922,1675,38.7594,0.129,,,,0
176,2026-09-26,03:14:53,2026-09-26_02-42,246,0,0,5,Rowan,Warrior,203,106,18,WarMace,20,0,WarMace,,0,JukaMage,12984,won,,154,0,1.0,74,32,76,42,210,0,0,4,1,0,1.81,23495,1577,14.8985,0.1215,,,,0
177,2026-09-26,03:15:15,2026-09-26_02-42,246,0,0,5,Rowan,Warrior,204,106,18,WarMace,20,0,WarMace,,0,OgreLord,18248,lost,,17,100,0.0,85,8,76,77,0,0,0,1,1,18,0.0,0,1577,0.0,0.0864,,,,0
178,2026-09-26,03:16:18,2026-09-26_02-42,246,0,0,5,Maeve,Mage,136,106,7,BotCasterStaff,18,0,BotCasterStaff,,0,OrcishMage,5339,lost,,58,87,0.13,76,9,63,67,24,4,0,3,2,63,0.11,605,2747,0.2202,0.5145,,,,0
179,2026-09-26,03:16:22,2026-09-26_02-42,246,0,0,5,Delwyn,Archer,188,106,0,Bow,25,1,Bow,42,0,Balron,80390,called,cap,180,88,0.12,0,0,68,1.36,157,0,0,0,0,0,5.0,401951,1782,225.5617,0.0222,,,,0
180,2026-09-26,03:17:29,2026-09-26_02-42,246,0,0,5,Elspeth,Archer,150,100,0,Bow,25,1,Bow,145,0,OgreLord,18248,called,cap,180,73,0.27,0,0,67,1.34,249,0,0,0,0,0,5.0,91238,1675,54.4704,0.0918,,,,0
181,2026-09-26,03:17:52,2026-09-26_02-42,246,0,0,5,Ronan,WarriorMage,239,108,0,Broadsword,17,0,Broadsword,,0,OrcishMage,5339,lost,,84,40,0.6,105,28,71,77,79,7,2,5,2,55,0.55,2954,3035,0.9733,0.5685,,,,0
182,2026-09-26,03:19:23,2026-09-26_02-42,246,0,0,5,Delwyn,Archer,189,106,0,Bow,25,1,Bow,38,0,AncientWyrm,81051,called,cap,180,85,0.15,0,0,68,1.36,187,0,0,0,0,0,5.0,405256,1782,227.4164,0.022,,,,0
183,2026-09-26,03:20:22,2026-09-26_02-42,246,0,0,5,Oswin,Healer,139,104,0,BotCasterStaff,18,0,BotCasterStaff,,0,OrcishMage,5339,lost,,54,56,0.44,67,0,63,67,57,0,0,0,0,48,0.42,2217,1862,1.1907,0.3488,,,,0
184,2026-09-26,03:20:34,2026-09-26_02-42,246,0,0,5,Elspeth,Archer,151,101,0,Bow,25,1,Bow,143,0,LichLord,24988,called,cap,180,30,0.7,0,0,67,1.34,307,0,0,0,0,0,5.0,124939,1675,74.5904,0.067,,,,0
185,2026-09-26,03:20:57,2026-09-26_02-42,246,0,0,5,Hale,Brawler,159,120,0,Fists,4,0,nothing,,0,OrcishMage,5339,called,cap,180,77,0.23,109,28,83,81,45,0,0,9,2,0,0.24,1272,374,3.4011,0.0701,,,,0
186,2026-09-26,03:21:37,2026-09-26_02-42,246,0,0,5,Perri,Warrior,228,112,10,WarFork,18,0,WarFork,,0,OrcishMage,5339,won,,35,0,1.0,9,0,76,9,102,0,0,0,0,0,5.0,26696,1406,18.9872,0.2633,,,,0
187,2026-09-26,03:22:06,2026-09-26_02-42,246,0,0,5,Bertram,WarriorArcher,220,109,19,Dagger,9,0,Dagger,,0,OrcishMage,5339,won,,98,0,1.0,57,8,71,49,142,0,0,0,1,0,1.45,7736,721,10.7295,0.135,,,,0
188,2026-09-26,03:22:36,2026-09-26_02-42,246,0,0,5,Quill,Warrior,232,112,7,WarFork,18,0,WarFork,,0,OrcishMage,5339,won,,54,0,1.0,5,0,77,5,150,0,0,0,0,0,5.0,26696,1436,18.5905,0.269,,,,0
189,2026-09-26,03:23:00,2026-09-26_02-42,246,0,0,5,Wystan,WarriorArcher,204,104,0,Dagger,9,0,Dagger,,0,OrcishMage,5339,lost,,49,89,0.11,74,0,70,74,19,2,0,0,0,25,0.1,557,791,0.7042,0.1482,,,,0
190,2026-09-26,03:23:39,2026-09-26_02-42,246,0,0,5,Elspeth,Archer,151,101,0,Bow,25,1,Bow,141,0,PoisonElemental,25606,called,cap,180,65,0.35,0,0,67,1.34,170,0,0,0,0,0,5.0,128032,1675,76.437,0.0654,,,,0
191,2026-09-26,03:24:05,2026-09-26_02-42,246,0,0,5,Perri,Warrior,229,112,10,WarFork,18,0,WarFork,,0,JukaMage,12984,lost,,84,100,0.0,83,0,76,83,2,1,0,0,0,26,0.0,40,1406,0.0284,0.1083,,,,0
192,2026-09-26,03:24:46,2026-09-26_02-42,246,0,0,5,Quill,Warrior,232,112,7,WarFork,18,0,WarFork,,0,JukaMage,12984,won,,101,0,1.0,84,16,77,68,248,0,0,4,0,0,1.13,14703,1436,10.2389,0.1106,,,,0
193,2026-09-26,03:25:01,2026-09-26_02-42,246,0,0,5,Brannoc,Archer,175,108,0,Bow,25,1,Bow,145,0,OrcishMage,5339,won,,51,0,1.0,0,0,68,1.36,110,0,0,0,0,0,5.0,26696,1741,15.3337,0.3261,,,,0
194,2026-09-26,03:25:17,2026-09-26_02-42,246,0,0,5,Quill,Warrior,233,112,7,WarFork,18,0,WarFork,,0,OgreLord,18248,lost,,25,89,0.11,102,23,77,79,91,0,0,2,0,18,0.1,1910,1436,1.3301,0.0787,,,,0
195,2026-09-26,03:28:25,2026-09-26_03-26,247,0,0,5,Elspeth,Archer,152,101,0,Bow,25,1,Bow,130,0,Dragon,29459,called,still,88,93,0.07,0,0,67,1.34,63,0,0,0,0,0,3.42,100839,1675,60.2024,0.0569,,,,0
196,2026-09-26,03:28:29,2026-09-26_03-26,247,0,0,5,Brannoc,Archer,175,108,0,Bow,25,1,Bow,145,0,JukaMage,13178,called,still,91,40,0.6,0,0,68,1.36,136,0,0,0,0,0,5.0,65888,1741,37.8449,0.1321,,,,0
197,2026-09-26,03:28:39,2026-09-26_03-26,247,0,0,5,Sable,Warrior,195,107,9,WarMace,20,0,WarMace,,0,OrcishMage,4910,lost,,101,85,0.15,83,0,76,83,26,9,0,0,0,26,0.13,657,1535,0.428,0.3126,,,,0
198,2026-09-26,03:29:24,2026-09-26_03-26,247,0,0,5,Ulla,Warrior,219,111,13,WarMace,20,0,WarMace,,0,OrcishMage,4910,won,,39,0,1.0,15,0,77,15,115,0,0,0,0,0,5.0,24552,1602,15.3258,0.3263,,,,0
199,2026-09-26,03:31:30,2026-09-26_03-26,247,0,0,5,Elspeth,Archer,152,101,0,Bow,25,1,Bow,126,0,WhiteWyrm,53096,called,cap,180,73,0.27,0,0,67,1.34,212,0,0,0,0,0,5.0,265478,1675,158.4943,0.0315,,,,0
200,2026-09-26,03:31:34,2026-09-26_03-26,247,0,0,5,Brannoc,Archer,175,108,0,Bow,25,1,Bow,145,0,OgreLord,20092,called,cap,180,73,0.27,0,0,68,1.36,249,0,0,0,0,0,5.0,100462,1741,57.7036,0.0867,,,,0
201,2026-09-26,03:32:15,2026-09-26_03-26,247,0,0,5,Bertram,WarriorArcher,221,109,19,Dagger,9,0,Dagger,,0,JukaMage,13178,lost,,166,42,0.58,93,8,71,85,154,0,0,0,1,17,0.48,6354,721,8.8128,0.0547,,,,0
202,2026-09-26,03:33:14,2026-09-26_03-26,247,0,0,5,Selwyn,WarriorMage,204,109,7,QuarterStaff,18,0,QuarterStaff,,0,OrcishMage,4910,won,,54,0,1.0,22,0,73,22,135,0,0,0,0,0,3.32,16294,3139,5.1908,0.6393,,,,0
203,2026-09-26,03:34:36,2026-09-26_03-26,247,0,0,5,Elspeth,Archer,154,102,0,Bow,25,1,Bow,110,0,Balron,73458,called,cap,180,95,0.05,0,0,67,1.34,61,0,0,0,0,0,2.29,168224,1675,100.4322,0.0228,,,,0
204,2026-09-26,03:34:37,2026-09-26_03-26,247,0,0,5,Selwyn,WarriorMage,204,109,7,QuarterStaff,18,0,QuarterStaff,,0,JukaMage,13178,lost,,78,98,0.02,78,0,73,78,12,10,0,0,0,49,0.02,262,3139,0.0835,0.2382,,,,0
205,2026-09-26,03:34:39,2026-09-26_03-26,247,0,0,5,Brannoc,Archer,175,108,0,Bow,25,1,Bow,145,0,LichLord,28048,called,cap,180,35,0.65,0,0,68,1.36,325,0,0,0,0,0,5.0,140239,1741,80.5508,0.0621,,,,0
206,2026-09-26,03:35:34,2026-09-26_03-26,247,0,0,5,Neriah,Mage,129,103,0,BotCasterStaff,18,0,BotCasterStaff,,0,OrcishMage,4910,lost,,52,69,0.31,67,0,63,67,41,0,0,0,0,50,0.29,1429,2731,0.5233,0.5562,,,,0
207,2026-09-26,03:36:09,2026-09-26_03-26,247,0,0,5,Fenna,Archer,206,106,4,Bow,25,1,Bow,2,1,OrcishMage,4910,lost,,84,46,0.54,82,8,68,74,74,0,0,0,1,16,0.49,2416,1754,1.3774,0.3572,,,,0
208,2026-09-26,03:36:16,2026-09-26_03-26,247,0,0,5,Aric,Archer,214,109,7,Bow,25,1,Bow,82,0,OrcishMage,4910,won,,37,0,1.0,0,0,67,1.34,135,0,0,0,0,0,5.0,24552,1765,13.9105,0.3595,,,,0
209,2026-09-26,03:37:41,2026-09-26_03-26,247,0,0,5,Brannoc,Archer,175,108,0,Bow,25,1,Bow,138,0,PoisonElemental,28629,called,cap,180,55,0.45,0,0,68,1.36,237,0,0,0,0,0,5.0,143144,1741,82.2194,0.0608,,,,0
210,2026-09-26,03:37:53,2026-09-26_03-26,247,0,0,5,Aric,Archer,214,110,7,Bow,25,1,Bow,74,0,JukaMage,13178,won,,92,0,1.0,0,0,68,1.36,222,0,0,0,0,0,5.0,65888,1792,36.7679,0.136,,,,0
211,2026-09-26,03:38:13,2026-09-26_03-26,247,0,0,5,Talia,WarriorMage,237,111,7,Scimitar,17,0,Scimitar,,0,OrcishMage,4910,lost,,120,69,0.31,81,0,72,81,48,6,0,0,0,58,0.28,1371,3071,0.4464,0.6255,,,,0
212,2026-09-26,03:39:47,2026-09-26_03-26,247,0,0,5,Cassia,WarriorArcher,190,105,0,Bow,25,1,Bow,117,0,OrcishMage,4910,won,,88,0,1.0,0,0,70,1.4,129,0,0,0,0,0,5.0,24552,1827,13.4384,0.3721,,,,0
213,2026-09-26,03:40:46,2026-09-26_03-26,247,0,0,5,Brannoc,Archer,175,108,0,Bow,25,1,Bow,136,0,Dragon,29459,called,cap,180,86,0.14,0,0,68,1.36,129,0,0,0,0,0,5.0,147296,1741,84.6043,0.0591,,,,0
214,2026-09-26,03:40:58,2026-09-26_03-26,247,0,0,5,Aric,Archer,215,110,7,Bow,25,1,Bow,59,0,OgreLord,20092,called,cap,180,64,0.36,0,0,68,1.36,325,0,0,0,0,0,5.0,100462,1792,56.0614,0.0892,,,,0
215,2026-09-26,03:43:23,2026-09-26_03-43,248+249,1,0,5,Edda,Baron,495,182,50,BotBaronHalberd,27,0,BotBaronHalberd,,0,OrcishMage,5340,won,,15,0,1.0,48,47,98,1.96,86,0,0,1,0,0,5.0,26700,2646,10.0907,0.4955,,,,0
216,2026-09-26,03:43:36,2026-09-26_03-43,248+249,1,0,5,Hale,Brawler,172,123,3,Fists,4,0,nothing,,0,OrcishMage,5340,lost,,28,92,0.08,86,0,84,86,12,0,0,0,0,11,0.08,401,378,1.0608,0.0708,,,,0
217,2026-09-26,03:43:40,2026-09-26_03-43,248+249,1,0,5,Perri,Warrior,233,114,10,WarFork,18,0,WarFork,,0,OrcishMage,5340,lost,,32,90,0.1,80,0,77,80,6,1,0,0,0,25,0.1,526,1424,0.3694,0.2667,,,,0
218,2026-09-26,03:43:48,2026-09-26_03-43,248+249,1,0,5,Edda,Baron,495,182,50,BotBaronHalberd,27,0,BotBaronHalberd,,0,JukaMage,11443,lost,,20,4,0.96,90,0,98,90,195,0,0,1,0,20,1.05,11967,2646,4.5227,0.2312,,,,0
219,2026-09-26,03:44:05,2026-09-26_03-43,248+249,1,0,5,Quill,Warrior,245,113,15,WarFork,18,0,WarFork,,0,OrcishMage,5340,lost,,24,94,0.06,78,0,77,78,8,2,0,2,0,18,0.05,291,1436,0.2026,0.2689,,,,0
220,2026-09-26,03:44:21,2026-09-26_03-43,248+249,1,0,5,Rowan,Warrior,221,109,17,WarMace,20,0,WarMace,,0,OrcishMage,5340,won,,35,0,1.0,42,0,76,42,128,0,0,2,1,8,1.81,9663,1642,5.8849,0.3075,,,,0
221,2026-09-26,03:44:38,2026-09-26_03-43,248+249,1,0,5,Sable,Warrior,195,107,9,WarMace,20,0,WarMace,,0,OrcishMage,5340,lost,,28,93,0.07,77,0,76,77,18,12,0,0,0,17,0.07,365,1535,0.2378,0.2875,,,,0
222,2026-09-26,03:44:42,2026-09-26_03-43,248+249,1,0,5,Rowan,Warrior,221,109,17,WarMace,20,0,WarMace,,0,JukaMage,11443,lost,,16,83,0.17,80,3,76,77,37,0,0,1,3,19,0.17,1962,1642,1.1949,0.1435,,,,0
223,2026-09-26,03:45:12,2026-09-26_03-43,248+249,1,0,5,Ulla,Warrior,224,112,31,WarMace,20,0,WarMace,,0,OrcishMage,5340,lost,,29,22,0.78,74,3,78,71,94,0,0,1,1,18,0.86,4574,1622,2.82,0.3037,,,,0
224,2026-09-26,03:45:25,2026-09-26_03-43,248+249,1,0,5,Wynn,Warrior,230,112,9,Broadsword,17,0,Broadsword,,0,OrcishMage,5340,won,,38,0,1.0,85,19,78,66,129,0,0,2,4,0,1.18,6311,1373,4.5965,0.2571,,,,0
225,2026-09-26,03:46:05,2026-09-26_03-45,250,1,0,5,Wynn,Warrior,230,112,9,Broadsword,17,0,Broadsword,,0,JukaMage,11938,lost,,8,100,0.0,78,0,78,78,0,0,0,1,2,19,0.0,0,1373,0.0,0.115,,,,0
226,2026-09-26,03:46:23,2026-09-26_03-45,250,1,0,5,Aric,Archer,216,110,7,Bow,25,1,Bow,35,0,OrcishMage,5932,lost,,27,67,0.33,70,0,68,70,45,0,0,2,0,20,0.32,1892,1792,1.0558,0.3021,,,,0
227,2026-09-26,03:46:43,2026-09-26_03-45,250,1,0,5,Brannoc,Archer,176,109,0,Bow,25,1,Bow,125,0,OrcishMage,5932,lost,,33,80,0.2,70,0,68,70,75,0,0,3,0,17,0.19,1153,1741,0.6623,0.2935,,,,0
228,2026-09-26,03:46:58,2026-09-26_03-45,250,1,0,5,Delwyn,Archer,198,107,0,Bow,25,1,Bow,78,0,OrcishMage,5932,lost,,30,59,0.41,70,0,68,70,57,0,0,2,0,16,0.4,2356,1795,1.3125,0.3026,,,,0
229,2026-09-26,03:47:09,2026-09-26_03-45,250,1,0,5,Fenna,Archer,206,106,4,Bow,25,1,Bow,16,0,OrcishMage,5932,lost,,21,62,0.38,69,0,68,69,50,0,0,0,0,16,0.37,2198,1754,1.2531,0.2957,,,,0
230,2026-09-26,03:47:41,2026-09-26_03-45,250,1,0,5,Jarek,Mage,134,104,0,BotCasterStaff,18,0,BotCasterStaff,,0,OrcishMage,5932,lost,,27,80,0.2,65,0,63,65,24,0,0,0,0,51,0.2,1158,2737,0.4231,0.4614,,,,0
231,2026-09-26,03:47:57,2026-09-26_03-45,250,1,0,5,Hollis,Archer,186,104,1,Bow,25,1,Bow,0,1,OrcishMage,5932,lost,,53,93,0.07,71,0,67,71,56,0,0,0,0,17,0.06,373,1675,0.2227,0.2824,,,,0
232,2026-09-26,03:48:11,2026-09-26_03-45,250,1,0,5,Edda,Baron,495,182,50,BotBaronHalberd,27,0,BotBaronHalberd,,0,OgreLord,18518,won,,135,0,1.0,145,115,98,30,908,0,0,3,0,0,3.27,60490,2646,22.8609,0.1429,,,,0
233,2026-09-26,03:48:13,2026-09-26_03-45,250,1,0,5,Kelda,Mage,129,104,0,BotCasterStaff,18,0,BotCasterStaff,,0,OrcishMage,5932,lost,,27,18,0.82,63,0,62,63,97,7,0,2,0,59,0.74,4364,2688,1.6235,0.4531,,,,0
234,2026-09-26,03:48:34,2026-09-26_03-45,250,1,0,5,Maeve,Mage,153,107,7,BotCasterStaff,18,0,BotCasterStaff,,0,OrcishMage,5932,lost,,32,35,0.65,70,4,64,66,89,7,0,2,2,58,0.59,3520,2797,1.2585,0.4715,,,,0
235,2026-09-26,03:48:35,2026-09-26_03-45,250,1,0,5,Edda,Baron,495,182,50,BotBaronHalberd,27,0,BotBaronHalberd,,0,PoisonElemental,24973,lost,,19,77,0.23,93,0,98,93,108,0,0,1,0,20,0.24,6082,2646,2.2986,0.106,,,,0
236,2026-09-26,03:48:46,2026-09-26_03-45,250,1,0,5,Neriah,Mage,129,103,0,BotCasterStaff,18,0,BotCasterStaff,,0,OrcishMage,5932,lost,,28,80,0.2,65,0,63,65,25,0,0,0,0,50,0.19,1140,2731,0.4174,0.4604,,,,0
237,2026-09-26,03:49:09,2026-09-26_03-45,250,1,0,5,Oswin,Healer,141,104,7,BotCasterStaff,18,0,BotCasterStaff,,0,OrcishMage,5932,lost,,30,95,0.05,65,0,63,65,1,0,0,0,0,48,0.05,295,1874,0.1574,0.3159,,,,0
238,2026-09-26,03:49:12,2026-09-26_03-45,250,1,0,5,Ronan,WarriorMage,246,111,11,Broadsword,17,0,Broadsword,,0,OrcishMage,5932,lost,,32,36,0.64,77,3,72,74,74,6,0,2,3,42,0.62,3694,3092,1.1947,0.5212,,,,0
239,2026-09-26,03:49:18,2026-09-26_03-45,250,1,0,5,Selwyn,WarriorMage,204,109,7,QuarterStaff,18,0,QuarterStaff,,0,OrcishMage,5932,lost,,27,76,0.24,74,0,73,74,54,10,0,0,0,41,0.24,1403,3139,0.447,0.5292,,,,0
240,2026-09-26,03:49:43,2026-09-26_03-45,250,1,0,5,Ysolt,WarriorArcher,191,105,0,Bow,25,1,Bow,0,1,OrcishMage,5932,lost,,20,97,0.03,71,0,70,71,17,0,0,0,0,16,0.03,161,1764,0.0913,0.2974,,,,0
241,2026-09-26,03:49:46,2026-09-26_03-45,250,1,0,5,Talia,WarriorMage,245,112,7,Scimitar,17,0,Scimitar,,0,OrcishMage,5932,won,,33,0,1.0,65,0,73,65,134,0,0,0,0,8,1.12,6663,3113,2.1404,0.5248,,,,0
242,2026-09-26,03:49:59,2026-09-26_03-45,250,1,0,5,Wystan,WarriorArcher,211,105,0,Crossbow,25,1,Crossbow,0,1,OrcishMage,5932,lost,,43,93,0.07,73,0,70,73,25,0,0,0,0,17,0.06,379,1981,0.1913,0.334,,,,0
243,2026-09-26,03:50:10,2026-09-26_03-45,250,1,0,5,Talia,WarriorMage,245,112,7,Scimitar,17,0,Scimitar,,0,JukaMage,11938,lost,,22,63,0.37,80,6,73,74,105,0,0,0,1,40,0.37,4359,3113,1.4003,0.2608,,,,0
244,2026-09-26,03:50:31,2026-09-26_03-45,250,1,0,5,Bertram,WarriorArcher,224,109,20,Katana,15,0,Katana,,0,OrcishMage,5932,lost,,39,76,0.24,79,5,71,74,26,0,0,0,1,17,0.23,1349,1182,1.1413,0.1993,,,,0
245,2026-09-26,03:50:33,2026-09-26_03-45,250,1,0,5,Elspeth,Archer,160,102,8,Bow,25,1,Bow,42,0,OrcishMage,5932,lost,,18,100,0.0,67,0,67,67,0,0,0,1,0,15,0.0,0,1675,0.0,0.2824,,,,0
246,2026-09-26,03:50:56,2026-09-26_03-45,250,1,0,5,Cassia,WarriorArcher,193,105,0,Bow,25,1,Bow,86,0,OrcishMage,5932,lost,,51,26,0.74,86,12,70,74,124,0,0,2,0,16,0.7,4178,1827,2.2868,0.308,,,,0
247,2026-09-26,03:51:03,2026-09-26_03-45,250,1,0,5,Dain,Warrior,165,104,0,Kryss,15,0,Kryss,,0,OrcishMage,5932,lost,,27,86,0.14,87,10,75,77,20,3,0,2,1,20,0.14,825,1196,0.6898,0.2016,,,,0
248,2026-09-26,03:51:26,2026-09-26_03-45,250,1,0,5,Hale,Brawler,172,123,13,Fists,4,0,nothing,,0,OrcishMage,5932,lost,,48,89,0.11,88,0,84,88,11,0,0,0,0,12,0.1,604,378,1.5979,0.0637,,,,0
249,2026-09-26,03:51:29,2026-09-26_03-45,250,1,0,5,Wystan,WarriorArcher,211,105,0,Dagger,9,0,Dagger,,0,OrcishMage,5932,lost,,21,94,0.06,71,0,70,71,9,0,0,0,0,17,0.06,354,826,0.4286,0.1392,,,,0
250,2026-09-26,03:51:31,2026-09-26_03-45,250,1,0,5,Ysolt,WarriorArcher,191,105,0,Kryss,15,0,Kryss,,0,OrcishMage,5932,lost,,30,46,0.54,72,0,70,72,76,0,0,0,0,16,0.53,3115,1099,2.8344,0.1853,,,,0
251,2026-09-26,03:52:03,2026-09-26_03-45,250,1,0,5,Wystan,WarriorArcher,211,105,0,Dagger,9,0,Dagger,,0,OrcishMage,5932,lost,,30,91,0.09,72,0,70,72,14,0,0,0,0,17,0.09,521,826,0.6308,0.1392,,,,0
252,2026-09-26,03:52:10,2026-09-26_03-45,250,1,0,5,Ysolt,WarriorArcher,191,105,0,Bow,25,1,Bow,0,1,OrcishMage,5932,lost,,34,39,0.61,72,0,70,72,86,0,0,0,0,16,0.59,3491,1764,1.979,0.2974,,,,0
253,2026-09-26,03:52:13,2026-09-26_03-45,250,1,0,5,Sable,Warrior,201,107,0,WarMace,20,0,WarMace,,0,OrcishMage,5932,lost,,42,23,0.77,79,0,76,79,110,0,0,0,0,17,0.74,4405,1535,2.8697,0.2588,,,,0
254,2026-09-26,03:52:21,2026-09-26_03-45,250,1,0,5,Hollis,Archer,187,104,1,Dagger,9,0,Dagger,,0,OrcishMage,5932,lost,,12,97,0.03,67,0,67,67,3,0,0,0,0,17,0.03,148,603,0.2454,0.1017,,,,0
255,2026-09-26,03:52:34,2026-09-26_03-45,250,1,0,5,Bertram,WarriorArcher,224,109,20,Katana,15,0,Katana,,0,OrcishMage,5932,lost,,19,61,0.39,82,10,71,72,57,0,0,0,1,17,0.38,2259,1182,1.9112,0.1993,,,,0
256,2026-09-26,03:52:41,2026-09-26_03-45,250,1,0,5,Ysolt,WarriorArcher,191,105,0,Kryss,15,0,Kryss,,0,OrcishMage,5932,lost,,22,33,0.67,71,0,70,71,81,0,0,0,0,16,0.66,3899,1099,3.5478,0.1853,,,,0
257,2026-09-26,03:53:07,2026-09-26_03-45,250,1,0,5,Ysolt,WarriorArcher,191,105,0,Bow,25,1,Bow,0,1,OrcishMage,5932,lost,,22,85,0.15,71,0,70,71,22,0,0,0,0,16,0.15,880,1764,0.4989,0.2974,,,,0
258,2026-09-26,03:53:07,2026-09-26_03-45,250,1,0,5,Delwyn,Archer,200,107,7,Bow,25,1,Bow,50,0,OrcishMage,5932,lost,,29,63,0.37,69,0,68,69,44,0,0,2,0,16,0.37,2167,1795,1.2072,0.3026,,,,0
259,2026-09-26,03:53:10,2026-09-26_03-45,250,1,0,5,Wystan,WarriorArcher,211,105,0,Crossbow,25,1,Crossbow,0,1,OrcishMage,5932,lost,,31,85,0.15,72,0,70,72,13,0,0,0,0,17,0.14,856,1981,0.4321,0.334,,,,0
260,2026-09-26,03:53:42,2026-09-26_03-45,250,1,0,5,Hollis,Archer,188,105,1,Bow,25,1,Bow,0,1,OrcishMage,5932,lost,,30,86,0.14,70,0,68,70,13,0,0,0,0,17,0.13,799,1700,0.47,0.2866,,,,0
261,2026-09-26,03:54:09,2026-09-26_03-45,250,1,0,5,Bertram,WarriorArcher,224,109,20,Bow,25,1,Bow,0,1,OrcishMage,5932,lost,,37,75,0.25,81,7,71,74,32,0,0,0,3,17,0.24,1432,1857,0.7711,0.313,,,,0
262,2026-09-26,03:54:38,2026-09-26_03-45,250,1,0,5,Bertram,WarriorArcher,224,109,20,Katana,15,0,Katana,,0,OrcishMage,5932,lost,,28,62,0.38,78,5,71,73,53,0,0,0,3,17,0.37,2190,1182,1.8528,0.1993,,,,0
263,2026-09-26,03:54:56,2026-09-26_03-45,250,1,0,5,Wystan,WarriorArcher,211,105,0,Dagger,9,0,Dagger,,0,OrcishMage,5932,lost,,13,98,0.02,71,0,70,71,2,0,0,0,0,17,0.02,91,826,0.1102,0.1392,,,,0
264,2026-09-26,03:55:21,2026-09-26_03-45,250,1,0,5,Bertram,WarriorArcher,224,109,20,Bow,25,1,Bow,0,1,OrcishMage,5932,lost,,34,61,0.39,73,0,71,73,48,0,0,0,2,17,0.38,2258,1857,1.2159,0.313,,,,0
265,2026-09-26,03:55:58,2026-09-26_03-45,250,1,0,5,Bertram,WarriorArcher,224,109,20,Katana,15,0,Katana,,0,OrcishMage,5932,lost,,37,68,0.32,79,5,71,74,52,0,0,0,2,17,0.31,1835,1182,1.5525,0.1993,,,,0
266,2026-09-26,03:56:17,2026-09-26_03-45,250,1,0,5,Wystan,WarriorArcher,213,105,0,Crossbow,25,1,Crossbow,0,1,OrcishMage,5932,lost,,20,88,0.12,71,0,70,71,17,0,0,0,0,17,0.12,731,1981,0.369,0.334,,,,0
267,2026-09-26,03:56:24,2026-09-26_03-45,250,1,0,5,Maeve,Mage,162,107,7,BotCasterStaff,18,0,BotCasterStaff,,0,OrcishMage,5932,lost,,11,100,0.0,64,0,64,64,0,0,0,1,0,53,0.0,0,2832,0.0,0.4774,,,,0
268,2026-09-26,03:57:02,2026-09-26_03-45,250,1,0,5,Wystan,WarriorArcher,213,105,0,Dagger,9,0,Dagger,,0,OrcishMage,5932,lost,,25,81,0.19,71,0,70,71,23,0,0,0,0,17,0.19,1123,826,1.3596,0.1392,,,,0
269,2026-09-26,03:57:48,2026-09-26_03-45,250,1,0,5,Bertram,WarriorArcher,228,109,20,Bow,25,1,Bow,4,1,OrcishMage,5932,lost,,40,88,0.12,80,6,71,74,18,0,0,0,1,17,0.11,681,1857,0.3667,0.313,,,,0
270,2026-09-26,03:58:11,2026-09-26_03-45,250,1,0,5,Wystan,WarriorArcher,213,105,0,Crossbow,25,1,Crossbow,0,1,OrcishMage,5932,lost,,60,80,0.2,75,0,70,75,32,0,0,0,0,17,0.18,1083,1981,0.5467,0.334,,,,0
271,2026-09-26,04:00:45,2026-09-26_03-45,250,1,0,5,Bertram,WarriorArcher,229,109,20,Katana,15,0,Katana,,0,OrcishMage,5932,lost,,16,55,0.45,79,7,71,72,59,0,0,0,1,17,0.44,2610,1182,2.2081,0.1993,,,,0
272,2026-09-26,04:01:30,2026-09-26_03-45,250,1,0,5,Bertram,WarriorArcher,229,109,20,Bow,25,1,Bow,0,1,OrcishMage,5932,lost,,35,55,0.45,83,9,71,74,61,0,0,0,2,17,0.43,2564,1857,1.3807,0.313,,,,0
273,2026-09-26,04:02:01,2026-09-26_03-45,250,1,0,5,Bertram,WarriorArcher,229,109,20,Katana,15,0,Katana,,0,OrcishMage,5932,lost,,31,62,0.38,83,10,71,73,51,0,0,0,3,17,0.37,2192,1182,1.8545,0.1993,,,,0
274,2026-09-26,04:02:38,2026-09-26_03-45,250,1,0,5,Bertram,WarriorArcher,229,109,20,Bow,25,1,Bow,0,1,OrcishMage,5932,lost,,37,78,0.22,81,7,71,74,40,0,0,0,1,17,0.21,1239,1857,0.6672,0.313,,,,0
275,2026-09-26,04:03:16,2026-09-26_03-45,250,1,0,5,Bertram,WarriorArcher,229,109,20,Katana,15,0,Katana,,0,OrcishMage,5932,lost,,28,23,0.77,79,6,71,73,106,0,0,0,2,17,0.75,4445,1182,3.7606,0.1993,,,,0
276,2026-09-26,04:04:31,2026-09-26_03-45,250,1,0,5,Bertram,WarriorArcher,230,109,20,Bow,25,1,Bow,0,1,OrcishMage,5932,lost,,35,25,0.75,74,0,71,74,100,0,0,0,2,17,0.72,4249,1857,2.2881,0.313,,,,0
277,2026-09-26,04:04:48,2026-09-26_03-45,250,1,0,5,Wystan,WarriorArcher,213,105,0,Dagger,9,0,Dagger,,0,OrcishMage,5932,lost,,24,85,0.15,72,0,70,72,19,0,0,0,0,17,0.15,880,826,1.0654,0.1392,,,,0
278,2026-09-26,04:05:43,2026-09-26_03-45,250,1,0,5,Bertram,WarriorArcher,230,109,20,Katana,15,0,Katana,,0,OrcishMage,5932,lost,,41,53,0.47,80,6,71,74,59,0,0,0,2,17,0.45,2681,1182,2.2682,0.1993,,,,0
279,2026-09-26,04:06:23,2026-09-26_03-45,250,1,0,5,Wystan,WarriorArcher,216,105,0,Crossbow,25,1,Crossbow,0,1,OrcishMage,5932,lost,,25,95,0.05,72,0,70,72,6,0,0,0,0,17,0.05,270,1981,0.1363,0.334,,,,0
280,2026-09-26,04:06:34,2026-09-26_03-45,250,1,0,5,Bertram,WarriorArcher,230,109,20,Bow,25,1,Bow,0,1,OrcishMage,5932,lost,,21,100,0.0,77,5,71,72,0,0,0,0,1,17,0.0,0,1857,0.0,0.313,,,,0
281,2026-09-26,04:06:46,2026-09-26_03-45,250,1,0,5,Neriah,Mage,137,104,0,BotCasterStaff,18,0,BotCasterStaff,,0,OrcishMage,5932,lost,,19,87,0.13,65,0,64,65,18,0,0,0,0,50,0.13,758,2781,0.2726,0.4688,,,,0
282,2026-09-26,04:07:47,2026-09-26_04-07,251,1,0,5,Edda,Baron,495,182,50,BotBaronHalberd+SkinningKnife,27,0,BotBaronHalberd,,0,OrcishMage,5108,won,,23,0,1.0,25,0,98,25,105,0,0,0,0,0,3.92,20025,2646,7.568,0.518,,,,0
283,2026-09-26,04:07:52,2026-09-26_04-07,251,1,0,5,Quill,Warrior,259,117,15,SkinningKnife+WarFork+WarHammer,22,0,WarFork,,0,OrcishMage,5108,won,,28,0,1.0,61,0,77,61,141,0,0,0,0,8,1.26,6448,1448,4.453,0.2835,,,,0
284,2026-09-26,04:08:02,2026-09-26_04-07,251,1,0,5,Rowan,Warrior,232,112,16,SkinningKnife+WarMace,20,0,WarMace,,0,OrcishMage,5108,lost,,37,69,0.31,95,15,77,80,61,0,0,2,2,19,0.3,1515,1690,0.8964,0.3309,,,,0
285,2026-09-26,04:08:16,2026-09-26_04-07,251,1,0,5,Quill,Warrior,259,117,15,SkinningKnife+WarFork+WarHammer,22,0,WarFork,,0,JukaMage,12814,lost,,19,92,0.08,68,0,77,68,12,0,0,0,0,19,0.09,1106,1448,0.7638,0.113,,,,0
286,2026-09-26,04:08:23,2026-09-26_04-07,251,1,0,5,Ulla,Warrior,230,113,31,SkinningKnife+WarMace,20,0,WarMace,,0,OrcishMage,5108,lost,,16,84,0.16,88,10,78,78,23,0,0,1,1,18,0.16,799,1622,0.4926,0.3175,,,,0
287,2026-09-26,04:08:25,2026-09-26_04-07,251,1,0,5,Edda,Baron,495,182,50,BotBaronHalberd+SkinningKnife,27,0,BotBaronHalberd,,0,JukaMage,12814,lost,,33,75,0.25,100,0,98,100,110,0,0,2,0,20,0.24,3080,2646,1.164,0.2065,,,,0
288,2026-09-26,04:08:59,2026-09-26_04-07,251,1,0,5,Kelda,Mage,132,105,0,BotCasterStaff+SkinningKnife,18,0,BotCasterStaff,,0,OrcishMage,5108,lost,,29,81,0.19,64,0,62,64,23,0,0,2,0,53,0.18,938,2694,0.3482,0.5274,,,,0
289,2026-09-26,04:09:15,2026-09-26_04-07,251,1,0,5,Aric,Archer,220,110,7,Bow+Dagger+SkinningKnife,25,1,Bow,127,0,OrcishMage,5108,lost,,54,47,0.53,93,21,68,72,156,0,0,4,0,20,0.5,2567,1816,1.4135,0.3555,,,,0
290,2026-09-26,04:09:19,2026-09-26_04-07,251,1,0,5,Brannoc,Archer,182,111,0,Bow+Dagger+SkinningKnife,25,1,Bow,150,31,OrcishMage,5108,lost,,51,96,0.04,78,6,68,72,0,0,0,2,1,18,0.03,177,1741,0.1017,0.3408,,,,0
291,2026-09-26,04:09:25,2026-09-26_04-07,251,1,0,5,Oswin,Healer,141,104,7,BotCasterStaff+SkinningKnife,18,0,BotCasterStaff,,0,OrcishMage,5108,lost,,21,98,0.02,64,0,63,64,4,0,0,0,0,48,0.02,125,1874,0.0667,0.3669,,,,0
292,2026-09-26,04:09:38,2026-09-26_04-07,251,1,0,5,Selwyn,WarriorMage,212,109,14,QuarterStaff+SkinningKnife,18,0,QuarterStaff,,0,OrcishMage,5108,lost,,18,83,0.17,74,0,73,74,25,0,0,0,0,38,0.17,858,3139,0.2733,0.6145,,,,0
293,2026-09-26,04:09:45,2026-09-26_04-07,251,1,0,5,Elspeth,Archer,162,102,8,Bow+Club+Dagger+SkinningKnife,25,1,Bow,26,0,OrcishMage,5108,lost,,21,28,0.72,68,0,67,68,88,0,0,1,0,15,0.7,3601,1675,2.1499,0.3279,,,,0
294,2026-09-26,04:09:52,2026-09-26_04-07,251,1,0,5,Cassia,WarriorArcher,202,107,0,Bow+Dagger+SkinningKnife,25,1,Bow,111,0,OrcishMage,5108,lost,,22,78,0.22,71,0,70,71,31,0,0,2,0,16,0.22,1100,1834,0.5998,0.359,,,,0
295,2026-09-26,04:10:08,2026-09-26_04-07,251,1,0,5,Talia,WarriorMage,250,114,0,Katana,15,0,Katana,,0,OrcishMage,5108,lost,,25,47,0.53,74,0,73,74,67,0,0,0,0,40,0.52,2664,3004,0.8868,0.5881,,,,0
296,2026-09-26,04:10:23,2026-09-26_04-07,251,1,0,5,Hale,Brawler,173,124,13,Fists,0,0,nothing,,0,OrcishMage,5108,lost,,26,95,0.05,87,0,85,87,9,0,0,0,0,11,0.05,239,382,0.6257,0.0748,,,,0
297,2026-09-26,04:10:28,2026-09-26_04-07,251,1,0,5,Dain,Warrior,174,104,0,Kryss+SkinningKnife,15,0,Kryss,,0,OrcishMage,5108,lost,,38,42,0.58,103,25,75,78,74,0,0,3,2,16,0.56,2868,1226,2.3393,0.24,,,,0
298,2026-09-26,04:10:36,2026-09-26_04-07,251,1,0,5,Delwyn,Archer,203,109,7,Bow+Dagger+SkinningKnife,25,1,Bow,21,0,OrcishMage,5108,lost,,22,72,0.28,68,0,68,68,38,0,0,1,0,17,0.28,1438,1795,0.8011,0.3514,,,,0
299,2026-09-26,04:10:55,2026-09-26_04-07,251,1,0,5,Hollis,Archer,191,107,1,Bow+Dagger,25,1,Bow,130,0,OrcishMage,5108,lost,,27,96,0.04,69,0,68,69,0,0,0,0,0,18,0.04,200,1700,0.1176,0.3328,,,,0
300,2026-09-26,04:11:03,2026-09-26_04-07,251,1,0,5,Maeve,Mage,166,107,0,BotCasterStaff,18,0,BotCasterStaff,,0,OrcishMage,5108,lost,,30,80,0.2,66,0,64,66,38,0,0,0,0,53,0.19,974,2832,0.3439,0.5544,,,,0
301,2026-09-26,04:11:10,2026-09-26_04-07,251,1,0,5,Wystan,WarriorArcher,216,105,0,Crossbow-dry+Dagger,9,1,Crossbow,0,1,OrcishMage,5108,lost,,30,84,0.16,72,0,70,72,27,0,0,0,0,17,0.16,798,1981,0.4028,0.3878,,,,0
302,2026-09-26,04:11:15,2026-09-26_04-07,251,1,0,5,Bertram,WarriorArcher,231,109,20,Bow+Dagger+Katana+Scimitar+SkinningKnife,25,1,Bow,24,0,OrcishMage,5108,lost,,15,80,0.2,71,0,71,71,28,0,0,0,0,17,0.2,1014,1857,0.546,0.3635,,,,0
303,2026-09-26,04:11:40,2026-09-26_04-07,251,1,0,5,Neriah,Mage,138,104,0,BotCasterStaff+SkinningKnife,18,0,BotCasterStaff,,0,OrcishMage,5108,lost,,32,83,0.17,66,0,64,66,24,0,0,0,0,50,0.17,845,2781,0.3038,0.5444,,,,0
304,2026-09-26,04:11:47,2026-09-26_04-07,251,1,0,5,Elspeth,Archer,162,102,0,Bow+Dagger,25,1,Bow,24,0,OrcishMage,5108,lost,,27,62,0.38,64,0,67,64,42,0,0,0,0,15,0.4,2031,1675,1.2125,0.3279,,,,0
305,2026-09-26,04:11:48,2026-09-26_04-07,251,1,0,5,Rowan,Warrior,233,112,0,WarMace,20,0,WarMace,,0,OrcishMage,5108,lost,,33,79,0.21,79,0,77,79,57,0,0,0,0,19,0.2,1036,1690,0.613,0.3309,,,,0
306,2026-09-26,04:12:39,2026-09-26_04-07,251,1,0,5,Kelda,Mage,134,106,8,BotCasterStaff+SkinningKnife,18,0,BotCasterStaff,,0,OrcishMage,5108,lost,,24,90,0.1,64,0,62,64,8,0,0,2,0,54,0.09,482,2694,0.1789,0.5274,,,,0
307,2026-09-26,04:12:40,2026-09-26_04-07,251,1,0,5,Cassia,WarriorArcher,202,107,0,Bow+Dagger,25,1,Bow,102,0,OrcishMage,5108,lost,,39,68,0.32,72,0,70,72,77,0,0,0,0,16,0.31,1595,1834,0.8697,0.359,,,,0
308,2026-09-26,04:12:46,2026-09-26_04-07,251,1,0,5,Bertram,WarriorArcher,231,109,20,Bow+Dagger+SkinningKnife,25,1,Bow,24,0,OrcishMage,5108,lost,,40,38,0.62,74,0,71,74,90,0,0,0,0,17,0.6,3055,1857,1.6451,0.3635,,,,0
309,2026-09-26,04:13:16,2026-09-26_04-07,251,1,0,5,Cassia,WarriorArcher,202,107,0,Bow+Dagger+SkinningKnife,25,1,Bow,102,0,OrcishMage,5108,lost,,32,63,0.37,71,0,70,71,53,0,0,0,0,16,0.36,1848,1834,1.0076,0.359,,,,0
310,2026-09-26,04:13:28,2026-09-26_04-07,251,1,0,5,Brannoc,Archer,183,111,0,Bow+Dagger,25,1,Bow,137,0,OrcishMage,5108,lost,,15,48,0.52,68,0,68,68,66,0,0,0,0,18,0.52,2634,1741,1.5129,0.3408,,,,0
311,2026-09-26,04:13:53,2026-09-26_04-07,251,1,0,5,Rowan,Warrior,234,112,0,SkinningKnife+WarMace,20,0,WarMace,,0,OrcishMage,5108,lost,,31,63,0.37,79,0,77,79,55,0,0,0,0,19,0.36,1820,1690,1.0769,0.3309,,,,0
312,2026-09-26,04:13:54,2026-09-26_04-07,251,1,0,5,Quill,Warrior,260,118,15,SkinningKnife+WarFork,18,0,WarFork,,0,OrcishMage,5108,won,,39,0,1.0,64,31,77,33,168,0,0,3,2,0,2.33,11920,1448,8.232,0.2835,,,,0
313,2026-09-26,04:14:10,2026-09-26_04-07,251,1,0,5,Quill,Warrior,260,118,15,SkinningKnife+WarFork,18,0,WarFork,,0,JukaMage,12814,lost,,16,62,0.38,96,18,77,78,75,0,0,1,2,20,0.37,4758,1448,3.2859,0.113,,,,0
314,2026-09-26,04:14:22,2026-09-26_04-07,251,1,0,5,Hollis,Archer,192,108,1,Bow+Dagger+SkinningKnife,25,1,Bow,117,0,OrcishMage,5108,lost,,19,89,0.11,69,0,68,69,16,0,0,0,0,18,0.11,539,1700,0.3171,0.3328,,,,0
315,2026-09-26,04:20:20,2026-09-26_04-15,252,1,0,5,Delwyn,Archer,205,110,7,Bow-dry+Dagger+SkinningKnife,9,1,Dagger,,0,OrcishMage,6446,lost,,31,88,0.12,93,23,68,70,29,0,0,2,4,17,0.12,783,707,1.1075,0.1097,4,,0,0
316,2026-09-26,04:20:26,2026-09-26_04-15,252,1,0,5,Dain,Warrior,180,105,7,Kryss+SkinningKnife,15,0,Kryss,,0,OrcishMage,6446,lost,,38,36,0.64,77,0,75,77,93,0,0,2,0,16,0.62,4008,1226,3.2692,0.1902,4,,9,0
317,2026-09-26,04:20:34,2026-09-26_04-15,252,1,0,5,Quill,Warrior,262,118,15,Scimitar+SkinningKnife+WarFork,18,0,WarFork,,0,OrcishMage,6446,lost,,25,90,0.1,84,6,77,78,14,3,0,2,1,23,0.1,651,1448,0.4496,0.2246,0,,0,0
318,2026-09-26,04:20:48,2026-09-26_04-15,252,1,0,5,Elspeth,Archer,165,102,0,Bow-dry+Dagger,9,1,Dagger,,0,OrcishMage,6446,lost,,17,70,0.3,68,0,67,68,41,0,0,0,0,15,0.29,1896,603,3.1443,0.0935,5,,0,0
319,2026-09-26,04:20:58,2026-09-26_04-15,252,1,0,5,Talia,WarriorMage,255,116,7,Katana,15,0,Katana,,0,OrcishMage,6446,lost,,33,46,0.54,76,0,74,76,70,7,0,0,0,46,0.53,3414,3049,1.1197,0.473,0,,2,0
320,2026-09-26,04:21:09,2026-09-26_04-15,252,1,0,5,Elspeth,Archer,165,102,0,Bow+Dagger,25,1,Bow,1,1,OrcishMage,6446,lost,,21,84,0.16,68,0,67,68,23,0,0,0,0,15,0.16,1020,1675,0.609,0.2599,0,1,0,0
321,2026-09-26,04:21:25,2026-09-26_04-15,252,1,0,5,Quill,Warrior,262,118,15,Pitchfork+Scimitar+SkinningKnife+WarFork,18,0,WarFork,,0,OrcishMage,6446,lost,,32,91,0.09,86,7,77,79,6,13,0,2,1,20,0.09,596,1448,0.4116,0.2246,0,,0,0
322,2026-09-26,04:21:45,2026-09-26_04-15,252,1,0,5,Elspeth,Archer,165,102,0,Bow-dry+Dagger,9,1,Dagger,,0,OrcishMage,6446,lost,,35,70,0.3,70,0,67,70,41,0,0,0,0,15,0.28,1837,603,3.0464,0.0935,5,,0,0
323,2026-09-26,04:22:38,2026-09-26_04-15,252,1,0,5,Elspeth,Archer,165,102,0,Bow+Dagger,25,1,Dagger,,2,OrcishMage,6446,lost,,23,56,0.44,68,0,67,68,58,0,0,0,0,15,0.44,2806,603,4.6534,0.0935,0,,2,0
324,2026-09-26,04:24:13,2026-09-26_04-15,252,1,0,5,Cassia,WarriorArcher,207,108,7,Bow+Dagger+SkinningKnife,25,1,Bow,37,0,OrcishMage,6446,lost,,28,100,0.0,72,0,70,72,0,0,0,0,0,16,0.0,0,1834,0.0,0.2845,0,13,0,0
325,2026-09-26,04:24:23,2026-09-26_04-15,252,1,0,5,Brannoc,Archer,187,111,0,Bow+Crossbow-dry+Dagger,25,1,Bow,95,0,OrcishMage,6446,lost,,17,98,0.02,69,0,68,69,3,0,0,0,0,18,0.02,156,1741,0.0896,0.2701,0,16,0,0
326,2026-09-26,04:24:30,2026-09-26_04-15,252,1,0,5,Quill,Warrior,263,119,15,SkinningKnife+WarFork,18,0,WarFork,,0,OrcishMage,6446,lost,,24,82,0.18,79,0,78,79,25,4,0,1,1,23,0.18,1144,1466,0.7804,0.2274,0,,2,0
327,2026-09-26,04:27:15,2026-09-26_04-26,253,1,0,5,Oswin,Healer,141,104,7,BotCasterStaff,18,0,BotCasterStaff,,0,OrcishMage,6203,lost,,47,99,0.01,137,70,63,67,4,0,15,0,3,55,0.01,41,1874,0.0219,0.3021,1,,0,0
328,2026-09-26,04:27:17,2026-09-26_04-26,253,1,0,5,Ulla,Warrior,235,115,30,WarMace,20,0,WarMace,,0,OrcishMage,6203,won,,49,0,1.0,77,24,79,53,106,0,0,2,1,0,1.49,9246,1643,5.6275,0.2649,1,,4,0
329,2026-09-26,04:27:20,2026-09-26_04-26,253,1,0,5,Edda,Baron,495,182,50,BotBaronHalberd,27,0,BotBaronHalberd,,0,Dragon,29411,lost,,53,63,0.37,187,85,98,102,342,0,0,3,0,20,0.35,10429,2646,3.9414,0.09,2,,6,0
330,2026-09-26,04:27:37,2026-09-26_04-26,253,1,0,5,Ulla,Warrior,235,115,30,WarMace,20,0,WarMace,,0,JukaMage,13721,lost,,17,66,0.34,80,0,79,80,95,0,0,1,0,19,0.33,4565,1643,2.7785,0.1197,4,,0,0
331,2026-09-26,04:27:39,2026-09-26_04-26,253,1,0,5,Wystan,WarriorArcher,218,105,0,Dagger+Crossbow-dry,9,1,Crossbow,0,1,OrcishMage,6203,lost,,13,86,0.14,70,0,70,70,18,0,0,0,0,17,0.14,894,1981,0.4513,0.3194,4,0,0,0
332,2026-09-26,04:27:50,2026-09-26_04-26,253,1,0,5,Selwyn,WarriorMage,221,110,14,QuarterStaff,18,0,QuarterStaff,,0,OrcishMage,6203,lost,,29,81,0.19,75,0,73,75,32,5,0,2,2,42,0.18,1126,3139,0.3587,0.506,0,,0,0
333,2026-09-26,04:28:04,2026-09-26_04-26,253,1,0,5,Kelda,Mage,139,106,8,BotCasterStaff,18,0,BotCasterStaff,,0,OrcishMage,6203,lost,,20,91,0.09,69,6,62,63,11,2,0,1,2,57,0.08,502,2694,0.1863,0.4343,2,,0,0
334,2026-09-26,04:28:06,2026-09-26_04-26,253,1,0,5,Neriah,Mage,138,104,0,BotCasterStaff,18,0,BotCasterStaff,,0,OrcishMage,6203,lost,,24,97,0.03,66,0,64,66,6,0,0,0,0,50,0.03,207,2781,0.0744,0.4483,5,,3,0
335,2026-09-26,04:28:35,2026-09-26_04-26,253,1,0,5,Bertram,WarriorArcher,233,109,20,Dagger+Bow,25,1,Bow,10,0,OrcishMage,6203,lost,,39,75,0.25,74,0,71,74,31,0,0,0,0,17,0.24,1498,1857,0.8067,0.2994,0,10,0,0
336,2026-09-26,04:28:35,2026-09-26_04-26,253,1,0,5,Hollis,Archer,193,109,1,Dagger+Bow,25,1,Bow,109,0,OrcishMage,6203,lost,,24,75,0.25,69,0,68,69,32,0,0,0,0,18,0.24,1516,1700,0.8918,0.2741,0,109,0,0
337,2026-09-26,04:28:53,2026-09-26_04-26,253,1,0,5,Rowan,Warrior,241,114,0,WarMace,20,0,WarMace,,0,OrcishMage,6203,lost,,44,29,0.71,115,35,77,80,141,0,0,3,4,20,0.68,4217,1698,2.4835,0.2737,5,,5,0
338,2026-09-26,04:29:13,2026-09-26_04-26,253,1,0,5,Delwyn,Archer,205,110,7,Dagger+Bow-dry,9,1,Dagger,,0,OrcishMage,6203,lost,,33,79,0.21,85,15,68,70,47,0,0,1,3,17,0.2,1259,707,1.7808,0.114,5,,0,0
339,2026-09-26,04:29:17,2026-09-26_04-26,253,1,0,5,Dain,Warrior,189,108,7,Kryss,15,0,Kryss,,0,OrcishMage,6203,won,,37,0,1.0,61,0,76,61,123,0,0,0,0,8,1.25,7728,1243,6.2172,0.2004,10,,5,0
340,2026-09-26,04:29:27,2026-09-26_04-26,253,1,0,5,Elspeth,Archer,165,102,0,Dagger+Bow-dry,9,1,Bow,8,0,OrcishMage,6203,lost,,30,36,0.64,61,0,67,61,77,0,0,0,0,15,0.7,4367,1675,2.6072,0.27,0,8,0,0
341,2026-09-26,04:29:36,2026-09-26_04-26,253,1,0,5,Cassia,WarriorArcher,208,108,7,Dagger+Bow,25,1,Bow,25,0,OrcishMage,6203,lost,,14,90,0.1,62,0,70,62,14,0,0,0,0,16,0.11,710,1834,0.3871,0.2957,0,20,0,0
342,2026-09-26,04:29:57,2026-09-26_04-26,253,1,0,5,Dain,Warrior,189,108,7,Kryss,15,0,Kryss,,0,JukaMage,13721,lost,,39,79,0.21,79,0,76,79,99,0,0,0,2,17,0.2,2802,1243,2.2542,0.0906,4,,2,0
343,2026-09-26,04:30:07,2026-09-26_04-26,253,1,0,5,Brannoc,Archer,188,111,0,Dagger+Bow,25,1,Bow,94,0,OrcishMage,6203,lost,,35,69,0.31,70,0,68,70,55,0,0,0,0,18,0.3,1886,1741,1.0833,0.2807,0,27,0,0
344,2026-09-26,04:30:46,2026-09-26_04-26,253,1,0,5,Quill,Warrior,263,119,15,WarFork,18,0,WarFork,,0,OrcishMage,6203,lost,,64,84,0.16,93,10,78,83,38,5,0,4,4,29,0.15,934,1466,0.6371,0.2363,0,,3,0
345,2026-09-26,04:31:12,2026-09-26_04-26,253,1,0,5,Bertram,WarriorArcher,233,109,20,Dagger+Bow-dry,9,1,Bow,8,0,OrcishMage,6203,lost,,40,55,0.45,74,0,71,74,110,0,0,0,0,17,0.43,2698,1857,1.4529,0.2994,0,8,1,0
346,2026-09-26,04:32:29,2026-09-26_04-31,254,1,0,5,Delwyn,Archer,205,110,7,WarMace+Bow-dry,20,1,WarMace,,0,OrcishMage,6075,lost,,33,99,0.01,78,8,68,70,8,0,0,1,3,17,0.01,84,1455,0.0577,0.2395,2,,0,0
347,2026-09-26,04:34:12,2026-09-26_04-31,254,1,0,5,Cassia,WarriorArcher,209,109,7,Dagger+Bow-dry,9,1,Bow,8,0,OrcishMage,6075,lost,,16,77,0.23,70,0,70,70,29,0,0,0,0,17,0.23,1421,1834,0.7748,0.3019,0,2,0,15
348,2026-09-26,04:35:03,2026-09-26_04-31,254,1,0,5,Cassia,WarriorArcher,209,109,7,Dagger+Bow,25,1,Bow,21,0,OrcishMage,6075,lost,,41,38,0.62,73,0,70,73,74,0,0,0,0,17,0.59,3602,1834,1.964,0.3019,0,7,0,40
349,2026-09-26,04:36:42,2026-09-26_04-31,254,1,0,5,Cassia,WarriorArcher,209,109,7,Dagger+Bow-dry,9,1,Bow,8,0,OrcishMage,6075,lost,,28,78,0.22,72,0,70,72,32,0,0,0,0,17,0.21,1271,1834,0.693,0.3019,0,4,0,27
350,2026-09-26,04:36:43,2026-09-26_04-31,254,1,0,5,Elspeth,Archer,165,102,0,Dagger+Bow,25,1,Bow,14,0,OrcishMage,6075,lost,,25,33,0.67,68,0,67,68,86,0,0,0,0,15,0.66,4006,1675,2.3916,0.2757,0,4,3,0
351,2026-09-26,04:38:34,2026-09-26_04-31,254,1,0,5,Cassia,WarriorArcher,210,109,7,Dagger+Bow,25,1,Bow,13,0,OrcishMage,6075,lost,,32,80,0.2,72,0,70,72,27,0,0,0,0,17,0.19,1173,1834,0.6396,0.3019,0,5,4,0
352,2026-09-26,04:39:11,2026-09-26_04-31,254,1,0,5,Cassia,WarriorArcher,210,109,7,Dagger+Bow-dry,9,1,Bow,9,0,OrcishMage,6075,lost,,38,86,0.14,73,0,70,73,13,0,0,0,0,17,0.13,796,1834,0.434,0.3019,0,6,0,0
353,2026-09-26,04:41:35,2026-09-26_04-31,254,1,0,5,Oswin,Healer,148,105,0,BotCasterStaff,18,0,BotCasterStaff,,0,OrcishMage,6075,lost,,16,84,0.16,64,0,63,64,24,0,0,0,0,49,0.16,970,1912,0.5073,0.3147,5,,0,0
354,2026-09-26,04:42:11,2026-09-26_04-31,254,1,0,5,Elspeth,Archer,166,102,0,Dagger+Bow-dry,9,1,Bow,9,0,OrcishMage,6075,lost,,27,57,0.43,69,0,67,69,48,0,0,0,0,15,0.42,2535,1675,1.5134,0.2757,0,4,0,0
355,2026-09-26,04:42:30,2026-09-26_04-31,254,1,0,5,Elspeth,Archer,166,102,0,Dagger+Bow,25,1,Bow,17,0,OrcishMage,6075,lost,,19,82,0.18,68,0,67,68,22,0,0,0,0,15,0.17,1056,1675,0.6304,0.2757,0,3,0,0
356,2026-09-26,04:44:29,2026-09-26_04-31,254,1,0,5,Elspeth,Archer,167,102,0,Dagger+Bow-dry,9,1,Bow,8,0,OrcishMage,6075,lost,,28,68,0.32,68,0,67,68,42,0,0,0,0,15,0.31,1890,1675,1.1284,0.2757,0,4,0,0
357,2026-09-26,04:45:33,2026-09-26_04-31,254,1,0,5,Elspeth,Archer,167,102,0,WarHammer+Bow-dry,22,1,Dagger,,0,OrcishMage,6075,lost,,13,89,0.11,68,0,67,68,14,0,0,0,0,15,0.1,635,603,1.0531,0.0993,5,,0,0
358,2026-09-26,04:45:40,2026-09-26_04-31,254,1,0,5,Delwyn,Archer,205,110,7,Dagger+Bow-dry,9,1,Bow,0,1,OrcishMage,6075,lost,,16,91,0.09,73,4,68,69,13,0,0,1,2,17,0.09,548,1795,0.3053,0.2955,5,0,0,0
359,2026-09-26,04:46:55,2026-09-26_04-31,254,1,0,5,Delwyn,Archer,205,110,7,Dagger+Bow,25,1,Bow,150,0,OrcishMage,6075,lost,,34,64,0.36,70,0,68,70,48,0,0,1,0,17,0.35,2108,1795,1.1744,0.2955,0,6,0,0
360,2026-09-26,04:48:03,2026-09-26_04-31,254,1,0,5,Quill,Warrior,272,123,0,WarFork,18,0,WarFork,,0,OrcishMage,6075,lost,,31,85,0.15,80,0,78,80,34,0,0,0,0,21,0.15,908,1505,0.6033,0.2477,5,,0,0
361,2026-09-26,04:49:01,2026-09-26_04-31,254,1,0,5,Cassia,WarriorArcher,220,110,7,Dagger+Bow,25,1,Bow,11,0,OrcishMage,6075,lost,,25,94,0.06,72,0,70,72,8,0,0,0,0,18,0.06,340,1855,0.1833,0.3053,0,4,0,0
362,2026-09-26,04:49:53,2026-09-26_04-31,254,1,0,5,Cassia,WarriorArcher,221,110,7,Dagger+Bow-dry,9,1,Bow,9,0,OrcishMage,6075,lost,,32,82,0.18,72,0,70,72,23,0,0,0,0,18,0.18,1092,1855,0.5887,0.3053,0,5,1,0
363,2026-09-26,04:53:54,2026-09-26_04-31,254,1,0,5,Elspeth,Archer,168,102,0,Dagger+Bow-dry,9,1,Bow,0,1,OrcishMage,6075,lost,,29,88,0.12,69,0,67,69,17,0,0,0,0,15,0.11,679,1675,0.4054,0.2757,5,0,0,0
364,2026-09-26,04:56:11,2026-09-26_04-31,254,1,0,5,Rowan,Warrior,256,117,0,WarMace,20,0,WarMace,,0,OrcishMage,6075,won,,36,0,1.0,69,20,78,49,136,0,0,2,1,8,1.59,9670,1806,5.3544,0.2973,5,,0,0
365,2026-09-26,04:56:21,2026-09-26_04-31,254,1,0,5,Rowan,Warrior,256,117,0,WarMace,20,0,WarMace,,0,JukaMage,12916,lost,,10,93,0.07,88,10,78,78,14,0,0,1,1,20,0.07,891,1806,0.4934,0.1398,4,,0,0
366,2026-09-26,04:58:06,2026-09-26_04-57,255,1,0,5,Bertram,WarriorArcher,238,110,19,Dagger+Bow,25,1,Dagger,,0,OrcishMage,6195,lost,,21,95,0.05,67,3,71,64,9,0,0,0,1,17,0.06,371,721,0.5146,0.1164,1,,0,0
367,2026-09-26,04:58:19,2026-09-26_04-57,255,1,0,5,Wystan,WarriorArcher,219,105,0,Dagger+Crossbow,25,1,Crossbow,0,1,OrcishMage,6195,lost,,34,60,0.4,73,0,70,73,52,0,0,0,0,17,0.38,2368,1981,1.1954,0.3198,2,0,3,33
368,2026-09-26,04:58:26,2026-09-26_04-57,255,1,0,5,Cassia,WarriorArcher,224,110,7,Dagger+Bow,25,1,Bow,1,1,OrcishMage,6195,lost,,15,99,0.01,71,0,70,71,1,0,0,0,0,18,0.01,46,1869,0.0246,0.3017,5,1,0,15
369,2026-09-26,04:58:41,2026-09-26_04-57,255,1,0,5,Elspeth,Archer,168,102,0,Dagger+Bow,25,1,Bow,3,1,OrcishMage,6195,lost,,17,91,0.09,67,0,67,67,23,0,0,0,0,15,0.09,531,1675,0.317,0.2704,0,3,0,15
370,2026-09-26,04:58:45,2026-09-26_04-57,255,1,0,5,Edda,Baron,496,183,50,BotBaronHalberd,27,0,BotBaronHalberd,,0,LichLord,24952,lost,,60,19,0.81,163,61,98,102,448,0,0,3,0,20,0.78,19489,2646,7.3655,0.106,2,,4,0
371,2026-09-26,04:59:14,2026-09-26_04-57,255,1,0,5,Neriah,Mage,146,105,0,BotCasterStaff,18,0,BotCasterStaff,,0,OrcishMage,6195,lost,,19,89,0.11,65,0,64,65,15,0,0,1,0,50,0.1,647,2781,0.2327,0.4489,5,,0,0
372,2026-09-26,05:01:48,2026-09-26_04-57,255,1,0,5,Delwyn,Archer,209,111,7,Kryss+Bow,25,1,Bow,123,0,OrcishMage,6195,lost,,22,56,0.44,69,0,68,69,61,0,0,0,0,17,0.43,2674,1795,1.4897,0.2897,0,5,0,0
373,2026-09-26,05:03:13,2026-09-26_04-57,255,1,0,5,Kelda,Mage,147,109,8,BotCasterStaff,18,0,BotCasterStaff,,0,OrcishMage,6195,lost,,17,98,0.02,64,0,63,64,2,0,0,1,0,54,0.02,98,2737,0.0358,0.4418,5,,0,0
374,2026-09-26,05:10:00,2026-09-26_04-57,255,1,0,5,Brannoc,Archer,200,114,0,Dagger+Bow,25,1,Bow,148,31,OrcishMage,6195,lost,,51,96,0.04,82,9,69,73,0,0,0,2,1,19,0.04,217,1797,0.1208,0.2901,0,1,2,0
375,2026-09-26,05:12:25,2026-09-26_04-57,255,1,0,5,Elspeth,Archer,178,102,0,Dagger+Bow,25,1,Dagger,,0,OrcishMage,6195,lost,,20,89,0.11,68,0,67,68,17,0,0,0,0,15,0.11,674,603,1.1177,0.0973,5,,4,0
376,2026-09-26,05:21:10,2026-09-26_04-57,255,1,0,5,Edda,Baron,496,183,50,BotBaronHalberd,27,0,BotBaronHalberd,,0,OgreLord,17932,won,,179,0,1.0,375,361,98,14,825,0,0,7,0,0,5.0,89662,2646,33.8859,0.1476,5,,0,0
377,2026-09-26,05:26:42,2026-09-26_04-57,255,1,0,5,Neriah,Mage,155,106,0,BotCasterStaff,18,0,BotCasterStaff,,0,OrcishMage,6195,lost,,29,87,0.13,66,0,64,66,17,0,0,2,0,51,0.12,770,2790,0.276,0.4504,5,,0,0
378,2026-09-26,05:28:14,2026-09-26_04-57,255,1,0,5,Brannoc,Archer,212,116,0,Dagger+Bow,25,1,Bow,51,0,OrcishMage,6195,lost,,26,40,0.6,70,0,69,70,82,0,0,2,0,20,0.59,3681,1797,2.0484,0.2901,0,6,0,0
379,2026-09-26,05:34:38,2026-09-26_04-57,255,1,0,5,Hollis,Archer,205,113,1,Dagger+Bow,25,1,Bow,84,0,OrcishMage,6195,lost,,29,39,0.61,70,0,69,70,78,0,0,2,0,19,0.6,3717,1725,2.1548,0.2785,0,6,0,0
380,2026-09-26,05:35:31,2026-09-26_04-57,255,1,0,5,Oswin,Healer,149,105,7,BotCasterStaff,18,0,BotCasterStaff,,0,OrcishMage,6195,lost,,11,87,0.13,63,0,63,63,9,0,0,0,0,49,0.13,786,1912,0.4111,0.3086,4,,0,0
381,2026-09-26,05:38:23,2026-09-26_04-57,255,1,0,5,Talia,WarriorMage,271,120,7,Katana,15,0,Katana,,0,OrcishMage,6195,lost,,22,51,0.49,75,0,74,75,66,5,0,0,0,45,0.48,2965,3049,0.9724,0.4922,0,,2,0
382,2026-09-26,05:38:55,2026-09-26_04-57,255,1,0,5,Dain,Warrior,196,109,0,Kryss,15,0,Kryss,,0,OrcishMage,6195,lost,,48,24,0.76,80,0,76,80,145,0,0,0,0,17,0.72,4490,1243,3.6122,0.2006,5,,0,0
383,2026-09-26,05:38:56,2026-09-26_04-57,255,1,0,5,Talia,WarriorMage,271,120,0,Katana,15,0,Katana,,0,OrcishMage,6195,lost,,33,45,0.55,76,0,74,76,70,0,0,0,0,43,0.54,3335,3049,1.0938,0.4922,5,,0,0
384,2026-09-26,05:42:26,2026-09-26_04-57,255,1,0,5,Selwyn,WarriorMage,235,112,13,QuarterStaff,18,0,QuarterStaff,,0,OrcishMage,6195,lost,,24,94,0.06,74,0,73,74,2,0,0,2,0,39,0.06,385,3139,0.1227,0.5067,5,,0,0
385,2026-09-26,05:49:32,2026-09-26_04-57,255,1,0,5,Wystan,WarriorArcher,219,105,0,WarHammer+Crossbow,25,1,Crossbow,0,1,OrcishMage,6195,lost,,27,94,0.06,72,0,70,72,10,1,0,0,0,21,0.05,335,1981,0.1691,0.3198,4,0,0,0
386,2026-09-26,05:49:37,2026-09-26_04-57,255,1,0,5,Oswin,Healer,152,105,0,BotCasterStaff,18,0,BotCasterStaff,,0,OrcishMage,6195,lost,,19,86,0.14,64,0,63,64,20,0,0,0,0,49,0.13,828,1912,0.4331,0.3086,5,,0,0
387,2026-09-26,05:51:54,2026-09-26_04-57,255,1,0,5,Quill,Warrior,281,126,9,WarFork,18,0,WarFork,,0,OrcishMage,6195,won,,39,0,1.0,76,12,79,64,145,0,0,2,3,0,1.23,7647,1525,5.0144,0.2462,13,,0,0
388,2026-09-26,05:52:09,2026-09-26_04-57,255,1,0,5,Quill,Warrior,281,126,9,WarFork,18,0,WarFork,,0,JukaMage,14585,lost,,15,77,0.23,80,0,79,80,65,0,0,1,2,22,0.22,3246,1525,2.1285,0.1046,4,,0,0
389,2026-09-26,05:57:46,2026-09-26_04-57,255,1,0,5,Ulla,Warrior,243,117,30,WarMace,20,0,WarMace,,0,OrcishMage,6195,lost,,29,57,0.43,89,7,80,82,64,0,0,1,2,19,0.42,2584,1680,1.5381,0.2712,5,,0,0
390,2026-09-26,06:11:03,2026-09-26_04-57,255,1,0,5,Dain,Warrior,208,112,0,Kryss,15,0,Kryss,,0,OrcishMage,6195,lost,,26,60,0.4,78,0,76,78,70,0,0,2,0,18,0.39,2434,1243,1.9582,0.2006,5,,0,0
391,2026-09-26,06:11:37,2026-09-26_04-57,255,1,0,5,Neriah,Mage,164,107,0,BotCasterStaff,18,0,BotCasterStaff,,0,OrcishMage,6195,lost,,38,94,0.06,64,0,64,64,29,0,0,0,0,52,0.06,393,2797,0.1405,0.4515,5,,3,0
392,2026-09-26,06:13:30,2026-09-26_04-57,255,1,0,5,Rowan,Warrior,270,122,0,WarMace,20,0,WarMace,,0,OrcishMage,6195,won,,37,0,1.0,76,32,79,44,121,0,0,3,2,8,1.8,11123,1856,5.993,0.2996,4,,1,0
393,2026-09-26,06:13:39,2026-09-26_04-57,255,1,0,5,Rowan,Warrior,270,122,0,WarMace,20,0,WarMace,,0,JukaMage,14585,lost,,9,84,0.16,89,10,79,79,42,0,0,1,1,22,0.16,2329,1856,1.2548,0.1273,5,,0,0
394,2026-09-26,06:20:19,2026-09-26_04-57,255,1,0,5,Hollis,Archer,217,114,0,Scimitar+Bow,25,1,Bow,64,0,OrcishMage,6195,lost,,27,52,0.48,71,0,69,71,61,0,0,0,0,19,0.46,2865,1725,1.6609,0.2785,0,6,0,0
395,2026-09-26,06:20:41,2026-09-26_04-57,255,1,0,5,Elspeth,Archer,189,104,0,Dagger+Bow,25,1,Bow,96,0,OrcishMage,6195,lost,,27,68,0.32,65,3,68,62,41,0,0,2,0,16,0.35,2189,1700,1.2876,0.2744,0,6,0,0
396,2026-09-26,06:22:20,2026-09-26_04-57,255,1,0,5,Elspeth,Archer,190,104,7,Dagger+Bow,25,1,Bow,82,0,OrcishMage,6195,lost,,18,77,0.23,69,0,68,69,33,0,0,1,0,16,0.23,1406,1700,0.8271,0.2744,0,4,4,0
397,2026-09-26,06:23:31,2026-09-26_04-57,255,1,0,5,Dain,Warrior,210,113,6,Kryss,15,0,Kryss,,0,OrcishMage,6195,lost,,34,51,0.49,78,0,76,78,75,0,0,2,0,18,0.48,2977,1243,2.395,0.2006,5,,0,0
398,2026-09-26,06:27:56,2026-09-26_04-57,255,1,0,5,Hollis,Archer,221,115,0,Dagger+Bow,25,1,Bow,15,21,OrcishMage,6195,lost,,34,96,0.04,71,0,69,71,20,0,0,0,0,19,0.04,270,1725,0.1565,0.2785,0,1,1,0
399,2026-09-26,06:28:27,2026-09-26_04-57,255,1,0,5,Bertram,WarriorArcher,246,112,21,Dagger+Bow,25,1,Bow,46,0,OrcishMage,6195,won,,21,0,1.0,18,0,72,18,120,0,0,0,0,0,4.0,24780,1922,12.8928,0.3103,0,5,0,0
400,2026-09-26,06:28:38,2026-09-26_04-57,255,1,0,5,Bertram,WarriorArcher,246,112,21,Dagger+Bow,25,1,Bow,46,0,JukaMage,14585,lost,,11,83,0.17,72,0,72,72,41,0,0,0,0,17,0.17,2451,1922,1.2752,0.1318,0,3,0,0
401,2026-09-26,06:28:51,2026-09-26_04-57,255,1,0,5,Cassia,WarriorArcher,234,114,6,Dagger+Bow,25,1,Bow,0,1,OrcishMage,6195,lost,,25,77,0.23,73,0,71,73,33,0,0,0,0,18,0.22,1390,1896,0.7331,0.3061,5,0,0,0
402,2026-09-26,06:30:05,2026-09-26_04-57,255,1,0,5,Edda,Baron,496,183,50,BotBaronHalberd,27,0,BotBaronHalberd,,0,LichLord,24952,won,,80,0,1.0,138,103,98,35,641,0,0,5,0,0,2.8,69867,2646,26.4048,0.106,14,,4,0
403,2026-09-26,06:30:27,2026-09-26_04-57,255,1,0,5,Edda,Baron,496,183,50,BotBaronHalberd,27,0,BotBaronHalberd,,0,PoisonElemental,25703,lost,,22,97,0.03,89,0,98,89,25,0,0,2,0,20,0.03,770,2646,0.291,0.1029,5,,0,0
404,2026-09-26,06:33:30,2026-09-26_04-57,255,1,0,5,Kelda,Mage,154,109,8,BotCasterStaff,18,0,BotCasterStaff,,0,OrcishMage,6195,lost,,17,83,0.17,64,0,63,64,22,0,0,1,0,54,0.17,1024,2737,0.3741,0.4418,5,,0,0
405,2026-09-26,06:34:55,2026-09-26_04-57,255,1,0,5,Oswin,Healer,158,105,0,BotCasterStaff+Bow,25,1,BotCasterStaff,,0,OrcishMage,6195,lost,,20,90,0.1,64,0,63,64,13,0,0,1,0,49,0.1,601,1912,0.3143,0.3086,5,,0,0
406,2026-09-26,06:35:00,2026-09-26_04-57,255,1,0,5,Selwyn,WarriorMage,249,113,13,QuarterStaff,18,0,QuarterStaff,,0,OrcishMage,6195,lost,,12,49,0.51,73,0,73,73,69,0,0,0,0,40,0.51,3138,3139,0.9997,0.5067,5,,0,0
407,2026-09-26,06:35:21,2026-09-26_04-57,255,1,0,5,Hollis,Archer,225,116,7,Dagger+Bow,25,1,Bow,19,0,OrcishMage,6195,won,,42,0,1.0,54,0,69,54,125,0,0,0,0,8,1.28,7916,1728,4.581,0.2789,0,9,0,0
408,2026-09-26,06:35:49,2026-09-26_04-57,255,1,0,5,Hollis,Archer,225,116,7,Dagger+Bow,25,1,Bow,14,0,JukaMage,14585,lost,,28,84,0.16,71,0,69,71,37,0,0,0,0,19,0.15,2210,1728,1.2789,0.1185,0,6,0,0
409,2026-09-26,06:37:18,2026-09-26_04-57,255,1,0,5,Selwyn,WarriorMage,251,113,19,QuarterStaff,18,0,QuarterStaff,,0,OrcishMage,6195,won,,17,0,1.0,51,0,73,51,117,0,0,0,0,0,1.43,8867,3139,2.8248,0.5067,5,,0,0
410,2026-09-26,06:37:43,2026-09-26_04-57,255,1,0,5,Selwyn,WarriorMage,251,113,19,QuarterStaff,18,0,QuarterStaff,,0,JukaMage,14585,lost,,25,97,0.03,74,0,73,74,12,6,0,0,1,43,0.03,483,3139,0.1539,0.2152,0,,2,0
411,2026-09-26,06:37:59,2026-09-26_04-57,255,1,0,5,Dain,Warrior,223,114,6,Kryss,15,0,Kryss,,0,OrcishMage,6195,lost,,49,19,0.81,102,21,77,81,132,0,0,3,3,18,0.77,4751,1309,3.6295,0.2113,5,,0,0
412,2026-09-26,06:38:06,2026-09-26_04-57,255,1,0,5,Oswin,Healer,158,105,7,BotCasterStaff+Bow,25,1,BotCasterStaff,,0,OrcishMage,6195,lost,,23,89,0.11,64,0,63,64,14,0,0,1,0,49,0.1,645,1912,0.3373,0.3086,5,,0,0
413,2026-09-26,06:42:24,2026-09-26_04-57,255,1,0,5,Bertram,WarriorArcher,250,112,21,Club+Bow,25,1,Bow,94,0,OrcishMage,6195,lost,,20,35,0.65,73,0,72,73,89,0,0,0,0,17,0.64,3983,1951,2.0415,0.3149,0,4,0,0
414,2026-09-26,06:43:20,2026-09-26_04-57,255,1,0,5,Hollis,Archer,228,116,0,Dagger+Bow,25,1,Bow,0,1,OrcishMage,6195,lost,,29,83,0.17,71,0,69,71,15,0,0,0,0,19,0.16,1003,1728,0.5804,0.2789,5,0,0,0
415,2026-09-26,06:44:18,2026-09-26_04-57,255,1,0,5,Bertram,WarriorArcher,250,112,21,WarMace+Bow,25,1,Bow,92,0,OrcishMage,6195,won,,44,0,1.0,60,0,72,60,127,0,0,0,0,0,1.2,7434,1951,3.8104,0.3149,0,9,1,0
416,2026-09-26,06:44:33,2026-09-26_04-57,255,1,0,5,Bertram,WarriorArcher,250,112,21,WarMace+Bow,25,1,Bow,89,0,JukaMage,14585,lost,,15,93,0.07,72,0,72,72,50,0,0,0,0,17,0.07,1046,1951,0.5361,0.1338,0,3,0,0
417,2026-09-26,06:47:19,2026-09-26_04-57,255,1,0,5,Rowan,Warrior,280,125,0,WarHammer,22,0,Club,,0,OrcishMage,6195,lost,,33,91,0.09,92,10,80,82,15,1,0,2,3,28,0.09,538,1560,0.3449,0.2518,3,,0,0
418,2026-09-26,06:51:55,2026-09-26_04-57,255,1,0,5,Oswin,Healer,160,106,0,BotCasterStaff,18,0,BotCasterStaff,,0,OrcishMage,6195,lost,,33,78,0.22,65,0,63,65,47,0,0,0,0,49,0.21,1296,1912,0.6778,0.3086,5,,0,0
419,2026-09-26,06:54:50,2026-09-26_04-57,255,1,0,5,Neriah,Mage,174,109,0,BotCasterStaff,18,0,BotCasterStaff,,0,OrcishMage,6195,lost,,21,77,0.23,66,0,65,66,23,0,0,0,0,53,0.22,1376,2847,0.4833,0.4596,5,,2,0
420,2026-09-26,06:55:12,2026-09-26_04-57,255,1,0,5,Talia,WarriorMage,284,123,10,Katana,15,0,Katana,,0,OrcishMage,6195,lost,,34,67,0.33,77,0,75,77,37,0,0,0,0,44,0.32,2011,3090,0.6508,0.4988,5,,0,0
421,2026-09-26,06:59:13,2026-09-26_04-57,255,1,0,5,Brannoc,Archer,222,118,0,Dagger+Bow,25,1,Dagger,,0,OrcishMage,6195,lost,,60,44,0.56,89,18,69,71,81,0,0,3,4,21,0.54,3367,697,4.8307,0.1125,5,,2,0
422,2026-09-26,07:01:16,2026-09-26_04-57,255,1,0,5,Rowan,Warrior,284,127,6,WarHammer,22,0,WarHammer,,0,OrcishMage,6195,lost,,33,99,0.01,87,5,80,82,14,1,0,2,1,26,0.01,49,2040,0.024,0.3293,5,,1,0
423,2026-09-26,07:04:08,2026-09-26_04-57,255,1,0,5,Ulla,Warrior,258,120,27,WarMace,20,0,WarMace,,0,OrcishMage,6195,lost,,46,86,0.14,91,7,81,84,31,6,0,2,2,23,0.13,815,1725,0.4725,0.2785,0,,0,0
424,2026-09-26,07:04:11,2026-09-26_04-57,255,1,0,5,Quill,Warrior,289,131,9,WarFork,18,0,WarFork,,0,OrcishMage,6195,lost,,18,92,0.08,87,9,79,78,11,1,0,0,1,25,0.08,472,1525,0.3095,0.2462,4,,0,0
425,2026-09-26,07:08:00,2026-09-26_04-57,255,1,0,5,Bertram,WarriorArcher,251,112,21,Dagger+Bow,25,1,Bow,78,0,OrcishMage,6195,lost,,16,21,0.79,73,0,72,73,118,0,0,0,0,17,0.78,4834,1951,2.4777,0.3149,0,4,0,0
426,2026-09-26,07:08:42,2026-09-26_04-57,255,1,0,5,Bertram,WarriorArcher,251,112,21,Pitchfork+Bow,25,1,Bow,78,0,OrcishMage,6195,won,,22,0,1.0,25,0,72,25,117,0,0,0,0,0,2.88,17842,1951,9.1451,0.3149,0,5,0,0
427,2026-09-26,07:09:10,2026-09-26_04-57,255,1,0,5,Bertram,WarriorArcher,251,112,21,Pitchfork+Bow,25,1,Bow,78,0,JukaMage,14585,lost,,29,71,0.29,73,0,72,73,118,0,0,0,0,17,0.29,4240,1951,2.1732,0.1338,0,6,0,0
428,2026-09-26,07:09:58,2026-09-26_04-57,255,1,0,5,Cassia,WarriorArcher,237,114,6,WarMace+Bow,25,1,WarMace,,0,OrcishMage,6195,lost,,23,59,0.41,75,3,71,72,69,0,0,0,2,18,0.4,2497,1541,1.6204,0.2487,5,,0,0
429,2026-09-26,07:10:09,2026-09-26_04-57,255,1,0,5,Bertram,WarriorArcher,251,112,21,Dagger+Bow,25,1,Bow,78,0,OrcishMage,6195,won,,49,0,1.0,49,0,72,49,165,0,0,0,0,8,1.47,9103,1951,4.6658,0.3149,0,10,2,0
430,2026-09-26,07:10:13,2026-09-26_04-57,255,1,0,5,Harlan,Warrior,150,100,0,WarMace,20,0,WarMace,,0,OrcishMage,6195,lost,,11,93,0.07,82,7,75,75,9,0,0,1,1,15,0.07,450,1500,0.3,0.2421,4,,0,0
431,2026-09-26,07:10:28,2026-09-26_04-57,255,1,0,5,Quill,Warrior,291,131,15,WarFork,18,0,WarFork,,0,OrcishMage,6195,lost,,45,88,0.12,96,14,79,82,32,1,0,0,4,30,0.11,707,1525,0.4636,0.2462,4,,5,0
432,2026-09-26,07:10:36,2026-09-26_04-57,255,1,0,5,Bertram,WarriorArcher,252,112,21,Dagger+Bow,25,1,Bow,73,0,JukaMage,14585,lost,,17,56,0.44,73,0,72,73,115,0,0,0,0,17,0.43,6283,1951,3.2204,0.1338,0,4,0,0
433,2026-09-26,07:10:51,2026-09-26_04-57,255,1,0,5,Ivo,WarriorMage,152,100,0,WarMace,20,0,WarMace,,0,OrcishMage,6195,lost,,37,80,0.2,121,48,70,73,33,6,4,2,2,41,0.19,1171,3150,0.3717,0.5085,0,,2,0
434,2026-09-26,07:11:22,2026-09-26_04-57,255,1,0,5,Dain,Warrior,237,118,6,Kryss,15,0,Kryss,,0,OrcishMage,6195,lost,,28,25,0.75,71,0,77,71,105,0,0,1,1,19,0.81,5015,1309,3.8312,0.2113,4,,4,0
435,2026-09-26,07:12:38,2026-09-26_04-57,255,1,0,5,Hollis,Archer,242,120,0,Dagger+Bow,25,1,Bow,65,24,OrcishMage,6195,lost,,44,72,0.28,88,17,70,71,33,0,0,2,2,20,0.27,1682,1799,0.935,0.2904,0,2,7,0
436,2026-09-26,07:13:23,2026-09-26_04-57,255,1,0,5,Bertram,WarriorArcher,252,112,34,Dagger+Bow,25,1,Bow,73,0,OrcishMage,6195,won,,15,0,1.0,18,0,72,18,88,0,0,0,0,0,4.0,24780,1951,12.7012,0.3149,0,4,0,0
437,2026-09-26,07:13:48,2026-09-26_04-57,255,1,0,5,Bertram,WarriorArcher,252,112,34,Dagger+Bow,25,1,Bow,73,0,JukaMage,14585,lost,,25,80,0.2,63,0,72,63,101,0,0,0,0,17,0.23,3416,1951,1.7509,0.1338,0,5,4,0
438,2026-09-26,07:17:40,2026-09-26_04-57,255,1,0,5,Harlan,Warrior,154,102,7,WarMace,20,0,WarMace,,0,OrcishMage,6195,lost,,33,25,0.75,84,7,75,77,103,0,0,2,1,15,0.73,4505,1500,3.0033,0.2421,5,,2,0
439,2026-09-26,07:17:54,2026-09-26_04-57,255,1,0,5,Neriah,Mage,182,110,7,BotCasterStaff,18,0,BotCasterStaff,,0,OrcishMage,6195,lost,,16,86,0.14,66,0,65,66,20,0,0,1,0,53,0.13,828,2850,0.2905,0.46,5,,0,0
440,2026-09-26,07:18:39,2026-09-26_04-57,255,1,0,5,Hollis,Archer,249,121,0,Scimitar+Bow,25,1,Bow,122,0,OrcishMage,6195,lost,,19,35,0.65,63,0,70,63,99,0,0,1,0,20,0.73,4497,1824,2.4655,0.2944,0,4,0,0
441,2026-09-26,07:19:03,2026-09-26_04-57,255,1,0,5,Hollis,Archer,249,121,0,Dagger+Bow,25,1,Bow,122,0,OrcishMage,6195,lost,,24,67,0.33,63,0,70,63,85,0,0,1,0,20,0.37,2294,1824,1.2577,0.2944,0,5,0,0
442,2026-09-26,07:19:14,2026-09-26_04-57,255,1,0,5,Talia,WarriorMage,302,127,13,Katana,15,0,Katana,,0,OrcishMage,6195,lost,,36,24,0.76,86,8,76,78,147,0,0,2,0,46,0.74,4559,3131,1.4561,0.5054,5,,5,0
443,2026-09-26,07:19:50,2026-09-26_04-57,255,1,0,5,Wystan,WarriorArcher,225,105,0,WarHammer+Crossbow,25,1,WarHammer,,0,OrcishMage,6195,lost,,18,82,0.18,71,0,70,71,25,0,0,0,0,17,0.18,1094,1736,0.6302,0.2802,5,,0,0
444,2026-09-26,07:21:07,2026-09-26_04-57,255,1,0,5,Selwyn,WarriorMage,265,118,18,QuarterStaff,18,0,QuarterStaff,,0,OrcishMage,6195,lost,,48,23,0.77,88,10,74,78,94,7,0,0,3,48,0.73,4521,3182,1.4208,0.5136,0,,1,0
445,2026-09-26,07:21:21,2026-09-26_04-57,255,1,0,5,Cassia,WarriorArcher,239,114,6,Dagger+Bow,25,1,Bow,0,1,OrcishMage,6195,lost,,53,58,0.42,76,8,71,68,69,0,0,0,1,19,0.44,2742,1896,1.4462,0.3061,5,0,4,0
446,2026-09-26,07:22:15,2026-09-26_04-57,255,1,0,5,Ivo,WarriorMage,161,102,0,WarMace,20,0,WarMace,,0,OrcishMage,6195,lost,,28,55,0.45,72,0,70,72,60,0,0,0,0,35,0.44,2708,3150,0.8597,0.5085,4,,4,0
447,2026-09-26,07:30:58,2026-09-26_04-57,255,1,0,5,Cassia,WarriorArcher,242,115,0,Dagger+Bow,25,1,Bow,0,1,OrcishMage,6195,lost,,23,89,0.11,72,0,71,72,16,0,0,0,0,19,0.11,699,1896,0.3687,0.3061,4,0,2,0
448,2026-09-26,07:38:15,2026-09-26_04-57,255,1,0,5,Bertram,WarriorArcher,254,112,34,WarMace+Bow,25,1,Bow,42,0,OrcishMage,6195,lost,,24,17,0.83,73,0,72,73,125,0,0,0,0,17,0.82,5066,1951,2.5966,0.3149,0,5,0,0
449,2026-09-26,07:41:02,2026-09-26_04-57,255,1,0,5,Ulla,Warrior,271,121,22,WarMace,20,0,WarMace,,0,OrcishMage,6195,lost,,45,13,0.87,118,34,81,84,130,0,0,3,2,19,0.84,5175,1831,2.8263,0.2956,5,,0,0
450,2026-09-26,07:45:00,2026-09-26_04-57,255,1,0,5,Talia,WarriorMage,314,129,17,Katana,15,0,Katana,,0,OrcishMage,6195,lost,,47,82,0.18,155,76,76,79,50,3,7,3,4,53,0.17,1047,3139,0.3335,0.5067,0,,0,0
451,2026-09-26,07:49:11,2026-09-26_04-57,255,1,0,5,Quill,Warrior,294,131,15,WarHammer,22,0,WarFork,,0,OrcishMage,6195,won,,53,0,1.0,48,0,79,48,156,0,0,2,2,8,1.65,10196,1533,6.651,0.2475,17,,0,0
452,2026-09-26,07:49:13,2026-09-26_04-57,255,1,0,5,Cassia,WarriorArcher,244,115,0,Katana+Bow,25,1,Dagger,,0,OrcishMage,6195,lost,,8,99,0.01,71,0,71,71,1,0,0,0,0,19,0.01,53,760,0.0697,0.1227,5,,0,0
453,2026-09-26,07:49:37,2026-09-26_04-57,255,1,0,5,Quill,Warrior,294,131,15,WarHammer,22,0,WarFork,,0,JukaMage,14585,lost,,26,82,0.18,85,5,79,80,41,0,0,2,3,25,0.18,2565,1533,1.6732,0.1051,5,,1,0
454,2026-09-26,07:50:13,2026-09-26_04-57,255,1,0,5,Gerda,Sage,269,102,7,BotCasterStaff,18,0,BotCasterStaff,,0,OrcishMage,6195,lost,,32,95,0.05,64,0,62,64,19,0,0,0,0,57,0.05,286,3534,0.0809,0.5705,5,,6,0
455,2026-09-26,07:51:09,2026-09-26_04-57,255,1,0,5,Cassia,WarriorArcher,244,115,0,WarMace+Bow,25,1,Bow,0,1,OrcishMage,6195,lost,,22,84,0.16,72,0,71,72,32,0,0,0,0,19,0.16,969,1896,0.5111,0.3061,4,0,3,0
456,2026-09-26,07:51:33,2026-09-26_04-57,255,1,0,5,Elspeth,Archer,200,105,7,Dagger+HeavyCrossbow,33,1,Bow,179,21,OrcishMage,6195,lost,,33,95,0.05,75,5,68,70,0,0,0,2,3,16,0.05,319,1700,0.1876,0.2744,0,1,0,0
457,2026-09-26,07:52:49,2026-09-26_04-57,255,1,0,5,Neriah,Mage,193,111,7,BotCasterStaff,18,0,BotCasterStaff,,0,OrcishMage,6195,lost,,41,46,0.54,85,17,65,68,101,15,0,3,4,59,0.48,2986,2850,1.0477,0.46,0,,0,0
458,2026-09-26,07:54:58,2026-09-26_04-57,255,1,0,5,Elspeth,Archer,201,105,7,Dagger+Bow,25,1,Bow,180,28,OrcishMage,6195,lost,,44,95,0.05,89,18,68,71,10,0,0,3,4,16,0.05,294,1700,0.1729,0.2744,0,1,0,0
459,2026-09-26,07:55:21,2026-09-26_04-57,255,1,0,5,Dain,Warrior,246,121,14,Kryss,15,0,Kryss,,0,OrcishMage,6195,won,,11,0,1.0,26,0,78,26,104,0,0,1,1,0,3.0,18585,1369,13.5756,0.221,5,,0,0
460,2026-09-26,07:55:25,2026-09-26_04-57,255,1,0,5,Quill,Warrior,295,132,15,WarFork,18,0,WarFork,,0,OrcishMage,6195,won,,45,0,1.0,47,0,79,47,118,0,0,2,0,8,1.68,10413,1533,6.7926,0.2475,5,,1,0
461,2026-09-26,07:55:39,2026-09-26_04-57,255,1,0,5,Quill,Warrior,295,133,15,WarFork,18,0,WarFork,,0,JukaMage,14585,lost,,13,89,0.11,85,5,79,80,28,0,0,1,3,26,0.11,1587,1533,1.0352,0.1051,5,,0,0
462,2026-09-26,07:55:45,2026-09-26_04-57,255,1,0,5,Dain,Warrior,246,121,14,Kryss,15,0,Kryss,,0,JukaMage,14585,lost,,24,41,0.59,87,18,78,69,171,0,0,2,2,21,0.67,9777,1369,7.1417,0.0939,5,,0,0
463,2026-09-26,07:56:50,2026-09-26_04-57,255,1,0,5,Harlan,Warrior,163,103,7,WarMace,20,0,WarMace,,0,OrcishMage,6195,won,,29,0,1.0,41,0,76,41,98,0,0,1,0,0,1.85,11483,1520,7.5546,0.2454,5,,8,0
464,2026-09-26,07:57:10,2026-09-26_04-57,255,1,0,5,Harlan,Warrior,163,103,7,WarMace,20,0,WarMace,,0,JukaMage,14585,lost,,21,81,0.19,77,0,76,77,57,0,0,1,0,15,0.19,2742,1520,1.8039,0.1042,5,,0,0
465,2026-09-26,07:57:43,2026-09-26_04-57,255,1,0,5,Talia,WarriorMage,328,131,17,Scimitar,17,0,Katana,,0,OrcishMage,6195,lost,,36,48,0.52,94,15,76,79,91,13,0,2,3,52,0.5,3101,3143,0.9866,0.5073,0,,0,0
466,2026-09-26,07:58:31,2026-09-26_04-57,255,1,0,5,Harlan,Warrior,163,103,0,WarMace,20,0,WarMace,,0,OrcishMage,6195,lost,,27,69,0.31,78,0,76,78,32,0,0,0,0,15,0.3,1850,1520,1.2171,0.2454,5,,1,0
467,2026-09-26,08:00:35,2026-09-26_04-57,255,1,0,5,Oswin,Healer,162,107,0,BotCasterStaff+Crossbow,25,1,BotCasterStaff,,0,OrcishMage,6195,lost,,17,85,0.15,64,0,63,64,18,0,0,0,0,49,0.14,886,1912,0.4634,0.3086,5,,0,0
468,2026-09-26,08:00:58,2026-09-26_04-57,255,1,0,5,Brannoc,Archer,228,120,7,Dagger+Bow,25,1,Dagger,,0,OrcishMage,6195,lost,,30,90,0.1,71,0,70,71,28,5,0,1,2,25,0.1,598,707,0.8458,0.1141,0,,0,0
469,2026-09-26,08:03:28,2026-09-26_04-57,255,1,0,5,Hollis,Archer,264,126,0,Dagger+Bow,25,1,Bow,35,16,OrcishMage,6195,lost,,25,100,0.0,72,0,71,72,0,0,0,0,0,21,0.0,0,1885,0.0,0.3043,0,1,0,0
470,2026-09-26,08:06:35,2026-09-26_04-57,255,1,0,5,Corwin,Archer,163,104,7,Dagger+Bow,25,1,Bow,105,0,OrcishMage,6195,lost,,34,72,0.28,81,11,68,70,51,0,0,2,0,16,0.28,1707,1714,0.9959,0.2767,0,7,0,0
471,2026-09-26,08:08:06,2026-09-26_04-57,255,1,0,5,Garrow,Archer,173,103,0,Dagger+Bow,25,1,Bow,0,1,OrcishMage,6195,lost,,25,70,0.3,69,0,67,69,41,0,0,0,0,15,0.29,1801,1708,1.0544,0.2757,5,0,0,0
472,2026-09-26,08:09:52,2026-09-26_04-57,255,1,0,5,Gerda,Sage,273,102,0,BotCasterStaff,18,0,BotCasterStaff,,0,OrcishMage,6195,lost,,19,85,0.15,63,0,62,63,14,0,0,0,0,57,0.15,945,3534,0.2674,0.5705,5,,0,0
473,2026-09-26,08:14:18,2026-09-26_04-57,255,1,0,5,Ulla,Warrior,283,124,0,WarMace,20,0,WarMace,,0,OrcishMage,6195,lost,,15,86,0.14,82,0,81,82,51,0,0,0,0,21,0.14,874,1859,0.4701,0.3001,5,,0,0
474,2026-09-26,08:15:10,2026-09-26_04-57,255,1,0,5,Neriah,Mage,200,112,0,BotCasterStaff,18,0,BotCasterStaff,,0,OrcishMage,6195,lost,,33,75,0.25,68,0,66,68,31,0,0,0,0,53,0.25,1524,2894,0.5266,0.4672,5,,0,0
475,2026-09-26,08:16:52,2026-09-26_04-57,255,1,0,5,Talia,WarriorMage,332,131,17,Katana,15,0,Katana,,0,OrcishMage,6195,lost,,20,54,0.46,84,7,76,77,69,11,0,1,2,51,0.46,2828,3143,0.8998,0.5073,0,,0,0
476,2026-09-26,08:17:37,2026-09-26_04-57,255,1,0,5,Oswin,Healer,163,108,0,BotCasterStaff,18,0,BotCasterStaff,,0,OrcishMage,6195,lost,,16,93,0.07,56,0,64,56,11,0,0,0,0,49,0.08,472,1942,0.243,0.3135,4,,0,0
477,2026-09-26,08:17:44,2026-09-26_04-57,255,1,0,5,Elspeth,Archer,213,109,7,Dagger+Bow,25,1,Bow,120,22,OrcishMage,6195,lost,,34,100,0.0,76,6,68,70,0,0,0,1,1,17,0.0,0,1703,0.0,0.2749,0,1,0,0
478,2026-09-26,08:18:50,2026-09-26_04-57,255,1,0,5,Selwyn,WarriorMage,281,120,19,QuarterStaff,18,0,QuarterStaff,,0,OrcishMage,6195,lost,,50,67,0.33,88,9,75,79,85,9,0,0,2,50,0.32,1960,3229,0.607,0.5212,0,,0,0
479,2026-09-26,08:19:57,2026-09-26_04-57,255,1,0,5,Brannoc,Archer,232,120,0,Dagger+Bow,25,1,Bow,0,1,OrcishMage,6195,lost,,17,99,0.01,71,0,70,71,1,0,0,0,0,21,0.01,45,1827,0.0246,0.2949,4,0,0,0
480,2026-09-26,08:23:41,2026-09-26_04-57,255,1,0,5,Wystan,WarriorArcher,234,108,9,WarHammer+Crossbow,25,1,Crossbow,42,15,OrcishMage,6195,lost,,23,95,0.05,71,0,70,71,0,0,0,0,0,18,0.05,317,1981,0.16,0.3198,0,1,0,0
481,2026-09-26,08:25:05,2026-09-26_04-57,255,1,0,5,Quill,Warrior,296,134,15,WarHammer,22,0,WarFork,,0,OrcishMage,6195,won,,23,0,1.0,23,0,80,23,118,0,0,0,2,0,3.48,21548,1552,13.884,0.2505,4,,4,0
482,2026-09-26,08:25:25,2026-09-26_04-57,255,1,0,5,Quill,Warrior,296,134,15,WarHammer,22,0,WarFork,,0,JukaMage,14585,lost,,20,76,0.24,87,6,80,81,56,0,0,1,3,26,0.23,3400,1552,2.1907,0.1064,5,,0,0
483,2026-09-26,08:25:49,2026-09-26_04-57,255,1,0,5,Garrow,Archer,183,104,0,Dagger+Bow,25,1,Dagger,,0,OrcishMage,6195,lost,,26,74,0.26,69,0,67,69,32,0,0,0,0,15,0.25,1566,636,2.4623,0.1027,4,,0,0
484,2026-09-26,08:29:58,2026-09-26_04-57,255,1,0,5,Cassia,WarriorArcher,244,115,1,Dagger+Bow,25,1,Bow,0,1,OrcishMage,6195,lost,,23,86,0.14,72,0,71,72,21,0,0,0,0,19,0.14,873,1896,0.4604,0.3061,5,0,3,0
485,2026-09-26,08:30:07,2026-09-26_04-57,255,1,0,5,Quill,Warrior,296,134,15,WarFork,18,0,WarFork,,0,OrcishMage,6195,lost,,39,30,0.7,94,11,80,83,99,0,0,1,3,26,0.68,4184,1552,2.6959,0.2505,5,,2,0
486,2026-09-26,08:31:42,2026-09-26_04-57,255,1,0,5,Rowan,Warrior,293,129,6,WarHammer,22,0,WarHammer,,0,OrcishMage,6195,won,,25,0,1.0,67,0,81,67,109,0,0,1,0,0,1.21,7489,2066,3.6249,0.3335,5,,3,0
487,2026-09-26,08:33:17,2026-09-26_04-57,255,1,0,5,Ivo,WarriorMage,171,104,0,WarMace,20,0,WarMace,,0,OrcishMage,6195,lost,,21,86,0.14,72,0,71,72,11,1,0,1,0,38,0.14,859,3199,0.2685,0.5164,3,,0,0
488,2026-09-26,08:33:45,2026-09-26_04-57,255,1,0,5,Ulla,Warrior,289,125,10,WarMace,20,0,WarMace,,0,OrcishMage,6195,lost,,22,57,0.43,83,0,82,83,60,0,0,0,0,21,0.42,2617,1882,1.3905,0.3038,4,,0,0
489,2026-09-26,08:33:58,2026-09-26_04-57,255,1,0,5,Corwin,Archer,173,108,7,Dagger+Bow,25,1,Bow,8,0,OrcishMage,6195,lost,,22,64,0.36,61,0,68,61,42,0,0,2,0,17,0.4,2500,1717,1.456,0.2772,0,5,0,0
490,2026-09-26,08:39:33,2026-09-26_04-57,255,1,0,5,Rowan,Warrior,295,130,10,WarHammer,22,0,WarHammer,,0,OrcishMage,6195,won,,19,0,1.0,37,0,81,37,79,0,0,1,0,0,2.19,13562,2066,6.5644,0.3335,5,,4,0
491,2026-09-26,08:39:53,2026-09-26_04-57,255,1,0,5,Rowan,Warrior,295,130,10,WarHammer,22,0,WarHammer,,0,JukaMage,14585,lost,,20,68,0.32,81,0,81,81,78,0,0,1,0,25,0.32,4631,2066,2.2415,0.1417,5,,0,0
492,2026-09-26,08:39:59,2026-09-26_04-57,255,1,0,5,Ivo,WarriorMage,181,105,0,WarMace,20,0,WarMace,,0,OrcishMage,6195,lost,,39,65,0.35,74,0,71,74,55,0,0,3,0,35,0.34,2103,3202,0.6568,0.5169,5,,4,0
493,2026-09-26,08:41:12,2026-09-26_04-57,255,1,0,5,Elspeth,Archer,226,110,7,Dagger+Bow,25,1,Bow,42,0,OrcishMage,6195,won,,30,0,1.0,34,0,68,34,122,0,0,1,0,0,2.0,12390,1751,7.076,0.2826,0,7,12,0
494,2026-09-26,08:41:39,2026-09-26_04-57,255,1,0,5,Elspeth,Archer,227,110,7,Dagger+Bow,25,1,Bow,43,0,JukaMage,14585,lost,,27,83,0.17,70,0,68,70,61,0,0,2,0,17,0.16,2339,1751,1.3358,0.1201,0,6,5,0
495,2026-09-26,08:47:13,2026-09-26_04-57,255,1,0,5,Talia,WarriorMage,345,133,17,Scimitar,17,0,Katana,,0,OrcishMage,6195,lost,,30,40,0.6,79,0,77,79,91,7,0,2,2,53,0.58,3607,3184,1.1329,0.514,0,,0,0
496,2026-09-26,08:49:54,2026-09-26_04-57,255,1,0,5,Neriah,Mage,201,112,0,WarHammer,22,0,BotCasterStaff,,0,OrcishMage,6195,lost,,21,94,0.06,67,0,66,67,2,0,0,0,0,53,0.06,350,2894,0.1209,0.4672,5,,0,0
497,2026-09-26,08:50:51,2026-09-26_04-57,255,1,0,5,Torvin,Warrior,201,112,0,WarMace,20,0,WarMace,,0,OrcishMage,6195,won,,29,0,1.0,79,0,77,79,120,0,0,0,0,0,0.97,6038,1544,3.9106,0.2492,4,,0,0
498,2026-09-26,08:53:22,2026-09-26_04-57,255,1,0,5,Ivo,WarriorMage,192,106,0,WarMace,20,0,WarMace,,0,OrcishMage,6195,lost,,28,61,0.39,84,12,71,72,57,4,1,2,2,41,0.38,2383,3213,0.7417,0.5186,0,,0,0
499,2026-09-26,08:57:14,2026-09-26_04-57,255,1,0,5,Brannoc,Archer,241,122,0,Scimitar+Bow,25,1,Dagger,,0,OrcishMage,6195,lost,,18,68,0.32,72,0,71,72,43,0,0,0,0,21,0.31,1944,738,2.6341,0.1191,5,,0,0
500,2026-09-26,08:58:24,2026-09-26_04-57,255,1,0,5,Vance,Warrior,223,112,7,WarFork,18,0,WarFork,,0,OrcishMage,6195,lost,,23,94,0.06,78,0,77,78,11,1,0,0,0,21,0.06,396,1409,0.2811,0.2274,5,,0,0
501,2026-09-26,08:58:52,2026-09-26_04-57,255,1,0,5,Hollis,Archer,269,129,0,Scimitar+Bow,25,1,Dagger,,0,OrcishMage,6195,lost,,25,94,0.06,74,0,72,74,19,0,0,0,0,22,0.05,335,760,0.4408,0.1227,5,,1,0
502,2026-09-26,08:59:08,2026-09-26_04-57,255,1,0,5,Rowan,Warrior,300,132,17,WarHammer,22,0,WarHammer,,0,OrcishMage,6195,won,,26,0,1.0,47,0,82,47,112,0,0,1,0,0,1.74,10808,2091,5.1688,0.3375,5,,3,0
503,2026-09-26,08:59:24,2026-09-26_04-57,255,1,0,5,Rowan,Warrior,300,132,17,WarHammer,22,0,WarHammer,,0,JukaMage,14585,lost,,16,71,0.29,83,0,82,83,63,0,0,1,0,25,0.29,4234,2091,2.0249,0.1434,4,,0,0
504,2026-09-26,08:59:26,2026-09-26_04-57,255,1,0,5,Selwyn,WarriorMage,289,125,18,QuarterStaff,18,0,QuarterStaff,,0,OrcishMage,6195,lost,,29,45,0.55,84,6,76,78,68,7,0,0,3,49,0.53,3309,3272,1.0113,0.5282,0,,0,0
505,2026-09-26,08:59:36,2026-09-26_04-57,255,1,0,5,Neriah,Mage,204,112,0,BotCasterStaff,18,0,BotCasterStaff,,0,OrcishMage,6195,lost,,23,94,0.06,67,0,66,67,18,0,0,0,0,53,0.06,373,2894,0.1289,0.4672,5,,0,0
506,2026-09-26,09:00:01,2026-09-26_04-57,255,1,0,5,Talia,WarriorMage,350,135,16,WarMace,20,0,Katana,,0,OrcishMage,6195,lost,,33,32,0.68,79,0,77,79,97,7,0,1,2,53,0.66,4119,3184,1.2937,0.514,0,,0,0
507,2026-09-26,09:00:10,2026-09-26_04-57,255,1,0,5,Brannoc,Archer,241,122,7,Scimitar+Bow,25,1,Bow,0,1,OrcishMage,6195,lost,,40,68,0.32,74,0,71,74,51,0,0,0,0,21,0.3,1884,1874,1.0053,0.3025,5,0,2,0
508,2026-09-26,09:00:17,2026-09-26_04-57,255,1,0,5,Corwin,Archer,183,109,7,Dagger+Bow,25,1,Dagger,,0,OrcishMage,6195,lost,,25,80,0.2,79,10,68,69,21,0,0,2,2,17,0.19,1204,629,1.9141,0.1015,5,,0,0
509,2026-09-26,09:01:09,2026-09-26_04-57,255,1,0,5,Talia,WarriorMage,350,135,16,Katana,15,0,Katana,,0,OrcishMage,6195,lost,,43,59,0.41,96,16,77,80,92,7,0,2,2,56,0.4,2462,3184,0.7732,0.514,0,,0,0
510,2026-09-26,09:03:49,2026-09-26_04-57,255,1,0,5,Dain,Warrior,261,124,14,Kryss,15,0,Kryss,,0,OrcishMage,6195,won,,12,0,1.0,16,0,78,16,104,0,0,0,0,8,4.88,30201,1396,21.634,0.2253,5,,0,0
511,2026-09-26,09:04:08,2026-09-26_04-57,255,1,0,5,Dain,Warrior,261,124,14,Kryss,15,0,Kryss,,0,JukaMage,14585,lost,,19,26,0.74,79,0,78,79,223,0,0,2,2,23,0.73,10692,1396,7.659,0.0957,5,,0,0
512,2026-09-26,09:05:17,2026-09-26_04-57,255,1,0,5,Isolde,Mage,120,102,0,WarMace,20,0,BotCasterStaff,,0,OrcishMage,6195,lost,,16,85,0.15,64,0,63,64,16,0,0,0,0,50,0.14,893,2712,0.3293,0.4378,4,,0,0
513,2026-09-26,09:07:17,2026-09-26_04-57,255,1,0,5,Isolde,Mage,121,102,0,BotCasterStaff,18,0,BotCasterStaff,,0,OrcishMage,6195,lost,,29,86,0.14,65,0,63,65,13,0,0,0,0,50,0.14,846,2712,0.3119,0.4378,5,,2,0
514,2026-09-26,09:07:39,2026-09-26_04-57,255,1,0,5,Garrow,Archer,194,106,0,Dagger+Bow,25,1,Dagger,,0,OrcishMage,6195,lost,,10,97,0.03,68,0,68,68,5,0,0,0,0,15,0.03,208,646,0.322,0.1043,5,,0,0
515,2026-09-26,09:08:40,2026-09-26_04-57,255,1,0,5,Harlan,Warrior,173,103,1,WarMace,20,0,WarMace,,0,OrcishMage,6195,lost,,21,51,0.49,77,0,76,77,75,0,0,2,0,15,0.49,3017,1520,1.9849,0.2454,4,,0,0
516,2026-09-26,09:10:16,2026-09-26_04-57,255,1,0,5,Kestrel,Archer,150,100,0,Dagger+Bow,25,1,Bow,150,0,OrcishMage,6195,lost,,14,72,0.28,68,0,67,68,36,0,0,1,0,15,0.27,1682,1675,1.0042,0.2704,0,3,0,0
517,2026-09-26,09:10:18,2026-09-26_04-57,255,1,0,5,Elspeth,Archer,239,112,7,Maul+Bow,25,1,Bow,128,12,OrcishMage,6195,lost,,19,100,0.0,70,0,69,70,0,0,0,1,0,17,0.0,0,1780,0.0,0.2873,0,1,0,0
518,2026-09-26,09:10:44,2026-09-26_04-57,255,1,0,5,Jorunn,WarriorMage,150,100,0,WarFork,18,0,WarFork,,0,OrcishMage,6195,lost,,43,91,0.09,81,8,70,73,47,9,1,2,2,42,0.09,536,3010,0.1781,0.4859,0,,0,0
519,2026-09-26,09:11:06,2026-09-26_04-57,255,1,0,5,Wynn,Warrior,230,112,9,Broadsword,17,0,Broadsword,,0,JukaMage,14585,lost,,25,82,0.18,89,10,78,79,90,0,0,2,1,19,0.18,2566,1373,1.8689,0.0941,4,,0,0
520,2026-09-26,09:11:18,2026-09-26_04-57,255,1,0,5,Hollis,Archer,272,129,0,Dagger+Bow,25,1,Bow,113,0,OrcishMage,6195,lost,,17,81,0.19,73,0,72,73,24,0,0,0,0,22,0.19,1161,1915,0.6063,0.3091,0,4,0,0
521,2026-09-26,09:11:49,2026-09-26_04-57,255,1,0,5,Wynn,Warrior,230,112,9,Broadsword,17,0,Broadsword,,0,OrcishMage,6195,lost,,43,64,0.36,81,0,78,81,161,0,0,3,2,19,0.34,2136,1373,1.5557,0.2216,4,,4,0
522,2026-09-26,09:15:05,2026-09-26_04-57,255,1,0,5,Jorunn,WarriorMage,159,100,0,WarFork,18,0,WarFork,,0,OrcishMage,6195,lost,,29,75,0.25,72,0,70,72,38,3,11,2,2,39,0.25,1527,3017,0.5061,0.487,0,,3,0
523,2026-09-26,09:15:08,2026-09-26_04-57,255,1,0,5,Elspeth,Archer,243,112,7,Dagger+Bow,25,1,Bow,113,0,OrcishMage,6195,won,,76,0,1.0,102,56,69,46,132,0,0,5,0,8,1.5,9292,1801,5.1594,0.2907,0,14,18,0
524,2026-09-26,09:15:26,2026-09-26_04-57,255,1,0,5,Elspeth,Archer,243,112,7,Dagger+Bow,25,1,Bow,113,0,JukaMage,14585,lost,,19,92,0.08,59,0,69,59,24,0,0,1,0,17,0.1,1402,1801,0.7785,0.1235,0,4,0,0
525,2026-09-26,09:18:29,2026-09-26_04-57,255,1,0,5,Isolde,Mage,128,102,0,BotCasterStaff,18,0,BotCasterStaff,,0,OrcishMage,6195,lost,,25,65,0.35,64,0,63,64,71,7,0,2,0,56,0.31,1912,2722,0.7024,0.4394,0,,2,0
526,2026-09-26,09:22:40,2026-09-26_04-57,255,1,0,5,Brannoc,Archer,245,122,7,Dagger+Bow,25,1,Bow,0,1,OrcishMage,6195,lost,,45,77,0.23,74,0,71,74,35,0,0,0,0,21,0.22,1368,1874,0.73,0.3025,5,0,4,0
527,2026-09-26,09:23:02,2026-09-26_04-57,255,1,0,5,Ivo,WarriorMage,203,108,4,WarMace,20,0,WarMace,,0,OrcishMage,6195,lost,,27,86,0.14,72,7,71,65,65,6,0,1,1,41,0.15,927,3216,0.2882,0.5191,0,,0,0
528,2026-09-26,09:23:33,2026-09-26_04-57,255,1,0,5,Ivo,WarriorMage,204,108,9,WarMace,20,0,WarMace,,0,OrcishMage,6195,lost,,21,83,0.17,100,28,71,72,41,3,3,2,1,40,0.16,1011,3216,0.3144,0.5191,0,,0,0
529,2026-09-26,09:23:34,2026-09-26_04-57,255,1,0,5,Vance,Warrior,227,112,12,WarFork,18,0,WarFork,,0,OrcishMage,6195,lost,,28,99,0.01,83,4,77,79,1,1,0,1,3,21,0.01,44,1409,0.0312,0.2274,4,,2,0
530,2026-09-26,09:24:09,2026-09-26_04-57,255,1,0,5,Isolde,Mage,136,103,0,BotCasterStaff,18,0,BotCasterStaff,,0,OrcishMage,6195,lost,,27,81,0.19,65,0,63,65,36,6,0,2,0,57,0.17,1047,2728,0.3838,0.4404,0,,2,0
531,2026-09-26,09:24:28,2026-09-26_04-57,255,1,0,5,Maeve,Mage,169,107,0,BotCasterStaff,18,0,BotCasterStaff,,0,OrcishMage,6195,lost,,27,70,0.3,66,0,64,66,39,0,0,0,0,53,0.29,1822,2832,0.6434,0.4571,5,,0,0
532,2026-09-26,09:25:27,2026-09-26_04-57,255,1,0,5,Selwyn,WarriorMage,298,125,22,QuarterStaff,18,0,QuarterStaff,,0,OrcishMage,6195,lost,,71,79,0.21,112,30,76,82,99,6,2,0,3,55,0.19,1188,3279,0.3623,0.5293,0,,1,0
533,2026-09-26,09:25:46,2026-09-26_04-57,255,1,0,5,Yarrow,Warrior,206,114,0,Katana,15,0,Katana,,0,OrcishMage,6195,won,,45,0,1.0,50,0,77,50,111,0,0,0,0,0,1.54,9540,1247,7.6504,0.2013,13,,6,0
534,2026-09-26,09:26:07,2026-09-26_04-57,255,1,0,5,Yarrow,Warrior,206,114,0,Katana,15,0,Katana,,0,JukaMage,14585,lost,,22,70,0.3,78,0,77,78,78,0,0,0,0,20,0.3,4331,1247,3.4731,0.0855,5,,5,0
535,2026-09-26,09:28:26,2026-09-26_04-57,255,1,0,5,Yarrow,Warrior,206,114,5,Katana,15,0,Katana,,0,OrcishMage,6195,won,,38,0,1.0,75,0,77,75,112,0,0,0,0,0,1.03,6360,1247,5.1002,0.2013,11,,0,0
536,2026-09-26,09:28:51,2026-09-26_04-57,255,1,0,5,Yarrow,Warrior,206,114,5,Katana,15,0,Katana,,0,JukaMage,14585,lost,,24,82,0.18,68,0,77,68,50,0,0,0,0,20,0.2,2914,1247,2.3368,0.0855,5,,1,0
537,2026-09-26,09:29:00,2026-09-26_04-57,255,1,0,5,Jorunn,WarriorMage,169,100,0,WarFork,18,0,WarFork,,0,OrcishMage,6195,lost,,31,70,0.3,84,20,70,64,59,4,1,2,3,39,0.33,2060,3017,0.6828,0.487,0,,0,0
538,2026-09-26,09:31:21,2026-09-26_04-57,255,1,0,5,Talia,WarriorMage,357,138,16,WarMace,20,0,Katana,,0,OrcishMage,6195,lost,,32,28,0.72,80,0,78,80,90,7,0,1,2,55,0.7,4321,3225,1.3398,0.5206,0,,0,0
539,2026-09-26,09:32:23,2026-09-26_04-57,255,1,0,5,Kestrel,Archer,157,101,0,Club+Bow,25,1,Bow,75,0,OrcishMage,6195,lost,,34,81,0.19,69,0,67,69,42,0,0,2,0,15,0.18,1120,1675,0.6687,0.2704,0,7,3,0
540,2026-09-26,09:32:38,2026-09-26_04-57,255,1,0,5,Quenna,Healer,136,102,0,BotCasterStaff,18,0,BotCasterStaff,,0,OrcishMage,6195,lost,,17,89,0.11,63,0,62,63,14,1,0,1,0,50,0.1,650,1857,0.35,0.2998,4,,0,0
541,2026-09-26,09:32:57,2026-09-26_04-57,255,1,0,5,Kestrel,Archer,157,101,0,Dagger+Bow,25,1,Bow,75,0,OrcishMage,6195,lost,,34,57,0.43,65,0,67,65,83,0,0,2,0,15,0.44,2715,1675,1.6209,0.2704,0,7,0,0
542,2026-09-26,09:34:01,2026-09-26_04-57,255,1,0,5,Fenna,Archer,207,106,4,Dagger+Bow,25,1,Bow,8,0,OrcishMage,6195,lost,,20,44,0.56,69,0,68,69,72,0,0,0,0,16,0.55,3413,1754,1.9458,0.2831,0,4,0,0
543,2026-09-26,09:34:53,2026-09-26_04-57,255,1,0,5,Quill,Warrior,301,137,19,WarFork,18,0,WarFork,,0,OrcishMage,6195,won,,34,0,1.0,42,0,81,42,157,0,0,1,2,8,1.93,11948,1592,7.505,0.257,5,,0,0
544,2026-09-26,09:35:20,2026-09-26_04-57,255,1,0,5,Quill,Warrior,302,137,19,WarFork,18,0,WarFork,,0,JukaMage,14585,lost,,27,29,0.71,83,0,81,83,176,0,0,2,2,27,0.7,10141,1592,6.37,0.1092,5,,0,0
545,2026-09-26,09:35:35,2026-09-26_04-57,255,1,0,5,Isolde,Mage,144,103,0,BotCasterStaff,18,0,BotCasterStaff,,0,OrcishMage,6195,lost,,21,43,0.57,70,6,63,64,80,7,0,1,1,56,0.52,3244,2734,1.1865,0.4413,0,,0,0
546,2026-09-26,09:36:41,2026-09-26_04-57,255,1,0,5,Dain,Warrior,268,127,19,Kryss,15,0,Kryss,,0,OrcishMage,6195,won,,12,0,1.0,0,0,78,1.56,148,0,0,0,0,8,5.0,30975,1412,21.937,0.2279,5,,0,0
547,2026-09-26,09:36:56,2026-09-26_04-57,255,1,0,5,Dain,Warrior,268,127,19,Kryss,15,0,Kryss,,0,JukaMage,14585,lost,,14,68,0.32,78,0,78,78,97,0,0,1,0,24,0.32,4730,1412,3.3499,0.0968,5,,0,0
548,2026-09-26,09:37:04,2026-09-26_04-57,255,1,0,5,Cassia,WarriorArcher,257,117,6,Dagger+Bow,25,1,Bow,46,0,OrcishMage,6195,lost,,44,24,0.76,80,6,71,74,146,0,0,2,0,21,0.73,4497,1896,2.3718,0.3061,0,9,6,0
549,2026-09-26,09:38:05,2026-09-26_04-57,255,1,0,5,Ivo,WarriorMage,216,110,12,WarMace,20,0,WarMace,,0,OrcishMage,6195,lost,,45,79,0.21,102,27,72,75,68,4,2,3,1,43,0.21,1278,3262,0.3918,0.5266,0,,2,0
550,2026-09-26,09:39:11,2026-09-26_04-57,255,1,0,5,Dain,Warrior,269,128,19,Club,16,0,Kryss,,0,OrcishMage,6195,won,,25,0,1.0,31,0,78,31,113,0,0,1,1,0,2.52,15587,1412,11.039,0.2279,13,,0,0
551,2026-09-26,09:39:33,2026-09-26_04-57,255,1,0,5,Dain,Warrior,270,128,19,Club,16,0,Kryss,,0,JukaMage,14585,lost,,22,62,0.38,89,10,78,79,81,0,0,2,4,25,0.38,5539,1412,3.9228,0.0968,5,,3,0
552,2026-09-26,09:39:36,2026-09-26_04-57,255,1,0,5,Torvin,Warrior,209,113,4,WarMace,20,0,WarMace,,0,OrcishMage,6195,lost,,46,17,0.83,82,0,78,82,202,0,0,2,0,19,0.79,4865,1564,3.1106,0.2525,4,,0,0
553,2026-09-26,09:40:13,2026-09-26_04-57,255,1,0,5,Gerda,Sage,286,103,0,BotCasterStaff,18,0,BotCasterStaff,,0,OrcishMage,6195,lost,,21,81,0.19,64,0,63,64,17,0,0,0,0,57,0.19,1171,3591,0.3261,0.5797,4,,0,0
554,2026-09-26,09:40:44,2026-09-26_04-57,255,1,0,5,Vance,Warrior,241,114,14,WarFork,18,0,WarFork,,0,OrcishMage,6195,won,,13,0,1.0,1,0,77,1.54,115,0,0,1,2,0,5.0,30975,1424,21.7521,0.2299,5,,0,0
555,2026-09-26,09:41:00,2026-09-26_04-57,255,1,0,5,Vance,Warrior,241,115,14,WarFork,18,0,WarFork,,0,JukaMage,14585,lost,,16,82,0.18,96,17,78,79,50,0,0,1,2,19,0.18,2557,1443,1.772,0.0989,4,,0,0
556,2026-09-26,09:41:10,2026-09-26_04-57,255,1,0,5,Jorunn,WarriorMage,179,101,0,WarFork,18,0,WarFork,,0,OrcishMage,6195,lost,,52,62,0.38,101,27,70,74,56,4,2,3,4,46,0.36,2224,3024,0.7354,0.4881,0,,3,0
557,2026-09-26,09:41:26,2026-09-26_04-57,255,1,0,5,Fenna,Archer,210,106,4,Longsword+Bow,25,1,Dagger,,0,OrcishMage,6195,lost,,27,95,0.05,69,0,68,69,1,0,0,0,2,16,0.05,279,666,0.4189,0.1075,4,,0,0
558,2026-09-26,09:41:33,2026-09-26_04-57,255,1,0,5,Aric,Archer,222,110,7,Dagger+Bow,25,1,Bow,101,0,OrcishMage,6195,lost,,29,41,0.59,70,0,68,70,100,0,0,2,0,20,0.57,3545,1816,1.9521,0.2931,0,6,2,0
559,2026-09-26,09:41:36,2026-09-26_04-57,255,1,0,5,Oswin,Healer,172,111,7,BotCasterStaff,18,0,BotCasterStaff,,0,OrcishMage,6195,lost,,21,76,0.24,66,1,64,65,32,0,0,2,0,50,0.24,1489,2054,0.7249,0.3316,4,,0,0
560,2026-09-26,09:42:03,2026-09-26_04-57,255,1,0,5,Gerda,Sage,286,103,7,BotCasterStaff,18,0,BotCasterStaff,,0,OrcishMage,6195,lost,,32,97,0.03,65,0,63,65,5,0,0,0,0,57,0.03,204,3591,0.0568,0.5797,4,,0,0
561,2026-09-26,09:42:41,2026-09-26_04-57,255,1,0,5,Dain,Warrior,270,129,19,Kryss,15,0,Kryss,,0,OrcishMage,6195,won,,9,0,1.0,18,0,79,18,102,0,0,0,0,0,4.39,27189,1430,19.0133,0.2308,5,,0,0
562,2026-09-26,09:42:54,2026-09-26_04-57,255,1,0,5,Fenna,Archer,210,106,4,WarMace+Bow,25,1,Longsword,,0,OrcishMage,6195,lost,,43,88,0.12,79,8,68,71,11,0,0,0,1,16,0.12,736,1346,0.5468,0.2173,5,,0,0
563,2026-09-26,09:43:01,2026-09-26_04-57,255,1,0,5,Dain,Warrior,270,129,19,Kryss,15,0,Kryss,,0,JukaMage,14585,lost,,16,52,0.48,80,0,79,80,113,0,0,1,0,25,0.47,6893,1430,4.8203,0.098,4,,0,0
564,2026-09-26,09:43:09,2026-09-26_04-57,255,1,0,5,Wynn,Warrior,244,115,12,Broadsword,17,0,Broadsword,,0,OrcishMage,6195,won,,38,0,1.0,54,14,79,40,149,0,0,3,4,0,1.98,12235,1422,8.6041,0.2295,9,,0,0
565,2026-09-26,09:43:21,2026-09-26_04-57,255,1,0,5,Pell,Healer,109,102,0,BotCasterStaff,18,0,BotCasterStaff,,0,OrcishMage,6195,lost,,20,89,0.11,97,34,62,63,15,4,8,1,1,49,0.11,694,1764,0.3934,0.2847,0,,0,0
566,2026-09-26,09:43:25,2026-09-26_04-57,255,1,0,5,Wynn,Warrior,244,115,12,Broadsword,17,0,Broadsword,,0,JukaMage,14585,lost,,16,87,0.13,87,8,79,79,27,0,0,1,1,19,0.13,1916,1422,1.3474,0.0975,4,,0,0
567,2026-09-26,09:45:03,2026-09-26_04-57,255,1,0,5,Brannoc,Archer,249,124,0,Dagger+Bow,25,1,Bow,0,1,OrcishMage,6195,lost,,24,83,0.17,73,0,71,73,24,0,0,0,0,22,0.16,1004,1874,0.5358,0.3025,5,0,3,0
568,2026-09-26,09:46:58,2026-09-26_04-57,255,1,0,5,Kestrel,Archer,166,102,0,Dagger+Bow,25,1,Dagger,,0,OrcishMage,6195,lost,,33,80,0.2,79,10,67,69,31,0,0,2,1,16,0.2,1228,603,2.0365,0.0973,5,,0,0
569,2026-09-26,09:47:08,2026-09-26_04-57,255,1,0,5,Corwin,Archer,194,109,7,Dagger+Bow,25,1,Bow,1,1,OrcishMage,6195,lost,,32,76,0.24,71,1,68,70,45,0,0,2,2,17,0.24,1472,1748,0.8421,0.2822,5,1,0,0
570,2026-09-26,09:47:20,2026-09-26_04-57,255,1,0,5,Pell,Healer,116,103,0,BotCasterStaff,18,0,BotCasterStaff,,0,OrcishMage,6195,lost,,42,95,0.05,135,70,62,65,1,0,9,2,2,55,0.05,315,1789,0.1761,0.2888,5,,3,0
571,2026-09-26,09:48:35,2026-09-26_04-57,255,1,0,5,Fenna,Archer,212,106,0,Dagger+Bow,25,1,Bow,0,1,OrcishMage,6195,lost,,17,84,0.16,69,0,68,69,21,0,0,0,0,16,0.16,969,1754,0.5525,0.2831,5,0,0,0
572,2026-09-26,09:50:49,2026-09-26_04-57,255,1,0,5,Elspeth,Archer,258,115,7,Dagger+Bow,25,1,Dagger,,0,OrcishMage,6195,lost,,35,53,0.47,80,8,69,72,67,0,0,3,2,18,0.45,2810,728,3.8599,0.1175,5,,0,0
573,2026-09-26,09:51:13,2026-09-26_04-57,255,1,0,5,Fenna,Archer,212,106,7,Dagger+Bow,25,1,Bow,0,1,OrcishMage,6195,lost,,17,92,0.08,69,0,68,69,11,0,0,0,0,16,0.08,477,1754,0.2719,0.2831,4,0,0,0
574,2026-09-26,09:51:24,2026-09-26_04-57,255,1,0,5,Doran,Captain,393,183,0,Broadsword+Bow,25,1,Bow,141,1,OrcishMage,6195,won,,23,0,1.0,75,52,90,23,116,0,0,2,3,0,3.91,24241,2259,10.7309,0.3646,1,1,0,0
575,2026-09-26,09:51:57,2026-09-26_04-57,255,1,0,5,Doran,Captain,393,183,0,Broadsword+Bow,25,1,Bow,141,1,JukaMage,14585,lost,,33,65,0.35,148,66,90,82,132,0,0,2,2,26,0.38,5581,2259,2.4706,0.1549,1,1,0,0
576,2026-09-26,09:52:31,2026-09-26_04-57,255,1,0,5,Aric,Archer,225,111,7,Hatchet+Bow,25,1,Hatchet,,1,OrcishMage,6195,lost,,26,23,0.77,70,0,68,70,100,0,0,2,0,20,0.75,4618,762,6.0604,0.123,0,,0,0
577,2026-09-26,09:52:50,2026-09-26_04-57,255,1,0,5,Perri,Warrior,236,114,10,Axe,19,0,WarFork,,0,OrcishMage,6195,won,,28,0,1.0,58,0,77,58,92,0,0,0,1,0,1.33,8224,1432,5.743,0.2312,5,,0,0
578,2026-09-26,09:53:13,2026-09-26_04-57,255,1,0,5,Perri,Warrior,236,114,10,Axe,19,0,Axe,,0,JukaMage,14585,lost,,24,90,0.1,79,0,77,79,38,0,0,0,0,20,0.1,1433,1548,0.9257,0.1061,5,,1,0
579,2026-09-26,09:53:37,2026-09-26_04-57,255,1,0,5,Isolde,Mage,153,104,0,BotCasterStaff,18,0,BotCasterStaff,,0,OrcishMage,6195,lost,,22,26,0.74,67,3,63,64,87,14,0,1,1,58,0.66,4083,2753,1.4831,0.4444,0,,0,0
580,2026-09-26,09:53:50,2026-09-26_04-57,255,1,0,5,Yarrow,Warrior,219,118,5,Katana,15,0,Katana,,0,OrcishMage,6195,won,,25,0,1.0,33,0,78,33,132,0,0,2,2,8,2.36,14643,1264,11.5847,0.204,5,,0,0
581,2026-09-26,09:54:11,2026-09-26_04-57,255,1,0,5,Yarrow,Warrior,219,118,5,Katana,15,0,Katana,,0,JukaMage,14585,lost,,20,80,0.2,79,0,78,79,92,0,0,1,0,22,0.19,2832,1264,2.2405,0.0867,5,,0,0
582,2026-09-26,09:54:14,2026-09-26_04-57,255,1,0,5,Pell,Healer,117,103,0,BotCasterStaff+HeavyCrossbow,33,1,BotCasterStaff,,0,OrcishMage,6195,lost,,40,98,0.02,138,73,62,65,3,0,15,3,3,52,0.02,100,1792,0.0558,0.2893,5,,3,0
583,2026-09-26,09:55:40,2026-09-26_04-57,255,1,0,5,Harlan,Warrior,183,104,0,WarMace,20,0,WarMace,,0,OrcishMage,6195,lost,,54,61,0.39,89,9,76,80,107,0,0,3,2,16,0.37,2306,1520,1.5171,0.2454,5,,2,0
584,2026-09-26,09:57:05,2026-09-26_04-57,255,1,0,5,Aric,Archer,225,112,7,Dagger+Bow,25,1,Bow,114,0,OrcishMage,6195,lost,,18,71,0.29,68,0,68,68,43,0,0,1,0,20,0.29,1788,1816,0.9846,0.2931,0,4,2,0
585,2026-09-26,09:57:38,2026-09-26_04-57,255,1,0,5,Ysolt,WarriorArcher,191,105,0,Dagger+Bow,25,1,Bow,0,1,OrcishMage,6195,lost,,17,84,0.16,71,0,70,71,24,0,0,0,0,16,0.15,956,1764,0.542,0.2847,5,0,0,0
586,2026-09-26,09:57:45,2026-09-26_04-57,255,1,0,5,Aric,Archer,225,112,7,Hatchet+Bow,25,1,Hatchet,,1,OrcishMage,6195,lost,,29,21,0.79,70,0,68,70,97,0,0,2,0,20,0.77,4764,762,6.252,0.123,0,,0,0
587,2026-09-26,09:58:22,2026-09-26_04-57,255,1,0,5,Ysolt,WarriorArcher,191,105,7,Dagger+Bow,25,1,Bow,0,1,OrcishMage,6195,lost,,24,80,0.2,64,0,70,64,28,0,0,0,0,16,0.22,1386,1764,0.7857,0.2847,5,0,0,0
588,2026-09-26,09:58:22,2026-09-26_04-57,255,1,0,5,Aric,Archer,225,112,7,Dagger+Bow,25,1,Bow,114,0,OrcishMage,6195,lost,,38,44,0.56,71,0,68,71,112,0,0,2,0,20,0.54,3335,1816,1.8365,0.2931,0,8,4,0
589,2026-09-26,09:58:45,2026-09-26_04-57,255,1,0,5,Aric,Archer,225,112,7,Hatchet+Bow,25,1,Hatchet,,1,OrcishMage,6195,lost,,22,56,0.44,69,0,68,69,53,0,0,2,0,20,0.44,2713,762,3.5604,0.123,0,,0,0
590,2026-09-26,09:59:14,2026-09-26_04-57,255,1,0,5,Aric,Archer,225,112,7,Dagger+Bow,25,1,Bow,114,0,OrcishMage,6195,lost,,19,49,0.51,69,0,68,69,71,0,0,1,0,20,0.5,3119,1816,1.7175,0.2931,0,4,0,0
591,2026-09-26,09:59:40,2026-09-26_04-57,255,1,0,5,Selwyn,WarriorMage,316,128,22,QuarterStaff,18,0,Hatchet,,0,OrcishMage,6195,lost,,42,55,0.45,77,0,77,77,52,0,0,0,0,46,0.45,2802,2676,1.0471,0.432,5,,0,0
592,2026-09-26,10:01:29,2026-09-26_04-57,255,1,0,5,Ulwin,WarriorMage,219,106,0,WarFork,18,0,WarFork,,0,OrcishMage,6195,lost,,28,51,0.49,73,0,71,73,62,0,0,0,0,37,0.47,2939,3078,0.9548,0.4969,5,,0,0
593,2026-09-26,10:02:04,2026-09-26_04-57,255,1,0,5,Ulwin,WarriorMage,219,106,7,WarFork,18,0,WarFork,,0,OrcishMage,6195,lost,,35,50,0.5,74,0,71,74,116,0,0,0,0,37,0.48,2950,3078,0.9584,0.4969,5,,4,0
594,2026-09-26,10:02:31,2026-09-26_04-57,255,1,0,5,Vesna,WarriorMage,203,109,0,Broadsword,17,0,Broadsword,,0,OrcishMage,6195,lost,,30,94,0.06,74,0,72,74,31,0,0,0,0,37,0.06,380,3038,0.1251,0.4904,4,,0,0
595,2026-09-26,10:02:55,2026-09-26_04-57,255,1,0,5,Vesna,WarriorMage,203,109,7,Broadsword,17,0,Broadsword,,0,OrcishMage,6195,lost,,25,53,0.47,74,0,72,74,61,0,0,0,0,37,0.45,2807,3038,0.924,0.4904,5,,0,0
596,2026-09-26,10:04:09,2026-09-26_04-57,255,1,0,5,Ysolt,WarriorArcher,191,105,7,WarHammer+Bow,25,1,Dagger,,0,OrcishMage,6195,lost,,35,83,0.17,67,0,70,67,22,0,0,0,0,16,0.18,1088,644,1.6894,0.104,5,,1,0
597,2026-09-26,10:06:21,2026-09-26_04-57,255,1,0,5,Jorunn,WarriorMage,190,103,0,WarFork,18,0,WarFork,,0,OrcishMage,6195,lost,,50,52,0.48,99,31,70,68,56,4,2,3,3,46,0.49,3037,3028,1.003,0.4888,0,,0,0
598,2026-09-26,10:06:42,2026-09-26_04-57,255,1,0,5,Jarek,Mage,135,105,0,WarMace,20,0,BotCasterStaff,,0,OrcishMage,6195,lost,,23,82,0.18,64,0,63,64,17,0,0,0,0,51,0.18,1126,2737,0.4114,0.4418,5,,0,0
599,2026-09-26,10:06:49,2026-09-26_04-57,255,1,0,5,Torvin,Warrior,222,114,4,WarMace,20,0,Hatchet,,0,OrcishMage,6195,lost,,24,100,0.0,80,0,78,80,0,0,0,1,0,20,0.0,0,745,0.0,0.1203,5,,0,0
600,2026-09-26,10:06:53,2026-09-26_04-57,255,1,0,5,Lorcan,Mage,109,102,0,BotCasterStaff,18,0,BotCasterStaff,,0,OrcishMage,6195,lost,,35,87,0.13,65,0,62,65,37,0,0,0,0,51,0.12,744,2675,0.2781,0.4318,5,,0,0
601,2026-09-26,10:07:12,2026-09-26_04-57,255,1,0,5,Bertram,WarriorArcher,255,112,34,Dagger+Bow,25,1,Bow,72,0,OrcishMage,6195,lost,,26,95,0.05,74,0,72,74,0,0,0,0,0,17,0.05,330,1951,0.1691,0.3149,0,5,0,0
602,2026-09-26,10:07:30,2026-09-26_04-57,255,1,0,5,Kestrel,Archer,174,103,7,Dagger+Bow,25,1,Bow,106,0,OrcishMage,6195,lost,,12,49,0.51,67,0,67,67,62,0,0,1,0,16,0.51,3166,1675,1.8901,0.2704,0,3,0,0
603,2026-09-26,10:07:31,2026-09-26_04-57,255,1,0,5,Delwyn,Archer,212,111,7,Kryss+Bow,25,1,Bow,77,0,OrcishMage,6195,lost,,36,8,0.92,70,0,68,70,115,0,0,0,0,17,0.9,5559,1795,3.0969,0.2897,0,8,1,0
604,2026-09-26,10:07:51,2026-09-26_04-57,255,1,0,5,Harlan,Warrior,184,105,6,WarMace,20,0,WarMace,,0,OrcishMage,6195,lost,,22,91,0.09,84,7,76,77,6,1,0,1,1,19,0.09,541,1520,0.3559,0.2454,5,,0,0
605,2026-09-26,10:08:35,2026-09-26_04-57,255,1,0,5,Oswin,Healer,182,113,7,BotCasterStaff,18,0,BotCasterStaff,,0,OrcishMage,6195,lost,,26,87,0.13,102,36,64,66,13,2,4,2,3,55,0.13,787,2134,0.3688,0.3445,4,,0,0
606,2026-09-26,10:11:18,2026-09-26_04-57,255,1,0,5,Brannoc,Archer,251,125,1,WarMace+Bow,25,1,Bow,2,1,OrcishMage,6195,lost,,29,85,0.15,73,0,71,73,55,0,0,0,1,22,0.15,917,1874,0.4893,0.3025,0,2,1,0
607,2026-09-26,10:11:33,2026-09-26_04-57,255,1,0,5,Hollis,Archer,280,130,7,Dagger+Bow,25,1,Dagger,,0,OrcishMage,6195,lost,,53,53,0.47,80,4,72,76,76,0,0,3,2,23,0.45,2778,763,3.6409,0.1232,5,,6,0
608,2026-09-26,10:11:59,2026-09-26_04-57,255,1,0,5,Vance,Warrior,249,118,0,WarFork,18,0,WarFork,,0,OrcishMage,6195,won,,36,0,1.0,69,0,78,69,155,0,0,0,0,8,1.13,7003,1443,4.8531,0.2329,5,,0,0
609,2026-09-26,10:12:05,2026-09-26_04-57,255,1,0,5,Gerda,Sage,292,104,0,BotCasterStaff,18,0,BotCasterStaff,,0,OrcishMage,6195,lost,,28,77,0.23,65,0,63,65,29,0,0,0,0,57,0.22,1356,3591,0.3776,0.5797,5,,0,0
610,2026-09-26,10:12:06,2026-09-26_04-57,255,1,0,5,Jorunn,WarriorMage,193,104,7,WarFork,18,0,WarFork,,0,OrcishMage,6195,lost,,46,55,0.45,98,33,70,65,67,6,2,3,2,42,0.48,2981,3038,0.9812,0.4904,0,,3,0
611,2026-09-26,10:12:17,2026-09-26_04-57,255,1,0,5,Vance,Warrior,249,118,0,WarFork,18,0,WarFork,,0,JukaMage,14585,lost,,13,58,0.42,81,3,78,78,123,0,0,0,1,20,0.42,6102,1443,4.2287,0.0989,5,,0,0
612,2026-09-26,10:12:25,2026-09-26_04-57,255,1,0,5,Jarek,Mage,135,105,0,BotCasterStaff,18,0,BotCasterStaff,,0,OrcishMage,6195,lost,,15,79,0.21,64,0,63,64,30,0,0,0,0,51,0.21,1272,2737,0.4647,0.4418,5,,0,0
613,2026-09-26,10:12:50,2026-09-26_04-57,255,1,0,5,Ulla,Warrior,294,127,10,WarMace,20,0,WarMace,,0,OrcishMage,6195,lost,,39,93,0.07,84,0,82,84,4,11,0,0,1,22,0.07,426,1882,0.2264,0.3038,0,,2,0
614,2026-09-26,10:12:53,2026-09-26_04-57,255,1,0,5,Bertram,WarriorArcher,255,112,19,Dagger+Bow,25,1,Bow,61,0,OrcishMage,6195,won,,31,0,1.0,69,0,72,69,134,0,0,0,0,8,1.04,6464,1951,3.3132,0.3149,0,7,0,0
615,2026-09-26,10:12:59,2026-09-26_04-57,255,1,0,5,Elspeth,Archer,261,115,0,Dagger+Bow,25,1,Bow,0,1,OrcishMage,6195,lost,,21,91,0.09,70,0,69,70,11,0,0,0,0,18,0.08,526,1832,0.2871,0.2957,5,0,0,0
616,2026-09-26,10:13:18,2026-09-26_04-57,255,1,0,5,Bertram,WarriorArcher,256,113,19,Dagger+Bow,25,1,Bow,58,0,JukaMage,14585,lost,,24,55,0.45,73,0,72,73,129,0,0,0,0,17,0.44,6410,1951,3.2855,0.1338,0,5,0,0
617,2026-09-26,10:13:32,2026-09-26_04-57,255,1,0,5,Quill,Warrior,318,142,19,WarFork,18,0,WarFork,,0,OrcishMage,6195,won,,18,0,1.0,7,6,81,1.62,127,0,0,1,2,0,5.0,30975,1592,19.4567,0.257,10,,0,0
618,2026-09-26,10:13:44,2026-09-26_04-57,255,1,0,5,Perri,Warrior,251,114,10,Axe,19,0,Axe,,0,OrcishMage,6195,lost,,30,48,0.52,79,0,77,79,114,0,0,0,0,20,0.51,3135,1548,2.0252,0.2499,5,,0,0
619,2026-09-26,10:14:03,2026-09-26_04-57,255,1,0,5,Dain,Warrior,285,130,0,Kryss,15,0,Kryss,,0,OrcishMage,6195,won,,14,0,1.0,52,0,79,52,151,0,0,0,0,0,1.52,9412,1481,6.3552,0.2391,5,,0,0
620,2026-09-26,10:14:03,2026-09-26_04-57,255,1,0,5,Quill,Warrior,318,142,19,WarFork,18,0,Pitchfork,,0,JukaMage,14585,lost,,26,55,0.45,82,0,81,82,113,0,0,2,0,29,0.45,6536,944,6.9237,0.0647,5,,1,0
621,2026-09-26,10:14:16,2026-09-26_04-57,255,1,0,5,Vance,Warrior,250,118,1,WarHammer,22,0,WarFork,,0,OrcishMage,6195,won,,51,0,1.0,87,10,78,77,147,0,0,0,1,8,1.01,6275,1443,4.3486,0.2329,18,,1,0
622,2026-09-26,10:14:27,2026-09-26_04-57,255,1,0,5,Dain,Warrior,285,130,0,Kryss,15,0,Kryss,,0,JukaMage,14585,lost,,19,25,0.75,80,0,79,80,161,0,0,0,0,26,0.75,10870,1481,7.3396,0.1015,4,,0,0
623,2026-09-26,10:14:36,2026-09-26_04-57,255,1,0,5,Delwyn,Archer,216,111,0,Dagger+Bow,25,1,Bow,41,0,OrcishMage,6195,lost,,27,48,0.52,69,0,68,69,72,0,0,0,0,17,0.51,3189,1795,1.7766,0.2897,0,6,0,0
624,2026-09-26,10:14:49,2026-09-26_04-57,255,1,0,5,Lorcan,Mage,115,102,1,BotCasterStaff,18,0,BotCasterStaff,,0,OrcishMage,6195,lost,,17,82,0.18,63,0,62,63,26,0,0,0,0,51,0.18,1097,2675,0.4101,0.4318,5,,0,0
625,2026-09-26,10:15:03,2026-09-26_04-57,255,1,0,5,Ysolt,WarriorArcher,192,107,0,Dagger+Bow,25,1,Bow,124,0,OrcishMage,6195,lost,,42,61,0.39,74,0,71,74,133,0,0,0,0,16,0.38,2347,1789,1.3119,0.2888,0,8,0,0
626,2026-09-26,10:15:15,2026-09-26_04-57,255,1,0,5,Vance,Warrior,250,118,1,WarHammer,22,0,WarFork,,0,JukaMage,14585,lost,,34,65,0.35,70,0,78,70,79,0,0,2,0,20,0.39,5714,1443,3.9598,0.0989,5,,2,0
627,2026-09-26,10:15:20,2026-09-26_04-57,255,1,0,5,Bertram,WarriorArcher,256,113,24,Dagger+Bow,25,1,Bow,43,0,OrcishMage,6195,lost,,26,71,0.29,65,0,72,65,42,0,0,0,0,17,0.32,1995,1951,1.0226,0.3149,0,5,0,0
628,2026-09-26,10:15:36,2026-09-26_04-57,255,1,0,5,Brannoc,Archer,255,126,0,Dagger+Bow,25,1,Bow,0,1,OrcishMage,6195,lost,,28,72,0.28,73,0,71,73,36,0,0,0,0,22,0.27,1679,1874,0.8959,0.3025,5,0,0,0
629,2026-09-26,10:15:39,2026-09-26_04-57,255,1,0,5,Hollis,Archer,281,130,0,Dagger+Bow,25,1,Bow,0,1,OrcishMage,6195,lost,,19,89,0.11,73,0,72,73,23,0,0,0,0,22,0.11,674,1915,0.352,0.3091,5,0,0,0
630,2026-09-26,10:16:03,2026-09-26_04-57,255,1,0,5,Ulwin,WarriorMage,232,107,7,WarFork,18,0,WarFork,,0,OrcishMage,6195,lost,,23,28,0.72,72,0,71,72,88,0,0,0,0,37,0.71,4406,3078,1.4314,0.4969,5,,0,0
631,2026-09-26,10:16:16,2026-09-26_04-57,255,1,0,5,Ivo,WarriorMage,224,111,0,WarMace,20,0,WarMace,,0,OrcishMage,6195,lost,,32,59,0.41,74,0,72,74,46,0,0,0,0,38,0.4,2488,3276,0.7595,0.5288,5,,0,0
632,2026-09-26,10:17:11,2026-09-26_04-57,255,1,0,5,Wynn,Warrior,259,118,12,Broadsword,17,0,Broadsword,,0,OrcishMage,6195,lost,,31,9,0.91,87,6,79,81,124,0,0,2,3,21,0.89,5501,1422,3.8685,0.2295,4,,0,0
633,2026-09-26,10:18:59,2026-09-26_04-57,255,1,0,5,Rowan,Warrior,304,133,0,WarMace,20,0,WarMace,,0,OrcishMage,6195,lost,,28,26,0.74,84,0,82,84,102,0,0,0,0,26,0.72,4447,1927,2.3077,0.3111,5,,0,0
634,2026-09-26,10:19:30,2026-09-26_04-57,255,1,0,5,Talia,WarriorMage,357,138,16,Katana,15,0,Katana,,0,OrcishMage,6195,lost,,29,37,0.63,83,3,78,80,85,7,0,1,1,55,0.62,3827,3225,1.1867,0.5206,0,,3,0
635,2026-09-26,10:21:38,2026-09-26_04-57,255,1,0,5,Corwin,Archer,198,109,0,Dagger+Bow,25,1,Bow,0,1,OrcishMage,6195,lost,,19,88,0.12,61,0,68,61,15,0,0,0,0,17,0.13,826,1748,0.4725,0.2822,4,0,3,0
636,2026-09-26,10:22:09,2026-09-26_04-57,255,1,0,5,Wynn,Warrior,262,118,16,Broadsword,17,0,Broadsword,,0,OrcishMage,6195,lost,,56,91,0.09,98,22,79,76,20,1,0,3,2,23,0.09,564,1422,0.3966,0.2295,4,,0,0
637,2026-09-26,10:22:44,2026-09-26_04-57,255,1,0,5,Garrow,Archer,205,107,7,Dagger+Bow,25,1,Bow,150,0,OrcishMage,6195,lost,,32,56,0.44,70,0,68,70,49,0,0,2,0,15,0.43,2648,1734,1.5271,0.2799,0,6,4,0
638,2026-09-26,10:22:51,2026-09-26_04-57,255,1,0,5,Pell,Healer,122,103,1,BotCasterStaff,18,0,BotCasterStaff,,0,OrcishMage,6195,lost,,19,99,0.01,83,24,62,59,2,0,5,1,1,48,0.01,51,1795,0.0284,0.2897,4,,0,0
639,2026-09-26,10:23:19,2026-09-26_04-57,255,1,0,5,Vance,Warrior,254,119,1,WarFork,18,0,WarFork,,0,OrcishMage,6195,lost,,27,90,0.1,80,0,78,80,15,2,0,2,1,24,0.1,628,1443,0.4352,0.2329,4,,2,0
640,2026-09-26,10:23:44,2026-09-26_04-57,255,1,0,5,Perri,Warrior,260,114,15,Axe,19,0,Axe,,0,OrcishMage,6195,lost,,31,20,0.8,79,0,77,79,112,0,0,0,0,20,0.78,4813,1548,3.1092,0.2499,5,,0,0
641,2026-09-26,10:23:48,2026-09-26_04-57,255,1,0,5,Brannoc,Archer,255,126,10,Dagger+Bow,25,1,Bow,0,1,OrcishMage,6195,lost,,29,69,0.31,73,0,71,73,32,0,0,0,0,22,0.3,1865,1874,0.9952,0.3025,5,0,0,0
642,2026-09-26,10:23:53,2026-09-26_04-57,255,1,0,5,Yarrow,Warrior,227,119,11,Katana,15,0,Katana,,0,OrcishMage,6195,lost,,29,85,0.15,88,8,78,80,16,3,0,2,1,26,0.14,880,1264,0.6962,0.204,0,,0,0
643,2026-09-26,10:24:33,2026-09-26_04-57,255,1,0,5,Vesna,WarriorMage,210,110,0,Broadsword,17,0,Broadsword,,0,OrcishMage,6195,lost,,38,34,0.66,75,0,72,75,98,0,0,0,0,37,0.64,3951,3038,1.3005,0.4904,5,,0,0
644,2026-09-26,10:24:46,2026-09-26_04-57,255,1,0,5,Vance,Warrior,254,119,5,WarFork,18,0,WarFork,,0,OrcishMage,6195,lost,,27,97,0.03,85,5,78,80,6,1,0,1,2,21,0.03,174,1443,0.1206,0.2329,5,,0,0
645,2026-09-26,10:25:42,2026-09-26_04-57,255,1,0,5,Yarrow,Warrior,228,120,0,Katana,15,0,Katana,,0,OrcishMage,6195,won,,33,0,1.0,75,0,78,75,176,0,0,0,0,8,1.04,6443,1264,5.0973,0.204,5,,3,0
646,2026-09-26,10:25:53,2026-09-26_04-57,255,1,0,5,Oswin,Healer,193,114,7,BotCasterStaff,18,0,BotCasterStaff,,0,OrcishMage,6195,lost,,35,94,0.06,95,29,64,66,1,0,4,2,4,56,0.06,386,2179,0.1771,0.3517,5,,0,0
647,2026-09-26,10:26:04,2026-09-26_04-57,255,1,0,5,Yarrow,Warrior,228,120,0,Katana,15,0,Katana,,0,JukaMage,14585,lost,,21,65,0.35,79,0,78,79,72,0,0,0,0,23,0.34,5028,1264,3.9778,0.0867,5,,0,0
648,2026-09-26,10:26:54,2026-09-26_04-57,255,1,0,5,Bertram,WarriorArcher,260,114,24,Hatchet+Bow,25,1,Bow,0,1,OrcishMage,6195,lost,,25,63,0.37,74,0,72,74,54,0,0,1,0,17,0.36,2203,1951,1.1292,0.3149,5,0,0,0
649,2026-09-26,10:27:23,2026-09-26_04-57,255,1,0,5,Harlan,Warrior,185,105,0,WarMace,20,0,WarMace,,0,OrcishMage,6195,lost,,33,16,0.84,78,0,76,78,113,0,0,0,0,16,0.82,5058,1520,3.3276,0.2454,5,,0,0
650,2026-09-26,10:27:30,2026-09-26_04-57,255,1,0,5,Rowan,Warrior,306,135,5,WarMace,20,0,WarMace,,0,OrcishMage,6195,lost,,20,86,0.14,89,6,82,83,21,6,0,1,1,30,0.14,862,1927,0.4473,0.3111,0,,0,0
651,2026-09-26,10:30:12,2026-09-26_04-57,255,1,0,5,Neriah,Mage,211,113,1,BotCasterStaff,18,0,BotCasterStaff,,0,OrcishMage,6195,lost,,36,89,0.11,68,0,66,68,20,0,0,2,0,54,0.1,648,2897,0.2237,0.4676,5,,6,0
652,2026-09-26,10:31:14,2026-09-26_04-57,255,1,0,5,Hale,Brawler,174,124,13,Fists,0,0,nothing,,0,OrcishMage,6195,lost,,33,98,0.02,87,0,85,87,6,0,0,0,0,11,0.02,130,382,0.3403,0.0617,5,,0,0
653,2026-09-26,10:31:37,2026-09-26_04-57,255,1,0,5,Hale,Brawler,174,124,13,SkinningKnife,5,0,nothing,,0,OrcishMage,6195,lost,,23,93,0.07,87,0,85,87,10,0,0,0,0,11,0.07,417,382,1.0916,0.0617,4,,0,0
654,2026-09-26,10:32:24,2026-09-26_04-57,255,1,0,5,Bertram,WarriorArcher,260,114,24,Dagger+Bow,25,1,Dagger,,0,OrcishMage,6195,lost,,39,84,0.16,86,11,72,75,25,0,0,3,3,17,0.16,963,799,1.2053,0.129,5,,0,0
655,2026-09-26,10:32:46,2026-09-26_04-57,255,1,0,5,Vance,Warrior,257,121,9,WarFork,18,0,Kryss,,0,OrcishMage,6195,lost,,26,97,0.03,84,4,79,80,6,1,0,1,3,21,0.03,169,1264,0.1337,0.204,4,,0,0
656,2026-09-26,10:32:49,2026-09-26_04-57,255,1,0,5,Bertram,WarriorArcher,260,114,24,Hatchet+Bow,25,1,Bow,0,1,OrcishMage,6195,lost,,25,94,0.06,66,0,72,66,10,0,0,1,0,17,0.07,419,1951,0.2148,0.3149,4,0,0,0
657,2026-09-26,10:34:55,2026-09-26_04-57,255,1,0,5,Garrow,Archer,207,107,7,Kryss+Bow,25,1,Bow,135,0,OrcishMage,6195,lost,,33,36,0.64,70,0,68,70,89,0,0,2,0,15,0.62,3850,1734,2.2203,0.2799,0,7,0,0
658,2026-09-26,10:35:21,2026-09-26_04-57,255,1,0,5,Corwin,Archer,198,109,0,Pitchfork+Bow,25,1,Bow,1,1,OrcishMage,6195,lost,,28,61,0.39,70,0,68,70,47,0,0,0,0,17,0.38,2355,1748,1.3473,0.2822,5,1,0,0
659,2026-09-26,10:35:42,2026-09-26_04-57,255,1,0,5,Pell,Healer,129,104,1,BotCasterStaff,18,0,BotCasterStaff,,0,OrcishMage,6195,lost,,28,80,0.2,64,0,62,64,28,0,0,0,0,49,0.2,1209,1848,0.6542,0.2983,4,,0,0
660,2026-09-26,10:35:52,2026-09-26_04-57,255,1,0,5,Jorunn,WarriorMage,205,107,7,WarFork,18,0,WarFork,,0,OrcishMage,6195,lost,,29,57,0.43,79,14,71,65,65,4,1,2,3,41,0.47,2940,3103,0.9475,0.5009,0,,0,0
661,2026-09-26,10:36:35,2026-09-26_04-57,255,1,0,5,Bertram,WarriorArcher,260,114,24,Dagger+Bow,25,1,Dagger,,0,OrcishMage,6195,lost,,44,57,0.43,87,12,72,75,69,0,0,3,4,17,0.41,2555,799,3.1977,0.129,5,,6,0
662,2026-09-26,10:37:06,2026-09-26_04-57,255,1,0,5,Bertram,WarriorArcher,260,114,24,Hatchet+Bow,25,1,Bow,0,1,OrcishMage,6195,lost,,31,100,0.0,74,0,72,74,2,0,0,2,0,17,0.0,0,1951,0.0,0.3149,5,0,0,0
663,2026-09-26,10:37:25,2026-09-26_04-57,255,1,0,5,Pell,Healer,137,104,1,BotCasterStaff,18,0,BotCasterStaff,,0,OrcishMage,6195,lost,,23,96,0.04,63,0,62,63,14,0,0,0,0,49,0.04,254,1848,0.1374,0.2983,4,,2,0
664,2026-09-26,10:37:41,2026-09-26_04-57,255,1,0,5,Bertram,WarriorArcher,260,114,24,WarMace+Bow,25,1,Dagger,,0,OrcishMage,6195,lost,,35,71,0.29,86,12,72,74,37,0,0,3,2,17,0.28,1758,799,2.2003,0.129,4,,2,0
665,2026-09-26,10:39:27,2026-09-26_04-57,255,1,0,5,Harlan,Warrior,188,105,9,WarMace,20,0,WarMace,,0,OrcishMage,6195,lost,,35,42,0.58,79,0,76,79,112,0,0,0,0,16,0.56,3480,1520,2.2895,0.2454,4,,0,0
666,2026-09-26,10:41:33,2026-09-26_10-41,256,1,0,5,Jarek,Mage,141,106,10,BotCasterStaff,18,0,BotCasterStaff,,0,OrcishMage,6474,lost,,23,77,0.23,66,0,64,66,33,0,0,0,0,51,0.22,1445,2781,0.5196,0.4296,2,,0,0
667,2026-09-26,10:41:39,2026-09-26_10-41,256,1,0,5,Lorcan,Mage,122,103,2,BotCasterStaff,18,0,BotCasterStaff,,0,OrcishMage,6474,lost,,28,96,0.04,64,0,62,64,7,0,0,0,0,52,0.04,234,2675,0.0875,0.4132,1,,0,0
668,2026-09-26,10:41:39,2026-09-26_10-41,256,1,0,5,Yarrow,Warrior,231,121,21,WarFork,18,0,Katana,,0,OrcishMage,6474,won,,29,0,1.0,41,0,79,41,131,0,0,1,0,0,1.93,12474,1280,9.7453,0.1977,2,,0,0
669,2026-09-26,10:42:10,2026-09-26_10-41,256,1,0,5,Yarrow,Warrior,231,121,21,WarFork,18,0,Katana,,0,JukaMage,12372,lost,,30,52,0.48,91,10,79,81,131,0,0,2,3,23,0.47,5783,1280,4.518,0.1035,5,,0,0
670,2026-09-26,10:42:13,2026-09-26_10-41,256,1,0,5,Isolde,Mage,162,104,0,BotCasterStaff,18,0,BotCasterStaff,,0,OrcishMage,6474,lost,,25,85,0.15,65,0,63,65,15,0,0,0,0,52,0.14,935,2753,0.3396,0.4252,5,,0,0
671,2026-09-26,10:42:40,2026-09-26_10-41,256,1,0,5,Quill,Warrior,321,146,0,WarFork,18,0,WarFork,,0,OrcishMage,6474,won,,34,0,1.0,70,0,82,70,145,0,0,0,0,0,1.17,7584,1611,4.7076,0.2488,9,,0,0
672,2026-09-26,10:42:45,2026-09-26_10-41,256,1,0,5,Corwin,Archer,198,109,0,Dagger+Bow,25,1,Bow,0,1,OrcishMage,6474,lost,,17,95,0.05,69,0,68,69,8,0,0,0,0,17,0.05,347,1748,0.1985,0.27,5,0,0,16
673,2026-09-26,10:42:48,2026-09-26_10-41,256,1,0,5,Hollis,Archer,285,130,6,Dagger+Bow,25,1,Bow,49,0,OrcishMage,6474,lost,,33,70,0.3,74,0,72,74,45,0,0,0,0,22,0.29,1868,1915,0.9755,0.2958,0,6,1,31
674,2026-09-26,10:43:07,2026-09-26_10-41,256,1,0,5,Aric,Archer,227,113,0,Dagger+Bow,25,1,Bow,73,0,OrcishMage,6474,lost,,21,68,0.32,69,0,68,69,69,0,0,0,0,21,0.31,2017,1816,1.1107,0.2805,0,4,0,21
675,2026-09-26,10:43:08,2026-09-26_10-41,256,1,0,5,Quill,Warrior,321,147,0,WarFork,18,0,WarFork,,0,JukaMage,12372,lost,,18,65,0.35,83,0,82,83,85,0,0,0,0,30,0.35,4314,1611,2.6778,0.1302,5,,0,0
676,2026-09-26,10:43:39,2026-09-26_10-41,256,1,0,5,Quill,Warrior,321,147,7,WarFork,18,0,WarFork,,0,OrcishMage,6474,lost,,31,14,0.86,81,0,82,81,158,0,0,0,0,30,0.87,5637,1611,3.4991,0.2488,5,,4,0
677,2026-09-26,10:44:06,2026-09-26_10-41,256,1,0,5,Fenna,Archer,224,109,7,Katana+Bow,25,1,Bow,135,17,OrcishMage,6474,lost,,31,100,0.0,71,0,69,71,0,0,0,2,2,16,0.0,0,1780,0.0,0.2749,0,1,4,0
678,2026-09-26,10:44:07,2026-09-26_10-41,256,1,0,5,Harlan,Warrior,189,105,0,WarMace,20,0,WarMace,,0,OrcishMage,6474,lost,,28,69,0.31,77,0,76,77,61,0,0,0,0,16,0.31,2007,1520,1.3204,0.2348,5,,0,0
679,2026-09-26,10:44:11,2026-09-26_10-41,256,1,0,5,Talia,WarriorMage,362,138,0,Katana,15,0,Katana,,0,OrcishMage,6474,lost,,27,30,0.7,79,0,78,79,92,0,0,0,0,51,0.69,4494,3225,1.3935,0.4981,4,,0,0
680,2026-09-26,10:44:33,2026-09-26_10-41,256,1,0,5,Ulwin,WarriorMage,246,108,9,WarFork,18,0,WarFork,,0,OrcishMage,6474,lost,,21,53,0.47,77,5,71,72,66,0,0,1,1,38,0.47,3029,3078,0.9841,0.4754,5,,0,0
681,2026-09-26,10:44:33,2026-09-26_10-41,256,1,0,5,Dain,Warrior,289,133,6,Kryss,15,0,Kryss,,0,OrcishMage,6474,won,,12,0,1.0,38,0,80,38,98,0,0,0,0,0,2.11,13630,1500,9.0867,0.2317,5,,0,0
682,2026-09-26,10:44:49,2026-09-26_10-41,256,1,0,5,Hollis,Archer,285,131,0,Dagger+Bow,25,1,Bow,36,0,OrcishMage,6474,lost,,26,48,0.52,73,0,72,73,73,0,0,0,0,22,0.51,3317,1915,1.7321,0.2958,0,6,0,0
683,2026-09-26,10:44:52,2026-09-26_10-41,256,1,0,5,Dain,Warrior,290,133,6,Kryss,15,0,Kryss,,0,JukaMage,12372,lost,,14,50,0.5,81,0,80,81,141,0,0,0,0,26,0.49,6109,1500,4.0727,0.1212,5,,0,0
684,2026-09-26,10:44:58,2026-09-26_10-41,256,1,0,5,Quenna,Healer,144,102,2,BotCasterStaff,18,0,BotCasterStaff,,0,OrcishMage,6474,lost,,20,86,0.14,63,0,62,63,18,0,0,1,0,47,0.13,873,1897,0.4602,0.293,5,,0,0
685,2026-09-26,10:45:24,2026-09-26_10-41,256,1,0,5,Quill,Warrior,321,147,0,WarFork,18,0,WarFork,,0,OrcishMage,6474,won,,29,0,1.0,56,0,82,56,144,0,0,0,0,8,1.46,9480,1611,5.8845,0.2488,5,,0,0
686,2026-09-26,10:46:40,2026-09-26_10-41,256,1,0,5,Quill,Warrior,321,147,7,WarFork,18,0,WarFork,,0,OrcishMage,6474,won,,24,0,1.0,47,0,82,47,118,0,0,0,0,0,1.74,11295,1611,7.0112,0.2488,9,,3,0
687,2026-09-26,10:46:42,2026-09-26_10-41,256,1,0,5,Ronan,WarriorMage,249,111,11,Broadsword,17,0,Broadsword,,0,OrcishMage,6474,lost,,56,74,0.26,116,40,72,76,66,4,3,4,4,47,0.25,1592,3100,0.5135,0.4788,0,,1,0
688,2026-09-26,10:46:55,2026-09-26_10-41,256,1,0,5,Jarek,Mage,142,106,0,BotCasterStaff,18,0,BotCasterStaff,,0,OrcishMage,6474,lost,,16,93,0.07,65,0,64,65,10,0,0,0,0,51,0.07,422,2781,0.1517,0.4296,5,,0,0
689,2026-09-26,10:47:07,2026-09-26_10-41,256,1,0,5,Quill,Warrior,321,147,7,WarFork,18,0,WarFork,,0,JukaMage,12372,lost,,23,56,0.44,83,0,82,83,111,0,0,0,0,31,0.44,5399,1611,3.3513,0.1302,5,,0,0
690,2026-09-26,10:47:09,2026-09-26_10-41,256,1,0,5,Dain,Warrior,291,133,0,Kryss,15,0,Kryss,,0,OrcishMage,6474,won,,8,0,1.0,1,0,80,1.6,125,0,0,0,0,8,5.0,32370,1500,21.58,0.2317,5,,0,0
691,2026-09-26,10:47:29,2026-09-26_10-41,256,1,0,5,Dain,Warrior,291,133,0,Kryss,15,0,Kryss,,0,JukaMage,12372,lost,,20,26,0.74,81,0,80,81,165,0,0,0,0,26,0.73,8986,1500,5.9907,0.1212,5,,4,0
692,2026-09-26,10:48:04,2026-09-26_10-41,256,1,0,5,Bertram,WarriorArcher,261,115,24,Dagger+Bow,25,1,Bow,0,1,OrcishMage,6474,lost,,29,81,0.19,84,9,73,75,33,0,0,1,1,17,0.19,1198,1978,0.6057,0.3055,5,0,0,0
693,2026-09-26,10:48:50,2026-09-26_10-41,256,1,0,5,Vesna,WarriorMage,220,113,6,Broadsword,17,0,Broadsword,,0,OrcishMage,6474,lost,,42,1,0.99,76,0,73,76,132,0,0,0,0,38,0.95,6171,3081,2.0029,0.4759,9,,0,0
694,2026-09-26,10:48:50,2026-09-26_10-41,256,1,0,5,Hale,Brawler,183,128,13,WarMace,20,0,nothing,,0,OrcishMage,6474,lost,,45,87,0.13,94,6,85,88,14,0,0,1,3,13,0.13,831,382,2.1754,0.059,4,,0,0
695,2026-09-26,10:48:57,2026-09-26_10-41,256,1,0,5,Rowan,Warrior,311,135,0,WarMace,20,0,WarMace,,0,OrcishMage,6474,lost,,27,11,0.89,84,0,82,84,111,0,0,0,0,27,0.87,5644,1927,2.9289,0.2977,5,,0,0
696,2026-09-26,10:49:26,2026-09-26_10-41,256,1,0,5,Aric,Archer,229,114,0,WarMace+Bow,25,1,Bow,25,0,OrcishMage,6474,won,,31,0,1.0,63,0,69,63,121,0,0,2,0,8,1.1,7091,1842,3.8496,0.2845,0,7,0,0
697,2026-09-26,10:49:39,2026-09-26_10-41,256,1,0,5,Aric,Archer,230,114,0,WarMace+Bow,25,1,Bow,21,0,JukaMage,12372,lost,,13,88,0.12,69,0,69,69,36,0,0,1,0,20,0.12,1448,1842,0.7861,0.1489,0,3,0,0
698,2026-09-26,10:50:46,2026-09-26_10-41,256,1,0,5,Maeve,Mage,179,109,1,BotCasterStaff,18,0,BotCasterStaff,,0,OrcishMage,6474,lost,,31,72,0.28,79,13,64,66,50,8,0,2,2,62,0.25,1605,2832,0.5667,0.4374,0,,0,0
699,2026-09-26,10:51:23,2026-09-26_10-41,256,1,0,5,Hale,Brawler,194,128,12,WarMace,20,0,WarMace,,0,OrcishMage,6474,lost,,17,74,0.26,90,4,85,86,39,0,0,1,1,13,0.26,1654,1700,0.9729,0.2626,5,,0,0
700,2026-09-26,10:51:29,2026-09-26_10-41,256,1,0,5,Yarrow,Warrior,238,123,21,Katana,15,0,Katana,,0,OrcishMage,6474,won,,23,0,1.0,17,0,79,17,111,0,0,1,2,8,4.65,30085,1280,23.5039,0.1977,5,,0,0
701,2026-09-26,10:51:29,2026-09-26_10-41,256,1,0,5,Wynn,Warrior,274,123,18,Broadsword,17,0,Broadsword,,0,OrcishMage,6474,won,,24,0,1.0,84,18,80,66,119,0,0,2,3,0,1.21,7847,1452,5.4043,0.2243,4,,0,0
702,2026-09-26,10:51:43,2026-09-26_10-41,256,1,0,5,Fenna,Archer,228,110,7,Dagger+Bow,25,1,Bow,99,9,OrcishMage,6474,lost,,15,100,0.0,73,4,69,69,0,0,0,1,1,17,0.0,0,1780,0.0,0.2749,0,1,0,0
703,2026-09-26,10:51:49,2026-09-26_10-41,256,1,0,5,Yarrow,Warrior,238,123,21,Katana,15,0,Katana,,0,JukaMage,12372,lost,,15,78,0.22,83,3,79,80,52,0,0,1,1,24,0.22,2720,1280,2.125,0.1035,4,,0,0
704,2026-09-26,10:52:06,2026-09-26_10-41,256,1,0,5,Wynn,Warrior,274,123,18,Broadsword,17,0,Broadsword,,0,JukaMage,12372,lost,,32,28,0.72,94,12,80,82,196,0,0,2,4,22,0.71,8731,1452,6.0131,0.1174,4,,1,0
705,2026-09-26,10:52:23,2026-09-26_10-41,256,1,0,5,Maeve,Mage,179,109,1,TwoHandedAxe,22,0,BotCasterStaff,,0,OrcishMage,6474,lost,,36,91,0.09,71,4,64,67,8,1,0,2,3,58,0.08,519,2832,0.1833,0.4374,5,,3,0
706,2026-09-26,10:52:29,2026-09-26_10-41,256,1,0,5,Perri,Warrior,270,116,19,Axe,19,0,Axe,,0,OrcishMage,6474,lost,,31,86,0.14,73,0,77,73,21,0,0,0,0,21,0.15,969,1548,0.626,0.2391,5,,0,0
707,2026-09-26,10:52:31,2026-09-26_10-41,256,1,0,5,Garrow,Archer,210,107,7,Dagger+Bow,25,1,Bow,109,0,OrcishMage,6474,lost,,20,41,0.59,69,0,68,69,75,0,0,1,0,15,0.58,3777,1734,2.1782,0.2678,0,4,0,0
708,2026-09-26,10:52:39,2026-09-26_10-41,256,1,0,5,Dain,Warrior,291,134,7,Kryss,15,0,Kryss,,0,OrcishMage,6474,won,,11,0,1.0,54,6,80,48,120,0,0,1,1,0,1.67,10790,1500,7.1933,0.2317,4,,0,0
709,2026-09-26,10:52:55,2026-09-26_10-41,256,1,0,5,Bertram,WarriorArcher,262,115,29,Dagger+Bow,25,1,Bow,8,0,OrcishMage,6474,won,,21,0,1.0,7,0,73,7,101,0,0,0,0,0,5.0,32370,1978,16.365,0.3055,0,5,0,0
710,2026-09-26,10:53:05,2026-09-26_10-41,256,1,0,5,Brannoc,Archer,256,127,10,Hatchet+Bow,25,1,Bow,0,1,OrcishMage,6474,lost,,21,99,0.01,72,0,71,72,3,0,0,0,0,23,0.01,92,1874,0.0491,0.2895,5,0,0,0
711,2026-09-26,10:53:10,2026-09-26_10-41,256,1,0,5,Bertram,WarriorArcher,262,115,29,Dagger+Bow,25,1,Bow,4,0,JukaMage,12372,lost,,10,100,0.0,73,0,73,73,0,0,0,1,0,17,0.0,0,1978,0.0,0.1599,0,2,0,0
712,2026-09-26,10:53:13,2026-09-26_10-41,256,1,0,5,Vesna,WarriorMage,221,113,6,WarHammer,22,0,Broadsword,,0,OrcishMage,6474,lost,,37,93,0.07,87,11,73,76,66,5,0,2,2,43,0.06,415,3081,0.1347,0.4759,0,,0,0
713,2026-09-26,10:53:36,2026-09-26_10-41,256,1,0,5,Dain,Warrior,292,134,7,Kryss,15,0,Kryss,,0,JukaMage,12372,lost,,21,5,0.95,81,0,80,81,201,0,0,1,0,26,0.94,11611,1500,7.7407,0.1212,5,,0,0
714,2026-09-26,10:53:36,2026-09-26_10-41,256,1,0,5,Ysolt,WarriorArcher,201,109,0,Hatchet+Bow,25,1,Bow,0,1,OrcishMage,6474,lost,,26,80,0.2,67,0,71,67,21,0,0,0,0,17,0.21,1382,1789,0.7725,0.2763,5,0,0,0
715,2026-09-26,10:53:45,2026-09-26_10-41,256,1,0,5,Brannoc,Archer,256,127,10,Dagger+Bow,25,1,Dagger,,0,OrcishMage,6474,lost,,26,66,0.34,73,0,71,73,46,0,0,0,1,23,0.33,2168,738,2.9377,0.114,5,,0,0
716,2026-09-26,10:54:10,2026-09-26_10-41,256,1,0,5,Ivo,WarriorMage,233,116,0,WarMace,20,0,WarMace,,0,OrcishMage,6474,lost,,29,54,0.46,76,0,74,76,65,0,0,0,0,40,0.44,2880,3374,0.8536,0.5212,4,,2,0
717,2026-09-26,10:54:28,2026-09-26_10-41,256,1,0,5,Jorunn,WarriorMage,217,108,11,WarFork,18,0,WarFork,,0,OrcishMage,6474,lost,,47,62,0.38,93,19,71,74,50,5,2,3,3,43,0.36,2340,3103,0.7541,0.4793,0,,0,0
718,2026-09-26,10:54:42,2026-09-26_10-41,256,1,0,5,Talia,WarriorMage,364,139,10,Katana,15,0,Katana,,0,OrcishMage,6474,won,,52,0,1.0,62,0,78,62,129,0,0,0,0,8,1.26,8145,3225,2.5256,0.4981,17,,0,0
719,2026-09-26,10:54:43,2026-09-26_10-41,256,1,0,5,Brannoc,Archer,256,127,10,Hatchet+Bow,25,1,Bow,0,1,OrcishMage,6474,lost,,28,84,0.16,73,0,71,73,38,0,0,2,0,23,0.16,1021,1874,0.5448,0.2895,5,0,0,0
720,2026-09-26,10:55:00,2026-09-26_10-41,256,1,0,5,Ivo,WarriorMage,234,116,6,WarMace,20,0,WarMace,,0,OrcishMage,6474,lost,,27,35,0.65,76,0,74,76,77,0,0,0,1,41,0.63,4076,3374,1.2081,0.5212,5,,0,0
721,2026-09-26,10:55:19,2026-09-26_10-41,256,1,0,5,Talia,WarriorMage,364,139,10,Katana,15,0,Katana,,0,JukaMage,12372,lost,,32,83,0.17,80,0,78,80,73,0,0,0,0,52,0.17,2047,3225,0.6347,0.2607,5,,6,0
722,2026-09-26,10:55:20,2026-09-26_10-41,256,1,0,5,Harlan,Warrior,192,105,12,WarMace,20,0,WarMace,,0,OrcishMage,6474,lost,,32,72,0.28,78,0,76,78,109,0,0,0,0,16,0.27,1759,1520,1.1572,0.2348,5,,0,0
723,2026-09-26,10:55:30,2026-09-26_10-41,256,1,0,5,Aric,Archer,231,114,0,Dagger+Bow,25,1,Bow,0,1,OrcishMage,6474,lost,,25,88,0.12,71,0,69,71,22,0,0,0,0,20,0.11,731,1842,0.3969,0.2845,5,0,0,0
724,2026-09-26,10:55:54,2026-09-26_10-41,256,1,0,5,Perri,Warrior,271,116,0,WarFork,18,0,WarFork,,0,OrcishMage,6474,lost,,21,38,0.62,78,0,77,78,100,0,0,0,0,21,0.61,3956,1432,2.7626,0.2212,4,,0,0
725,2026-09-26,10:56:06,2026-09-26_10-41,256,1,0,5,Emrys,Archer,192,104,0,Dagger+Bow,25,1,Bow,20,0,OrcishMage,6474,lost,,20,15,0.85,69,0,68,69,103,0,0,0,0,16,0.83,5399,1737,3.1082,0.2683,0,4,0,0
726,2026-09-26,10:56:11,2026-09-26_10-41,256,1,0,5,Dain,Warrior,294,134,14,Kryss,15,0,Kryss,,0,OrcishMage,6474,won,,11,0,1.0,6,0,80,6,92,0,0,0,0,0,5.0,32370,1500,21.58,0.2317,5,,0,0
727,2026-09-26,10:56:25,2026-09-26_10-41,256,1,0,5,Elspeth,Archer,270,118,7,Dagger+Bow,25,1,Bow,93,0,OrcishMage,6474,lost,,41,28,0.72,72,0,69,72,92,0,0,0,0,19,0.69,4491,1832,2.4514,0.283,0,8,12,0
728,2026-09-26,10:56:32,2026-09-26_10-41,256,1,0,5,Dain,Warrior,294,134,14,Kryss,15,0,Kryss,,0,JukaMage,12372,lost,,21,70,0.3,92,11,80,81,135,0,0,1,2,26,0.3,3683,1500,2.4553,0.1212,5,,2,0
729,2026-09-26,10:56:34,2026-09-26_10-41,256,1,0,5,Brannoc,Archer,258,127,0,Dagger+Bow,25,1,Bow,0,1,OrcishMage,6474,lost,,18,87,0.13,72,0,71,72,19,0,0,0,0,23,0.13,833,1874,0.4445,0.2895,4,0,0,0
730,2026-09-26,10:56:48,2026-09-26_10-41,256,1,0,5,Oswin,Healer,197,115,0,BotCasterStaff,18,0,BotCasterStaff,,0,OrcishMage,6474,lost,,18,92,0.08,65,0,64,65,9,0,0,0,0,53,0.08,490,2208,0.2219,0.3411,5,,0,0
731,2026-09-26,10:57:25,2026-09-26_10-41,256,1,0,5,Emrys,Archer,193,104,7,Dagger+Bow,25,1,Bow,8,0,OrcishMage,6474,lost,,36,45,0.55,70,0,68,70,80,0,0,0,0,16,0.54,3482,1737,2.0046,0.2683,0,7,3,0
732,2026-09-26,10:57:49,2026-09-26_10-41,256,1,0,5,Ivo,WarriorMage,235,116,0,WarMace,20,0,WarMace,,0,OrcishMage,6474,lost,,29,71,0.29,76,0,74,76,51,0,0,0,0,40,0.28,1808,3374,0.5359,0.5212,4,,0,0
733,2026-09-26,10:57:50,2026-09-26_10-41,256,1,0,5,Ulla,Warrior,307,132,13,WarMace,20,0,WarMace,,0,OrcishMage,6474,lost,,50,59,0.41,103,15,84,88,58,9,0,3,3,27,0.39,2550,1928,1.3226,0.2978,0,,0,0
734,2026-09-26,10:57:54,2026-09-26_10-41,256,1,0,5,Aric,Archer,231,114,6,Dagger+Bow,25,1,Dagger,,0,OrcishMage,6474,lost,,23,77,0.23,71,0,69,71,22,0,0,0,0,20,0.23,1460,738,1.9783,0.114,5,,0,0
735,2026-09-26,10:58:14,2026-09-26_10-41,256,1,0,5,Talia,WarriorMage,364,139,0,Katana,15,0,Katana,,0,OrcishMage,6474,lost,,21,79,0.21,79,0,78,79,27,0,0,0,0,52,0.21,1351,3225,0.4189,0.4981,5,,0,0
736,2026-09-26,10:58:38,2026-09-26_10-41,256,1,0,5,Elspeth,Archer,271,118,0,Dagger+Bow,25,1,Bow,79,0,OrcishMage,6474,lost,,26,51,0.49,70,0,69,70,64,0,0,0,0,19,0.49,3140,1832,1.714,0.283,0,6,0,0
737,2026-09-26,10:58:45,2026-09-26_10-41,256,1,0,5,Quill,Warrior,324,149,13,WarFork,18,0,WarFork,,0,OrcishMage,6474,won,,21,0,1.0,40,0,82,40,130,0,0,0,0,0,2.05,13272,1611,8.2384,0.2488,5,,0,0
738,2026-09-26,10:58:54,2026-09-26_10-41,256,1,0,5,Ulla,Warrior,308,132,0,WarMace,20,0,WarMace,,0,OrcishMage,6474,won,,26,0,1.0,79,0,84,79,92,0,0,0,0,0,1.06,6884,1928,3.5705,0.2978,5,,0,0
739,2026-09-26,10:59:05,2026-09-26_10-41,256,1,0,5,Quill,Warrior,324,149,13,WarFork,18,0,WarFork,,0,JukaMage,12372,lost,,20,84,0.16,89,6,82,83,77,0,0,0,1,31,0.16,1996,1611,1.239,0.1302,5,,0,0
740,2026-09-26,10:59:18,2026-09-26_10-41,256,1,0,5,Ulla,Warrior,308,132,0,WarMace,20,0,WarMace,,0,JukaMage,12372,lost,,24,81,0.19,85,0,84,85,55,0,0,0,0,22,0.19,2308,1928,1.1971,0.1558,5,,0,0
741,2026-09-26,10:59:26,2026-09-26_10-41,256,1,0,5,Dain,Warrior,295,135,0,Kryss,15,0,Kryss,,0,OrcishMage,6474,won,,22,0,1.0,52,0,80,52,163,0,0,0,0,0,1.54,9960,1500,6.64,0.2317,4,,0,0
742,2026-09-26,10:59:39,2026-09-26_10-41,256,1,0,5,Harlan,Warrior,193,106,0,WarMace,20,0,WarMace,,0,OrcishMage,6474,lost,,27,34,0.66,79,0,77,79,86,0,0,0,0,16,0.65,4177,1540,2.7123,0.2379,4,,2,0
743,2026-09-26,10:59:41,2026-09-26_10-41,256,1,0,5,Dain,Warrior,295,135,0,Kryss,15,0,Kryss,,0,JukaMage,12372,lost,,10,77,0.23,80,0,80,80,57,0,0,0,0,26,0.23,2902,1500,1.9347,0.1212,4,,0,0
744,2026-09-26,10:59:56,2026-09-26_10-41,256,1,0,5,Ysolt,WarriorArcher,201,109,0,Dagger+Bow,25,1,Dagger,,0,OrcishMage,6474,lost,,32,54,0.46,65,0,71,65,52,0,0,0,0,17,0.5,3260,653,4.9923,0.1009,5,,0,0
745,2026-09-26,11:00:12,2026-09-26_10-41,256,1,0,5,Vesna,WarriorMage,228,114,0,Broadsword,17,0,Broadsword,,0,OrcishMage,6474,lost,,29,60,0.4,75,0,73,75,57,0,0,0,0,38,0.39,2548,3081,0.827,0.4759,5,,0,0
746,2026-09-26,11:00:30,2026-09-26_10-41,256,1,0,5,Brannoc,Archer,258,127,0,WarMace+Bow,25,1,Dagger,,0,OrcishMage,6474,lost,,26,87,0.13,73,0,71,73,26,0,0,0,0,23,0.13,833,738,1.1287,0.114,4,,0,0
747,2026-09-26,11:00:37,2026-09-26_10-41,256,1,0,5,Corwin,Archer,204,110,0,Club+Bow,25,1,Bow,68,0,OrcishMage,6474,lost,,33,85,0.15,70,0,68,70,26,0,0,0,0,17,0.15,964,1748,0.5515,0.27,0,7,3,0
748,2026-09-26,11:00:56,2026-09-26_10-41,256,1,0,5,Ysolt,WarriorArcher,201,109,0,Hatchet+Bow,25,1,Bow,0,1,OrcishMage,6474,lost,,19,76,0.24,72,0,71,72,30,0,0,0,0,17,0.23,1518,1789,0.8485,0.2763,5,0,0,0
749,2026-09-26,11:01:16,2026-09-26_10-41,256,1,0,5,Ysolt,WarriorArcher,201,109,0,Dagger+Bow,25,1,Dagger,,0,OrcishMage,6474,lost,,20,96,0.04,72,0,71,72,7,0,0,0,0,17,0.04,262,653,0.4012,0.1009,4,,0,0
750,2026-09-26,11:02:14,2026-09-26_10-41,256,1,0,5,Ysolt,WarriorArcher,201,109,0,Hatchet+Bow,25,1,Bow,0,1,OrcishMage,6474,lost,,17,100,0.0,72,0,71,72,0,0,0,0,0,17,0.0,0,1789,0.0,0.2763,5,0,0,0
751,2026-09-26,11:03:11,2026-09-26_10-41,256,1,0,5,Dain,Warrior,296,136,9,Kryss,15,0,Kryss,,0,OrcishMage,6474,won,,9,0,1.0,5,0,80,5,129,0,0,0,0,0,5.0,32370,1500,21.58,0.2317,4,,0,0
752,2026-09-26,11:03:19,2026-09-26_10-41,256,1,0,5,Ysolt,WarriorArcher,201,109,0,Dagger+Bow,25,1,Bow,0,1,OrcishMage,6474,lost,,35,74,0.26,74,0,71,74,34,0,0,0,0,17,0.25,1635,1789,0.9139,0.2763,5,0,2,0
753,2026-09-26,11:03:39,2026-09-26_10-41,256,1,0,5,Dain,Warrior,296,136,9,Kryss,15,0,Kryss,,0,JukaMage,12372,won,,23,0,1.0,55,0,80,55,252,0,0,1,0,0,1.45,17995,1500,11.9967,0.1212,5,,0,0
754,2026-09-26,11:03:48,2026-09-26_10-41,256,1,0,5,Ulwin,WarriorMage,261,111,9,WarFork,18,0,WarFork,,0,OrcishMage,6474,lost,,50,88,0.12,122,46,72,76,41,5,6,3,2,46,0.11,708,3143,0.2253,0.4855,0,,0,0
755,2026-09-26,11:03:59,2026-09-26_10-41,256,1,0,5,Brannoc,Archer,261,128,0,Dagger+Bow,25,1,Bow,18,0,OrcishMage,6474,lost,,35,34,0.66,73,0,72,73,132,0,0,0,0,23,0.65,4216,1901,2.2178,0.2936,0,8,0,0
756,2026-09-26,11:04:06,2026-09-26_10-41,256,1,0,5,Dain,Warrior,296,136,9,Kryss,15,0,Kryss,,0,OgreLord,20362,lost,,22,93,0.07,81,0,80,81,62,0,0,2,0,27,0.07,1425,1500,0.95,0.0737,5,,0,0
757,2026-09-26,11:04:22,2026-09-26_10-41,256,1,0,5,Talia,WarriorMage,365,139,5,Katana,15,0,Katana,,0,OrcishMage,6474,lost,,29,61,0.39,78,0,78,78,66,0,0,0,0,52,0.39,2508,3225,0.7777,0.4981,5,,0,0
758,2026-09-26,11:05:35,2026-09-26_10-41,256,1,0,5,Ysolt,WarriorArcher,201,109,7,Dagger+Bow,25,1,Dagger,,0,OrcishMage,6474,lost,,20,82,0.18,72,0,71,72,18,1,0,0,0,19,0.17,1132,653,1.7335,0.1009,4,,0,0
759,2026-09-26,11:06:00,2026-09-26_10-41,256,1,0,5,Lorcan,Mage,122,103,10,BotCasterStaff,18,0,BotCasterStaff,,0,OrcishMage,6474,lost,,25,86,0.14,63,0,62,63,20,0,0,0,0,52,0.13,862,2675,0.3222,0.4132,5,,0,0
760,2026-09-26,11:07:04,2026-09-26_10-41,256,1,0,5,Neriah,Mage,224,114,1,BotCasterStaff,18,0,BotCasterStaff,,0,OrcishMage,6474,lost,,19,51,0.49,85,18,66,67,98,8,0,2,2,59,0.46,2967,2914,1.0182,0.4501,0,,0,0
761,2026-09-26,11:07:17,2026-09-26_10-41,256,1,0,5,Kestrel,Archer,185,107,7,Dagger+Bow,25,1,Bow,52,0,OrcishMage,6474,lost,,23,49,0.51,69,0,68,69,70,0,0,1,0,16,0.5,3261,1700,1.9182,0.2626,0,5,0,0
762,2026-09-26,11:07:39,2026-09-26_10-41,256,1,0,5,Delwyn,Archer,224,113,0,Club+Bow,25,1,Bow,48,0,OrcishMage,6474,lost,,35,58,0.42,70,0,68,70,60,0,0,0,0,18,0.41,2653,1795,1.478,0.2773,0,7,0,0
763,2026-09-26,11:08:13,2026-09-26_10-41,256,1,0,5,Ulla,Warrior,311,133,7,WarMace,20,0,WarMace,,0,OrcishMage,6474,won,,18,0,1.0,30,0,84,30,127,0,0,0,0,0,2.8,18127,1928,9.402,0.2978,4,,3,0
764,2026-09-26,11:08:21,2026-09-26_10-41,256,1,0,5,Corwin,Archer,205,112,0,Dagger+Bow,25,1,Bow,148,0,OrcishMage,6474,lost,,27,63,0.37,70,0,68,70,55,0,0,0,0,18,0.36,2315,1748,1.3244,0.27,0,6,3,0
765,2026-09-26,11:08:32,2026-09-26_10-41,256,1,0,5,Harlan,Warrior,197,106,7,WarMace,20,0,WarMace,,0,OrcishMage,6474,lost,,37,31,0.69,80,0,77,80,93,0,0,0,0,16,0.66,4270,1540,2.7727,0.2379,4,,0,0
766,2026-09-26,11:09:05,2026-09-26_10-41,256,1,0,5,Ulla,Warrior,311,133,6,WarMace,20,0,WarMace,,0,JukaMage,12372,lost,,39,68,0.32,87,0,84,87,129,0,0,0,0,23,0.31,3857,1928,2.0005,0.1558,5,,3,0
767,2026-09-26,11:09:12,2026-09-26_10-41,256,1,0,5,Ysolt,WarriorArcher,201,109,7,Kryss+Bow,25,1,Kryss,,0,OrcishMage,6474,lost,,35,92,0.08,74,0,71,74,17,1,0,0,0,17,0.08,522,1115,0.4682,0.1722,4,,0,0
768,2026-09-26,11:09:29,2026-09-26_10-41,256,1,0,5,Brannoc,Archer,262,128,0,Katana+Bow,25,1,Bow,15,0,OrcishMage,6474,lost,,19,60,0.4,73,0,72,73,58,0,0,0,0,23,0.39,2528,1901,1.3298,0.2936,0,4,0,0
769,2026-09-26,11:09:30,2026-09-26_10-41,256,1,0,5,Wynn,Warrior,283,126,19,Scimitar,17,0,Scimitar,,0,OrcishMage,6474,lost,,72,82,0.18,114,27,81,87,47,6,0,5,4,33,0.16,1068,1470,0.7265,0.2271,0,,0,0
770,2026-09-26,11:09:59,2026-09-26_10-41,256,1,0,5,Yarrow,Warrior,253,126,20,Katana,15,0,Katana,,0,OrcishMage,6474,won,,29,0,1.0,25,0,80,25,138,0,0,1,1,0,3.2,20717,1296,15.9853,0.2002,10,,0,0
771,2026-09-26,11:10:17,2026-09-26_10-41,256,1,0,5,Yarrow,Warrior,253,126,20,Katana,15,0,Katana,,0,JukaMage,12372,lost,,17,94,0.06,81,0,80,81,60,0,0,1,2,25,0.06,704,1296,0.5432,0.1048,5,,0,0
772,2026-09-26,11:10:28,2026-09-26_10-41,256,1,0,5,Leofric,Archer,150,100,0,Dagger+Bow,25,1,Bow,150,0,OrcishMage,6474,lost,,22,100,0.0,69,1,67,68,0,0,0,2,0,15,0.0,0,1675,0.0,0.2587,0,5,0,0
773,2026-09-26,11:10:31,2026-09-26_10-41,256,1,0,5,Marek,Archer,150,100,0,Dagger+Bow,25,1,Bow,150,0,OrcishMage,6474,lost,,25,83,0.17,68,0,67,68,67,0,0,2,0,15,0.17,1111,1675,0.6633,0.2587,0,5,0,0
774,2026-09-26,11:11:03,2026-09-26_10-41,256,1,0,5,Leofric,Archer,150,100,7,Dagger+Bow,25,1,Bow,146,0,OrcishMage,6474,lost,,24,94,0.06,69,0,67,69,0,0,0,2,0,15,0.05,349,1675,0.2084,0.2587,0,5,0,0
775,2026-09-26,11:14:08,2026-09-26_10-41,256,1,0,5,Delwyn,Archer,224,113,0,Dagger+Bow,25,1,Bow,43,0,OrcishMage,6474,lost,,23,42,0.58,69,0,68,69,80,0,0,0,0,18,0.57,3683,1795,2.0518,0.2773,0,5,0,0
776,2026-09-26,11:14:20,2026-09-26_10-41,256,1,0,5,Brannoc,Archer,265,128,0,Dagger+Bow,25,1,Bow,0,1,OrcishMage,6474,lost,,17,63,0.37,73,0,72,73,42,0,0,0,0,23,0.36,2353,1901,1.2378,0.2936,5,0,0,0
777,2026-09-26,11:14:39,2026-09-26_10-41,256,1,0,5,Elspeth,Archer,276,118,7,Dagger+Bow,25,1,Bow,18,0,OrcishMage,6474,lost,,35,66,0.34,63,0,69,63,100,0,0,2,0,19,0.37,2396,1832,1.3079,0.283,0,8,0,0
778,2026-09-26,11:14:54,2026-09-26_10-41,256,1,0,5,Dain,Warrior,297,136,0,Kryss,15,0,Kryss,,0,OrcishMage,6474,won,,11,0,1.0,6,0,80,6,108,0,0,0,0,0,5.0,32370,1500,21.58,0.2317,5,,0,0
779,2026-09-26,11:15:00,2026-09-26_10-41,256,1,0,5,Quill,Warrior,325,151,0,WarFork,18,0,WarFork,,0,OrcishMage,6474,lost,,22,74,0.26,84,0,83,84,38,0,0,0,0,32,0.26,1655,1631,1.0147,0.2519,5,,0,0
780,2026-09-26,11:15:18,2026-09-26_10-41,256,1,0,5,Dain,Warrior,297,136,0,Kryss,15,0,Kryss,,0,JukaMage,12372,lost,,14,68,0.32,81,0,80,81,96,0,0,0,0,27,0.32,3910,1500,2.6067,0.1212,4,,4,0
781,2026-09-26,11:15:28,2026-09-26_10-41,256,1,0,5,Maeve,Mage,184,109,9,TwoHandedAxe,22,0,BotCasterStaff,,0,OrcishMage,6474,lost,,29,76,0.24,61,0,64,61,32,0,0,1,0,54,0.24,1541,2832,0.5441,0.4374,4,,3,0
782,2026-09-26,11:15:34,2026-09-26_10-41,256,1,0,5,Ulla,Warrior,312,134,0,WarMace,20,0,WarMace,,0,OrcishMage,6474,won,,44,0,1.0,56,0,84,56,134,0,0,0,0,8,1.5,9711,1928,5.0368,0.2978,13,,0,0
783,2026-09-26,11:15:47,2026-09-26_10-41,256,1,0,5,Ulla,Warrior,312,134,0,WarMace,20,0,WarMace,,0,JukaMage,12372,lost,,13,46,0.54,85,0,84,85,111,0,0,0,0,23,0.54,6625,1928,3.4362,0.1558,5,,0,0
784,2026-09-26,11:16:13,2026-09-26_10-41,256,1,0,5,Aric,Archer,233,115,10,Dagger+Bow,25,1,Dagger,,0,OrcishMage,6474,lost,,19,78,0.22,70,0,69,70,31,0,0,0,1,20,0.22,1408,738,1.9079,0.114,5,,0,0
785,2026-09-26,11:16:16,2026-09-26_10-41,256,1,0,5,Torvin,Warrior,237,116,3,WarMace,20,0,Hatchet,,0,OrcishMage,6474,lost,,32,93,0.07,96,15,79,81,12,3,0,2,3,24,0.07,421,806,0.5223,0.1245,0,,0,0
786,2026-09-26,11:16:33,2026-09-26_10-41,256,1,0,5,Jorunn,WarriorMage,230,109,12,WarFork,18,0,WarFork,,0,OrcishMage,6474,lost,,69,78,0.22,109,40,72,69,75,5,3,4,3,47,0.23,1463,3154,0.4639,0.4872,0,,0,0
787,2026-09-26,11:16:46,2026-09-26_10-41,256,1,0,5,Wynn,Warrior,287,127,19,TwoHandedAxe,22,0,Scimitar,,0,OrcishMage,6474,won,,18,0,1.0,44,0,81,44,116,0,0,1,0,0,1.84,11918,1503,7.9295,0.2322,5,,0,0
788,2026-09-26,11:16:47,2026-09-26_10-41,256,1,0,5,Garrow,Archer,213,107,0,Dagger+Bow,25,1,Bow,74,0,OrcishMage,6474,lost,,29,72,0.28,70,0,68,70,50,0,0,0,0,16,0.28,1790,1734,1.0323,0.2678,0,6,2,0
789,2026-09-26,11:17:15,2026-09-26_10-41,256,1,0,5,Wynn,Warrior,287,127,19,TwoHandedAxe,22,0,Scimitar,,0,JukaMage,12372,lost,,29,83,0.17,115,32,81,83,91,0,0,2,2,23,0.17,2050,1503,1.3639,0.1215,5,,3,0
790,2026-09-26,11:17:21,2026-09-26_10-41,256,1,0,5,Talia,WarriorMage,367,140,13,Katana,15,0,Katana,,0,OrcishMage,6474,won,,20,0,1.0,52,0,78,52,111,0,0,0,0,0,1.5,9711,3225,3.0112,0.4981,5,,0,0
791,2026-09-26,11:17:24,2026-09-26_10-41,256,1,0,5,Quill,Warrior,326,151,7,WarFork,18,0,WarFork,,0,OrcishMage,6474,won,,24,0,1.0,40,0,83,40,114,0,0,0,0,0,2.08,13434,1631,8.2367,0.2519,5,,1,0
792,2026-09-26,11:17:42,2026-09-26_10-41,256,1,0,5,Quill,Warrior,326,151,7,WarFork,18,0,WarFork,,0,JukaMage,12372,lost,,18,47,0.53,84,0,83,84,119,0,0,0,1,32,0.52,6440,1631,3.9485,0.1318,5,,0,0
793,2026-09-26,11:17:57,2026-09-26_10-41,256,1,0,5,Elspeth,Archer,277,118,0,Dagger+Bow,25,1,Bow,0,1,OrcishMage,6474,lost,,14,84,0.16,69,0,69,69,21,0,0,0,0,19,0.16,1022,1832,0.5579,0.283,4,0,0,0
794,2026-09-26,11:18:13,2026-09-26_10-41,256,1,0,5,Bertram,WarriorArcher,267,117,30,WarMace+Bow,25,1,Bow,0,1,OrcishMage,6474,lost,,33,81,0.19,75,0,73,75,30,0,0,2,2,17,0.19,1218,1978,0.6158,0.3055,5,0,3,0
795,2026-09-26,11:18:16,2026-09-26_10-41,256,1,0,5,Dain,Warrior,298,137,0,Scimitar,17,0,Kryss,,0,OrcishMage,6474,won,,7,0,1.0,0,0,81,1.62,125,0,0,0,0,0,5.0,32370,1519,21.3101,0.2346,5,,3,0
796,2026-09-26,11:18:34,2026-09-26_10-41,256,1,0,5,Dain,Warrior,298,137,3,Scimitar,17,0,Kryss,,0,JukaMage,12372,lost,,17,38,0.62,82,0,81,82,146,0,0,0,0,27,0.61,7573,1519,4.9855,0.1228,5,,0,0
797,2026-09-26,11:18:56,2026-09-26_10-41,256,1,0,5,Corwin,Archer,209,112,0,TwoHandedAxe+Bow,25,1,Bow,91,0,OrcishMage,6474,lost,,25,59,0.41,69,0,68,69,63,0,0,2,0,18,0.41,2642,1748,1.5114,0.27,0,5,0,0
798,2026-09-26,11:19:40,2026-09-26_10-41,256,1,0,5,Rowan,Warrior,321,140,2,WarMace,20,0,WarMace,,0,OrcishMage,6474,won,,59,0,1.0,63,51,83,12,205,0,0,1,4,0,5.0,32370,1950,16.6,0.3012,8,,27,0
799,2026-09-26,11:19:54,2026-09-26_10-41,256,1,0,5,Rowan,Warrior,322,140,2,WarMace,20,0,WarMace,,0,JukaMage,12372,lost,,14,89,0.11,87,4,83,83,24,0,0,1,1,29,0.11,1302,1950,0.6677,0.1576,5,,0,0
800,2026-09-26,11:20:07,2026-09-26_10-41,256,1,0,5,Ysolt,WarriorArcher,203,109,0,Dagger+Bow,25,1,Bow,0,1,OrcishMage,6474,lost,,14,98,0.02,72,0,71,72,2,0,0,0,0,17,0.02,101,1789,0.0565,0.2763,4,0,0,0
801,2026-09-26,11:20:41,2026-09-26_10-41,256,1,0,5,Dain,Warrior,298,137,0,Kryss,15,0,Kryss,,0,OrcishMage,6474,lost,,24,81,0.19,82,0,81,82,33,7,0,0,1,31,0.19,1225,1519,0.8065,0.2346,0,,0,0
802,2026-09-26,11:20:45,2026-09-26_10-41,256,1,0,5,Corwin,Archer,210,113,7,TwoHandedAxe+Bow,25,1,Bow,75,0,OrcishMage,6474,won,,29,0,1.0,5,0,68,5,136,0,0,0,0,0,5.0,32370,1748,18.5183,0.27,0,7,0,0
803,2026-09-26,11:20:57,2026-09-26_10-41,256,1,0,5,Corwin,Archer,211,113,7,TwoHandedAxe+Bow,25,1,Bow,72,0,JukaMage,12372,lost,,12,100,0.0,68,0,68,68,0,0,0,1,0,19,0.0,0,1748,0.0,0.1413,0,3,0,0
804,2026-09-26,11:21:21,2026-09-26_10-41,256,1,0,5,Hale,Brawler,206,130,12,WarMace,20,0,WarMace,,0,OrcishMage,6474,lost,,20,89,0.11,91,4,86,87,14,2,0,2,1,15,0.11,682,1720,0.3965,0.2657,4,,0,0
805,2026-09-26,11:21:24,2026-09-26_10-41,256,1,0,5,Quill,Warrior,326,151,0,WarFork,18,0,WarFork,,0,OrcishMage,6474,lost,,15,49,0.51,84,0,83,84,77,0,0,0,0,32,0.51,3285,1631,2.0141,0.2519,4,,0,0
806,2026-09-26,11:21:44,2026-09-26_10-41,256,1,0,5,Yarrow,Warrior,255,126,20,WarFork,18,0,Katana,,0,OrcishMage,6474,lost,,33,25,0.75,85,10,80,75,103,0,0,2,4,25,0.8,5205,1296,4.0162,0.2002,5,,0,0
807,2026-09-26,11:21:53,2026-09-26_10-41,256,1,0,5,Doran,Captain,394,185,0,Broadsword+Bow,25,1,Bow,107,1,OrcishMage,6474,won,,27,0,1.0,42,29,90,13,187,0,0,1,0,8,5.0,32370,2259,14.3293,0.3489,7,1,0,0
808,2026-09-26,11:22:09,2026-09-26_10-41,256,1,0,5,Sable,Warrior,203,108,0,WarMace,20,0,WarMace,,0,OrcishMage,6474,lost,,23,54,0.46,78,0,77,78,69,0,0,0,0,17,0.45,2917,1555,1.8759,0.2402,5,,0,0
809,2026-09-26,11:22:17,2026-09-26_10-41,256,1,0,5,Doran,Captain,394,185,0,Broadsword+Bow,25,1,Bow,107,1,JukaMage,12372,lost,,19,11,0.89,95,4,90,91,205,0,0,2,3,27,0.88,10900,2259,4.8251,0.1826,1,2,0,0
810,2026-09-26,11:23:17,2026-09-26_10-41,256,1,0,5,Ronan,WarriorMage,264,113,10,Broadsword,17,0,Broadsword,,0,OrcishMage,6474,lost,,17,67,0.33,73,0,72,73,42,8,0,1,0,42,0.33,2128,3114,0.6834,0.481,0,,0,0
811,2026-09-26,11:23:24,2026-09-26_10-41,256,1,0,5,Talia,WarriorMage,368,140,15,Katana,15,0,Katana,,0,JukaMage,12372,lost,,24,55,0.45,80,0,78,80,104,0,0,2,0,52,0.44,5425,3225,1.6822,0.2607,5,,3,0
812,2026-09-26,11:23:57,2026-09-26_10-41,256,1,0,5,Corwin,Archer,211,113,0,Dagger+Bow,25,1,Bow,53,0,OrcishMage,6474,lost,,21,62,0.38,69,0,68,69,53,0,0,0,0,19,0.37,2404,1748,1.3753,0.27,0,5,0,0
813,2026-09-26,11:24:51,2026-09-26_10-41,256,1,0,5,Neriah,Mage,238,114,1,BotCasterStaff,18,0,BotCasterStaff,,0,OrcishMage,6474,lost,,40,99,0.01,97,28,66,69,3,0,3,3,1,64,0.01,43,2924,0.0147,0.4517,5,,0,0
814,2026-09-26,11:26:46,2026-09-26_10-41,256,1,0,5,Brannoc,Archer,265,128,9,Dagger+Bow,25,1,Bow,0,1,OrcishMage,6474,lost,,15,77,0.23,72,0,72,72,28,6,0,0,0,25,0.23,1494,1901,0.7859,0.2936,0,0,0,0
815,2026-09-26,11:27:06,2026-09-26_10-41,256,1,0,5,Hollis,Archer,293,133,7,Dagger+Bow,25,1,Bow,26,0,OrcishMage,6474,lost,,15,59,0.41,72,0,72,72,59,0,0,0,0,22,0.41,2626,1915,1.3713,0.2958,0,4,0,0
816,2026-09-26,11:27:06,2026-09-26_10-41,256,1,0,5,Hale,Brawler,206,130,17,WarMace,20,0,WarMace,,0,OrcishMage,6474,lost,,35,81,0.19,96,8,86,88,28,1,0,2,1,15,0.18,1172,1720,0.6814,0.2657,3,,0,0
817,2026-09-26,11:27:14,2026-09-26_10-41,256,1,0,5,Yarrow,Warrior,255,126,20,Katana,15,0,Katana,,0,OrcishMage,6474,lost,,46,57,0.43,93,11,80,82,142,0,0,2,1,25,0.42,2700,1296,2.0833,0.2002,5,,0,0
818,2026-09-26,11:27:39,2026-09-26_10-41,256,1,0,5,Aric,Archer,233,115,0,Dagger+Bow,25,1,Bow,0,1,OrcishMage,6474,lost,,20,97,0.03,70,0,69,70,5,0,0,0,0,20,0.03,203,1842,0.1102,0.2845,5,0,1,0
819,2026-09-26,11:27:46,2026-09-26_10-41,256,1,0,5,Emrys,Archer,205,105,10,Dagger+Bow,25,1,Bow,71,22,OrcishMage,6474,lost,,35,68,0.32,83,18,68,65,36,0,0,2,2,16,0.33,2136,1737,1.2297,0.2683,0,1,0,0
820,2026-09-26,11:27:59,2026-09-26_10-41,256,1,0,5,Bertram,WarriorArcher,269,117,28,Dagger+Bow,25,1,Bow,0,1,OrcishMage,6474,lost,,48,59,0.41,76,0,73,76,61,0,0,3,2,17,0.4,2566,1978,1.2973,0.3055,5,0,0,0
821,2026-09-26,11:29:11,2026-09-26_10-41,256,1,0,5,Ysolt,WarriorArcher,204,109,9,Kryss+Bow,25,1,Bow,0,1,OrcishMage,6474,lost,,37,97,0.03,74,0,71,74,7,1,0,0,1,19,0.03,167,1789,0.0933,0.2763,5,0,0,0
822,2026-09-26,11:29:18,2026-09-26_10-41,256,1,0,5,Isolde,Mage,165,104,7,BotCasterStaff,18,0,BotCasterStaff,,0,OrcishMage,6474,lost,,34,86,0.14,65,0,63,65,19,0,0,0,0,52,0.13,867,2763,0.3138,0.4268,4,,0,0
823,2026-09-26,11:29:21,2026-09-26_10-41,256,1,0,5,Marek,Archer,151,101,7,Dagger+Bow,25,1,Bow,142,0,OrcishMage,6474,lost,,27,66,0.34,68,0,67,68,63,0,0,2,0,15,0.34,2200,1675,1.3134,0.2587,0,6,0,0
824,2026-09-26,11:29:37,2026-09-26_10-41,256,1,0,5,Jarek,Mage,151,107,1,BotCasterStaff,18,0,BotCasterStaff,,0,OrcishMage,6474,lost,,21,97,0.03,65,0,64,65,15,0,0,0,0,51,0.03,195,2787,0.07,0.4305,4,,0,0
825,2026-09-26,11:31:31,2026-09-26_10-41,256,1,0,5,Kestrel,Archer,192,109,0,Dagger+Bow,25,1,Bow,0,1,OrcishMage,6474,lost,,25,80,0.2,71,0,69,71,27,0,0,0,0,16,0.2,1278,1725,0.7409,0.2665,5,0,0,0
826,2026-09-26,11:31:49,2026-09-26_10-41,256,1,0,5,Ulwin,WarriorMage,272,114,9,WarHammer,22,0,WarFork,,0,OrcishMage,6474,lost,,73,93,0.07,122,43,73,79,65,4,3,5,2,48,0.06,407,3186,0.1277,0.4921,0,,2,0
827,2026-09-26,11:32:18,2026-09-26_10-41,256,1,0,5,Kestrel,Archer,194,109,7,Dagger+Bow,25,1,Bow,0,1,OrcishMage,6474,lost,,27,83,0.17,71,0,69,71,18,0,0,1,0,16,0.16,1049,1725,0.6081,0.2665,5,0,0,0
828,2026-09-26,11:32:59,2026-09-26_10-41,256,1,0,5,Perri,Warrior,288,119,0,WarFork,18,0,WarFork,,0,OrcishMage,6474,won,,22,0,1.0,61,8,78,53,115,0,0,1,1,0,1.47,9528,1502,6.3435,0.232,7,,0,0
829,2026-09-26,11:33:04,2026-09-26_10-41,256,1,0,5,Fenna,Archer,238,112,7,Kryss+Bow,25,1,Bow,44,29,OrcishMage,6474,lost,,47,97,0.03,85,12,69,73,0,0,0,3,4,18,0.03,197,1842,0.1069,0.2845,0,1,2,0
830,2026-09-26,11:33:27,2026-09-26_10-41,256,1,0,5,Perri,Warrior,288,119,0,WarFork,18,0,WarFork,,0,JukaMage,12372,lost,,28,58,0.42,96,16,78,80,147,0,0,2,3,21,0.41,5111,1502,3.4028,0.1214,5,,0,0
831,2026-09-26,11:33:41,2026-09-26_10-41,256,1,0,5,Sable,Warrior,211,110,7,WarMace,20,0,WarMace,,0,OrcishMage,6474,lost,,32,42,0.58,79,0,77,79,129,0,0,0,0,18,0.57,3674,1578,2.3283,0.2437,5,,0,0
832,2026-09-26,11:33:44,2026-09-26_10-41,256,1,0,5,Fenna,Archer,238,112,7,WarMace+Bow,25,1,Bow,39,25,OrcishMage,6474,lost,,39,96,0.04,91,19,69,72,0,0,0,3,3,18,0.03,223,1842,0.1211,0.2845,0,1,0,0
833,2026-09-26,11:34:00,2026-09-26_10-41,256,1,0,5,Maeve,Mage,186,111,0,BotCasterStaff,18,0,BotCasterStaff,,0,OrcishMage,6474,lost,,28,65,0.35,67,0,65,67,48,0,0,0,0,55,0.34,2189,2876,0.7611,0.4442,4,,0,0
834,2026-09-26,11:34:09,2026-09-26_10-41,256,1,0,5,Leofric,Archer,159,103,7,Dagger+Bow,25,1,Bow,53,0,OrcishMage,6474,lost,,23,31,0.69,69,0,68,69,100,0,0,1,0,15,0.68,4403,1700,2.59,0.2626,0,5,0,0
835,2026-09-26,11:34:42,2026-09-26_10-41,256,1,0,5,Hollis,Archer,293,133,0,Dagger+Bow,25,1,Bow,14,0,OrcishMage,6474,lost,,28,36,0.64,74,0,72,74,108,0,0,0,0,22,0.62,4043,1915,2.1112,0.2958,0,6,0,0
836,2026-09-26,11:34:58,2026-09-26_10-41,256,1,0,5,Ysolt,WarriorArcher,204,109,0,Dagger+Bow,25,1,Bow,0,1,OrcishMage,6474,lost,,21,71,0.29,72,0,71,72,35,0,0,0,0,17,0.28,1824,1789,1.0196,0.2763,5,0,0,0
837,2026-09-26,11:35:11,2026-09-26_10-41,256,1,0,5,Harlan,Warrior,198,107,0,WarMace,20,0,WarMace,,0,OrcishMage,6474,lost,,22,70,0.3,78,0,77,78,45,0,0,0,0,16,0.3,1939,1540,1.2591,0.2379,4,,0,0
838,2026-09-26,11:35:30,2026-09-26_10-41,256,1,0,5,Brannoc,Archer,266,128,0,Dagger+Bow,25,1,Bow,0,1,OrcishMage,6474,lost,,26,53,0.47,74,0,72,74,61,0,0,0,0,23,0.46,2972,1901,1.5634,0.2936,4,0,0,0
839,2026-09-26,11:36:19,2026-09-26_10-41,256,1,0,5,Torvin,Warrior,252,116,0,WarMace,20,0,WarMace,,0,OrcishMage,6474,lost,,32,62,0.38,79,0,79,79,82,0,0,0,0,20,0.38,2461,1663,1.4799,0.2569,5,,0,0
840,2026-09-26,11:37:43,2026-09-26_10-41,256,1,0,5,Vance,Warrior,272,126,9,WarFork,18,0,WarFork,,0,OrcishMage,6474,won,,36,0,1.0,51,9,80,42,173,0,0,2,1,0,1.9,12332,1492,8.2654,0.2305,5,,4,0
841,2026-09-26,11:37:45,2026-09-26_10-41,256,1,0,5,Jorunn,WarriorMage,244,110,11,WarFork,18,0,WarFork,,0,OrcishMage,6474,lost,,38,97,0.03,146,71,72,75,18,1,8,3,3,44,0.03,175,3157,0.0554,0.4876,0,,0,0
842,2026-09-26,11:38:07,2026-09-26_10-41,256,1,0,5,Vance,Warrior,272,126,9,WarFork,18,0,WarFork,,0,JukaMage,12372,lost,,24,68,0.32,94,13,80,81,168,0,0,2,2,21,0.32,3934,1492,2.6367,0.1206,5,,0,0
843,2026-09-26,11:38:13,2026-09-26_10-41,256,1,0,5,Leofric,Archer,160,103,7,Pitchfork+Bow,25,1,Bow,43,0,OrcishMage,6474,lost,,23,94,0.06,69,0,68,69,0,0,0,2,0,15,0.06,381,1700,0.2241,0.2626,0,5,0,0
844,2026-09-26,11:39:23,2026-09-26_10-41,256,1,0,5,Vesna,WarriorMage,242,117,0,Broadsword,17,0,Broadsword,,0,OrcishMage,6474,lost,,35,57,0.43,92,16,74,76,64,5,1,2,2,44,0.42,2714,3123,0.869,0.4824,0,,1,0
845,2026-09-26,11:41:45,2026-09-26_10-41,256,1,0,5,Doran,Captain,394,185,7,Broadsword+Bow,25,1,Bow,107,1,OrcishMage,6474,won,,24,0,1.0,99,23,90,76,143,0,0,2,3,0,1.18,7667,2259,3.394,0.3489,1,1,0,0
846,2026-09-26,11:42:01,2026-09-26_10-41,256,1,0,5,Ulwin,WarriorMage,273,115,9,WarFork,18,0,WarFork,,0,OrcishMage,6474,lost,,39,59,0.41,89,13,73,76,64,4,5,2,2,45,0.39,2546,3186,0.7991,0.4921,0,,0,0
847,2026-09-26,11:42:07,2026-09-26_10-41,256,1,0,5,Doran,Captain,394,185,7,Broadsword+Bow,25,1,Bow,107,1,JukaMage,12372,lost,,22,25,0.75,85,4,90,81,174,0,0,1,1,27,0.84,10354,2259,4.5834,0.1826,1,1,0,0
848,2026-09-26,11:42:18,2026-09-26_10-41,256,1,0,5,Gerda,Sage,303,107,0,BotCasterStaff,18,0,BotCasterStaff,,0,OrcishMage,6474,lost,,12,100,0.0,64,0,64,64,0,0,0,1,0,59,0.0,0,3648,0.0,0.5635,5,,0,0
849,2026-09-26,11:43:04,2026-09-26_10-41,256,1,0,5,Emrys,Archer,208,107,10,Katana+Bow,25,1,Bow,34,26,OrcishMage,6474,lost,,41,97,0.03,72,0,69,72,16,0,0,3,2,16,0.03,180,1763,0.1021,0.2723,0,1,0,0
850,2026-09-26,11:44:20,2026-09-26_10-41,256,1,0,5,Isolde,Mage,166,104,0,BotCasterStaff,18,0,BotCasterStaff,,0,OrcishMage,6474,lost,,16,92,0.08,64,0,63,64,11,0,0,0,0,52,0.08,512,2763,0.1853,0.4268,5,,0,0
851,2026-09-26,11:49:01,2026-09-26_11-45,257,1,0,5,Emrys,Archer,209,107,10,Dagger+Bow,25,1,Bow,28,22,OrcishMage,5811,lost,,43,67,0.33,83,11,69,72,66,0,0,3,2,16,0.32,1831,1763,1.0386,0.3034,0,2,9,40
852,2026-09-26,11:50:25,2026-09-26_11-45,257,1,0,5,Neriah,Mage,244,115,0,WarMace,20,0,BotCasterStaff,,0,OrcishMage,5811,lost,,46,2,0.98,87,18,66,69,133,12,0,3,3,70,0.77,4468,2937,1.5213,0.5054,15,,1,0
853,2026-09-26,11:50:40,2026-09-26_11-45,257,1,0,5,Dain,Warrior,302,142,0,Kryss,15,0,Kryss,,0,OrcishMage,5811,won,,7,0,1.0,16,0,81,16,77,0,0,0,0,0,5.0,29055,1519,19.1277,0.2614,4,,0,0
854,2026-09-26,11:51:03,2026-09-26_11-45,257,1,0,5,Dain,Warrior,302,142,0,Kryss,15,0,Kryss,,0,JukaMage,16729,won,,23,0,1.0,54,0,81,54,273,0,0,2,0,10,1.5,25093,1519,16.5194,0.0908,5,,1,0
855,2026-09-26,11:51:18,2026-09-26_11-45,257,1,0,5,Dain,Warrior,302,142,0,Kryss,15,0,Kryss,,0,OgreLord,19058,lost,,10,90,0.1,81,0,81,81,79,0,0,1,0,29,0.1,1843,1519,1.2133,0.0797,5,,0,0
856,2026-09-26,11:51:23,2026-09-26_11-45,257,1,0,5,Perri,Warrior,296,122,9,WarFork,18,0,WarFork,,0,OrcishMage,5811,won,,23,0,1.0,17,0,78,17,125,0,0,0,1,0,4.59,26662,1502,17.751,0.2585,4,,8,0
857,2026-09-26,11:51:33,2026-09-26_11-45,257,1,0,5,Aric,Archer,240,118,7,Dagger+Bow,25,1,Bow,53,0,OrcishMage,5811,lost,,34,12,0.88,71,0,69,71,109,0,0,0,0,21,0.85,4958,1842,2.6916,0.317,0,7,0,32
858,2026-09-26,11:51:40,2026-09-26_11-45,257,1,0,5,Perri,Warrior,296,122,9,WarFork,18,0,WarFork,,0,JukaMage,16729,lost,,16,80,0.2,82,3,78,79,58,0,0,1,1,22,0.19,3224,1502,2.1465,0.0898,5,,0,0
859,2026-09-26,11:51:49,2026-09-26_11-45,257,1,0,5,Maeve,Mage,188,111,7,BotCasterStaff,18,0,BotCasterStaff,,0,OrcishMage,5811,lost,,22,80,0.2,66,0,65,66,29,0,0,0,0,55,0.2,1170,2876,0.4068,0.4949,5,,0,0
860,2026-09-26,11:52:05,2026-09-26_11-45,257,1,0,5,Pell,Healer,145,104,0,BotCasterStaff,18,0,BotCasterStaff,,0,OrcishMage,5811,lost,,26,87,0.13,64,0,62,64,12,0,6,0,0,51,0.13,745,1848,0.4031,0.318,5,,1,0
861,2026-09-26,11:52:20,2026-09-26_11-45,257,1,0,5,Talia,WarriorMage,375,142,0,Katana,15,0,Katana,,0,OrcishMage,5811,lost,,35,40,0.6,81,0,79,81,77,0,0,0,0,54,0.59,3410,3275,1.0412,0.5636,5,,0,0
862,2026-09-26,11:52:35,2026-09-26_11-45,257,1,0,5,Jorunn,WarriorMage,259,111,11,WarFork,18,0,WarFork,,0,OrcishMage,5811,lost,,41,65,0.35,83,8,72,75,62,5,1,2,2,45,0.34,1957,3168,0.6177,0.5452,0,,0,0
863,2026-09-26,11:52:50,2026-09-26_11-45,257,1,0,5,Emrys,Archer,216,107,16,Dagger+Bow,25,1,Bow,16,0,OrcishMage,5811,lost,,41,65,0.35,79,8,69,71,94,0,0,3,0,16,0.34,1984,1797,1.1041,0.3092,0,8,0,39
864,2026-09-26,11:53:25,2026-09-26_11-45,257,1,0,5,Fenna,Archer,242,113,7,Dagger+Bow,25,1,Bow,123,0,OrcishMage,5811,won,,20,0,1.0,11,0,69,11,102,0,0,0,0,0,5.0,29055,1849,15.7139,0.3182,0,5,2,0
865,2026-09-26,11:53:29,2026-09-26_11-45,257,1,0,5,Ronan,WarriorMage,280,116,10,Broadsword,17,0,Broadsword,,0,OrcishMage,5811,lost,,34,57,0.43,90,15,73,75,59,7,0,2,4,46,0.42,2419,3157,0.7662,0.5433,0,,0,0
866,2026-09-26,11:53:34,2026-09-26_11-45,257,1,0,5,Fenna,Archer,242,113,7,Dagger+Bow,25,1,Bow,123,0,JukaMage,16729,lost,,9,77,0.23,69,0,69,69,49,0,0,1,0,19,0.23,3867,1849,2.0914,0.1105,0,2,0,0
867,2026-09-26,11:53:49,2026-09-26_11-45,257,1,0,5,Torvin,Warrior,262,118,7,WarMace,20,0,WarMace,,0,OrcishMage,5811,lost,,16,62,0.38,85,5,79,80,49,0,0,1,1,21,0.37,2169,1691,1.2827,0.291,5,,0,0
868,2026-09-26,11:53:58,2026-09-26_11-45,257,1,0,5,Garrow,Archer,222,110,7,Dagger+Bow,25,1,Bow,107,0,OrcishMage,5811,lost,,28,89,0.11,70,0,68,70,18,0,0,2,0,17,0.11,645,1734,0.372,0.2984,0,6,2,0
869,2026-09-26,11:55:54,2026-09-26_11-45,257,1,0,5,Vesna,WarriorMage,247,118,6,Broadsword,17,0,Broadsword,,0,OrcishMage,5811,lost,,33,78,0.22,117,41,74,76,28,4,5,2,2,42,0.21,1226,3123,0.3926,0.5374,0,,0,0
870,2026-09-26,11:56:30,2026-09-26_11-45,257,1,0,5,Lorcan,Mage,127,103,0,BotCasterStaff,18,0,BotCasterStaff,,0,OrcishMage,5811,lost,,20,91,0.09,63,0,62,63,14,0,0,0,0,52,0.09,513,2675,0.1918,0.4603,5,,0,0
871,2026-09-26,11:59:07,2026-09-26_11-45,257,1,0,5,Quenna,Healer,153,105,2,BotCasterStaff,18,0,BotCasterStaff,,0,OrcishMage,5811,lost,,35,95,0.05,98,33,63,65,11,2,4,2,2,54,0.05,300,1959,0.1531,0.3371,2,,4,0
872,2026-09-26,11:59:22,2026-09-26_11-45,257,1,0,5,Ulwin,WarriorMage,285,118,9,WarMace,20,0,WarFork,,0,OrcishMage,5811,lost,,19,61,0.39,83,17,73,66,48,4,1,1,1,43,0.43,2476,3201,0.7735,0.5509,0,,0,0
873,2026-09-26,12:01:39,2026-09-26_11-45,257,1,0,5,Marek,Archer,160,102,7,Dagger+Bow,25,1,Bow,74,0,OrcishMage,5811,lost,,25,61,0.39,69,0,67,69,57,0,0,1,0,15,0.38,2225,1702,1.3073,0.2929,0,5,0,0
874,2026-09-26,12:02:16,2026-09-26_11-45,257,1,0,5,Kestrel,Archer,206,112,7,Dagger+Bow,25,1,Bow,69,0,OrcishMage,5811,lost,,32,62,0.38,71,0,69,71,66,0,0,3,0,17,0.37,2153,1725,1.2481,0.2969,0,7,0,0
875,2026-09-26,12:03:01,2026-09-26_11-45,257,1,0,5,Quenna,Healer,154,105,2,WarHammer,22,0,BotCasterStaff,,0,OrcishMage,5811,lost,,33,90,0.1,58,0,63,58,16,0,0,1,0,49,0.11,617,1962,0.3145,0.3376,4,,0,0
876,2026-09-26,12:03:37,2026-09-26_11-45,257,1,0,5,Lorcan,Mage,127,104,7,BotCasterStaff,18,0,BotCasterStaff,,0,OrcishMage,5811,lost,,13,99,0.01,64,0,63,64,2,0,0,0,0,52,0.01,39,2718,0.0143,0.4677,4,,0,0
877,2026-09-26,12:04:00,2026-09-26_11-45,257,1,0,5,Maeve,Mage,189,112,7,WarMace,20,0,BotCasterStaff,,0,OrcishMage,5811,lost,,36,59,0.41,68,0,65,68,52,0,0,0,0,55,0.4,2301,2876,0.8001,0.4949,5,,0,0
878,2026-09-26,12:04:05,2026-09-26_11-45,257,1,0,5,Hale,Brawler,219,133,17,WarMace,20,0,WarMace,,0,OrcishMage,5811,lost,,61,16,0.84,100,8,87,92,136,0,0,3,3,14,0.79,4594,1753,2.6207,0.3017,5,,5,0
879,2026-09-26,12:05:03,2026-09-26_11-45,257,1,0,5,Quenna,Healer,154,105,2,BotCasterStaff,18,0,BotCasterStaff,,0,OrcishMage,5811,lost,,21,58,0.42,67,3,63,64,50,10,0,1,1,53,0.41,2396,1962,1.2212,0.3376,0,,0,0
880,2026-09-26,12:05:50,2026-09-26_11-45,257,1,0,5,Corwin,Archer,219,114,7,Dagger+Bow,25,1,Bow,92,0,OrcishMage,5811,lost,,38,55,0.45,70,0,68,70,74,0,0,0,0,20,0.44,2559,1748,1.464,0.3008,0,8,0,0
881,2026-09-26,12:07:26,2026-09-26_11-45,257,1,0,5,Ronan,WarriorMage,297,120,9,Broadsword,17,0,Broadsword,,0,OrcishMage,5811,lost,,42,82,0.18,103,33,74,70,53,5,3,2,2,49,0.19,1079,3234,0.3336,0.5565,0,,0,0
882,2026-09-26,12:07:35,2026-09-26_11-45,257,1,0,5,Brannoc,Archer,271,129,7,Dagger+Bow,25,1,Bow,106,0,OrcishMage,5811,lost,,31,32,0.68,74,0,72,74,101,0,0,0,0,24,0.66,3834,1915,2.0021,0.3295,0,7,1,0
883,2026-09-26,12:09:01,2026-09-26_11-45,257,1,0,5,Hollis,Archer,297,135,0,WarMace+Bow,25,1,Dagger,,0,OrcishMage,5811,lost,,27,61,0.39,74,0,72,74,50,0,0,0,0,23,0.38,2189,763,2.8689,0.1313,5,,3,0
884,2026-09-26,12:09:38,2026-09-26_11-45,257,1,0,5,Hollis,Archer,297,135,7,WarMace+Bow,25,1,Bow,0,1,OrcishMage,5811,lost,,37,13,0.87,75,0,72,75,112,0,0,0,0,23,0.83,4835,1915,2.5248,0.3295,5,0,0,0
885,2026-09-26,12:09:51,2026-09-26_11-45,257,1,0,5,Maeve,Mage,190,112,0,BotCasterStaff,18,0,BotCasterStaff,,0,OrcishMage,5811,lost,,22,96,0.04,66,0,65,66,7,0,0,0,0,55,0.04,229,2880,0.0795,0.4956,5,,0,0
886,2026-09-26,12:10:31,2026-09-26_11-45,257,1,0,5,Ivo,WarriorMage,249,117,0,WarMace,20,0,WarMace,,0,OrcishMage,5811,lost,,27,28,0.72,76,0,74,76,95,0,0,0,0,41,0.7,4076,3374,1.2081,0.5806,5,,0,0
887,2026-09-26,12:11:53,2026-09-26_11-45,257,1,0,5,Yarrow,Warrior,263,131,19,Katana,15,0,Katana,,0,OrcishMage,5811,won,,28,0,1.0,8,0,81,8,170,0,0,0,0,8,5.0,29055,1312,22.1456,0.2258,10,,0,0
888,2026-09-26,12:12:29,2026-09-26_11-45,257,1,0,5,Yarrow,Warrior,263,131,19,Katana,15,0,Katana,,0,JukaMage,16729,lost,,36,85,0.15,87,4,81,83,96,0,0,1,1,27,0.15,2491,1312,1.8986,0.0784,5,,0,0
889,2026-09-26,12:13:29,2026-09-26_11-45,257,1,0,5,Emrys,Archer,223,109,16,WarHammer+Bow,25,1,Bow,54,0,OrcishMage,5811,won,,54,0,1.0,40,21,69,19,130,0,0,2,0,8,3.63,21103,1797,11.7435,0.3092,8,11,0,0
890,2026-09-26,12:13:53,2026-09-26_11-45,257,1,0,5,Emrys,Archer,223,109,16,WarHammer+Bow,25,1,Bow,50,0,JukaMage,16729,lost,,24,76,0.24,70,0,69,70,69,0,0,2,0,16,0.23,3912,1797,2.177,0.1074,0,5,0,0
891,2026-09-26,12:16:15,2026-09-26_11-45,257,1,0,5,Elspeth,Archer,294,121,0,Dagger+Bow,25,1,Bow,122,0,OrcishMage,5811,lost,,29,71,0.29,72,0,70,72,91,0,0,0,0,20,0.29,1659,1858,0.8929,0.3197,0,6,0,0
892,2026-09-26,12:20:06,2026-09-26_11-45,257,1,0,5,Jorunn,WarriorMage,275,115,11,WarFork,18,0,WarFork,,0,OrcishMage,5811,lost,,48,49,0.51,82,7,72,75,69,6,0,2,3,49,0.49,2848,3179,0.8959,0.5471,0,,0,0
893,2026-09-26,12:20:10,2026-09-26_11-45,257,1,0,5,Emrys,Archer,224,110,16,Dagger+Bow,25,1,Bow,37,22,OrcishMage,5811,lost,,35,94,0.06,84,13,69,71,0,0,0,1,2,16,0.05,312,1797,0.1736,0.3092,0,1,0,0
894,2026-09-26,12:21:45,2026-09-26_11-45,257,1,0,5,Lorcan,Mage,135,104,7,BotCasterStaff,18,0,BotCasterStaff,,0,OrcishMage,5811,lost,,26,88,0.12,65,0,63,65,18,0,0,0,0,52,0.11,651,2734,0.2381,0.4705,4,,0,0
895,2026-09-26,12:22:53,2026-09-26_11-45,257,1,0,5,Ulwin,WarriorMage,303,122,9,WarMace,20,0,WarFork,,0,OrcishMage,5811,lost,,44,57,0.43,83,6,74,77,72,5,1,2,1,48,0.41,2409,3252,0.7408,0.5596,0,,0,0
896,2026-09-26,12:26:16,2026-09-26_11-45,257,1,0,5,Neriah,Mage,254,118,0,BotCasterStaff,18,0,BotCasterStaff,,0,OrcishMage,5811,lost,,25,83,0.17,68,0,67,68,25,0,0,2,0,56,0.17,989,3005,0.3291,0.5171,5,,0,0
897,2026-09-26,12:27:12,2026-09-26_11-45,257,1,0,5,Torvin,Warrior,278,121,7,WarMace,20,0,WarMace,,0,OrcishMage,5811,won,,42,0,1.0,69,13,80,56,119,0,0,3,2,0,1.43,8301,1728,4.8038,0.2974,17,,0,0
898,2026-09-26,12:27:15,2026-09-26_11-45,257,1,0,5,Oswin,Healer,200,115,0,BotCasterStaff,18,0,BotCasterStaff,,0,OrcishMage,5811,lost,,27,73,0.27,66,0,64,66,35,0,0,0,0,53,0.26,1500,2214,0.6775,0.381,5,,0,0
899,2026-09-26,12:27:34,2026-09-26_11-45,257,1,0,5,Torvin,Warrior,278,121,7,WarMace,20,0,WarMace,,0,JukaMage,16729,lost,,21,95,0.05,81,0,80,81,52,0,0,1,2,21,0.05,864,1728,0.5,0.1033,5,,2,0
900,2026-09-26,12:27:57,2026-09-26_11-45,257,1,0,5,Ulwin,WarriorMage,304,122,9,WarFork,18,0,WarFork,,0,OrcishMage,5811,lost,,39,83,0.17,94,17,74,77,68,8,1,2,3,47,0.17,968,3252,0.2977,0.5596,0,,5,0
901,2026-09-26,12:28:47,2026-09-26_11-45,257,1,0,5,Brannoc,Archer,273,129,7,Club+Bow,25,1,Bow,79,0,OrcishMage,5811,lost,,20,25,0.75,73,0,72,73,99,0,0,0,0,24,0.74,4321,1915,2.2564,0.3295,0,4,0,0
902,2026-09-26,12:30:27,2026-09-26_11-45,257,1,0,5,Hale,Brawler,232,135,16,WarMace,20,0,WarMace,,0,OrcishMage,5811,lost,,18,70,0.3,97,9,87,88,42,0,0,1,1,15,0.29,1707,1810,0.9431,0.3115,5,,0,0
903,2026-09-26,12:31:12,2026-09-26_11-45,257,1,0,5,Pell,Healer,147,104,0,Mace,20,0,BotCasterStaff,,0,OrcishMage,5811,lost,,30,92,0.08,64,0,62,64,11,0,0,0,0,49,0.08,437,1848,0.2365,0.318,4,,1,0
904,2026-09-26,12:31:30,2026-09-26_11-45,257,1,0,5,Torvin,Warrior,279,121,7,WarHammer,22,0,WarMace,,0,OrcishMage,5811,won,,34,0,1.0,76,29,80,47,128,0,0,2,2,8,1.7,9891,1728,5.724,0.2974,12,,0,0
905,2026-09-26,12:31:44,2026-09-26_11-45,257,1,0,5,Torvin,Warrior,279,121,7,WarHammer,22,0,WarHammer,,0,JukaMage,16729,lost,,14,76,0.24,80,0,80,80,76,0,0,1,0,21,0.24,4049,1888,2.1446,0.1129,5,,0,0
906,2026-09-26,12:32:09,2026-09-26_11-45,257,1,0,5,Isolde,Mage,176,106,0,BotCasterStaff,18,0,BotCasterStaff,,0,OrcishMage,5811,lost,,26,78,0.22,65,0,63,65,32,0,0,0,0,53,0.21,1216,2778,0.4377,0.4781,5,,0,0
907,2026-09-26,12:32:13,2026-09-26_11-45,257,1,0,5,Sable,Warrior,224,113,7,WarMace,20,0,Hatchet,,0,OrcishMage,5811,lost,,30,88,0.12,74,0,78,74,12,0,0,1,0,18,0.13,766,780,0.9821,0.1342,5,,4,0
908,2026-09-26,12:32:38,2026-09-26_11-45,257,1,0,5,Fenna,Archer,257,116,7,Dagger+Bow,25,1,Bow,143,0,OrcishMage,5811,lost,,25,82,0.18,62,0,69,62,20,0,0,1,0,21,0.2,1141,1901,0.6002,0.3271,0,5,0,0
909,2026-09-26,12:33:05,2026-09-26_11-45,257,1,0,5,Jorunn,WarriorMage,286,117,12,WarMace,20,0,WarFork,,0,OrcishMage,5811,lost,,42,52,0.48,86,10,73,76,75,6,1,2,2,48,0.46,2679,3230,0.8294,0.5558,0,,1,0
910,2026-09-26,12:33:19,2026-09-26_11-45,257,1,0,5,Doran,Captain,395,185,7,WarHammer+Bow,25,1,Bow,101,1,OrcishMage,5811,lost,,15,38,0.62,91,0,90,91,77,0,0,1,0,27,0.61,3551,2259,1.5719,0.3887,2,1,0,0
911,2026-09-26,12:35:18,2026-09-26_11-45,257,1,0,5,Ulwin,WarriorMage,306,122,0,WarFork,18,0,WarFork,,0,OrcishMage,5811,lost,,49,47,0.53,78,0,74,78,109,0,0,0,0,42,0.5,2932,3252,0.9016,0.5596,5,,8,0
912,2026-09-26,12:36:35,2026-09-26_11-45,257,1,0,5,Torvin,Warrior,281,123,14,WarHammer,22,0,WarHammer,,0,OrcishMage,5811,won,,34,0,1.0,58,0,80,58,145,0,0,1,0,0,1.38,8015,1888,4.2452,0.3249,4,,1,0
913,2026-09-26,12:36:54,2026-09-26_11-45,257,1,0,5,Torvin,Warrior,281,123,14,WarHammer,22,0,WarHammer,,0,JukaMage,16729,lost,,19,74,0.26,81,0,80,81,52,0,0,2,0,22,0.26,4274,1888,2.2638,0.1129,5,,0,0
914,2026-09-26,12:37:08,2026-09-26_11-45,257,1,0,5,Doran,Captain,395,185,7,Broadsword+Bow,25,1,Bow,95,49,OrcishMage,5811,lost,,78,86,0.14,196,100,90,96,27,0,0,5,4,27,0.13,741,2259,0.328,0.3887,0,1,2,0
915,2026-09-26,12:37:30,2026-09-26_11-45,257,1,0,5,Isolde,Mage,176,106,7,BotCasterStaff,18,0,BotCasterStaff,,0,OrcishMage,5811,lost,,29,82,0.18,65,0,63,65,22,0,0,0,0,53,0.18,1024,2778,0.3686,0.4781,4,,0,0
916,2026-09-26,12:40:04,2026-09-26_11-45,257,1,0,5,Doran,Captain,398,185,11,Broadsword+Bow,25,1,Bow,89,1,OrcishMage,5811,won,,34,0,1.0,85,35,90,50,114,0,0,2,1,0,1.8,10460,2282,4.5837,0.3927,1,1,6,0
917,2026-09-26,12:40:28,2026-09-26_11-45,257,1,0,5,Doran,Captain,398,185,11,Broadsword+Bow,25,1,Bow,82,1,JukaMage,16729,lost,,24,75,0.25,100,9,90,91,89,0,0,2,3,27,0.25,4152,2282,1.8195,0.1364,1,1,0,0
918,2026-09-26,12:42:14,2026-09-26_11-45,257,1,0,5,Wynn,Warrior,298,132,19,TwoHandedAxe,22,0,TwoHandedAxe,,0,OrcishMage,5811,won,,27,0,1.0,63,0,82,63,114,0,0,1,0,0,1.3,7564,1931,3.9171,0.3323,4,,4,0
919,2026-09-26,12:42:42,2026-09-26_11-45,257,1,0,5,Wynn,Warrior,298,132,19,TwoHandedAxe,22,0,TwoHandedAxe,,0,JukaMage,16729,lost,,28,64,0.36,84,0,82,84,175,0,0,2,0,25,0.36,5957,1931,3.0849,0.1154,5,,0,0
920,2026-09-26,12:44:28,2026-09-26_11-45,257,1,0,5,Delwyn,Archer,229,114,0,Dagger+Bow,25,1,Bow,131,0,OrcishMage,5811,lost,,20,49,0.51,89,20,68,69,63,0,0,2,0,18,0.5,2910,1795,1.6212,0.3089,0,4,0,0
921,2026-09-26,12:44:35,2026-09-26_11-45,257,1,0,5,Ronan,WarriorMage,312,125,9,Broadsword,17,0,Broadsword,,0,OrcishMage,5811,lost,,51,44,0.56,105,27,74,78,76,5,5,3,4,52,0.53,3106,3238,0.9592,0.5572,0,,0,0
922,2026-09-26,12:45:57,2026-09-26_11-45,257,1,0,5,Ulla,Warrior,317,137,0,WarMace,20,0,WarMace,,0,OrcishMage,5811,won,,23,0,1.0,32,0,86,32,153,0,0,0,0,8,2.69,15617,1974,7.9113,0.3397,9,,0,0
923,2026-09-26,12:46:12,2026-09-26_11-45,257,1,0,5,Ulla,Warrior,317,137,0,WarMace,20,0,WarMace,,0,JukaMage,16729,lost,,15,78,0.22,86,0,86,86,66,0,0,0,0,23,0.22,3755,1974,1.9022,0.118,5,,0,0
924,2026-09-26,12:46:45,2026-09-26_11-45,257,1,0,5,Ivo,WarriorMage,250,117,4,WarMace,20,0,WarMace,,0,OrcishMage,5811,won,,37,0,1.0,52,0,74,52,116,0,0,0,0,8,1.42,8270,3374,2.4511,0.5806,5,,0,0
925,2026-09-26,12:47:10,2026-09-26_11-45,257,1,0,5,Ivo,WarriorMage,250,117,4,WarMace,20,0,WarMace,,0,JukaMage,16729,lost,,25,88,0.12,76,0,74,76,24,0,0,0,0,41,0.11,1899,3374,0.5628,0.2017,5,,0,0
926,2026-09-26,12:47:26,2026-09-26_11-45,257,1,0,5,Doran,Captain,399,186,11,WarMace+Bow,25,1,Bow,106,1,OrcishMage,5811,won,,36,0,1.0,38,27,90,11,159,0,0,1,0,0,5.0,29055,2282,12.7323,0.3927,11,1,0,0
927,2026-09-26,12:47:36,2026-09-26_11-45,257,1,0,5,Doran,Captain,399,186,11,WarMace+Bow,25,1,Broadsword,,2,JukaMage,16729,lost,,9,100,0.0,90,0,90,90,0,0,0,1,0,27,0.0,0,1562,0.0,0.0934,1,,0,0
928,2026-09-26,12:48:37,2026-09-26_11-45,257,1,0,5,Torvin,Warrior,282,123,19,WarHammer,22,0,WarHammer,,0,OrcishMage,5811,lost,,28,7,0.93,82,0,80,82,140,0,0,2,0,22,0.91,5286,1888,2.7998,0.3249,5,,1,0
929,2026-09-26,12:49:37,2026-09-26_11-45,257,1,0,5,Emrys,Archer,238,111,16,Dagger+Bow,25,1,Bow,115,0,OrcishMage,5811,won,,21,0,1.0,32,0,69,32,104,0,0,1,0,0,2.16,12530,1929,6.4956,0.332,0,5,4,0
930,2026-09-26,12:50:04,2026-09-26_11-45,257,1,0,5,Emrys,Archer,238,111,16,Dagger+Bow,25,1,Bow,113,0,JukaMage,16729,lost,,27,39,0.61,60,0,69,60,139,0,0,2,0,17,0.7,11695,1929,6.0627,0.1153,0,5,0,0
931,2026-09-26,12:50:27,2026-09-26_11-45,257,1,0,5,Rowan,Warrior,327,144,2,WarMace,20,0,WarMace,,0,OrcishMage,5811,won,,47,0,1.0,47,0,84,47,146,0,0,2,3,0,1.79,10386,1974,5.2614,0.3397,9,,0,0
932,2026-09-26,12:50:50,2026-09-26_11-45,257,1,0,5,Rowan,Warrior,327,144,2,WarMace,20,0,WarMace,,0,JukaMage,16729,lost,,22,77,0.23,85,0,84,85,58,0,0,2,3,30,0.23,3865,1974,1.958,0.118,5,,0,0
933,2026-09-26,12:52:00,2026-09-26_11-45,257,1,0,5,Quill,Warrior,328,151,2,WarFork,18,0,WarFork,,0,OrcishMage,5811,won,,35,0,1.0,62,0,83,62,131,0,0,0,0,0,1.34,7779,1631,4.7695,0.2807,13,,4,0
934,2026-09-26,12:52:16,2026-09-26_11-45,257,1,0,5,Hale,Brawler,242,137,20,WarMace,20,0,WarMace,,0,OrcishMage,5811,lost,,18,89,0.11,95,7,87,88,14,1,0,1,1,19,0.11,622,1810,0.3436,0.3115,4,,0,0
935,2026-09-26,12:56:30,2026-09-26_11-45,257,1,0,5,Neriah,Mage,269,121,0,WarMace,20,0,BotCasterStaff,,0,OrcishMage,5811,lost,,30,77,0.23,62,0,68,62,33,0,0,2,0,57,0.23,1365,3057,0.4465,0.5261,4,,0,0
936,2026-09-26,12:58:36,2026-09-26_11-45,257,1,0,5,Bertram,WarriorArcher,270,118,26,Dagger+Bow,25,1,Bow,125,0,OrcishMage,5811,won,,37,0,1.0,26,25,74,1.48,144,0,0,1,0,0,5.0,29055,2005,14.4913,0.345,4,8,0,0
937,2026-09-26,12:59:06,2026-09-26_11-45,257,1,0,5,Bertram,WarriorArcher,270,118,26,Dagger+Bow,25,1,Bow,125,0,JukaMage,16729,lost,,30,81,0.19,76,0,74,76,87,0,0,2,0,17,0.19,3169,2005,1.5805,0.1199,0,6,2,0
938,2026-09-26,12:59:57,2026-09-26_11-45,257,1,0,5,Jarek,Mage,159,109,0,BotCasterStaff,18,0,BotCasterStaff,,0,OrcishMage,5811,lost,,20,92,0.08,60,0,65,60,13,0,0,0,0,51,0.08,491,2831,0.1734,0.4872,5,,0,0
939,2026-09-26,13:02:52,2026-09-26_11-45,257,1,0,5,Doran,Captain,399,187,11,Broadsword+Bow,25,1,Bow,102,108,OrcishMage,5811,called,cap,180,98,0.02,307,283,90,24,89,0,0,8,4,8,0.09,515,2282,0.2257,0.3927,0,1,12,0
940,2026-09-26,13:05:20,2026-09-26_11-45,257,1,0,5,Brannoc,Archer,283,129,7,Dagger+Bow,25,1,Bow,7,1,OrcishMage,5811,lost,,36,60,0.4,79,5,72,74,106,0,0,0,2,24,0.39,2269,1926,1.1781,0.3314,0,7,0,0
941,2026-09-26,13:05:22,2026-09-26_11-45,257,1,0,5,Ysolt,WarriorArcher,208,109,2,Dagger+Bow,25,1,Bow,118,0,OrcishMage,5811,lost,,24,80,0.2,72,0,71,72,29,0,0,0,0,17,0.2,1146,1789,0.6406,0.3079,0,5,0,0
942,2026-09-26,13:05:30,2026-09-26_11-45,257,1,0,5,Harlan,Warrior,203,109,0,WarMace,20,0,WarMace,,0,OrcishMage,5811,lost,,20,27,0.73,79,0,78,79,97,0,0,0,0,17,0.72,4173,1560,2.675,0.2685,5,,0,0
943,2026-09-26,13:06:31,2026-09-26_11-45,257,1,0,5,Fenna,Archer,267,118,7,Club+Bow,25,1,Bow,53,40,OrcishMage,5811,lost,,66,87,0.13,116,42,69,74,28,0,0,5,4,22,0.13,727,1935,0.3757,0.333,0,1,3,0
944,2026-09-26,13:07:11,2026-09-26_11-45,257,1,0,5,Emrys,Archer,244,112,22,Dagger+Bow,25,1,Bow,30,23,OrcishMage,5811,lost,,36,96,0.04,82,13,69,69,0,0,0,2,2,17,0.04,242,1929,0.1255,0.332,0,1,0,0
945,2026-09-26,13:08:08,2026-09-26_11-45,257,1,0,5,Vance,Warrior,279,128,9,WarFork,18,0,WarFork,,0,OrcishMage,5811,won,,25,0,1.0,91,15,80,76,148,0,0,2,2,0,1.05,6117,1492,4.0999,0.2568,9,,0,0
946,2026-09-26,13:08:32,2026-09-26_11-45,257,1,0,5,Vance,Warrior,279,128,9,WarFork,18,0,WarFork,,0,JukaMage,16729,lost,,24,81,0.19,81,0,80,81,119,0,0,1,4,22,0.18,3079,1492,2.0637,0.0892,5,,0,0
947,2026-09-26,13:08:32,2026-09-26_11-45,257,1,0,5,Leofric,Archer,165,104,9,Pitchfork+Bow,25,1,Bow,18,0,OrcishMage,5811,lost,,19,47,0.53,69,0,68,69,63,0,0,1,0,15,0.52,3035,1700,1.7853,0.2925,0,4,0,0
948,2026-09-26,13:08:41,2026-09-26_11-45,257,1,0,5,Ulwin,WarriorMage,321,127,0,WarFork,18,0,WarFork,,0,OrcishMage,5811,lost,,15,69,0.31,76,0,75,76,41,6,0,0,0,46,0.3,1764,3296,0.5352,0.5672,0,,0,0
949,2026-09-26,13:09:21,2026-09-26_11-45,257,1,0,5,Jorunn,WarriorMage,301,120,0,WarFork,18,0,WarFork,,0,OrcishMage,5811,lost,,14,49,0.51,75,0,74,75,72,0,0,0,0,42,0.5,2929,3278,0.8935,0.5641,5,,0,0
950,2026-09-26,13:09:36,2026-09-26_11-45,257,1,0,5,Ronan,WarriorMage,326,127,12,ShortSpear,18,0,Broadsword,,0,OrcishMage,5811,lost,,59,56,0.44,112,32,75,80,76,7,3,4,4,53,0.41,2410,3304,0.7294,0.5686,0,,3,0
951,2026-09-26,13:11:18,2026-09-26_13-10,258,1,0,5,Hollis,Archer,297,135,7,Dagger+Bow,25,1,Bow,0,1,OrcishMage,5858,lost,,13,85,0.15,72,0,72,72,21,0,0,0,0,24,0.15,901,1915,0.4705,0.3269,5,0,0,13
952,2026-09-26,13:11:20,2026-09-26_13-10,258,1,0,5,Neriah,Mage,274,122,0,BotCasterStaff,18,0,BotCasterStaff,,0,OrcishMage,5858,lost,,15,95,0.05,69,0,68,69,7,0,0,1,0,58,0.05,277,3067,0.0903,0.5236,4,,0,0
953,2026-09-26,13:12:08,2026-09-26_13-10,258,1,0,5,Kelda,Mage,159,110,8,BotCasterStaff,18,0,BotCasterStaff,,0,OrcishMage,5858,lost,,17,82,0.18,64,0,63,64,23,0,0,1,0,55,0.17,1020,2744,0.3717,0.4684,5,,0,0
954,2026-09-26,13:12:48,2026-09-26_13-10,258,1,0,5,Oswin,Healer,200,115,7,BotCasterStaff,18,0,BotCasterStaff,,0,OrcishMage,5858,lost,,23,90,0.1,65,0,64,65,13,0,0,0,0,53,0.09,549,2214,0.248,0.3779,5,,0,0
955,2026-09-26,13:13:32,2026-09-26_13-10,258,1,0,5,Delwyn,Archer,229,114,0,Pitchfork+Bow,25,1,Bow,123,0,OrcishMage,5858,lost,,57,2,0.98,82,10,68,72,145,0,0,3,0,18,0.93,5448,1795,3.0351,0.3064,0,11,0,53
956,2026-09-26,13:14:16,2026-09-26_13-10,258,1,0,5,Kestrel,Archer,207,112,7,WarMace+Bow,25,1,Bow,135,0,OrcishMage,5858,won,,30,0,1.0,65,0,69,65,111,0,0,3,0,8,1.06,6218,1725,3.6046,0.2945,0,7,0,29
957,2026-09-26,13:14:24,2026-09-26_13-10,258,1,0,5,Kestrel,Archer,207,112,7,WarMace+Bow,25,1,Bow,135,0,JukaMage,16486,lost,,8,82,0.18,69,0,69,69,46,0,0,1,0,17,0.18,3009,1725,1.7443,0.1046,0,2,0,0
958,2026-09-26,13:15:04,2026-09-26_13-10,258,1,0,5,Harlan,Warrior,205,109,7,WarMace,20,0,WarMace,,0,OrcishMage,5858,lost,,29,59,0.41,72,0,78,72,55,0,0,0,0,17,0.45,2627,1560,1.684,0.2663,5,,0,0
959,2026-09-26,13:15:06,2026-09-26_13-10,258,1,0,5,Pell,Healer,150,104,0,BotCasterStaff,18,0,BotCasterStaff,,0,OrcishMage,5858,lost,,20,93,0.07,63,0,62,63,10,0,0,0,0,49,0.07,421,1848,0.2278,0.3155,4,,0,0
960,2026-09-26,13:15:53,2026-09-26_13-10,258,1,0,5,Jorunn,WarriorMage,302,121,4,WarFork,18,0,WarFork,,0,OrcishMage,5858,lost,,37,62,0.38,101,24,74,77,49,9,0,3,3,48,0.36,2123,3278,0.6477,0.5596,0,,0,0
961,2026-09-26,13:16:05,2026-09-26_13-10,258,1,0,5,Hale,Brawler,257,138,22,WarMace,20,0,WarMace,,0,OrcishMage,5858,lost,,29,80,0.2,101,11,88,90,26,0,0,2,4,17,0.2,1174,1905,0.6163,0.3252,5,,0,0
962,2026-09-26,13:17:11,2026-09-26_13-16,259,1,1,5,Ivo,WarriorMage,251,118,11,WarMace,20,0,WarMace,,0,OrcishMage,5748,lost,,23,78,0.22,76,0,74,76,25,0,0,0,0,41,0.21,1205,3374,0.3571,0.587,1,,0,0
963,2026-09-26,13:17:17,2026-09-26_13-16,259,1,1,5,Jorunn,WarriorMage,302,121,11,WarFork,18,0,WarFork,,0,OrcishMage,5748,lost,,29,33,0.67,81,6,74,75,82,9,0,1,2,46,0.66,3812,3278,1.1629,0.5703,0,,0,0
964,2026-09-26,13:17:29,2026-09-26_13-16,259,1,1,5,Dain,Warrior,306,142,7,Kryss,15,0,Kryss,,0,OrcishMage,5748,lost,,41,76,0.24,93,9,81,84,37,8,0,2,2,35,0.23,1345,1519,0.8855,0.2643,0,,0,0
965,2026-09-26,13:17:52,2026-09-26_13-16,259,1,1,5,Rowan,Warrior,329,145,10,WarMace,20,0,WarMace,,0,OrcishMage,5748,won,,25,0,1.0,76,0,84,76,103,0,0,2,2,0,1.11,6353,1974,3.2183,0.3434,5,,0,0
966,2026-09-26,13:17:55,2026-09-26_13-16,259,1,1,5,Yarrow,Warrior,274,136,20,Katana,15,0,Katana,,0,OrcishMage,5748,won,,19,0,1.0,32,0,82,32,130,0,0,1,0,0,2.56,14728,1328,11.0904,0.231,5,,3,0
967,2026-09-26,13:18:20,2026-09-26_13-16,259,1,1,5,Yarrow,Warrior,275,136,20,Katana,15,0,Katana,,0,JukaMage,14017,lost,,24,61,0.39,83,0,82,83,103,0,0,2,3,27,0.39,5442,1328,4.0979,0.0947,5,,3,0
968,2026-09-26,13:18:27,2026-09-26_13-16,259,1,1,5,Rowan,Warrior,329,145,10,WarMace,20,0,WarMace,,0,JukaMage,14017,lost,,35,76,0.24,103,16,84,87,158,0,0,2,2,30,0.24,3311,1974,1.6773,0.1408,5,,0,0
969,2026-09-26,13:18:50,2026-09-26_13-16,259,1,1,5,Isolde,Mage,181,106,0,BotCasterStaff,18,0,BotCasterStaff,,0,OrcishMage,5748,lost,,28,92,0.08,65,0,63,65,6,0,0,0,0,53,0.08,461,2778,0.1659,0.4833,5,,0,0
970,2026-09-26,13:18:54,2026-09-26_13-16,259,1,1,5,Torvin,Warrior,289,126,0,WarMace,20,0,WarMace,,0,OrcishMage,5748,won,,22,0,1.0,49,0,81,49,110,0,0,0,0,0,1.65,9501,1814,5.2376,0.3156,4,,0,0
971,2026-09-26,13:19:10,2026-09-26_13-16,259,1,1,5,Lorcan,Mage,142,105,0,BotCasterStaff,18,0,BotCasterStaff,,0,OrcishMage,5748,lost,,33,96,0.04,65,0,63,65,26,0,0,0,0,52,0.04,213,2734,0.0779,0.4756,5,,0,0
972,2026-09-26,13:19:16,2026-09-26_13-16,259,1,1,5,Torvin,Warrior,290,126,7,WarMace,20,0,WarMace,,0,OrcishMage,5748,lost,,21,59,0.41,82,0,81,82,52,0,0,0,0,23,0.4,2307,1814,1.2718,0.3156,4,,0,0
973,2026-09-26,13:19:48,2026-09-26_13-16,259,1,1,5,Ronan,WarriorMage,331,127,0,Broadsword,17,0,Broadsword,,0,OrcishMage,5748,lost,,25,40,0.6,77,0,75,77,83,0,0,0,0,45,0.58,3334,2951,1.1298,0.5134,4,,3,0
974,2026-09-26,13:20:19,2026-09-26_13-16,259,1,1,5,Marek,Archer,163,102,0,Dagger+Bow,25,1,Bow,30,0,OrcishMage,5748,lost,,24,100,0.0,68,0,67,68,0,0,0,0,0,15,0.0,0,1702,0.0,0.2961,0,5,3,23
975,2026-09-26,13:21:16,2026-09-26_13-16,259,1,1,5,Marek,Archer,163,102,7,Dagger+Bow,25,1,Bow,150,0,OrcishMage,5748,lost,,27,64,0.36,69,0,67,69,48,0,0,2,0,15,0.34,1983,1702,1.1651,0.2961,0,5,0,25
976,2026-09-26,13:21:53,2026-09-26_13-16,259,1,1,5,Garrow,Archer,227,112,0,Dagger+Bow,25,1,Bow,144,0,OrcishMage,5748,won,,65,0,1.0,57,0,68,57,124,0,0,0,0,0,1.19,6857,1734,3.9544,0.3017,5,13,0,59
977,2026-09-26,13:21:56,2026-09-26_13-16,259,1,1,5,Torvin,Warrior,290,126,0,WarMace,20,0,WarMace,,0,OrcishMage,5748,won,,48,0,1.0,74,0,81,74,143,0,0,0,0,7,1.09,6291,1613,3.9002,0.2806,13,,0,0
978,2026-09-26,13:21:56,2026-09-26_13-16,259,1,1,5,Leofric,Archer,170,106,0,Dagger+Bow,25,1,Bow,55,0,OrcishMage,5748,lost,,35,5,0.95,62,0,68,62,120,0,0,0,0,15,1.04,5972,1700,3.5129,0.2958,0,8,0,0
979,2026-09-26,13:22:14,2026-09-26_13-16,259,1,1,5,Leofric,Archer,170,106,0,Dagger+Bow,25,1,Bow,55,0,JukaMage,14017,lost,,16,100,0.0,68,0,68,68,0,0,0,0,0,15,0.0,0,1700,0.0,0.1213,0,4,5,0
980,2026-09-26,13:22:24,2026-09-26_13-16,259,1,1,5,Torvin,Warrior,290,126,0,WarMace,20,0,WarMace,,0,JukaMage,14017,lost,,23,86,0.14,82,0,81,82,40,0,0,0,0,23,0.14,1893,1814,1.0436,0.1294,5,,0,0
981,2026-09-26,13:22:29,2026-09-26_13-16,259,1,1,5,Garrow,Archer,229,112,7,Dagger+Bow,25,1,Bow,144,0,OrcishMage,5748,lost,,28,81,0.19,70,0,68,70,21,0,0,2,0,17,0.19,1071,1734,0.6176,0.3017,0,6,1,0
982,2026-09-26,13:22:47,2026-09-26_13-16,259,1,1,5,Aric,Archer,244,119,9,Dagger+Bow,25,1,Bow,50,0,OrcishMage,5748,lost,,28,26,0.74,70,0,69,70,89,0,0,0,0,22,0.73,4172,1842,2.2649,0.3205,0,6,0,0
983,2026-09-26,13:22:48,2026-09-26_13-16,259,1,1,5,Perri,Warrior,299,124,8,WarFork,18,0,WarFork,,0,JukaMage,14017,lost,,19,50,0.5,79,0,78,79,106,0,0,1,2,23,0.5,6953,1502,4.6292,0.1072,5,,0,0
984,2026-09-26,13:23:11,2026-09-26_13-16,259,1,1,5,Talia,WarriorMage,379,146,2,Katana,15,0,Katana,,0,OrcishMage,5748,lost,,36,14,0.86,82,0,79,82,123,0,0,0,0,55,0.83,4780,3275,1.4595,0.5698,5,,2,0
985,2026-09-26,13:23:16,2026-09-26_13-16,259,1,1,5,Perri,Warrior,299,125,8,WarFork,18,0,WarFork,,0,OrcishMage,5748,won,,23,0,1.0,56,4,78,52,116,0,0,1,1,0,1.5,8621,1502,5.7397,0.2613,5,,0,0
986,2026-09-26,13:23:30,2026-09-26_13-16,259,1,1,5,Harlan,Warrior,207,109,0,WarMace,20,0,WarMace,,0,OrcishMage,5748,lost,,38,12,0.88,81,0,78,81,121,0,0,0,0,17,0.85,4881,1560,3.1288,0.2714,5,,0,0
987,2026-09-26,13:23:37,2026-09-26_13-16,259,1,1,5,Sable,Warrior,235,118,0,WarMace,20,0,WarMace,,0,OrcishMage,5748,lost,,21,52,0.48,81,0,80,81,64,0,0,0,0,19,0.47,2705,1496,1.8082,0.2603,5,,0,0
988,2026-09-26,13:23:50,2026-09-26_13-16,259,1,1,5,Delwyn,Archer,231,117,0,Dagger+Bow,25,1,Bow,97,0,OrcishMage,5748,lost,,28,49,0.51,71,0,69,71,71,0,0,0,0,19,0.5,2855,1822,1.567,0.317,0,6,4,0
989,2026-09-26,13:23:59,2026-09-26_13-16,259,1,1,5,Perri,Warrior,300,125,12,WarFork,18,0,WarFork,,0,OrcishMage,5748,won,,24,0,1.0,33,0,78,33,148,0,0,2,1,0,2.36,13585,1502,9.0446,0.2613,8,,0,0
990,2026-09-26,13:24:27,2026-09-26_13-16,259,1,1,5,Perri,Warrior,300,125,12,WarFork,18,0,WarFork,,0,JukaMage,14017,lost,,27,42,0.58,93,13,78,80,157,0,0,2,2,23,0.56,7885,1502,5.2497,0.1072,4,,0,0
991,2026-09-26,13:24:31,2026-09-26_13-16,259,1,1,5,Vance,Warrior,287,131,0,WarFork,18,0,WarFork,,0,OrcishMage,5748,lost,,42,40,0.6,93,14,81,79,127,0,0,0,2,24,0.62,3562,1511,2.3574,0.2629,5,,0,0
992,2026-09-26,13:24:56,2026-09-26_13-16,259,1,1,5,Sable,Warrior,236,118,7,WarMace,20,0,Hatchet,,0,OrcishMage,5748,lost,,21,81,0.19,81,0,80,81,27,0,0,2,0,19,0.19,1077,800,1.3462,0.1392,5,,0,0
993,2026-09-26,13:26:18,2026-09-26_13-16,259,1,1,5,Vesna,WarriorMage,258,118,6,Broadsword,17,0,Broadsword,,0,OrcishMage,5748,lost,,24,62,0.38,96,21,74,75,50,6,1,2,2,41,0.37,2155,3130,0.6885,0.5445,0,,0,0
994,2026-09-26,13:26:28,2026-09-26_13-16,259,1,1,5,Elspeth,Archer,309,126,0,Dagger+Bow,25,1,Dagger,,0,OrcishMage,5748,lost,,38,66,0.34,73,0,71,73,51,0,0,0,0,21,0.33,1903,749,2.5407,0.1303,5,,0,0
995,2026-09-26,13:26:53,2026-09-26_13-16,259,1,1,5,Oswin,Healer,202,115,0,BotCasterStaff,18,0,BotCasterStaff,,0,OrcishMage,5748,lost,,17,98,0.02,65,0,64,65,4,0,0,0,0,53,0.02,132,2214,0.0596,0.3852,5,,0,0
996,2026-09-26,13:27:17,2026-09-26_13-16,259,1,1,5,Isolde,Mage,184,107,7,BotCasterStaff,18,0,BotCasterStaff,,0,OrcishMage,5748,lost,,20,76,0.24,65,0,64,65,34,0,0,0,0,53,0.24,1363,2822,0.483,0.491,5,,0,0
997,2026-09-26,13:28:20,2026-09-26_13-16,259,1,1,5,Ivo,WarriorMage,252,118,0,WarMace,20,0,WarMace,,0,OrcishMage,5748,lost,,52,24,0.76,73,0,74,73,99,0,0,0,0,41,0.77,4423,3374,1.3109,0.587,5,,0,0
998,2026-09-26,13:29:14,2026-09-26_13-16,259,1,1,5,Isolde,Mage,185,107,0,BotCasterStaff,18,0,BotCasterStaff,,0,OrcishMage,5748,lost,,16,86,0.14,65,0,64,65,11,0,0,0,0,53,0.14,808,2822,0.2863,0.491,5,,0,0
999,2026-09-26,13:29:19,2026-09-26_13-16,259,1,1,5,Garrow,Archer,233,112,0,Dagger+Bow,25,1,Bow,118,0,OrcishMage,5748,lost,,22,34,0.66,69,0,68,69,83,0,0,0,0,17,0.65,3734,1556,2.3997,0.2707,0,5,0,0
1000,2026-09-26,13:29:25,2026-09-26_13-16,259,1,1,5,Quill,Warrior,330,151,10,WarFork,18,0,WarFork,,0,OrcishMage,5748,won,,26,0,1.0,65,0,83,65,154,0,0,1,2,0,1.28,7339,1631,4.4997,0.2838,5,,0,0
1001,2026-09-26,13:29:39,2026-09-26_13-16,259,1,1,5,Perri,Warrior,301,125,17,WarFork,18,0,Kryss,,0,OrcishMage,5748,won,,20,0,1.0,26,0,78,26,147,0,0,1,0,0,3.0,17243,1306,13.2029,0.2272,5,,0,0
1002,2026-09-26,13:29:48,2026-09-26_13-16,259,1,1,5,Quill,Warrior,330,151,10,WarFork,18,0,WarFork,,0,JukaMage,14017,lost,,18,80,0.2,94,10,83,84,44,0,0,1,3,32,0.2,2823,1631,1.7308,0.1164,4,,0,0
1003,2026-09-26,13:29:52,2026-09-26_13-16,259,1,1,5,Jorunn,WarriorMage,306,122,0,WarFork,18,0,WarFork,,0,OrcishMage,5748,won,,27,0,1.0,16,0,74,16,181,0,0,0,0,8,4.62,26583,3278,8.1095,0.5703,8,,0,0
1004,2026-09-26,13:30:05,2026-09-26_13-16,259,1,1,5,Perri,Warrior,301,125,17,WarFork,18,0,Kryss,,0,JukaMage,14017,lost,,21,71,0.29,79,0,78,79,65,0,0,1,1,23,0.29,4001,1306,3.0636,0.0932,5,,0,0
1005,2026-09-26,13:30:05,2026-09-26_13-16,259,1,1,5,Jorunn,WarriorMage,306,122,0,WarFork,18,0,WarFork,,0,JukaMage,14017,lost,,12,70,0.3,75,0,74,75,87,0,0,0,0,42,0.29,4133,3278,1.2608,0.2339,5,,0,0
1006,2026-09-26,13:30:27,2026-09-26_13-16,259,1,1,5,Dain,Warrior,315,145,0,Kryss,15,0,Kryss,,0,OgreLord,19462,lost,,16,89,0.11,83,0,82,83,105,0,0,0,0,30,0.11,2207,1538,1.435,0.079,5,,0,0
1007,2026-09-26,13:30:33,2026-09-26_13-16,259,1,1,5,Yarrow,Warrior,280,137,0,Katana,15,0,Katana,,0,OrcishMage,5748,lost,,37,24,0.76,84,0,82,84,172,0,0,0,0,28,0.74,4239,1328,3.192,0.231,4,,2,0
1008,2026-09-26,13:30:37,2026-09-26_13-16,259,1,1,5,Marek,Archer,165,102,0,Dagger+Bow,25,1,Bow,140,0,OrcishMage,5748,lost,,28,17,0.83,69,0,67,69,108,0,0,0,0,15,0.81,4658,1702,2.7368,0.2961,0,6,0,0
1009,2026-09-26,13:30:49,2026-09-26_13-16,259,1,1,5,Dain,Warrior,315,145,0,Kryss,15,0,Kryss,,0,JukaMage,14017,lost,,17,51,0.49,83,0,82,83,106,0,0,0,0,30,0.48,6777,1538,4.4064,0.1097,5,,0,0
1010,2026-09-26,13:31:01,2026-09-26_13-16,259,1,1,5,Dain,Warrior,315,145,0,Kryss,15,0,Kryss,,0,OrcishMage,5748,won,,12,0,1.0,15,0,82,15,137,0,0,0,0,0,5.0,28738,1538,18.6853,0.2676,5,,3,0
1011,2026-09-26,13:31:50,2026-09-26_13-16,259,1,1,5,Garrow,Archer,233,112,7,Dagger+Bow,25,1,Bow,118,24,OrcishMage,5748,lost,,38,94,0.06,94,24,68,70,0,0,0,3,4,17,0.06,317,1734,0.1828,0.3017,0,1,0,0
1012,2026-09-26,13:32:01,2026-09-26_13-16,259,1,1,5,Isolde,Mage,187,107,8,BotCasterStaff,18,0,BotCasterStaff,,0,OrcishMage,5748,lost,,19,75,0.25,65,0,64,65,31,0,0,0,0,53,0.25,1427,2822,0.5057,0.491,4,,0,0
1013,2026-09-26,13:32:33,2026-09-26_13-16,259,1,1,5,Wystan,WarriorArcher,246,109,9,WarHammer+Crossbow,25,1,WarHammer,,2,OrcishMage,5748,lost,,23,39,0.61,71,0,70,71,75,0,0,0,0,19,0.6,3466,1774,1.9538,0.3086,0,,0,0
1014,2026-09-26,13:32:42,2026-09-26_13-16,259,1,1,5,Cassia,WarriorArcher,259,119,6,Dagger+Bow,25,1,Bow,12,0,OrcishMage,5748,lost,,31,28,0.72,73,0,71,73,95,0,0,2,0,21,0.7,4048,1896,2.135,0.3299,0,6,0,0
1015,2026-09-26,13:33:19,2026-09-26_13-16,259,1,1,5,Hale,Brawler,263,140,28,WarMace,20,0,WarMace,,0,OrcishMage,5748,lost,,26,32,0.68,95,5,88,90,94,0,0,2,3,18,0.67,3835,1905,2.0131,0.3314,5,,0,0
1016,2026-09-26,13:33:22,2026-09-26_13-16,259,1,1,5,Isolde,Mage,187,107,0,BotCasterStaff,18,0,BotCasterStaff,,0,OrcishMage,5748,lost,,21,71,0.29,65,0,64,65,31,0,0,0,0,53,0.29,1654,2822,0.5861,0.491,4,,0,0
1017,2026-09-26,13:33:31,2026-09-26_13-16,259,1,1,5,Brannoc,Archer,283,131,0,Dagger+Bow,25,1,Bow,0,1,OrcishMage,5748,lost,,15,99,0.01,73,0,72,73,1,0,0,0,0,24,0.01,45,1926,0.0234,0.3351,5,0,0,0
1018,2026-09-26,13:33:42,2026-09-26_13-16,259,1,1,5,Hollis,Archer,299,135,0,Dagger+Bow,25,1,Bow,0,1,OrcishMage,5748,lost,,18,92,0.08,73,0,72,73,12,0,0,0,0,23,0.08,455,1915,0.2376,0.3332,5,0,0,0
1019,2026-09-26,13:34:31,2026-09-26_13-16,259,1,1,5,Wystan,WarriorArcher,246,109,0,Dagger+Crossbow,25,1,Crossbow,1,1,OrcishMage,5748,lost,,33,83,0.17,72,0,70,72,30,0,0,0,0,19,0.17,957,2020,0.4738,0.3514,4,1,0,0
1020,2026-09-26,13:35:00,2026-09-26_13-16,259,1,1,5,Wystan,WarriorArcher,246,109,9,WarHammer+Crossbow,25,1,Crossbow,1,1,OrcishMage,5748,lost,,18,99,0.01,71,0,70,71,2,0,0,0,0,19,0.01,41,2020,0.0203,0.3514,5,1,0,0
1021,2026-09-26,13:35:26,2026-09-26_13-16,259,1,1,5,Quenna,Healer,162,106,2,BotCasterStaff,18,0,BotCasterStaff,,0,OrcishMage,5748,lost,,21,79,0.21,64,0,63,64,31,0,0,0,0,49,0.21,1179,1972,0.5979,0.3431,5,,2,0
1022,2026-09-26,13:35:32,2026-09-26_13-16,259,1,1,5,Kelda,Mage,169,111,10,BotCasterStaff,18,0,BotCasterStaff,,0,OrcishMage,5748,lost,,68,91,0.09,86,18,63,68,94,18,0,3,4,69,0.07,413,2788,0.1481,0.485,0,,0,0
1023,2026-09-26,13:35:39,2026-09-26_13-16,259,1,1,5,Ulwin,WarriorMage,331,132,0,WarFork,18,0,WarFork,,0,OrcishMage,5748,won,,45,0,1.0,76,0,76,76,118,0,0,0,0,0,1.0,5748,3340,1.721,0.5811,15,,0,0
1024,2026-09-26,13:35:54,2026-09-26_13-16,259,1,1,5,Sable,Warrior,238,118,0,WarMace,20,0,WarMace,,0,OrcishMage,5748,won,,23,0,1.0,59,0,80,59,95,0,0,0,0,0,1.36,7793,1640,4.7518,0.2853,5,,3,0
1025,2026-09-26,13:36:01,2026-09-26_13-16,259,1,1,5,Yarrow,Warrior,281,137,0,Club,16,0,Katana,,0,OrcishMage,5748,won,,23,0,1.0,14,0,82,14,133,0,0,0,0,0,5.0,28738,1328,21.6401,0.231,10,,0,0
1026,2026-09-26,13:36:06,2026-09-26_13-16,259,1,1,5,Ulwin,WarriorMage,331,132,0,WarFork,18,0,WarFork,,0,JukaMage,14017,lost,,22,66,0.34,77,0,76,77,98,0,0,0,0,44,0.34,4723,3340,1.4141,0.2383,5,,0,0
1027,2026-09-26,13:36:20,2026-09-26_13-16,259,1,1,5,Sable,Warrior,238,118,0,WarMace,20,0,WarMace,,0,JukaMage,14017,lost,,22,93,0.07,81,0,80,81,57,0,0,0,0,19,0.07,1006,1640,0.6134,0.117,5,,0,0
1028,2026-09-26,13:36:21,2026-09-26_13-16,259,1,1,5,Yarrow,Warrior,281,137,0,Club,16,0,Katana,,0,JukaMage,14017,lost,,15,85,0.15,82,0,82,82,46,0,0,0,0,28,0.15,2153,1328,1.6212,0.0947,5,,0,0
1029,2026-09-26,13:36:35,2026-09-26_13-16,259,1,1,5,Wystan,WarriorArcher,247,109,9,Dagger+Crossbow,25,1,Crossbow,0,1,OrcishMage,5748,lost,,24,89,0.11,71,0,70,71,14,0,0,0,0,19,0.11,625,2020,0.3094,0.3514,4,0,0,0
1030,2026-09-26,13:37:15,2026-09-26_13-16,259,1,1,5,Corwin,Archer,227,115,7,Dagger+Bow,25,1,Bow,113,0,OrcishMage,5748,won,,49,0,1.0,39,0,68,39,119,0,0,1,0,8,1.74,10022,1748,5.7334,0.3041,0,11,0,0
1031,2026-09-26,13:37:33,2026-09-26_13-16,259,1,1,5,Corwin,Archer,227,115,7,Dagger+Bow,25,1,Bow,112,0,JukaMage,14017,lost,,18,90,0.1,69,0,68,69,22,0,0,1,0,20,0.09,1331,1748,0.7614,0.1247,0,4,0,0
1032,2026-09-26,13:38:02,2026-09-26_13-16,259,1,1,5,Lorcan,Mage,151,105,0,BotCasterStaff,18,0,BotCasterStaff,,0,OrcishMage,5748,lost,,26,74,0.26,65,0,63,65,33,0,0,0,0,52,0.26,1476,2734,0.5399,0.4756,4,,0,0
1033,2026-09-26,13:38:22,2026-09-26_13-16,259,1,1,5,Kestrel,Archer,213,114,0,Dagger+Bow,25,1,Bow,75,0,OrcishMage,5748,lost,,11,39,0.61,70,0,70,70,78,0,0,0,0,18,0.61,3512,1750,2.0069,0.3045,0,3,0,0
1034,2026-09-26,13:38:29,2026-09-26_13-16,259,1,1,5,Yarrow,Warrior,282,137,0,Katana,15,0,Katana,,0,OrcishMage,5748,won,,20,0,1.0,33,0,82,33,101,0,0,0,0,0,2.48,14282,1328,10.7545,0.231,5,,0,0
1035,2026-09-26,13:38:54,2026-09-26_13-16,259,1,1,5,Yarrow,Warrior,282,137,0,Katana,15,0,Katana,,0,JukaMage,14017,lost,,25,82,0.18,83,0,82,83,80,0,0,0,0,28,0.18,2509,1328,1.8893,0.0947,5,,0,0
1036,2026-09-26,13:39:17,2026-09-26_13-16,259,1,1,5,Yarrow,Warrior,282,137,0,Club,16,0,Katana,,0,OrcishMage,5748,lost,,23,13,0.87,84,0,82,84,106,0,0,0,0,28,0.85,4869,1328,3.6664,0.231,5,,0,0
1037,2026-09-26,13:39:21,2026-09-26_13-16,259,1,1,5,Garrow,Archer,237,113,0,Dagger+Bow,25,1,Bow,89,0,OrcishMage,5748,lost,,26,71,0.29,70,0,68,70,39,0,0,0,0,17,0.28,1637,1748,0.9365,0.3041,0,5,0,0
1038,2026-09-26,13:40:21,2026-09-26_13-16,259,1,1,5,Maeve,Mage,202,112,1,BotCasterStaff,18,0,BotCasterStaff,,0,OrcishMage,5748,lost,,42,73,0.27,68,0,65,68,42,0,0,0,0,55,0.26,1488,2569,0.5792,0.4469,5,,1,0
1039,2026-09-26,13:41:07,2026-09-26_13-16,259,1,1,5,Vesna,WarriorMage,263,118,0,Broadsword,17,0,Broadsword,,0,OrcishMage,5748,lost,,30,14,0.86,68,0,74,68,113,0,0,0,0,38,0.94,5382,3130,1.7195,0.5445,5,,0,0
1040,2026-09-26,13:41:12,2026-09-26_13-16,259,1,1,5,Kestrel,Archer,214,114,10,WarMace+Bow,25,1,Bow,66,0,OrcishMage,5748,lost,,18,54,0.46,70,0,70,70,57,0,0,1,0,18,0.46,2666,1750,1.5234,0.3045,0,4,0,0
1041,2026-09-26,13:41:12,2026-09-26_13-16,259,1,1,5,Yarrow,Warrior,282,137,0,Katana,15,0,Katana,,0,OrcishMage,5748,won,,24,0,1.0,55,0,82,55,116,0,0,0,0,8,1.49,8569,1328,6.4526,0.231,5,,0,0
1042,2026-09-26,13:42:09,2026-09-26_13-16,259,1,1,5,Vesna,WarriorMage,264,118,6,Broadsword,17,0,Broadsword,,0,OrcishMage,5748,lost,,57,67,0.33,109,31,74,78,85,4,3,4,4,46,0.31,1803,3130,0.576,0.5445,0,,1,0
1043,2026-09-26,13:43:19,2026-09-26_13-16,259,1,1,5,Kestrel,Archer,214,114,10,Dagger+Bow,25,1,Bow,150,0,OrcishMage,5748,won,,76,0,1.0,61,0,70,61,161,0,0,4,0,0,1.15,6596,1750,3.7691,0.3045,7,15,3,0
1044,2026-09-26,13:43:37,2026-09-26_13-16,259,1,1,5,Kestrel,Archer,214,114,10,Dagger+Bow,25,1,Bow,149,0,JukaMage,14017,lost,,18,84,0.16,70,0,70,70,37,0,0,1,0,18,0.16,2236,1750,1.2777,0.1248,0,4,0,0
1045,2026-09-26,13:44:11,2026-09-26_13-16,259,1,1,5,Sable,Warrior,239,119,7,WarMace,20,0,WarMace,,0,OrcishMage,5748,won,,48,0,1.0,75,9,80,66,171,0,0,3,1,0,1.21,6967,1640,4.2482,0.2853,9,,0,0
1046,2026-09-26,13:44:22,2026-09-26_13-16,259,1,1,5,Sable,Warrior,239,119,7,WarMace,20,0,WarMace,,0,JukaMage,14017,lost,,11,90,0.1,86,6,80,80,23,0,0,1,1,20,0.1,1446,1640,0.8817,0.117,5,,0,0
1047,2026-09-26,13:45:13,2026-09-26_13-16,259,1,1,5,Ulla,Warrior,318,140,4,WarMace,20,0,WarMace,,0,OrcishMage,5748,won,,25,0,1.0,54,0,87,54,135,0,0,1,2,0,1.61,9260,1997,4.637,0.3474,4,,4,0
1048,2026-09-26,13:45:48,2026-09-26_13-16,259,1,1,5,Ulla,Warrior,318,140,4,WarMace,20,0,WarMace,,0,JukaMage,14017,lost,,35,52,0.48,103,14,87,89,122,0,0,3,3,24,0.47,6632,1997,3.321,0.1425,4,,0,0
1049,2026-09-26,13:48:49,2026-09-26_13-16,259,1,1,5,Ulla,Warrior,318,141,11,WarMace,20,0,WarMace,,0,OrcishMage,5748,won,,30,0,1.0,85,6,87,79,119,0,0,2,2,0,1.1,6330,1997,3.1698,0.3474,5,,0,0
1050,2026-09-26,13:49:16,2026-09-26_13-16,259,1,1,5,Ulla,Warrior,318,141,11,WarMace,20,0,WarMace,,0,JukaMage,14017,lost,,27,30,0.7,89,0,87,89,188,0,0,2,2,24,0.68,9581,1997,4.7977,0.1425,5,,0,0
1051,2026-09-26,13:50:01,2026-09-26_13-16,259,1,1,5,Perri,Warrior,308,127,0,WarFork,18,0,WarFork,,0,OrcishMage,5748,won,,30,0,1.0,57,0,79,57,122,0,0,0,0,0,1.39,7966,1521,5.2373,0.2646,12,,2,0
1052,2026-09-26,13:50:02,2026-09-26_13-16,259,1,1,5,Ulla,Warrior,319,141,0,WarMace,20,0,WarMace,,0,OrcishMage,5748,lost,,27,37,0.63,89,0,87,89,129,0,0,0,0,24,0.62,3539,1997,1.7722,0.3474,5,,0,0
1053,2026-09-26,13:50:23,2026-09-26_13-16,259,1,1,5,Neriah,Mage,287,127,0,BotCasterStaff,18,0,BotCasterStaff,,0,OrcishMage,5748,lost,,20,63,0.37,70,0,69,70,46,0,0,0,0,59,0.36,2085,3115,0.6693,0.5419,5,,0,0
1054,2026-09-26,13:50:53,2026-09-26_13-16,259,1,1,5,Perri,Warrior,309,127,0,WarFork,18,0,WarFork,,0,JukaMage,14017,lost,,15,68,0.32,80,0,79,80,95,0,0,0,0,23,0.31,4394,1521,2.8889,0.1085,4,,3,0
1055,2026-09-26,13:51:06,2026-09-26_13-16,259,1,1,5,Vesna,WarriorMage,265,118,0,Broadsword,17,0,Broadsword,,0,OrcishMage,5748,lost,,19,56,0.44,75,0,74,75,64,0,0,0,0,38,0.43,2481,3130,0.7927,0.5445,4,,0,0
1056,2026-09-26,13:51:36,2026-09-26_13-16,259,1,1,5,Rowan,Warrior,331,147,0,WarMace,20,0,WarMace,,0,OrcishMage,5748,won,,32,0,1.0,63,0,85,63,117,0,0,0,0,0,1.35,7755,1998,3.8814,0.3476,5,,4,0
1057,2026-09-26,13:51:57,2026-09-26_13-16,259,1,1,5,Rowan,Warrior,331,147,0,WarMace,20,0,WarMace,,0,JukaMage,14017,lost,,16,100,0.0,86,0,85,86,0,0,0,0,0,31,0.0,0,1998,0.0,0.1425,5,,0,0
1058,2026-09-26,13:51:57,2026-09-26_13-16,259,1,1,5,Sable,Warrior,241,119,13,WarMace,20,0,WarMace,,0,OrcishMage,5748,won,,41,0,1.0,47,22,80,25,133,0,0,1,1,8,3.2,18392,1640,11.2146,0.2853,5,,0,0
1059,2026-09-26,13:52:07,2026-09-26_13-16,259,1,1,5,Fenna,Archer,269,118,7,Dagger+Bow,25,1,Bow,16,37,OrcishMage,5748,lost,,60,96,0.04,74,8,69,66,0,0,0,4,4,22,0.04,245,1935,0.1266,0.3366,0,1,2,0
1060,2026-09-26,13:52:29,2026-09-26_13-16,259,1,1,5,Sable,Warrior,242,119,13,WarMace,20,0,WarMace,,0,JukaMage,14017,lost,,27,82,0.18,88,6,80,82,37,0,0,1,1,20,0.17,2423,1640,1.4774,0.117,5,,0,0
1061,2026-09-26,13:57:15,2026-09-26_13-16,259,1,1,5,Wynn,Warrior,301,137,19,TwoHandedAxe,22,0,TwoHandedAxe,,0,OrcishMage,5748,won,,32,0,1.0,37,0,84,37,117,0,0,1,0,8,2.27,13049,1978,6.5971,0.3441,5,,6,0
1062,2026-09-26,13:57:43,2026-09-26_13-16,259,1,1,5,Wynn,Warrior,301,137,19,TwoHandedAxe,22,0,TwoHandedAxe,,0,JukaMage,14017,lost,,28,76,0.24,107,22,84,85,72,0,0,2,0,26,0.24,3363,1978,1.7002,0.1411,5,,0,0
1063,2026-09-26,13:59:12,2026-09-26_13-16,259,1,1,5,Vance,Warrior,292,134,7,WarFork,18,0,WarFork,,0,OrcishMage,5748,won,,37,0,1.0,7,0,81,7,139,0,0,0,0,8,5.0,28738,1511,19.0192,0.2629,16,,23,0
1064,2026-09-26,13:59:39,2026-09-26_13-16,259,1,1,5,Vance,Warrior,292,134,7,WarFork,18,0,WarFork,,0,JukaMage,14017,lost,,22,54,0.46,82,0,81,82,117,0,0,0,0,24,0.45,6344,1511,4.1985,0.1078,4,,0,0
1065,2026-09-26,13:59:40,2026-09-26_13-16,259,1,1,5,Hale,Brawler,275,141,3,Fists,0,0,nothing,,0,OrcishMage,5748,lost,,46,87,0.13,91,0,88,91,20,0,0,0,0,19,0.13,727,625,1.1632,0.1087,5,,4,0
1066,2026-09-26,14:00:01,2026-09-26_13-16,259,1,1,5,Jarek,Mage,169,109,0,BotCasterStaff,18,0,BotCasterStaff,,0,OrcishMage,5748,lost,,17,54,0.46,66,0,65,66,60,10,0,1,2,54,0.44,2522,2831,0.8909,0.4925,0,,0,0
1067,2026-09-26,14:00:01,2026-09-26_13-16,259,1,1,5,Bertram,WarriorArcher,276,119,28,Hatchet+Bow,25,1,Hatchet,,1,OrcishMage,5748,won,,56,0,1.0,76,0,74,76,123,0,0,4,0,8,0.97,5596,858,6.5221,0.1493,3,,0,0
1068,2026-09-26,14:00:17,2026-09-26_13-16,259,1,1,5,Torvin,Warrior,293,126,7,WarMace,20,0,WarMace,,0,OrcishMage,5748,lost,,31,35,0.65,83,0,81,83,97,0,0,0,0,23,0.63,3625,1814,1.9983,0.3156,5,,0,0
1069,2026-09-26,14:00:37,2026-09-26_13-16,259,1,1,5,Quill,Warrior,332,155,16,WarFork,18,0,WarFork,,0,OrcishMage,5748,won,,31,0,1.0,32,0,84,32,133,0,0,1,1,8,2.62,15088,1651,9.1387,0.2872,4,,1,0
1070,2026-09-26,14:00:39,2026-09-26_13-16,259,1,1,5,Hale,Brawler,275,141,27,WarMace,20,0,WarMace,,0,OrcishMage,5748,lost,,33,50,0.5,99,9,88,90,71,0,0,2,4,19,0.49,2789,1989,1.4022,0.346,5,,2,0
1071,2026-09-26,14:00:44,2026-09-26_13-16,259,1,1,5,Delwyn,Archer,238,118,0,WarHammer+Bow,25,1,Bow,37,0,OrcishMage,5748,lost,,22,51,0.49,70,0,69,70,78,0,0,0,0,19,0.48,2768,1822,1.5192,0.317,0,5,0,0
1072,2026-09-26,14:00:57,2026-09-26_13-16,259,1,1,5,Quill,Warrior,332,155,16,WarFork,18,0,WarFork,,0,JukaMage,14017,lost,,15,83,0.17,84,0,84,84,46,0,0,1,2,34,0.17,2426,1651,1.4694,0.1178,5,,0,0
1073,2026-09-26,14:01:12,2026-09-26_13-16,259,1,1,5,Bertram,WarriorArcher,276,119,28,Dagger+Bow,25,1,Bow,135,0,OrcishMage,5748,lost,,23,28,0.72,75,0,74,75,105,0,0,2,0,17,0.71,4096,2005,2.0429,0.3488,0,5,0,0
1074,2026-09-26,14:01:15,2026-09-26_13-16,259,1,1,5,Sable,Warrior,244,120,0,WarMace,20,0,WarMace,,0,OrcishMage,5748,lost,,31,60,0.4,81,0,80,81,53,0,0,0,0,20,0.39,2262,1640,1.3793,0.2853,5,,0,0
1075,2026-09-26,14:02:54,2026-09-26_13-16,259,1,1,5,Vesna,WarriorMage,266,120,11,Broadsword,17,0,Broadsword,,0,OrcishMage,5748,lost,,22,78,0.22,76,0,75,76,102,0,0,0,0,38,0.22,1251,3172,0.3944,0.5518,5,,0,0
1076,2026-09-26,14:03:13,2026-09-26_13-16,259,1,1,5,Vance,Warrior,293,134,0,WarFork,18,0,WarFork,,0,OrcishMage,5748,won,,12,0,1.0,16,0,81,16,118,0,0,0,0,0,5.0,28738,1511,19.0192,0.2629,5,,0,0
1077,2026-09-26,14:03:30,2026-09-26_13-16,259,1,1,5,Isolde,Mage,198,108,0,BotCasterStaff,18,0,BotCasterStaff,,0,OrcishMage,5748,lost,,25,74,0.26,66,0,64,66,41,0,0,0,0,53,0.25,1464,2822,0.5188,0.491,4,,3,0
1078,2026-09-26,14:03:35,2026-09-26_13-16,259,1,1,5,Vance,Warrior,293,134,0,WarFork,18,0,WarFork,,0,JukaMage,14017,lost,,16,70,0.3,82,0,81,82,70,0,0,0,0,24,0.3,4154,1511,2.7492,0.1078,5,,0,0
1079,2026-09-26,14:03:44,2026-09-26_13-16,259,1,1,5,Talia,WarriorMage,383,150,11,Katana,15,0,Katana,,0,OrcishMage,5748,lost,,61,57,0.43,141,56,80,85,58,6,10,4,5,67,0.4,2324,3316,0.7008,0.5769,0,,2,0
1080,2026-09-26,14:04:03,2026-09-26_13-16,259,1,1,5,Fenna,Archer,271,118,0,Dagger+Bow,25,1,Bow,78,0,OrcishMage,5748,won,,14,0,1.0,5,0,69,5,89,0,0,0,0,0,5.0,28738,1942,14.7981,0.3379,0,4,0,0
1081,2026-09-26,14:04:16,2026-09-26_13-16,259,1,1,5,Wynn,Warrior,302,137,0,Broadsword,17,0,Broadsword,,0,OrcishMage,5748,won,,41,0,1.0,48,0,84,48,120,0,0,0,0,8,1.75,10058,1558,6.4557,0.2711,18,,6,0
1082,2026-09-26,14:04:25,2026-09-26_13-16,259,1,1,5,Fenna,Archer,271,118,0,Dagger+Bow,25,1,Bow,78,0,JukaMage,14017,lost,,22,69,0.31,70,0,69,70,73,0,0,0,0,22,0.31,4325,1942,2.2271,0.1385,0,5,4,0
1083,2026-09-26,14:04:44,2026-09-26_13-16,259,1,1,5,Wynn,Warrior,302,137,0,Broadsword,17,0,Broadsword,,0,JukaMage,14017,lost,,28,59,0.41,86,0,84,86,110,0,0,0,0,27,0.4,5665,1558,3.6361,0.1112,4,,0,0
1084,2026-09-26,14:07:11,2026-09-26_14-05,260,1,1,5,Cassia,WarriorArcher,269,121,0,Dagger+Bow,25,1,Bow,0,1,OrcishMage,4581,lost,,20,76,0.24,72,0,71,72,37,0,0,0,0,22,0.24,1084,1896,0.5717,0.4139,5,0,0,18
1085,2026-09-26,14:08:16,2026-09-26_14-05,260,1,1,5,Delwyn,Archer,239,118,0,Dagger+Bow,25,1,Bow,19,0,OrcishMage,4581,lost,,39,52,0.48,72,0,69,72,114,0,0,0,0,19,0.46,2098,1822,1.1515,0.3977,0,8,0,36
1086,2026-09-26,14:08:44,2026-09-26_14-05,260,1,1,5,Delwyn,Archer,239,118,0,WarHammer+Bow,25,1,Bow,15,0,OrcishMage,4581,lost,,28,37,0.63,71,0,69,71,82,0,0,0,0,19,0.62,2826,1822,1.551,0.3977,0,6,0,27
1087,2026-09-26,14:10:09,2026-09-26_14-05,260,1,1,5,Aric,Archer,252,123,0,Dagger+Bow,25,1,Bow,137,0,OrcishMage,4581,lost,,10,68,0.32,70,0,70,70,44,0,0,0,0,23,0.32,1482,1869,0.7929,0.408,0,3,0,0
1088,2026-09-26,14:10:11,2026-09-26_14-05,260,1,1,5,Delwyn,Archer,240,118,0,Dagger+Bow,25,1,Bow,9,0,OrcishMage,4581,lost,,23,90,0.1,70,0,69,70,16,0,0,0,0,19,0.1,465,1822,0.2552,0.3977,0,5,0,0
1089,2026-09-26,14:10:15,2026-09-26_14-05,260,1,1,5,Kestrel,Archer,216,115,0,Dagger+Bow,25,1,Bow,115,0,OrcishMage,4581,lost,,71,27,0.73,75,0,70,75,134,0,0,0,0,18,0.68,3112,1750,1.7783,0.382,0,14,1,0
1090,2026-09-26,14:10:43,2026-09-26_14-05,260,1,1,5,Delwyn,Archer,240,118,0,WarHammer+Bow,25,1,Bow,8,0,OrcishMage,4581,lost,,27,56,0.44,70,0,69,70,55,0,0,0,0,19,0.43,1978,1822,1.0856,0.3977,0,6,0,0
1091,2026-09-26,14:10:47,2026-09-26_14-05,260,1,1,5,Ulla,Warrior,320,141,6,WarMace,20,0,WarMace,,0,OrcishMage,4581,won,,22,0,1.0,55,0,87,55,114,0,0,0,0,0,1.58,7246,1997,3.6284,0.4359,5,,8,0
1092,2026-09-26,14:10:48,2026-09-26_14-05,260,1,1,5,Marek,Archer,175,104,0,Dagger+Bow,25,1,Bow,22,0,OrcishMage,4581,lost,,33,19,0.81,70,0,68,70,115,0,0,0,0,15,0.79,3618,1727,2.095,0.377,0,7,0,0
1093,2026-09-26,14:11:03,2026-09-26_14-05,260,1,1,5,Ulla,Warrior,320,141,6,WarMace,20,0,WarMace,,0,JukaMage,13563,lost,,16,75,0.25,88,0,87,88,68,0,0,0,0,24,0.25,3403,1997,1.7041,0.1472,5,,2,0
1094,2026-09-26,14:11:14,2026-09-26_14-05,260,1,1,5,Quill,Warrior,334,157,0,WarFork,18,0,WarFork,,0,OrcishMage,4581,won,,22,0,1.0,52,0,84,52,132,0,0,0,0,0,1.62,7399,1651,4.4815,0.3604,4,,0,0
1095,2026-09-26,14:11:27,2026-09-26_14-05,260,1,1,5,Kelda,Mage,175,112,0,BotCasterStaff,18,0,BotCasterStaff,,0,OrcishMage,4581,lost,,16,89,0.11,64,0,63,64,8,0,0,0,0,57,0.11,501,2813,0.1781,0.6141,5,,0,0
1096,2026-09-26,14:11:37,2026-09-26_14-05,260,1,1,5,Quill,Warrior,334,157,0,WarFork,18,0,WarFork,,0,JukaMage,13563,lost,,23,77,0.23,85,0,84,85,106,0,0,0,0,34,0.23,3089,1651,1.871,0.1217,4,,1,0
1097,2026-09-26,14:12:16,2026-09-26_14-11,261,1,1,5,Quill,Warrior,335,157,0,WarFork,18,0,WarFork,,0,JukaMage,12803,lost,,12,83,0.17,75,0,84,75,39,0,0,0,0,34,0.19,2390,1651,1.4476,0.129,1,,0,0
1098,2026-09-26,14:13:20,2026-09-26_14-11,261,1,1,5,Delwyn,Archer,240,118,0,Dagger+Bow,25,1,Bow,3,1,OrcishMage,5394,lost,,19,81,0.19,70,0,69,70,38,0,0,0,0,19,0.19,999,1822,0.5483,0.3378,0,3,0,18
1099,2026-09-26,14:14:08,2026-09-26_14-11,261,1,1,5,Maeve,Mage,214,113,2,BotCasterStaff,18,0,BotCasterStaff,,0,OrcishMage,5394,lost,,22,80,0.2,67,0,66,67,18,0,0,0,0,55,0.2,1055,2614,0.4036,0.4846,5,,0,0
1100,2026-09-26,14:15:41,2026-09-26_14-11,261,1,1,5,Torvin,Warrior,295,126,0,WarMace,20,0,WarMace,,0,OrcishMage,5394,lost,,17,83,0.17,81,0,81,81,32,0,0,0,0,23,0.17,899,1814,0.4956,0.3363,5,,0,0
1101,2026-09-26,14:17:34,2026-09-26_14-11,261,1,1,5,Fenna,Archer,274,118,0,Pitchfork+Bow,25,1,Bow,135,0,OrcishMage,5394,lost,,41,25,0.75,72,0,69,72,116,0,0,0,0,22,0.72,3894,1942,2.0051,0.36,0,9,7,38
1102,2026-09-26,14:17:51,2026-09-26_14-11,261,1,1,5,Kestrel,Archer,218,115,9,Dagger+Bow,25,1,Bow,93,0,OrcishMage,5394,lost,,29,100,0.0,72,0,70,72,0,0,0,2,0,18,0.0,0,1750,0.0,0.3244,0,6,3,27
1103,2026-09-26,14:17:57,2026-09-26_14-11,261,1,1,5,Dain,Warrior,317,148,0,Club,16,0,Kryss,,0,OrcishMage,5394,won,,9,0,1.0,19,0,82,19,124,0,0,0,0,8,4.32,23279,1538,15.1359,0.2851,5,,0,0
1104,2026-09-26,14:18:27,2026-09-26_14-11,261,1,1,5,Dain,Warrior,317,148,0,Club,16,0,Kryss,,0,JukaMage,12803,won,,30,0,1.0,62,9,82,53,283,0,0,2,1,0,1.55,19808,1538,12.8791,0.1201,9,,0,0
1105,2026-09-26,14:18:35,2026-09-26_14-11,261,1,1,5,Sable,Warrior,248,121,4,WarMace,20,0,WarMace,,0,OrcishMage,5394,lost,,16,74,0.26,82,0,81,82,28,0,0,0,0,20,0.26,1381,1660,0.8319,0.3077,5,,0,0
1106,2026-09-26,14:19:15,2026-09-26_14-11,261,1,1,5,Leofric,Archer,180,107,0,Dagger+Bow,25,1,Bow,88,0,OrcishMage,5394,lost,,38,55,0.45,62,0,68,62,78,0,0,0,0,15,0.49,2642,1700,1.5541,0.3152,0,7,0,0
1107,2026-09-26,14:19:26,2026-09-26_14-11,261,1,1,5,Dain,Warrior,317,148,0,Club,16,0,Kryss,,0,OgreLord,18360,lost,,59,66,0.34,125,39,82,86,288,0,0,2,1,31,0.33,6005,1538,3.9044,0.0838,4,,0,0
1108,2026-09-26,14:23:03,2026-09-26_14-11,261,1,1,5,Ulwin,WarriorMage,340,134,4,WarFork,18,0,WarFork,,0,OrcishMage,5394,lost,,59,51,0.49,105,24,76,81,141,0,0,4,6,45,0.46,2495,3348,0.7452,0.6207,4,,1,0
1109,2026-09-26,14:23:33,2026-09-26_14-11,261,1,1,5,Doran,Captain,406,191,15,Broadsword+Bow,25,1,Bow,123,44,OrcishMage,5394,lost,,69,91,0.09,139,44,90,95,9,0,0,5,4,30,0.08,450,2300,0.1957,0.4264,0,1,1,0
1110,2026-09-26,14:26:17,2026-09-26_14-25,262,1,1,5,Dain,Warrior,319,149,0,Kryss,15,0,Kryss,,0,OrcishMage,6035,won,,9,0,1.0,31,0,83,31,139,0,0,1,0,0,2.68,16158,1556,10.3843,0.2578,4,,0,0
1111,2026-09-26,14:26:38,2026-09-26_14-25,262,1,1,5,Dain,Warrior,319,149,0,Kryss,15,0,Kryss,,0,JukaMage,13426,won,,21,0,1.0,51,0,83,51,264,0,0,1,0,10,1.63,21850,1556,14.0424,0.1159,8,,0,0
1112,2026-09-26,14:26:45,2026-09-26_14-25,262,1,1,5,Dain,Warrior,319,149,0,Kryss,15,0,Kryss,,0,OgreLord,18562,lost,,7,98,0.02,83,0,83,83,22,0,0,1,0,31,0.02,460,1556,0.2956,0.0838,5,,0,0
1113,2026-09-26,14:28:13,2026-09-26_14-25,262,1,1,5,Jarek,Mage,179,112,0,BotCasterStaff,18,0,BotCasterStaff,,0,OrcishMage,6035,lost,,28,78,0.22,68,0,66,68,32,0,0,0,0,52,0.21,1292,2874,0.4495,0.4762,5,,0,0
1114,2026-09-26,14:29:28,2026-09-26_14-25,262,1,1,5,Ronan,WarriorMage,346,130,0,WarHammer,22,0,Broadsword,,0,OrcishMage,6035,lost,,19,72,0.28,82,5,76,77,37,5,0,1,1,48,0.28,1668,3355,0.4972,0.5559,0,,0,0
1115,2026-09-26,14:30:37,2026-09-26_14-25,262,1,1,5,Ulwin,WarriorMage,342,135,8,WarFork,18,0,WarFork,,0,OrcishMage,6035,lost,,27,41,0.59,96,18,76,78,80,7,0,2,4,49,0.57,3441,3348,1.0278,0.5548,0,,0,0
1116,2026-09-26,14:31:26,2026-09-26_14-25,262,1,1,5,Quill,Warrior,335,157,0,WarHammer,22,0,WarFork,,0,OrcishMage,6035,won,,26,0,1.0,82,0,84,82,111,0,0,0,0,8,1.02,6182,1651,3.7444,0.2736,5,,0,0
1117,2026-09-26,14:31:51,2026-09-26_14-25,262,1,1,5,Quill,Warrior,335,157,0,WarHammer,22,0,WarFork,,0,JukaMage,13426,lost,,26,32,0.68,85,0,84,85,174,0,0,0,0,34,0.67,9026,1651,5.467,0.123,5,,0,0
1118,2026-09-26,14:32:11,2026-09-26_14-25,262,1,1,5,Harlan,Warrior,220,110,0,WarMace,20,0,WarMace,,0,OrcishMage,6035,lost,,28,22,0.78,80,0,78,80,133,0,0,0,0,17,0.76,4613,1560,2.9571,0.2585,5,,0,0
1119,2026-09-26,14:33:06,2026-09-26_14-32,263,1,1,5,Ronan,WarriorMage,347,131,0,Broadsword,17,0,Broadsword,,0,OrcishMage,5862,lost,,28,72,0.28,70,0,76,70,61,0,0,0,0,46,0.31,1799,3355,0.5362,0.5723,2,,0,0
1120,2026-09-26,14:33:16,2026-09-26_14-32,263,1,1,5,Harlan,Warrior,220,110,0,WarMace,20,0,WarMace,,0,OrcishMage,5862,lost,,39,30,0.7,81,0,78,81,93,0,0,0,0,17,0.68,3969,1560,2.5442,0.2661,1,,4,0
1121,2026-09-26,14:33:32,2026-09-26_14-32,263,1,1,5,Kestrel,Archer,220,116,19,Dagger+Bow,25,1,Bow,66,0,OrcishMage,5862,lost,,21,47,0.53,73,2,70,71,67,0,0,2,0,18,0.52,3051,1750,1.7434,0.2985,0,4,0,20
1122,2026-09-26,14:33:48,2026-09-26_14-32,263,1,1,5,Ulwin,WarriorMage,344,135,12,WarFork,18,0,WarFork,,0,OrcishMage,5862,lost,,50,41,0.59,80,0,76,80,75,12,0,2,2,52,0.56,3259,3352,0.9723,0.5718,0,,0,0
1123,2026-09-26,14:33:48,2026-09-26_14-32,263,1,1,5,Quill,Warrior,335,157,0,WarFork,18,0,WarFork,,0,OrcishMage,5862,lost,,27,39,0.61,85,0,84,85,90,0,0,0,0,35,0.6,3507,1651,2.1242,0.2816,5,,2,0
1124,2026-09-26,14:34:39,2026-09-26_14-32,263,1,1,5,Wynn,Warrior,305,142,0,Broadsword,17,0,Broadsword,,0,OrcishMage,5862,won,,31,0,1.0,58,6,84,52,159,0,0,1,2,0,1.62,9469,1558,6.0777,0.2658,5,,0,0
1125,2026-09-26,14:34:59,2026-09-26_14-32,263,1,1,5,Vance,Warrior,295,136,12,WarFork,18,0,WarFork,,0,OrcishMage,5862,won,,32,0,1.0,35,0,81,35,149,0,0,0,0,0,2.31,13565,1511,8.9775,0.2578,13,,2,0
1126,2026-09-26,14:35:06,2026-09-26_14-32,263,1,1,5,Wynn,Warrior,306,143,0,Broadsword,17,0,Broadsword,,0,JukaMage,11794,lost,,22,64,0.36,85,0,84,85,147,0,0,2,2,28,0.35,4157,1558,2.6682,0.1321,5,,0,0
1127,2026-09-26,14:35:08,2026-09-26_14-32,263,1,1,5,Sable,Warrior,253,122,0,WarMace,20,0,WarMace,,0,OrcishMage,5862,lost,,40,12,0.88,84,0,81,84,142,0,0,0,0,21,0.85,4969,1660,2.9934,0.2832,4,,0,0
1128,2026-09-26,14:35:26,2026-09-26_14-32,263,1,1,5,Vance,Warrior,295,136,12,WarFork,18,0,WarFork,,0,JukaMage,11794,lost,,22,84,0.16,82,0,81,82,61,0,0,0,0,25,0.16,1848,1511,1.223,0.1281,5,,2,0
1129,2026-09-26,14:36:02,2026-09-26_14-32,263,1,1,5,Emrys,Archer,254,115,0,Dagger+Bow,25,1,Bow,69,0,OrcishMage,5862,won,,48,0,1.0,56,0,70,56,135,0,0,0,0,0,1.25,7327,1967,3.725,0.3356,3,10,0,46
1130,2026-09-26,14:36:16,2026-09-26_14-32,263,1,1,5,Ulwin,WarriorMage,348,135,0,WarFork,18,0,WarFork,,0,OrcishMage,5862,won,,45,0,1.0,63,0,76,63,113,0,0,0,0,8,1.21,7071,2999,2.3578,0.5116,23,,0,0
1131,2026-09-26,14:36:27,2026-09-26_14-32,263,1,1,5,Emrys,Archer,254,115,0,Dagger+Bow,25,1,Bow,68,0,JukaMage,11794,lost,,21,81,0.19,71,0,70,71,63,0,0,0,0,17,0.19,2260,1967,1.149,0.1668,0,5,0,20
1132,2026-09-26,14:36:49,2026-09-26_14-32,263,1,1,5,Isolde,Mage,210,109,0,BotCasterStaff,18,0,BotCasterStaff,,0,OrcishMage,5862,lost,,27,59,0.41,67,0,65,67,48,0,0,0,0,53,0.4,2344,2866,0.8179,0.4889,5,,0,0
1133,2026-09-26,14:37:00,2026-09-26_14-32,263,1,1,5,Oswin,Healer,214,118,2,BotCasterStaff,18,0,BotCasterStaff,,0,OrcishMage,5862,lost,,106,96,0.04,194,120,65,74,15,2,21,6,3,78,0.04,213,2291,0.093,0.3908,2,,1,0
1134,2026-09-26,14:37:03,2026-09-26_14-32,263,1,1,5,Ulla,Warrior,320,141,11,WarMace,20,0,WarMace,,0,OrcishMage,5862,won,,30,0,1.0,75,0,87,75,112,0,0,0,0,0,1.16,6799,1997,3.4046,0.3407,11,,0,0
1135,2026-09-26,14:37:16,2026-09-26_14-32,263,1,1,5,Ulla,Warrior,320,141,11,WarMace,20,0,WarMace,,0,JukaMage,11794,lost,,11,89,0.11,87,0,87,87,27,0,0,0,0,24,0.11,1321,1997,0.6615,0.1693,5,,0,0
1136,2026-09-26,14:37:35,2026-09-26_14-32,263,1,1,5,Sable,Warrior,253,122,4,WarMace,20,0,Club,,0,OrcishMage,5862,lost,,41,97,0.03,101,17,81,84,7,3,0,2,3,27,0.03,195,1336,0.146,0.2279,3,,2,0
1137,2026-09-26,14:37:46,2026-09-26_14-32,263,1,1,5,Ulwin,WarriorMage,348,135,12,WarFork,18,0,WarFork,,0,OrcishMage,5862,lost,,39,38,0.62,97,18,76,79,87,8,1,3,4,49,0.6,3499,3352,1.0439,0.5718,0,,0,0
1138,2026-09-26,14:37:51,2026-09-26_14-32,263,1,1,5,Ysolt,WarriorArcher,213,110,2,Dagger+Bow,25,1,Bow,139,0,OrcishMage,5862,lost,,30,26,0.74,72,0,71,72,109,0,0,2,0,18,0.73,4265,1789,2.384,0.3052,0,6,0,0
1139,2026-09-26,14:41:21,2026-09-26_14-32,263,1,1,5,Pell,Healer,159,107,0,BotCasterStaff,18,0,BotCasterStaff,,0,OrcishMage,5862,lost,,24,76,0.24,64,0,62,64,32,0,0,0,0,51,0.23,1341,1860,0.721,0.3173,4,,0,0
1140,2026-09-26,14:41:23,2026-09-26_14-32,263,1,1,5,Lorcan,Mage,160,107,1,BotCasterStaff,18,0,BotCasterStaff,,0,OrcishMage,5862,lost,,41,64,0.36,67,0,64,67,47,0,0,2,0,52,0.34,1994,2778,0.7178,0.4739,5,,2,0
1141,2026-09-26,14:42:16,2026-09-26_14-32,263,1,1,5,Ulwin,WarriorMage,358,135,0,WarFork,18,0,WarFork,,0,OrcishMage,5862,lost,,17,70,0.3,76,0,76,76,42,0,0,0,0,45,0.3,1780,3043,0.5849,0.5191,5,,0,0
1142,2026-09-26,14:42:27,2026-09-26_14-32,263,1,1,5,Quenna,Healer,172,107,0,BotCasterStaff,18,0,BotCasterStaff,,0,OrcishMage,5862,lost,,8,99,0.01,63,0,63,63,1,0,0,0,0,50,0.01,42,1994,0.0211,0.3402,5,,0,0
1143,2026-09-26,14:43:18,2026-09-26_14-32,263,1,1,5,Garrow,Archer,252,116,0,Dagger+Bow,25,1,Bow,139,0,OrcishMage,5862,lost,,32,56,0.44,70,0,68,70,56,0,0,2,0,18,0.43,2500,1754,1.4253,0.2992,0,7,0,0
1144,2026-09-26,14:44:43,2026-09-26_14-32,263,1,1,5,Fenna,Archer,278,120,2,Dagger+Bow,25,1,Bow,75,0,OrcishMage,5862,won,,20,0,1.0,50,0,70,50,117,0,0,2,0,0,1.4,8206,1970,4.1655,0.3361,0,5,0,0
1145,2026-09-26,14:44:51,2026-09-26_14-32,263,1,1,5,Ulwin,WarriorMage,360,135,12,WarFork,18,0,WarFork,,0,OrcishMage,5862,lost,,54,53,0.47,89,9,76,80,92,6,1,2,1,52,0.45,2628,3352,0.784,0.5718,0,,0,0
1146,2026-09-26,14:45:53,2026-09-26_14-32,263,1,1,5,Ulwin,WarriorMage,360,135,0,WarFork,18,0,WarFork,,0,OrcishMage,5862,lost,,45,43,0.57,79,0,76,79,93,0,0,0,0,45,0.55,3228,3352,0.963,0.5718,4,,2,0
1147,2026-09-26,14:47:21,2026-09-26_14-32,263,1,1,5,Hale,Brawler,292,146,28,WarMace,20,0,WarMace,,0,OrcishMage,5862,won,,27,0,1.0,88,9,89,79,108,0,0,2,2,0,1.13,6604,2105,3.1373,0.3591,5,,0,0
1148,2026-09-26,14:47:30,2026-09-26_14-32,263,1,1,5,Hale,Brawler,292,146,28,WarMace,20,0,WarMace,,0,JukaMage,11794,lost,,9,70,0.3,89,0,89,89,68,0,0,1,0,22,0.3,3596,1892,1.9006,0.1604,5,,0,0
1149,2026-09-26,14:48:38,2026-09-26_14-32,263,1,1,5,Vesna,WarriorMage,273,121,0,Broadsword,17,0,Broadsword,,0,OrcishMage,5862,lost,,37,39,0.61,78,0,75,78,72,0,0,0,0,38,0.58,3417,3172,1.0772,0.5411,5,,0,0
1150,2026-09-26,14:48:45,2026-09-26_14-32,263,1,1,5,Dain,Warrior,324,154,0,Kryss,15,0,Kryss,,0,OrcishMage,5862,won,,11,0,1.0,4,0,83,4,77,0,0,0,0,0,5.0,29308,1556,18.8355,0.2654,5,,0,0
1151,2026-09-26,14:49:03,2026-09-26_14-32,263,1,1,5,Dain,Warrior,324,154,0,Kryss,15,0,Kryss,,0,JukaMage,11794,won,,18,0,1.0,27,0,83,27,230,0,0,1,0,0,3.07,36254,1556,23.2995,0.1319,4,,0,0
1152,2026-09-26,14:49:13,2026-09-26_14-32,263,1,1,5,Doran,Captain,415,193,0,Broadsword+Bow,25,1,Bow,104,1,OrcishMage,5862,won,,15,0,1.0,8,0,91,8,109,0,0,0,0,0,5.0,29308,2361,12.4134,0.4028,1,1,0,0
1153,2026-09-26,14:49:15,2026-09-26_14-32,263,1,1,5,Dain,Warrior,324,154,0,Kryss,15,0,Kryss,,0,OgreLord,19530,lost,,7,93,0.07,83,0,83,83,62,0,0,1,0,33,0.07,1464,1556,0.9409,0.0797,5,,0,0
1154,2026-09-26,14:49:31,2026-09-26_14-32,263,1,1,5,Doran,Captain,415,193,0,Broadsword+Bow,25,1,Bow,104,1,JukaMage,11794,lost,,13,76,0.24,91,0,91,91,49,0,0,0,0,31,0.24,2847,2361,1.2058,0.2002,2,1,0,0
1155,2026-09-26,14:49:59,2026-09-26_14-32,263,1,1,5,Jorunn,WarriorMage,321,126,6,WarFork,18,0,WarFork,,0,OrcishMage,5862,lost,,39,62,0.38,91,14,74,77,88,6,0,2,4,49,0.36,2138,3278,0.6522,0.5592,0,,0,0
1156,2026-09-26,14:50:27,2026-09-26_14-32,263,1,1,5,Wystan,WarriorArcher,262,110,8,Dagger+Crossbow,25,1,Dagger,,0,OrcishMage,5862,lost,,30,84,0.16,72,0,70,72,17,0,0,0,0,20,0.15,904,864,1.0463,0.1474,5,,0,0
1157,2026-09-26,14:50:36,2026-09-26_14-32,263,1,1,5,Edda,Baron,496,185,50,BotBaronHalberd,27,0,BotBaronHalberd,,0,Dragon,31066,won,,142,0,1.0,303,282,99,21,914,0,0,9,0,9,4.71,146452,2673,54.7894,0.086,16,,5,0
1158,2026-09-26,14:50:52,2026-09-26_14-32,263,1,1,5,Edda,Baron,496,185,50,BotBaronHalberd,27,0,BotBaronHalberd,,0,PoisonElemental,31648,lost,,16,94,0.06,100,0,99,100,30,0,0,2,0,20,0.06,1954,2673,0.731,0.0845,5,,0,0
1159,2026-09-26,14:51:10,2026-09-26_14-32,263,1,1,5,Neriah,Mage,305,130,0,BotCasterStaff,18,0,BotCasterStaff,,0,OrcishMage,5862,lost,,34,76,0.24,72,0,70,72,37,0,0,0,0,60,0.23,1357,3164,0.4289,0.5397,5,,1,0
1160,2026-09-26,14:51:36,2026-09-26_14-32,263,1,1,5,Wystan,WarriorArcher,263,110,0,Dagger+Crossbow,25,1,Crossbow,0,1,OrcishMage,5862,lost,,14,79,0.21,71,0,70,71,26,0,0,0,0,20,0.2,1194,2020,0.5911,0.3446,4,0,0,0
1161,2026-09-26,14:52:14,2026-09-26_14-32,263,1,1,5,Marek,Archer,185,104,4,Dagger+Bow,25,1,Bow,40,0,OrcishMage,5862,lost,,27,55,0.45,70,0,68,70,58,0,0,0,0,15,0.44,2566,1727,1.4858,0.2946,0,6,0,0
1162,2026-09-26,14:52:32,2026-09-26_14-32,263,1,1,5,Vesna,WarriorMage,273,121,4,Broadsword,17,0,Broadsword,,0,OrcishMage,5862,lost,,15,82,0.18,76,0,75,76,26,0,0,0,0,38,0.18,1063,3172,0.3351,0.5411,4,,0,0
1163,2026-09-26,14:52:38,2026-09-26_14-32,263,1,1,5,Marek,Archer,185,104,9,Dagger+Bow,25,1,Bow,150,0,OrcishMage,5862,lost,,24,79,0.21,69,0,68,69,29,0,0,0,0,15,0.21,1235,1727,0.7151,0.2946,0,5,0,0
1164,2026-09-26,14:52:58,2026-09-26_14-32,263,1,1,5,Kelda,Mage,183,113,8,BotCasterStaff,18,0,BotCasterStaff,,0,OrcishMage,5862,lost,,20,80,0.2,65,0,64,65,41,0,0,0,0,57,0.2,1162,2858,0.4066,0.4875,5,,0,0
1165,2026-09-26,14:53:12,2026-09-26_14-32,263,1,1,5,Pell,Healer,160,107,6,BotCasterStaff,18,0,BotCasterStaff,,0,OrcishMage,5862,lost,,25,78,0.22,64,0,62,64,25,0,0,0,0,51,0.21,1236,1860,0.6645,0.3173,5,,0,0
1166,2026-09-26,14:53:39,2026-09-26_14-32,263,1,1,5,Sable,Warrior,259,124,0,WarMace,20,0,WarMace,,0,OrcishMage,5862,won,,49,0,1.0,53,0,81,53,174,0,0,0,0,0,1.53,8958,1717,5.2172,0.2929,5,,7,0
1167,2026-09-26,14:53:50,2026-09-26_14-32,263,1,1,5,Doran,Captain,416,193,4,Broadsword+Bow,25,1,Bow,97,1,OrcishMage,5862,lost,,17,21,0.79,92,0,91,92,120,0,0,0,0,31,0.78,4600,2361,1.9483,0.4028,1,2,0,0
1168,2026-09-26,14:53:52,2026-09-26_14-32,263,1,1,5,Ysolt,WarriorArcher,216,111,7,Dagger+Bow,25,1,Bow,126,0,OrcishMage,5862,lost,,30,47,0.53,73,0,71,73,95,0,0,0,0,19,0.52,3044,1789,1.7015,0.3052,0,6,2,0
1169,2026-09-26,14:53:56,2026-09-26_14-32,263,1,1,5,Sable,Warrior,259,124,0,WarMace,20,0,WarMace,,0,JukaMage,11794,lost,,12,84,0.16,81,0,81,81,47,0,0,0,0,22,0.16,1931,1717,1.1246,0.1456,5,,0,0
1170,2026-09-26,14:55:00,2026-09-26_14-32,263,1,1,5,Pell,Healer,161,107,0,BotCasterStaff,18,0,BotCasterStaff,,0,OrcishMage,5862,lost,,38,52,0.48,65,0,62,65,65,0,0,0,0,51,0.46,2699,1860,1.4511,0.3173,5,,0,0
1171,2026-09-26,14:55:01,2026-09-26_14-32,263,1,1,5,Quenna,Healer,172,108,4,BotCasterStaff,18,0,BotCasterStaff,,0,OrcishMage,5862,lost,,46,76,0.24,68,0,64,68,37,0,0,0,0,50,0.22,1310,2026,0.6466,0.3456,5,,2,0
1172,2026-09-26,14:56:05,2026-09-26_14-32,263,1,1,5,Aric,Archer,257,126,7,Dagger+Bow,25,1,Bow,82,0,OrcishMage,5862,lost,,20,42,0.58,72,0,71,72,71,0,0,1,0,23,0.58,3372,1896,1.7785,0.3234,0,5,0,0
1173,2026-09-26,14:56:28,2026-09-26_14-32,263,1,1,5,Doran,Captain,416,193,9,Broadsword+Bow,25,1,Bow,97,27,OrcishMage,5862,lost,,42,89,0.11,94,0,91,94,26,0,0,0,0,31,0.1,612,2361,0.2592,0.4028,0,1,0,0
1174,2026-09-26,14:56:36,2026-09-26_14-32,263,1,1,5,Isolde,Mage,215,111,4,BotCasterStaff,18,0,BotCasterStaff,,0,OrcishMage,5862,lost,,20,72,0.28,66,0,65,66,27,0,0,0,0,53,0.28,1616,2426,0.6661,0.4139,5,,0,0
1175,2026-09-26,14:56:54,2026-09-26_14-32,263,1,1,5,Delwyn,Archer,249,120,4,Dagger+Bow,25,1,Bow,122,0,OrcishMage,5862,lost,,28,33,0.67,71,0,69,71,91,0,0,0,0,20,0.65,3837,1822,2.1059,0.3108,0,6,0,0
1176,2026-09-26,14:59:38,2026-09-26_14-32,263,1,1,5,Rowan,Warrior,336,150,4,WarMace,20,0,WarMace,,0,OrcishMage,5862,won,,31,0,1.0,76,4,85,72,118,0,0,2,1,0,1.18,6920,1998,3.4635,0.3408,5,,0,0
1177,2026-09-26,15:00:05,2026-09-26_14-32,263,1,1,5,Kelda,Mage,184,114,0,BotCasterStaff,18,0,BotCasterStaff,,0,OrcishMage,5862,lost,,24,69,0.31,65,0,64,65,47,0,0,0,0,57,0.31,1794,2858,0.6277,0.4875,5,,0,0
1178,2026-09-26,15:00:07,2026-09-26_14-32,263,1,1,5,Rowan,Warrior,336,150,4,WarMace,20,0,WarMace,,0,JukaMage,11794,lost,,28,62,0.38,87,0,85,87,106,0,0,2,2,31,0.37,4406,1998,2.2052,0.1694,4,,0,0
1179,2026-09-26,15:00:26,2026-09-26_14-32,263,1,1,5,Pell,Healer,161,107,4,BotCasterStaff,18,0,BotCasterStaff,,0,OrcishMage,5862,lost,,13,92,0.08,63,0,62,63,4,0,0,0,0,51,0.08,484,1860,0.2602,0.3173,5,,0,0
1180,2026-09-26,15:00:30,2026-09-26_14-32,263,1,1,5,Delwyn,Archer,249,120,0,Dagger+Bow,25,1,Bow,119,0,OrcishMage,5862,lost,,21,57,0.43,70,0,69,70,58,0,0,0,0,19,0.43,2495,1822,1.3694,0.3108,0,5,0,0
1181,2026-09-26,15:01:17,2026-09-26_14-32,263,1,1,5,Yarrow,Warrior,284,139,0,Scimitar,17,0,Katana,,0,OrcishMage,5862,lost,,39,25,0.75,84,0,82,84,133,0,0,2,2,29,0.74,4312,1328,3.247,0.2265,4,,0,0
1182,2026-09-26,15:01:24,2026-09-26_14-32,263,1,1,5,Dain,Warrior,325,154,4,Kryss,15,0,Kryss,,0,OrcishMage,5862,won,,7,0,1.0,12,0,83,12,113,0,0,0,0,0,5.0,29308,1556,18.8355,0.2654,5,,0,0
1183,2026-09-26,15:01:42,2026-09-26_14-32,263,1,1,5,Torvin,Warrior,301,129,7,WarMace,20,0,Club,,0,OrcishMage,5862,won,,35,0,1.0,61,11,83,50,141,0,0,3,2,8,1.66,9730,1343,7.245,0.2291,5,,0,0
1184,2026-09-26,15:01:50,2026-09-26_14-32,263,1,1,5,Dain,Warrior,325,154,4,Kryss,15,0,Kryss,,0,JukaMage,11794,lost,,26,47,0.53,91,6,83,85,125,0,0,2,2,36,0.52,6106,1556,3.9242,0.1319,5,,0,0
1185,2026-09-26,15:02:02,2026-09-26_14-32,263,1,1,5,Torvin,Warrior,301,129,7,WarMace,20,0,Club,,0,JukaMage,11794,lost,,20,70,0.3,84,0,83,84,100,0,0,1,2,23,0.3,3540,1527,2.3183,0.1295,5,,3,0
1186,2026-09-26,15:02:15,2026-09-26_14-32,263,1,1,5,Quenna,Healer,172,108,9,BotCasterStaff,18,0,BotCasterStaff,,0,OrcishMage,5862,lost,,26,86,0.14,66,0,64,66,12,0,0,0,0,50,0.13,769,2026,0.3796,0.3456,5,,0,0
1187,2026-09-26,15:03:05,2026-09-26_14-32,263,1,1,5,Ysolt,WarriorArcher,216,111,13,Dagger+Bow,25,1,Bow,112,0,OrcishMage,5862,lost,,26,50,0.5,73,0,71,73,75,0,0,2,0,18,0.49,2874,1789,1.6065,0.3052,0,6,0,0
1188,2026-09-26,15:03:13,2026-09-26_14-32,263,1,1,5,Marek,Archer,188,105,13,Dagger+Bow,25,1,Bow,129,0,OrcishMage,5862,won,,23,0,1.0,60,0,68,60,102,0,0,0,0,8,1.13,6643,1727,3.8466,0.2946,0,5,0,0
1189,2026-09-26,15:03:18,2026-09-26_14-32,263,1,1,5,Leofric,Archer,188,108,4,Dagger+Bow,25,1,Bow,51,0,OrcishMage,5862,lost,,28,61,0.39,61,0,68,61,48,0,0,0,0,15,0.44,2559,1700,1.5053,0.29,0,6,0,0
1190,2026-09-26,15:03:55,2026-09-26_14-32,263,1,1,5,Aric,Archer,259,127,12,Dagger+Bow,25,1,Bow,44,0,OrcishMage,5862,won,,35,0,1.0,69,0,71,69,102,0,0,3,0,0,1.03,6032,1896,3.1814,0.3234,0,8,2,0
1191,2026-09-26,15:04:12,2026-09-26_14-32,263,1,1,5,Aric,Archer,259,127,13,Dagger+Bow,25,1,Bow,44,0,JukaMage,11794,lost,,17,64,0.36,72,0,71,72,92,0,0,1,0,23,0.35,4150,1896,2.1888,0.1608,0,4,0,0
1192,2026-09-26,15:04:22,2026-09-26_14-32,263,1,1,5,Marek,Archer,188,105,0,Dagger+Bow,25,1,Bow,129,0,OrcishMage,5862,lost,,29,13,0.87,69,0,68,69,117,0,0,0,0,16,0.86,5049,1727,2.9236,0.2946,0,6,0,0
1193,2026-09-26,15:04:53,2026-09-26_14-32,263,1,1,5,Maeve,Mage,227,115,1,BotCasterStaff,18,0,BotCasterStaff,,0,OrcishMage,5862,lost,,22,84,0.16,67,0,66,67,22,0,0,0,0,55,0.16,914,2924,0.3126,0.4988,4,,0,0
1194,2026-09-26,15:06:58,2026-09-26_14-32,263,1,1,5,Torvin,Warrior,303,129,0,WarMace,20,0,WarMace,,0,OrcishMage,5862,won,,32,0,1.0,68,0,83,68,133,0,0,0,0,0,1.22,7155,1680,4.2589,0.2866,5,,0,0
1195,2026-09-26,15:07:11,2026-09-26_14-32,263,1,1,5,Torvin,Warrior,304,129,0,WarMace,20,0,WarMace,,0,JukaMage,11794,lost,,13,95,0.05,84,0,83,84,14,0,0,0,0,23,0.05,627,1859,0.3373,0.1576,4,,0,0
1196,2026-09-26,15:07:12,2026-09-26_14-32,263,1,1,5,Jarek,Mage,190,112,1,BotCasterStaff,18,0,BotCasterStaff,,0,OrcishMage,5862,lost,,20,68,0.32,67,0,66,67,43,0,0,0,0,52,0.31,1839,2874,0.6399,0.4903,5,,0,0
1197,2026-09-26,15:07:54,2026-09-26_14-32,263,1,1,5,Isolde,Mage,216,111,0,BotCasterStaff,18,0,BotCasterStaff,,0,OrcishMage,5862,lost,,24,91,0.09,67,0,65,67,15,0,0,0,0,53,0.09,506,2866,0.1766,0.4889,4,,0,0
1198,2026-09-26,15:08:04,2026-09-26_14-32,263,1,1,5,Torvin,Warrior,304,129,4,WarMace,20,0,WarMace,,0,OrcishMage,5862,lost,,23,60,0.4,84,0,83,84,55,0,0,0,0,23,0.39,2300,1859,1.2372,0.3171,5,,0,0
1199,2026-09-26,15:08:20,2026-09-26_14-32,263,1,1,5,Marek,Archer,188,106,9,Dagger+Bow,25,1,Bow,121,0,OrcishMage,5862,lost,,37,68,0.32,70,0,68,70,72,0,0,0,0,16,0.31,1816,1727,1.0515,0.2946,0,8,0,0
1200,2026-09-26,15:08:53,2026-09-26_14-32,263,1,1,5,Pell,Healer,162,108,0,BotCasterStaff,18,0,BotCasterStaff,,0,OrcishMage,5862,lost,,21,72,0.28,64,0,63,64,35,0,0,0,0,51,0.28,1635,1680,0.9732,0.2866,5,,0,0
1201,2026-09-26,15:10:52,2026-09-26_14-32,263,1,1,5,Piers,Mage,70,100,0,BotCasterStaff,18,0,BotCasterStaff,,0,OrcishMage,5862,lost,,38,68,0.32,119,55,62,64,42,8,6,2,2,59,0.27,1601,2666,0.6005,0.4548,0,,0,0
1202,2026-09-26,15:10:53,2026-09-26_14-32,263,1,1,5,Leofric,Archer,188,109,4,Club+Bow,25,1,Bow,45,0,OrcishMage,5862,lost,,23,57,0.43,69,0,68,69,52,0,0,0,0,15,0.43,2497,1700,1.4688,0.29,0,5,0,0
1203,2026-09-26,15:11:28,2026-09-26_14-32,263,1,1,5,Lorcan,Mage,170,109,0,BotCasterStaff,18,0,BotCasterStaff,,0,OrcishMage,5862,lost,,17,76,0.24,66,0,65,66,26,0,0,0,0,53,0.24,1411,2828,0.4989,0.4824,4,,0,0
1204,2026-09-26,15:12:07,2026-09-26_14-32,263,1,1,5,Delwyn,Archer,250,120,4,Dagger+Bow,25,1,Bow,105,0,OrcishMage,5862,lost,,26,68,0.32,62,0,69,62,46,0,0,0,0,19,0.36,2084,1822,1.1438,0.3108,0,5,0,0
1205,2026-09-26,15:12:52,2026-09-26_14-32,263,1,1,5,Vesna,WarriorMage,279,122,0,Broadsword,17,0,Broadsword,,0,OrcishMage,5862,won,,55,0,1.0,54,0,75,54,108,0,0,0,0,0,1.39,8141,2795,2.9127,0.4768,7,,22,0
1206,2026-09-26,15:12:56,2026-09-26_14-32,263,1,1,5,Torvin,Warrior,304,129,10,WarMace,20,0,Club,,0,OrcishMage,5862,won,,20,0,1.0,33,0,83,33,108,0,0,0,0,0,2.52,14743,1527,9.6549,0.2605,4,,0,0
1207,2026-09-26,15:13:16,2026-09-26_14-32,263,1,1,5,Vesna,WarriorMage,279,122,0,Broadsword,17,0,Broadsword,,0,JukaMage,11794,lost,,19,79,0.21,76,0,75,76,48,0,0,0,0,39,0.21,2456,3176,0.7733,0.2693,5,,0,0
1208,2026-09-26,15:13:18,2026-09-26_14-32,263,1,1,5,Aric,Archer,260,128,16,Dagger+Bow,25,1,Bow,93,0,OrcishMage,5862,lost,,47,20,0.8,78,12,71,66,132,0,0,2,0,24,0.86,5045,1896,2.6609,0.3234,0,10,0,0
1209,2026-09-26,15:13:23,2026-09-26_14-32,263,1,1,5,Perri,Warrior,314,132,2,WarFork,18,0,WarFork,,0,OrcishMage,5862,won,,22,0,1.0,72,10,81,62,121,0,0,1,2,0,1.31,7658,1559,4.9121,0.266,9,,0,0
1210,2026-09-26,15:13:39,2026-09-26_14-32,263,1,1,5,Kelda,Mage,190,114,5,BotCasterStaff,18,0,BotCasterStaff,,0,OrcishMage,5862,lost,,17,85,0.15,65,0,64,65,21,0,0,0,0,57,0.14,843,2858,0.295,0.4875,5,,0,0
1211,2026-09-26,15:13:54,2026-09-26_14-32,263,1,1,5,Perri,Warrior,314,132,2,WarFork,18,0,WarFork,,0,JukaMage,11794,lost,,26,27,0.73,78,0,81,78,151,0,0,1,0,24,0.76,8974,1559,5.7563,0.1322,5,,0,0
1212,2026-09-26,15:14:04,2026-09-26_14-32,263,1,1,5,Quenna,Healer,177,108,0,BotCasterStaff,18,0,BotCasterStaff,,0,OrcishMage,5862,lost,,41,74,0.26,67,0,64,67,40,0,0,0,0,50,0.25,1478,2026,0.7295,0.3456,5,,0,0
1213,2026-09-26,15:14:20,2026-09-26_14-32,263,1,1,5,Ysolt,WarriorArcher,221,112,13,BlackStaff+Bow,25,1,Bow,103,0,OrcishMage,5862,lost,,36,81,0.19,73,0,71,73,30,0,0,2,0,18,0.18,1061,1789,0.5931,0.3052,0,7,0,0
1214,2026-09-26,15:14:20,2026-09-26_14-32,263,1,1,5,Torvin,Warrior,304,129,10,WarMace,20,0,Club,,0,JukaMage,11794,lost,,22,51,0.49,84,0,83,84,107,0,0,0,2,23,0.49,5752,1527,3.7669,0.1295,5,,0,0
1215,2026-09-26,15:14:37,2026-09-26_14-32,263,1,1,5,Leofric,Archer,190,109,0,Dagger+Bow,25,1,Bow,66,0,OrcishMage,5862,lost,,28,85,0.15,70,0,68,70,31,0,0,0,0,15,0.15,873,1700,0.5135,0.29,0,6,0,0
1216,2026-09-26,15:15:14,2026-09-26_14-32,263,1,1,5,Kestrel,Archer,229,117,21,Club+Bow,25,1,Bow,111,0,OrcishMage,5862,lost,,19,100,0.0,71,0,70,71,0,0,0,2,0,18,0.0,0,1750,0.0,0.2985,0,4,0,0
1217,2026-09-26,15:15:16,2026-09-26_14-32,263,1,1,5,Yarrow,Warrior,284,139,0,WarHammer,22,0,Scimitar,,0,OrcishMage,5862,won,,21,0,1.0,8,0,82,8,147,0,0,0,1,8,5.0,29308,1451,20.1985,0.2475,5,,0,0
1218,2026-09-26,15:15:35,2026-09-26_14-32,263,1,1,5,Leofric,Archer,190,109,7,Club+Bow,25,1,Bow,66,0,OrcishMage,5862,lost,,28,88,0.12,61,0,68,61,8,0,0,0,0,15,0.14,792,1700,0.4659,0.29,0,6,0,0
1219,2026-09-26,15:15:36,2026-09-26_14-32,263,1,1,5,Quenna,Healer,177,108,9,BotCasterStaff,18,0,BotCasterStaff,,0,OrcishMage,5862,lost,,16,94,0.06,65,0,64,65,8,0,0,0,0,50,0.06,345,2026,0.1703,0.3456,5,,0,0
1220,2026-09-26,15:15:37,2026-09-26_14-32,263,1,1,5,Yarrow,Warrior,284,139,0,WarHammer,22,0,Scimitar,,0,JukaMage,11794,lost,,18,55,0.45,86,3,82,83,104,0,0,1,1,29,0.45,5287,1451,3.6437,0.123,5,,0,0
1221,2026-09-26,15:16:12,2026-09-26_14-32,263,1,1,5,Doran,Captain,419,194,14,Broadsword+Bow,25,1,Bow,85,1,OrcishMage,5862,won,,31,0,1.0,30,0,91,30,102,0,0,0,0,0,3.03,17780,2402,7.4022,0.4098,1,1,9,0
1222,2026-09-26,15:16:14,2026-09-26_14-32,263,1,1,5,Marek,Archer,190,106,0,Dagger+Bow,25,1,Bow,104,0,OrcishMage,5862,lost,,33,32,0.68,70,0,68,70,86,0,0,0,0,16,0.66,3857,1727,2.2334,0.2946,0,7,0,0
1223,2026-09-26,15:16:30,2026-09-26_14-32,263,1,1,5,Doran,Captain,419,194,14,Broadsword+Bow,25,1,Bow,85,1,JukaMage,11794,lost,,14,88,0.12,91,0,91,91,30,0,0,0,0,32,0.12,1427,2402,0.5941,0.2037,1,1,0,0
1224,2026-09-26,15:16:31,2026-09-26_14-32,263,1,1,5,Vesna,WarriorMage,279,122,9,Broadsword,17,0,Broadsword,,0,OrcishMage,5862,lost,,21,19,0.81,76,0,75,76,98,0,0,0,0,39,0.8,4676,3176,1.4723,0.5418,5,,1,0
1225,2026-09-26,15:16:49,2026-09-26_14-32,263,1,1,5,Pell,Healer,163,108,6,BotCasterStaff,18,0,BotCasterStaff,,0,OrcishMage,5862,lost,,13,94,0.06,64,0,63,64,8,0,0,0,0,51,0.06,344,1890,0.182,0.3224,5,,0,0
1226,2026-09-26,15:17:05,2026-09-26_14-32,263,1,1,5,Leofric,Archer,190,109,7,Dagger+Bow,25,1,Bow,150,0,OrcishMage,5862,lost,,28,27,0.73,70,0,68,70,123,0,0,0,0,15,0.71,4161,1700,2.4476,0.29,0,6,0,0
1227,2026-09-26,15:17:11,2026-09-26_14-32,263,1,1,5,Yarrow,Warrior,284,139,0,Katana,15,0,Katana,,0,OrcishMage,5862,lost,,45,4,0.96,78,0,82,78,177,0,0,0,0,29,1.01,5939,1328,4.4721,0.2265,36,,0,0
1228,2026-09-26,15:17:23,2026-09-26_14-32,263,1,1,5,Yarrow,Warrior,284,139,0,Katana,15,0,Katana,,0,JukaMage,11794,lost,,12,81,0.19,82,0,82,82,56,0,0,0,0,29,0.19,2254,1328,1.6973,0.1126,5,,0,0
1229,2026-09-26,15:17:45,2026-09-26_14-32,263,1,1,5,Piers,Mage,77,101,0,BotCasterStaff,18,0,BotCasterStaff,,0,OrcishMage,5862,lost,,51,60,0.4,110,43,63,67,67,11,4,3,3,62,0.32,1897,2709,0.7003,0.4621,0,,0,0
1230,2026-09-26,15:18:55,2026-09-26_15-18,264,1,1,5,Edda,Baron,499,185,50,BotBaronHalberd,27,0,BotBaronHalberd,,0,WhiteWyrm,52564,lost,,19,75,0.25,100,0,99,100,189,0,0,1,0,20,0.25,12941,2673,4.8414,0.0509,2,,2,0
1231,2026-09-26,15:19:02,2026-09-26_15-18,264,1,1,5,Vance,Warrior,298,141,12,WarFork,18,0,WarFork,,0,OrcishMage,5866,lost,,26,23,0.77,76,0,82,76,119,0,0,1,0,27,0.83,4881,1529,3.1923,0.2607,1,,0,0
1232,2026-09-26,15:20:07,2026-09-26_15-18,264,1,1,5,Vesna,WarriorMage,282,122,0,Broadsword,17,0,Broadsword,,0,OrcishMage,5866,won,,35,0,1.0,60,0,75,60,111,0,0,0,0,8,1.25,7332,3176,2.3086,0.5414,5,,4,0
1233,2026-09-26,15:20:08,2026-09-26_15-18,264,1,1,5,Edda,Baron,499,185,50,BotBaronHalberd,27,0,BotBaronHalberd,,0,LichLord,30146,lost,,73,56,0.44,195,90,99,105,297,0,0,3,0,20,0.41,12443,2673,4.6551,0.0887,5,,4,0
1234,2026-09-26,15:20:16,2026-09-26_15-18,264,1,1,5,Hale,Brawler,294,148,3,Fists,0,0,nothing,,0,OrcishMage,5866,lost,,44,84,0.16,92,0,89,92,30,0,0,0,0,23,0.16,915,725,1.2621,0.1236,5,,4,0
1235,2026-09-26,15:20:38,2026-09-26_15-18,264,1,1,5,Vance,Warrior,298,141,0,WarFork,18,0,WarFork,,0,OrcishMage,5866,lost,,25,32,0.68,83,0,82,83,93,0,0,0,0,27,0.68,3962,1529,2.5912,0.2607,5,,0,0
1236,2026-09-26,15:21:01,2026-09-26_15-18,264,1,1,5,Hale,Brawler,294,148,3,SkinningKnife,5,0,nothing,,0,OrcishMage,5866,lost,,35,79,0.21,91,0,89,91,21,0,0,0,0,23,0.2,1193,725,1.6455,0.1236,5,,0,0
1237,2026-09-26,15:21:25,2026-09-26_15-18,264,1,1,5,Vance,Warrior,298,141,12,WarFork,18,0,WarFork,,0,OrcishMage,5866,won,,38,0,1.0,75,9,82,66,154,0,0,2,1,0,1.24,7288,1529,4.7665,0.2607,5,,0,0
1238,2026-09-26,15:21:37,2026-09-26_15-18,264,1,1,5,Vance,Warrior,298,141,12,WarFork,18,0,WarFork,,0,JukaMage,15279,lost,,12,83,0.17,72,0,82,72,45,0,0,1,0,27,0.19,2922,1529,1.9111,0.1001,5,,0,0
1239,2026-09-26,15:22:06,2026-09-26_15-18,264,1,1,5,Garrow,Archer,260,121,0,Dagger+Bow,25,1,Bow,72,0,OrcishMage,5866,lost,,34,52,0.48,71,0,69,71,66,0,0,0,0,21,0.46,2717,1780,1.5264,0.3034,0,8,0,32
1240,2026-09-26,15:22:55,2026-09-26_15-18,264,1,1,5,Ysolt,WarriorArcher,224,113,0,Dagger+Bow,25,1,Bow,84,0,OrcishMage,5866,lost,,26,29,0.71,72,0,71,72,89,0,0,0,0,18,0.7,4125,1588,2.5976,0.2707,0,6,0,25
1241,2026-09-26,15:23:06,2026-09-26_15-18,264,1,1,5,Quenna,Healer,180,108,0,BotCasterStaff,18,0,BotCasterStaff,,0,OrcishMage,5866,lost,,38,65,0.35,67,0,64,67,43,0,0,0,0,50,0.34,1978,2026,0.9763,0.3454,5,,0,0
1242,2026-09-26,15:23:10,2026-09-26_15-18,264,1,1,5,Lorcan,Mage,173,110,4,BotCasterStaff,18,0,BotCasterStaff,,0,OrcishMage,5866,lost,,27,76,0.24,66,0,65,66,26,0,0,0,0,53,0.23,1359,2828,0.4806,0.4821,5,,0,0
1243,2026-09-26,15:24:37,2026-09-26_15-18,264,1,1,5,Quenna,Healer,180,108,9,BotCasterStaff,18,0,BotCasterStaff,,0,OrcishMage,5866,lost,,40,84,0.16,67,0,64,67,67,0,0,0,0,50,0.15,896,2026,0.4423,0.3454,5,,0,0
1244,2026-09-26,15:25:35,2026-09-26_15-18,264,1,1,5,Piers,Mage,82,101,0,BotCasterStaff,18,0,BotCasterStaff,,0,OrcishMage,5866,lost,,24,92,0.08,65,0,63,65,13,0,0,0,0,50,0.08,467,2718,0.1718,0.4633,5,,0,0
1245,2026-09-26,15:25:46,2026-09-26_15-18,264,1,1,5,Pell,Healer,166,108,0,BotCasterStaff,18,0,BotCasterStaff,,0,OrcishMage,5866,lost,,16,90,0.1,64,0,63,64,7,0,0,0,0,51,0.1,597,1890,0.3159,0.3222,5,,0,0
1246,2026-09-26,15:26:09,2026-09-26_15-18,264,1,1,5,Vance,Warrior,303,141,0,WarFork,18,0,WarFork,,0,OrcishMage,5866,lost,,29,30,0.7,83,0,82,83,175,0,0,0,0,27,0.69,4045,1529,2.6455,0.2607,5,,3,0
1247,2026-09-26,15:27:45,2026-09-26_15-18,264,1,1,5,Piers,Mage,87,101,0,BotCasterStaff,18,0,BotCasterStaff,,0,OrcishMage,5866,lost,,40,84,0.16,66,0,63,66,15,0,0,0,0,50,0.15,868,2718,0.3194,0.4633,5,,0,0
1248,2026-09-26,15:28:08,2026-09-26_15-18,264,1,1,5,Vesna,WarriorMage,285,123,15,Broadsword,17,0,Broadsword,,0,OrcishMage,5866,lost,,25,64,0.36,76,0,75,76,58,0,0,0,0,41,0.35,2061,3176,0.6489,0.5414,5,,0,0
