fight_id,date,time,session,bot,t_s,weapon,ammo_left,swing_in_ms,still_ms,tiles,sees,in_sight,paralysed,frozen,combatant,warmode,hits,creature,creature_hits,creature_hits_max,creature_combatant,creature_casting
347,2026-09-26,04:33:57,2026-09-26_04-31,Cassia,0,Bow,8,7299,197663613,6,True,True,False,False,the foe,True,70,OrcishMage,124,124,the double,no
347,2026-09-26,04:33:58,2026-09-26_04-31,Cassia,1,Bow,8,6099,197664813,6,True,True,False,False,the foe,True,70,OrcishMage,124,124,the double,no
347,2026-09-26,04:33:59,2026-09-26_04-31,Cassia,2,Bow,8,5099,197665813,5,True,True,False,False,the foe,True,70,OrcishMage,124,124,the double,FeeblemindSpell
347,2026-09-26,04:34:00,2026-09-26_04-31,Cassia,3,Bow,8,4099,197666813,1,True,True,False,False,the foe,True,70,OrcishMage,124,124,the double,no
347,2026-09-26,04:34:01,2026-09-26_04-31,Cassia,4,Bow,8,2900,197668012,1,True,True,False,False,the foe,True,70,OrcishMage,124,124,the double,no
347,2026-09-26,04:34:02,2026-09-26_04-31,Cassia,5,Bow,8,1899,197669013,1,True,True,False,False,the foe,True,70,OrcishMage,124,124,the double,no
347,2026-09-26,04:34:03,2026-09-26_04-31,Cassia,6,Bow,8,699,197670213,1,True,True,False,False,the foe,True,61,OrcishMage,124,124,the double,MindBlastSpell
347,2026-09-26,04:34:04,2026-09-26_04-31,Cassia,7,Bow,7,4744,197671213,1,True,True,False,False,the foe,True,39,OrcishMage,124,124,the double,no
347,2026-09-26,04:34:06,2026-09-26_04-31,Cassia,9,Bow,7,3545,197672412,1,True,True,False,False,the foe,True,35,OrcishMage,124,124,the double,no
347,2026-09-26,04:34:07,2026-09-26_04-31,Cassia,10,Bow,7,2545,197673412,1,True,True,False,False,the foe,True,35,OrcishMage,124,124,the double,LightningSpell
347,2026-09-26,04:34:08,2026-09-26_04-31,Cassia,11,Bow,7,1545,197674412,1,True,True,False,False,the foe,True,35,OrcishMage,124,124,the double,LightningSpell
347,2026-09-26,04:34:09,2026-09-26_04-31,Cassia,12,Bow,7,544,197675413,1,True,True,False,False,the foe,True,19,OrcishMage,124,124,the double,no
347,2026-09-26,04:34:10,2026-09-26_04-31,Cassia,13,Bow,6,5503,197676413,1,True,True,False,False,the foe,True,19,OrcishMage,95,124,the double,no
347,2026-09-26,04:34:11,2026-09-26_04-31,Cassia,14,Bow,6,4503,197677413,1,True,True,False,False,the foe,True,19,OrcishMage,95,124,the double,no
347,2026-09-26,04:34:12,2026-09-26_04-31,Cassia,15,Bow,6,3303,197678613,1,True,True,False,False,the foe,True,19,OrcishMage,95,124,the double,LightningSpell
348,2026-09-26,04:34:23,2026-09-26_04-31,Cassia,0,Bow,21,7300,197689413,6,True,True,False,False,the foe,True,70,OrcishMage,123,123,the double,no
348,2026-09-26,04:34:24,2026-09-26_04-31,Cassia,1,Bow,21,6300,197690413,5,True,True,False,False,the foe,True,70,OrcishMage,123,123,the double,FireballSpell
348,2026-09-26,04:34:25,2026-09-26_04-31,Cassia,2,Bow,21,5300,197691413,2,True,True,False,False,the foe,True,70,OrcishMage,123,123,the double,no
348,2026-09-26,04:34:26,2026-09-26_04-31,Cassia,3,Bow,21,4300,197692413,1,True,True,False,False,the foe,True,70,OrcishMage,123,123,the double,no
348,2026-09-26,04:34:27,2026-09-26_04-31,Cassia,4,Bow,21,3300,197693413,1,True,True,False,False,the foe,True,70,OrcishMage,123,123,the double,no
348,2026-09-26,04:34:28,2026-09-26_04-31,Cassia,5,Bow,21,2101,197694612,1,True,True,False,False,the foe,True,70,OrcishMage,123,123,the double,FireballSpell
348,2026-09-26,04:34:29,2026-09-26_04-31,Cassia,6,Bow,21,1101,197695612,1,True,True,False,False,the foe,True,70,OrcishMage,123,123,the double,no
348,2026-09-26,04:34:30,2026-09-26_04-31,Cassia,7,Bow,21,101,197696612,1,True,True,False,False,the foe,True,53,OrcishMage,123,123,the double,no
348,2026-09-26,04:34:31,2026-09-26_04-31,Cassia,8,Bow,20,4357,197697612,1,True,True,False,False,the foe,True,50,OrcishMage,123,123,the double,no
348,2026-09-26,04:34:32,2026-09-26_04-31,Cassia,9,Bow,20,3356,197698613,1,True,True,False,False,the foe,True,50,OrcishMage,123,123,the double,ManaDrainSpell
348,2026-09-26,04:34:33,2026-09-26_04-31,Cassia,10,Bow,20,2157,197699812,1,True,True,False,False,the foe,True,50,OrcishMage,123,123,the double,no
348,2026-09-26,04:34:34,2026-09-26_04-31,Cassia,11,Bow,20,1157,197700812,1,True,True,False,False,the foe,True,50,OrcishMage,123,123,the double,no
348,2026-09-26,04:34:35,2026-09-26_04-31,Cassia,12,Bow,20,157,197701812,1,True,True,False,False,the foe,True,50,OrcishMage,123,123,the double,no
348,2026-09-26,04:34:36,2026-09-26_04-31,Cassia,13,Bow,19,4404,197702813,1,True,True,False,False,the foe,True,50,OrcishMage,123,123,the double,ParalyzeSpell
348,2026-09-26,04:34:37,2026-09-26_04-31,Cassia,14,Bow,19,3204,197704013,1,True,True,False,False,the foe,True,50,OrcishMage,123,123,the double,no
348,2026-09-26,04:34:38,2026-09-26_04-31,Cassia,15,Bow,19,2204,197705013,1,True,True,False,False,the foe,True,47,OrcishMage,123,123,the double,no
348,2026-09-26,04:34:39,2026-09-26_04-31,Cassia,16,Bow,19,1204,197706013,1,True,True,False,False,the foe,True,47,OrcishMage,123,123,the double,no
348,2026-09-26,04:34:40,2026-09-26_04-31,Cassia,17,Bow,19,204,197707013,1,True,True,False,False,the foe,True,48,OrcishMage,123,123,the double,MindBlastSpell
348,2026-09-26,04:34:41,2026-09-26_04-31,Cassia,18,Bow,18,4416,197708013,1,True,True,False,False,the foe,True,48,OrcishMage,93,123,the double,MindBlastSpell
348,2026-09-26,04:34:42,2026-09-26_04-31,Cassia,19,Bow,18,3416,197709013,1,True,True,False,False,the foe,True,31,OrcishMage,93,123,the double,no
348,2026-09-26,04:34:43,2026-09-26_04-31,Cassia,20,Bow,18,2217,197710212,1,True,True,False,False,the foe,True,31,OrcishMage,93,123,the double,no
348,2026-09-26,04:34:44,2026-09-26_04-31,Cassia,22,Bow,18,1216,197711213,1,True,True,False,False,the foe,True,31,OrcishMage,93,123,the double,BlessSpell
348,2026-09-26,04:34:45,2026-09-26_04-31,Cassia,23,Bow,18,216,197712213,1,True,True,False,False,the foe,True,24,OrcishMage,93,131,the double,no
348,2026-09-26,04:34:46,2026-09-26_04-31,Cassia,24,Bow,17,4862,197713213,1,True,True,False,False,the foe,True,24,OrcishMage,93,131,the double,no
348,2026-09-26,04:34:47,2026-09-26_04-31,Cassia,25,Bow,17,3862,197714213,1,True,True,False,False,the foe,True,24,OrcishMage,93,131,the double,no
348,2026-09-26,04:34:49,2026-09-26_04-31,Cassia,26,Bow,17,2662,197715413,1,True,True,False,False,the foe,True,24,OrcishMage,93,131,the double,no
348,2026-09-26,04:34:50,2026-09-26_04-31,Cassia,27,Bow,17,1463,197716612,1,True,True,False,False,the foe,True,24,OrcishMage,93,131,the double,no
348,2026-09-26,04:34:51,2026-09-26_04-31,Cassia,28,Bow,17,463,197717612,1,True,True,False,False,the foe,True,24,OrcishMage,93,131,the double,ClumsySpell
348,2026-09-26,04:34:52,2026-09-26_04-31,Cassia,29,Bow,16,5070,197718612,1,True,True,False,False,the foe,True,25,OrcishMage,77,131,the double,no
348,2026-09-26,04:34:53,2026-09-26_04-31,Cassia,30,Bow,16,4069,197719613,1,True,True,False,False,the foe,True,25,OrcishMage,77,131,the double,no
348,2026-09-26,04:34:54,2026-09-26_04-31,Cassia,31,Bow,16,3069,197720613,1,True,True,False,False,the foe,True,24,OrcishMage,77,131,the double,no
348,2026-09-26,04:34:55,2026-09-26_04-31,Cassia,32,Bow,16,2069,197721613,1,True,True,False,False,the foe,True,24,OrcishMage,77,131,the double,PoisonSpell
348,2026-09-26,04:34:56,2026-09-26_04-31,Cassia,33,Bow,16,1069,197722613,1,True,True,False,False,the foe,True,24,OrcishMage,77,131,the double,no
348,2026-09-26,04:34:57,2026-09-26_04-31,Cassia,34,Bow,15,5469,197723812,1,True,True,False,False,the foe,True,24,OrcishMage,62,131,the double,no
348,2026-09-26,04:34:58,2026-09-26_04-31,Cassia,35,Bow,15,4469,197724812,1,True,True,False,False,the foe,True,24,OrcishMage,62,131,the double,no
348,2026-09-26,04:34:59,2026-09-26_04-31,Cassia,36,Bow,15,3469,197725812,1,True,True,False,False,the foe,True,20,OrcishMage,62,131,the double,MindBlastSpell
348,2026-09-26,04:35:00,2026-09-26_04-31,Cassia,37,Bow,15,2469,197726812,1,True,True,False,False,the foe,True,20,OrcishMage,62,131,the double,no
348,2026-09-26,04:35:01,2026-09-26_04-31,Cassia,38,Bow,15,1469,197727812,1,True,True,False,False,the foe,True,20,OrcishMage,62,131,the double,no
348,2026-09-26,04:35:02,2026-09-26_04-31,Cassia,39,Bow,15,469,197728812,1,True,True,False,False,the foe,True,13,OrcishMage,62,131,the double,no
348,2026-09-26,04:35:03,2026-09-26_04-31,Cassia,40,Bow,14,5241,197729813,1,True,True,False,False,the foe,True,13,OrcishMage,50,131,the double,HarmSpell
349,2026-09-26,04:36:14,2026-09-26_04-31,Cassia,0,Bow,8,7301,197800812,6,True,True,False,False,the foe,True,70,OrcishMage,144,144,the double,no
349,2026-09-26,04:36:15,2026-09-26_04-31,Cassia,1,Bow,8,6301,197801812,6,True,True,False,False,the foe,True,70,OrcishMage,144,144,the double,no
349,2026-09-26,04:36:16,2026-09-26_04-31,Cassia,2,Bow,8,5301,197802812,6,True,True,False,False,the foe,True,70,OrcishMage,144,144,the double,no
349,2026-09-26,04:36:17,2026-09-26_04-31,Cassia,3,Bow,8,4301,197803812,5,True,True,False,False,the foe,True,70,OrcishMage,144,144,the double,ParalyzeSpell
349,2026-09-26,04:36:18,2026-09-26_04-31,Cassia,4,Bow,8,3300,197804813,3,True,True,False,False,the foe,True,70,OrcishMage,144,144,the double,no
349,2026-09-26,04:36:19,2026-09-26_04-31,Cassia,5,Bow,8,2300,197805813,1,True,True,False,False,the foe,True,66,OrcishMage,144,144,the double,no
349,2026-09-26,04:36:20,2026-09-26_04-31,Cassia,6,Bow,8,1101,197807012,1,True,True,False,False,the foe,True,66,OrcishMage,144,144,the double,no
349,2026-09-26,04:36:21,2026-09-26_04-31,Cassia,7,Bow,8,101,197808012,1,True,True,False,False,the foe,True,66,OrcishMage,144,144,the double,MindBlastSpell
349,2026-09-26,04:36:22,2026-09-26_04-31,Cassia,8,Bow,7,4111,197809013,1,True,True,False,False,the foe,True,66,OrcishMage,138,144,the double,no
349,2026-09-26,04:36:23,2026-09-26_04-31,Cassia,9,Bow,7,3111,197810013,1,True,True,False,False,the foe,True,49,OrcishMage,138,144,the double,no
349,2026-09-26,04:36:24,2026-09-26_04-31,Cassia,10,Bow,7,2111,197811013,1,True,True,False,False,the foe,True,40,OrcishMage,138,144,the double,no
349,2026-09-26,04:36:25,2026-09-26_04-31,Cassia,11,Bow,7,1111,197812013,1,True,True,False,False,the foe,True,40,OrcishMage,138,144,the double,PoisonSpell
349,2026-09-26,04:36:26,2026-09-26_04-31,Cassia,12,Bow,7,111,197813013,1,True,True,False,False,the foe,True,40,OrcishMage,138,144,the double,no
349,2026-09-26,04:36:27,2026-09-26_04-31,Cassia,13,Bow,6,4239,197814213,1,True,True,False,False,the foe,True,38,OrcishMage,132,144,the double,no
349,2026-09-26,04:36:28,2026-09-26_04-31,Cassia,14,Bow,6,3239,197815213,1,True,True,False,False,the foe,True,38,OrcishMage,132,144,the double,ManaDrainSpell
349,2026-09-26,04:36:29,2026-09-26_04-31,Cassia,15,Bow,6,2239,197816213,1,True,True,False,False,the foe,True,33,OrcishMage,132,144,the double,no
349,2026-09-26,04:36:30,2026-09-26_04-31,Cassia,16,Bow,6,1239,197817213,1,True,True,False,False,the foe,True,34,OrcishMage,132,144,the double,no
349,2026-09-26,04:36:32,2026-09-26_04-31,Cassia,17,Bow,6,39,197818413,1,True,True,False,False,the foe,True,34,OrcishMage,132,144,the double,no
349,2026-09-26,04:36:33,2026-09-26_04-31,Cassia,18,Bow,5,4328,197819413,1,True,True,False,False,the foe,True,30,OrcishMage,132,144,the double,no
349,2026-09-26,04:36:34,2026-09-26_04-31,Cassia,19,Bow,5,3327,197820414,1,True,True,False,False,the foe,True,30,OrcishMage,132,144,the double,no
349,2026-09-26,04:36:35,2026-09-26_04-31,Cassia,21,Bow,5,2128,197821613,1,True,True,False,False,the foe,True,29,OrcishMage,132,144,the double,no
349,2026-09-26,04:36:36,2026-09-26_04-31,Cassia,22,Bow,5,928,197822813,1,True,True,False,False,the foe,True,25,OrcishMage,132,144,the double,no
349,2026-09-26,04:36:37,2026-09-26_04-31,Cassia,23,Bow,4,5188,197823813,1,True,True,False,False,the foe,True,25,OrcishMage,113,144,the double,no
349,2026-09-26,04:36:38,2026-09-26_04-31,Cassia,24,Bow,4,3989,197825012,1,True,True,False,False,the foe,True,21,OrcishMage,113,144,the double,no
349,2026-09-26,04:36:39,2026-09-26_04-31,Cassia,25,Bow,4,2989,197826012,1,True,True,False,False,the foe,True,21,OrcishMage,113,144,the double,no
349,2026-09-26,04:36:40,2026-09-26_04-31,Cassia,26,Bow,4,1989,197827012,1,True,True,False,False,the foe,True,21,OrcishMage,113,144,the double,MindBlastSpell
349,2026-09-26,04:36:41,2026-09-26_04-31,Cassia,27,Bow,4,989,197828012,1,True,True,False,False,the foe,True,18,OrcishMage,113,144,the double,MindBlastSpell
367,2026-09-26,04:57:46,2026-09-26_04-57,Wystan,0,Crossbow,0,5668,199091796,6,True,True,False,False,the foe,True,70,OrcishMage,135,135,the double,no
367,2026-09-26,04:57:47,2026-09-26_04-57,Wystan,1,Dagger,0,500,1355,3,True,True,False,False,the foe,True,70,OrcishMage,135,143,the double,no
367,2026-09-26,04:57:47,2026-09-26_04-57,Wystan,2,Dagger,0,1331,1039,1,True,True,False,False,the foe,True,69,OrcishMage,135,143,the double,no
367,2026-09-26,04:57:48,2026-09-26_04-57,Wystan,3,Dagger,0,331,2039,1,True,True,False,False,the foe,True,69,OrcishMage,135,143,the double,no
367,2026-09-26,04:57:49,2026-09-26_04-57,Wystan,4,Dagger,0,1199,3039,1,True,True,False,False,the foe,True,65,OrcishMage,122,143,the double,no
367,2026-09-26,04:57:50,2026-09-26_04-57,Wystan,5,Dagger,0,198,4040,1,True,True,False,False,the foe,True,61,OrcishMage,122,143,the double,no
367,2026-09-26,04:57:51,2026-09-26_04-57,Wystan,6,Dagger,0,1054,5040,1,True,True,False,False,the foe,True,52,OrcishMage,122,143,the double,no
367,2026-09-26,04:57:52,2026-09-26_04-57,Wystan,7,Dagger,0,54,6040,1,True,True,False,False,the foe,True,52,OrcishMage,122,143,the double,ParalyzeSpell
367,2026-09-26,04:57:53,2026-09-26_04-57,Wystan,8,Dagger,0,922,7040,1,True,True,True,False,the foe,True,52,OrcishMage,122,143,the double,no
367,2026-09-26,04:57:55,2026-09-26_04-57,Wystan,9,Dagger,0,1595,8239,1,True,True,True,False,the foe,True,52,OrcishMage,114,143,the double,no
367,2026-09-26,04:57:56,2026-09-26_04-57,Wystan,10,Dagger,0,595,9239,1,True,True,True,False,the foe,True,52,OrcishMage,114,143,the double,CurseSpell
367,2026-09-26,04:57:57,2026-09-26_04-57,Wystan,11,Dagger,0,1467,10239,1,True,True,False,False,the foe,True,51,OrcishMage,115,143,the double,no
367,2026-09-26,04:57:58,2026-09-26_04-57,Wystan,12,Dagger,0,467,11239,1,True,True,False,False,the foe,True,51,OrcishMage,115,143,the double,no
367,2026-09-26,04:57:59,2026-09-26_04-57,Wystan,13,Dagger,0,1434,12239,1,True,True,False,False,the foe,True,51,OrcishMage,115,143,the double,no
367,2026-09-26,04:58:00,2026-09-26_04-57,Wystan,14,Dagger,0,434,13239,1,True,True,False,False,the foe,True,42,OrcishMage,115,143,the double,no
367,2026-09-26,04:58:01,2026-09-26_04-57,Wystan,15,Dagger,0,1420,14239,1,True,True,False,False,the foe,True,42,OrcishMage,114,143,the double,no
367,2026-09-26,04:58:02,2026-09-26_04-57,Wystan,16,Dagger,0,419,15240,1,True,True,False,False,the foe,True,39,OrcishMage,114,143,the double,no
367,2026-09-26,04:58:03,2026-09-26_04-57,Wystan,17,Dagger,0,1399,16240,1,True,True,False,False,the foe,True,39,OrcishMage,113,143,the double,HarmSpell
367,2026-09-26,04:58:04,2026-09-26_04-57,Wystan,18,Dagger,0,199,17440,1,True,True,False,False,the foe,True,36,OrcishMage,113,143,the double,no
367,2026-09-26,04:58:05,2026-09-26_04-57,Wystan,19,Dagger,0,1183,18440,1,True,True,False,False,the foe,True,36,OrcishMage,112,143,the double,no
367,2026-09-26,04:58:06,2026-09-26_04-57,Wystan,20,Dagger,0,1954,19639,1,True,True,False,False,the foe,True,36,OrcishMage,112,143,the double,no
367,2026-09-26,04:58:07,2026-09-26_04-57,Wystan,21,Dagger,0,954,20639,1,True,True,False,False,the foe,True,33,OrcishMage,112,143,the double,no
367,2026-09-26,04:58:08,2026-09-26_04-57,Wystan,22,Dagger,0,1922,21640,1,True,True,False,False,the foe,True,30,OrcishMage,113,143,the double,no
367,2026-09-26,04:58:09,2026-09-26_04-57,Wystan,23,Dagger,0,922,22640,1,True,True,False,False,the foe,True,26,OrcishMage,113,143,the double,no
367,2026-09-26,04:58:10,2026-09-26_04-57,Wystan,25,Dagger,0,1690,23839,1,True,True,False,False,the foe,True,26,OrcishMage,111,143,the double,no
368,2026-09-26,04:58:11,2026-09-26_04-57,Cassia,0,Bow,0,4830,199117790,6,True,True,False,False,the foe,True,70,OrcishMage,133,133,the double,no
367,2026-09-26,04:58:11,2026-09-26_04-57,Wystan,26,Dagger,0,689,24840,1,True,True,False,False,the foe,True,20,OrcishMage,111,143,the double,FireballSpell
368,2026-09-26,04:58:12,2026-09-26_04-57,Cassia,1,Dagger,0,818,199,2,True,True,False,False,the foe,True,70,OrcishMage,133,133,the double,no
367,2026-09-26,04:58:12,2026-09-26_04-57,Wystan,27,Dagger,0,1715,25840,1,True,True,False,False,the foe,True,9,OrcishMage,106,143,the double,no
368,2026-09-26,04:58:13,2026-09-26_04-57,Cassia,2,Dagger,0,1641,800,1,True,True,False,False,the foe,True,70,OrcishMage,133,133,the double,MagicArrowSpell
367,2026-09-26,04:58:13,2026-09-26_04-57,Wystan,28,Dagger,0,515,27040,1,True,True,False,False,the foe,True,9,OrcishMage,106,143,the double,no
368,2026-09-26,04:58:14,2026-09-26_04-57,Cassia,3,Dagger,0,641,1800,1,True,True,False,False,the foe,True,70,OrcishMage,133,133,the double,no
367,2026-09-26,04:58:14,2026-09-26_04-57,Wystan,29,Dagger,0,1781,28040,1,True,True,False,False,the foe,True,9,OrcishMage,106,143,the double,no
368,2026-09-26,04:58:15,2026-09-26_04-57,Cassia,4,Dagger,0,1466,2800,1,True,True,False,False,the foe,True,62,OrcishMage,133,133,the double,no
367,2026-09-26,04:58:15,2026-09-26_04-57,Wystan,30,Dagger,0,781,29040,1,True,True,False,False,the foe,True,3,OrcishMage,106,143,the double,no
368,2026-09-26,04:58:16,2026-09-26_04-57,Cassia,5,Dagger,0,466,3800,1,True,True,False,False,the foe,True,62,OrcishMage,133,133,the double,no
367,2026-09-26,04:58:16,2026-09-26_04-57,Wystan,31,Dagger,0,2196,30040,1,True,True,False,False,the foe,True,2,OrcishMage,96,143,the double,no
368,2026-09-26,04:58:17,2026-09-26_04-57,Cassia,6,Dagger,0,1012,5078,1,True,True,False,False,the foe,True,56,OrcishMage,133,133,the double,LightningSpell
367,2026-09-26,04:58:18,2026-09-26_04-57,Wystan,32,Dagger,0,997,31239,1,True,True,False,False,the foe,True,2,OrcishMage,96,143,the double,no
368,2026-09-26,04:58:18,2026-09-26_04-57,Cassia,7,Dagger,0,1831,6199,1,True,True,False,False,the foe,True,40,OrcishMage,133,133,the double,no
367,2026-09-26,04:58:19,2026-09-26_04-57,Wystan,33,Dagger,0,2392,32239,1,True,True,False,False,the foe,True,3,OrcishMage,86,143,the double,LightningSpell
368,2026-09-26,04:58:19,2026-09-26_04-57,Cassia,8,Dagger,0,831,7199,1,True,True,False,False,the foe,True,40,OrcishMage,133,133,the double,no
368,2026-09-26,04:58:20,2026-09-26_04-57,Cassia,9,Dagger,0,1780,8200,1,True,True,False,False,the foe,True,34,OrcishMage,132,133,the double,no
368,2026-09-26,04:58:22,2026-09-26_04-57,Cassia,10,Dagger,0,581,9399,1,True,True,False,False,the foe,True,34,OrcishMage,132,133,the double,MindBlastSpell
368,2026-09-26,04:58:23,2026-09-26_04-57,Cassia,11,Dagger,0,1531,10400,1,True,True,False,False,the foe,True,33,OrcishMage,132,133,the double,no
368,2026-09-26,04:58:24,2026-09-26_04-57,Cassia,12,Dagger,0,531,11400,1,True,True,False,False,the foe,True,16,OrcishMage,132,133,the double,no
369,2026-09-26,04:58:25,2026-09-26_04-57,Elspeth,0,Bow,2,4743,199131390,6,True,True,False,False,the foe,True,67,OrcishMage,140,140,the double,no
368,2026-09-26,04:58:25,2026-09-26_04-57,Cassia,14,Dagger,0,1517,12599,1,True,True,False,False,the foe,True,16,OrcishMage,132,133,the double,LightningSpell
369,2026-09-26,04:58:26,2026-09-26_04-57,Elspeth,1,Bow,2,3742,199132391,6,True,True,False,False,the foe,True,67,OrcishMage,140,140,the double,no
368,2026-09-26,04:58:26,2026-09-26_04-57,Cassia,15,Dagger,0,517,13599,1,True,True,False,False,the foe,True,17,OrcishMage,132,133,the double,LightningSpell
369,2026-09-26,04:58:27,2026-09-26_04-57,Elspeth,2,Bow,2,2742,199133391,6,True,True,False,False,the foe,True,67,OrcishMage,140,140,the double,no
369,2026-09-26,04:58:28,2026-09-26_04-57,Elspeth,3,Bow,2,1742,199134391,6,True,True,False,False,the foe,True,67,OrcishMage,140,140,the double,no
369,2026-09-26,04:58:29,2026-09-26_04-57,Elspeth,4,Bow,2,543,199135590,5,True,True,False,False,the foe,True,67,OrcishMage,140,140,the double,ManaDrainSpell
369,2026-09-26,04:58:30,2026-09-26_04-57,Elspeth,5,Bow,1,4485,199136591,2,True,True,False,False,the foe,True,67,OrcishMage,127,140,the double,no
369,2026-09-26,04:58:31,2026-09-26_04-57,Elspeth,6,Bow,1,3485,199137591,1,True,True,False,False,the foe,True,67,OrcishMage,127,140,the double,no
369,2026-09-26,04:58:32,2026-09-26_04-57,Elspeth,7,Bow,1,2285,199138791,1,True,True,False,False,the foe,True,67,OrcishMage,127,140,the double,EnergyBoltSpell
369,2026-09-26,04:58:33,2026-09-26_04-57,Elspeth,8,Bow,1,1085,199139991,1,True,True,False,False,the foe,True,67,OrcishMage,127,140,the double,no
369,2026-09-26,04:58:34,2026-09-26_04-57,Elspeth,9,Bow,0,5755,199141190,1,True,True,False,False,the foe,True,29,OrcishMage,117,140,the double,no
369,2026-09-26,04:58:35,2026-09-26_04-57,Elspeth,11,Dagger,0,1129,199142191,1,True,True,False,False,the foe,True,26,OrcishMage,117,140,the double,HealSpell
369,2026-09-26,04:58:37,2026-09-26_04-57,Elspeth,12,Dagger,0,2066,199143391,1,True,True,False,False,the foe,True,26,OrcishMage,127,140,the double,no
369,2026-09-26,04:58:38,2026-09-26_04-57,Elspeth,13,Dagger,0,867,199144590,1,True,True,False,False,the foe,True,19,OrcishMage,127,140,the double,no
369,2026-09-26,04:58:39,2026-09-26_04-57,Elspeth,14,Dagger,0,2044,199145591,1,True,True,False,False,the foe,True,19,OrcishMage,127,140,the double,no
369,2026-09-26,04:58:40,2026-09-26_04-57,Elspeth,15,Dagger,0,844,199146791,1,True,True,False,False,the foe,True,19,OrcishMage,127,140,the double,LightningSpell
673,2026-09-26,10:42:15,2026-09-26_10-41,Hollis,0,Bow,48,4471,219762271,6,True,True,False,False,the foe,True,72,OrcishMage,145,145,the double,no
673,2026-09-26,10:42:16,2026-09-26_10-41,Hollis,1,Bow,48,3471,219763271,6,True,True,False,False,the foe,True,72,OrcishMage,145,145,the double,no
673,2026-09-26,10:42:17,2026-09-26_10-41,Hollis,2,Bow,48,2471,219764271,6,True,True,False,False,the foe,True,72,OrcishMage,145,145,the double,no
673,2026-09-26,10:42:18,2026-09-26_10-41,Hollis,3,Bow,48,1470,219765272,5,True,True,False,False,the foe,True,72,OrcishMage,145,145,the double,LightningSpell
673,2026-09-26,10:42:20,2026-09-26_10-41,Hollis,4,Bow,48,270,219766472,4,True,True,False,False,the foe,True,51,OrcishMage,145,145,the double,no
673,2026-09-26,10:42:21,2026-09-26_10-41,Hollis,5,Bow,47,4112,219767672,1,True,True,False,False,the foe,True,49,OrcishMage,138,145,the double,no
673,2026-09-26,10:42:22,2026-09-26_10-41,Hollis,6,Bow,47,2913,219768871,1,True,True,False,False,the foe,True,49,OrcishMage,138,145,the double,ManaDrainSpell
673,2026-09-26,10:42:23,2026-09-26_10-41,Hollis,7,Bow,47,1912,219769872,1,True,True,False,False,the foe,True,48,OrcishMage,138,145,the double,ManaDrainSpell
673,2026-09-26,10:42:24,2026-09-26_10-41,Hollis,8,Bow,47,912,219770872,1,True,True,False,False,the foe,True,48,OrcishMage,138,145,the double,no
673,2026-09-26,10:42:25,2026-09-26_10-41,Hollis,9,Bow,46,4953,219771872,1,True,True,False,False,the foe,True,48,OrcishMage,124,145,the double,no
673,2026-09-26,10:42:26,2026-09-26_10-41,Hollis,11,Bow,46,3754,219773071,1,True,True,False,False,the foe,True,48,OrcishMage,124,145,the double,MindBlastSpell
673,2026-09-26,10:42:27,2026-09-26_10-41,Hollis,12,Bow,46,2753,219774072,1,True,True,False,False,the foe,True,48,OrcishMage,124,145,the double,no
673,2026-09-26,10:42:28,2026-09-26_10-41,Hollis,13,Bow,46,1554,219775271,1,True,True,False,False,the foe,True,23,OrcishMage,124,145,the double,no
672,2026-09-26,10:42:29,2026-09-26_10-41,Corwin,0,Bow,0,4646,219775472,6,True,True,False,False,the foe,True,68,OrcishMage,147,147,the double,no
673,2026-09-26,10:42:29,2026-09-26_10-41,Hollis,14,Bow,46,553,219776272,1,True,True,False,False,the foe,True,23,OrcishMage,124,145,the double,FireballSpell
672,2026-09-26,10:42:30,2026-09-26_10-41,Corwin,1,Dagger,0,560,399,2,True,True,False,False,the foe,True,68,OrcishMage,147,147,the double,no
673,2026-09-26,10:42:30,2026-09-26_10-41,Hollis,15,Bow,45,5157,219777272,1,True,True,False,False,the foe,True,23,OrcishMage,117,145,the double,no
672,2026-09-26,10:42:31,2026-09-26_10-41,Corwin,2,Dagger,0,1318,1001,1,True,True,False,False,the foe,True,65,OrcishMage,147,147,the double,PoisonSpell
673,2026-09-26,10:42:31,2026-09-26_10-41,Hollis,16,Bow,45,4157,219778272,1,True,True,False,False,the foe,True,14,OrcishMage,118,145,the double,no
672,2026-09-26,10:42:32,2026-09-26_10-41,Corwin,3,Dagger,0,318,2001,1,True,True,False,False,the foe,True,65,OrcishMage,147,147,the double,no
673,2026-09-26,10:42:33,2026-09-26_10-41,Hollis,17,Bow,45,2957,219779472,1,True,True,False,False,the foe,True,14,OrcishMage,118,145,the double,no
672,2026-09-26,10:42:33,2026-09-26_10-41,Corwin,4,Dagger,0,1078,3001,1,True,True,False,False,the foe,True,57,OrcishMage,147,147,the double,no
673,2026-09-26,10:42:34,2026-09-26_10-41,Hollis,18,Bow,45,1957,219780472,1,True,True,False,False,the foe,True,14,OrcishMage,118,145,the double,ExplosionSpell
672,2026-09-26,10:42:34,2026-09-26_10-41,Corwin,5,Dagger,0,1650,4201,1,True,True,False,False,the foe,True,57,OrcishMage,147,147,the double,no
673,2026-09-26,10:42:35,2026-09-26_10-41,Hollis,19,Bow,45,758,219781671,1,True,True,False,False,the foe,True,14,OrcishMage,118,145,the double,ExplosionSpell
672,2026-09-26,10:42:35,2026-09-26_10-41,Corwin,6,Dagger,0,450,5401,1,True,True,False,False,the foe,True,49,OrcishMage,147,147,the double,WeakenSpell
673,2026-09-26,10:42:36,2026-09-26_10-41,Hollis,20,Bow,44,5712,219782671,1,True,True,False,False,the foe,True,14,OrcishMage,118,145,the double,no
672,2026-09-26,10:42:36,2026-09-26_10-41,Corwin,8,Dagger,0,1051,6600,1,True,True,False,False,the foe,True,45,OrcishMage,141,147,the double,no
673,2026-09-26,10:42:37,2026-09-26_10-41,Hollis,21,Bow,44,4710,219783673,1,True,True,False,False,the foe,True,14,OrcishMage,118,145,the double,CurseSpell
672,2026-09-26,10:42:37,2026-09-26_10-41,Corwin,9,Dagger,0,50,7601,1,True,True,False,False,the foe,True,45,OrcishMage,141,147,the double,no
673,2026-09-26,10:42:38,2026-09-26_10-41,Hollis,22,Bow,44,3511,219784872,1,True,True,False,False,the foe,True,14,OrcishMage,118,145,the double,no
672,2026-09-26,10:42:39,2026-09-26_10-41,Corwin,10,Dagger,0,659,8800,1,True,True,False,False,the foe,True,38,OrcishMage,141,147,the double,MagicArrowSpell
673,2026-09-26,10:42:39,2026-09-26_10-41,Hollis,24,Bow,44,2312,219786071,1,True,True,False,False,the foe,True,9,OrcishMage,118,145,the double,no
672,2026-09-26,10:42:40,2026-09-26_10-41,Corwin,11,Dagger,0,1466,9801,1,True,True,False,False,the foe,True,38,OrcishMage,140,147,the double,no
673,2026-09-26,10:42:40,2026-09-26_10-41,Hollis,25,Bow,44,1312,219787071,1,True,True,False,False,the foe,True,9,OrcishMage,118,145,the double,no
672,2026-09-26,10:42:41,2026-09-26_10-41,Corwin,12,Dagger,0,266,11001,1,True,True,False,False,the foe,True,30,OrcishMage,140,147,the double,no
673,2026-09-26,10:42:41,2026-09-26_10-41,Hollis,26,Bow,44,311,219788072,1,True,True,False,False,the foe,True,5,OrcishMage,118,145,the double,PoisonSpell
672,2026-09-26,10:42:42,2026-09-26_10-41,Corwin,13,Dagger,0,1073,12001,1,True,True,False,False,the foe,True,27,OrcishMage,139,147,the double,no
673,2026-09-26,10:42:42,2026-09-26_10-41,Hollis,27,Bow,43,5667,219789072,1,True,True,False,False,the foe,True,6,OrcishMage,102,145,the double,no
672,2026-09-26,10:42:43,2026-09-26_10-41,Corwin,14,Dagger,0,73,13001,1,True,True,False,False,the foe,True,26,OrcishMage,139,147,the double,no
673,2026-09-26,10:42:43,2026-09-26_10-41,Hollis,28,Bow,43,4667,219790072,1,True,True,False,False,the foe,True,6,OrcishMage,102,145,the double,no
672,2026-09-26,10:42:44,2026-09-26_10-41,Corwin,15,Dagger,0,693,14201,1,True,True,False,False,the foe,True,26,OrcishMage,139,147,the double,LightningSpell
673,2026-09-26,10:42:44,2026-09-26_10-41,Hollis,29,Bow,43,3667,219791072,1,True,True,False,False,the foe,True,6,OrcishMage,102,145,the double,ParalyzeSpell
672,2026-09-26,10:42:45,2026-09-26_10-41,Corwin,16,Dagger,0,1913,15201,1,True,True,False,False,the foe,True,8,OrcishMage,139,147,the double,no
673,2026-09-26,10:42:45,2026-09-26_10-41,Hollis,30,Bow,43,2667,219792072,1,True,True,True,False,the foe,True,2,OrcishMage,102,145,the double,no
674,2026-09-26,10:42:46,2026-09-26_10-41,Aric,0,Bow,72,4614,219792472,6,True,True,False,False,the foe,True,68,OrcishMage,97,128,the double,no
673,2026-09-26,10:42:46,2026-09-26_10-41,Hollis,31,Bow,43,1667,219793072,1,True,True,True,False,the foe,True,2,OrcishMage,102,145,the double,no
674,2026-09-26,10:42:47,2026-09-26_10-41,Aric,1,Bow,72,3415,219793671,6,True,True,False,False,the foe,True,68,OrcishMage,97,128,the double,no
673,2026-09-26,10:42:47,2026-09-26_10-41,Hollis,32,Bow,43,667,219794072,1,True,True,False,False,the foe,True,1,OrcishMage,102,145,the double,no
674,2026-09-26,10:42:48,2026-09-26_10-41,Aric,2,Bow,72,2414,219794672,5,True,True,False,False,the foe,True,68,OrcishMage,97,128,the double,ExplosionSpell
674,2026-09-26,10:42:49,2026-09-26_10-41,Aric,3,Bow,72,1215,219795871,4,True,True,False,False,the foe,True,68,OrcishMage,97,128,the double,no
674,2026-09-26,10:42:50,2026-09-26_10-41,Aric,4,Bow,72,214,219796872,1,True,True,False,False,the foe,True,68,OrcishMage,97,128,the double,no
674,2026-09-26,10:42:51,2026-09-26_10-41,Aric,5,Bow,71,4030,219797872,1,True,True,False,False,the foe,True,68,OrcishMage,69,128,the double,InvisibilitySpell
674,2026-09-26,10:42:52,2026-09-26_10-41,Aric,6,Bow,71,3030,219798872,1,True,True,False,False,the foe,True,23,OrcishMage,69,128,the double,InvisibilitySpell
674,2026-09-26,10:42:53,2026-09-26_10-41,Aric,7,Bow,71,1831,219800071,1,False,True,False,False,the foe,True,23,OrcishMage,69,128,the double,no
674,2026-09-26,10:42:54,2026-09-26_10-41,Aric,8,Bow,71,831,219801071,1,False,True,False,False,the foe,True,23,OrcishMage,69,128,the double,no
674,2026-09-26,10:42:55,2026-09-26_10-41,Aric,9,Bow,70,5889,219802071,1,True,True,False,False,the foe,True,23,OrcishMage,69,128,the double,GreaterHealSpell
674,2026-09-26,10:42:56,2026-09-26_10-41,Aric,10,Bow,70,4888,219803072,1,True,True,False,False,the foe,True,23,OrcishMage,102,128,the double,no
674,2026-09-26,10:42:57,2026-09-26_10-41,Aric,11,Bow,70,3888,219804072,1,True,True,False,False,the foe,True,23,OrcishMage,103,128,the double,no
674,2026-09-26,10:42:58,2026-09-26_10-41,Aric,13,Bow,70,2689,219805271,1,True,True,False,False,the foe,True,23,OrcishMage,103,128,the double,BlessSpell
674,2026-09-26,10:42:59,2026-09-26_10-41,Aric,14,Bow,70,1688,219806272,1,True,True,False,False,the foe,True,23,OrcishMage,103,136,the double,no
674,2026-09-26,10:43:00,2026-09-26_10-41,Aric,15,Bow,70,687,219807273,1,True,True,False,False,the foe,True,23,OrcishMage,103,136,the double,no
674,2026-09-26,10:43:02,2026-09-26_10-41,Aric,16,Bow,69,5503,219808472,1,True,True,False,False,the foe,True,19,OrcishMage,93,136,the double,LightningSpell
674,2026-09-26,10:43:03,2026-09-26_10-41,Aric,17,Bow,69,4503,219809472,1,True,True,False,False,the foe,True,20,OrcishMage,93,136,the double,LightningSpell
674,2026-09-26,10:43:04,2026-09-26_10-41,Aric,18,Bow,69,3304,219810671,1,True,True,False,False,the foe,True,0,OrcishMage,93,136,the double,no
674,2026-09-26,10:43:05,2026-09-26_10-41,Aric,19,Bow,69,2304,219811671,1,True,True,False,False,the foe,True,0,OrcishMage,93,136,the double,no
674,2026-09-26,10:43:06,2026-09-26_10-41,Aric,20,Bow,69,1304,219812671,1,True,True,False,False,the foe,True,0,OrcishMage,93,136,the double,MagicArrowSpell
674,2026-09-26,10:43:07,2026-09-26_10-41,Aric,21,Fists,69,4912,219813672,1,True,True,False,False,none,False,0,OrcishMage,93,136,none,no
851,2026-09-26,11:48:18,2026-09-26_11-45,Emrys,0,Bow,27,4783,223723244,6,True,True,False,False,the foe,True,69,OrcishMage,111,138,the double,no
851,2026-09-26,11:48:19,2026-09-26_11-45,Emrys,1,Bow,27,4000,223724366,6,True,True,False,False,the foe,True,69,OrcishMage,111,138,the double,no
851,2026-09-26,11:48:20,2026-09-26_11-45,Emrys,2,Bow,27,4593,223725373,5,True,True,False,False,the foe,True,69,OrcishMage,111,138,the double,EnergyBoltSpell
851,2026-09-26,11:48:21,2026-09-26_11-45,Emrys,3,Fists,27,3133,223726566,4,True,True,False,False,the foe,True,69,OrcishMage,111,138,the double,no
851,2026-09-26,11:48:22,2026-09-26_11-45,Emrys,4,Bow,27,3989,223727577,1,True,True,False,False,the foe,True,38,OrcishMage,111,138,the double,no
851,2026-09-26,11:48:24,2026-09-26_11-45,Emrys,5,Bow,27,5056,223728766,1,True,True,False,False,the foe,True,38,OrcishMage,123,138,the double,no
851,2026-09-26,11:48:25,2026-09-26_11-45,Emrys,6,Bow,27,5396,223729966,1,True,True,False,False,the foe,True,38,OrcishMage,123,138,the double,no
851,2026-09-26,11:48:26,2026-09-26_11-45,Emrys,7,Bow,27,4377,223730985,1,True,True,False,False,the foe,True,38,OrcishMage,123,138,the double,no
851,2026-09-26,11:48:27,2026-09-26_11-45,Emrys,9,Bow,27,4797,223732166,1,True,True,False,False,the foe,True,38,OrcishMage,123,138,the double,no
851,2026-09-26,11:48:28,2026-09-26_11-45,Emrys,10,Bow,27,5381,223733181,1,True,True,False,False,the foe,True,38,OrcishMage,123,138,the double,BlessSpell
851,2026-09-26,11:48:29,2026-09-26_11-45,Emrys,11,Bow,27,4197,223734365,1,True,True,False,False,the foe,True,38,OrcishMage,124,146,the double,no
851,2026-09-26,11:48:30,2026-09-26_11-45,Emrys,12,Bow,27,4756,223735365,1,True,True,False,False,the foe,True,37,OrcishMage,124,146,the double,no
851,2026-09-26,11:48:31,2026-09-26_11-45,Emrys,13,Bow,27,5379,223736365,1,True,True,False,False,the foe,True,37,OrcishMage,124,146,the double,no
851,2026-09-26,11:48:32,2026-09-26_11-45,Emrys,14,Bow,27,4379,223737365,1,True,True,False,False,the foe,True,37,OrcishMage,124,146,the double,no
851,2026-09-26,11:48:33,2026-09-26_11-45,Emrys,15,Bow,27,4960,223738369,1,True,True,False,False,the foe,True,32,OrcishMage,124,146,the double,no
851,2026-09-26,11:48:34,2026-09-26_11-45,Emrys,16,Bow,27,5354,223739566,1,True,True,False,False,the foe,True,32,OrcishMage,124,146,the double,no
851,2026-09-26,11:48:35,2026-09-26_11-45,Emrys,17,Bow,27,4354,223740566,1,True,True,False,False,the foe,True,30,OrcishMage,124,146,the double,no
851,2026-09-26,11:48:37,2026-09-26_11-45,Emrys,18,Bow,27,4720,223741765,1,True,True,False,False,the foe,True,20,OrcishMage,124,146,the double,no
851,2026-09-26,11:48:38,2026-09-26_11-45,Emrys,19,Bow,27,5614,223742765,1,True,True,False,False,the foe,True,23,OrcishMage,124,146,the double,no
851,2026-09-26,11:48:39,2026-09-26_11-45,Emrys,20,Bow,27,4599,223743780,1,True,True,False,False,the foe,True,23,OrcishMage,124,146,the double,no
851,2026-09-26,11:48:40,2026-09-26_11-45,Emrys,21,Bow,27,5014,223744965,1,True,True,False,False,the foe,True,23,OrcishMage,124,146,the double,FireballSpell
851,2026-09-26,11:48:41,2026-09-26_11-45,Emrys,22,Bow,27,5613,223745965,1,True,True,False,False,the foe,True,23,OrcishMage,125,146,the double,no
851,2026-09-26,11:48:42,2026-09-26_11-45,Emrys,23,Bow,27,4612,223746966,1,True,True,False,False,the foe,True,10,OrcishMage,125,146,the double,no
851,2026-09-26,11:48:43,2026-09-26_11-45,Emrys,25,Bow,27,5556,223748165,1,True,True,False,False,the foe,True,10,OrcishMage,125,146,the double,no
851,2026-09-26,11:48:44,2026-09-26_11-45,Emrys,26,Bow,27,6103,223749186,1,True,True,False,False,the foe,True,11,OrcishMage,136,146,the double,no
851,2026-09-26,11:48:45,2026-09-26_11-45,Emrys,27,Bow,27,4924,223750365,1,True,True,False,False,the foe,True,11,OrcishMage,136,146,the double,no
851,2026-09-26,11:48:46,2026-09-26_11-45,Emrys,28,Bow,27,5498,223751370,1,True,True,False,False,the foe,True,8,OrcishMage,136,146,the double,no
851,2026-09-26,11:48:47,2026-09-26_11-45,Emrys,29,Bow,27,5902,223752565,1,True,True,False,False,the foe,True,8,OrcishMage,136,146,the double,ParalyzeSpell
851,2026-09-26,11:48:48,2026-09-26_11-45,Emrys,30,Bow,27,4902,223753565,1,True,True,True,False,the foe,True,7,OrcishMage,136,146,the double,no
851,2026-09-26,11:48:49,2026-09-26_11-45,Emrys,31,Bow,27,3902,223754565,1,True,True,True,False,the foe,True,9,OrcishMage,136,146,the double,no
851,2026-09-26,11:48:50,2026-09-26_11-45,Emrys,32,Bow,27,2901,223755566,1,True,True,True,False,the foe,True,9,OrcishMage,136,146,the double,no
851,2026-09-26,11:48:51,2026-09-26_11-45,Emrys,33,Bow,27,1901,223756566,1,True,True,True,False,the foe,True,9,OrcishMage,137,146,the double,BlessSpell
851,2026-09-26,11:48:53,2026-09-26_11-45,Emrys,34,Bow,27,702,223757765,1,True,True,True,False,the foe,True,9,OrcishMage,137,146,the double,no
851,2026-09-26,11:48:54,2026-09-26_11-45,Emrys,35,Bow,26,5962,223758765,1,True,True,True,False,the foe,True,9,OrcishMage,98,146,the double,no
851,2026-09-26,11:48:55,2026-09-26_11-45,Emrys,36,Bow,26,4962,223759765,1,True,True,True,False,the foe,True,9,OrcishMage,98,146,the double,no
851,2026-09-26,11:48:56,2026-09-26_11-45,Emrys,37,Bow,26,3961,223760766,1,True,True,True,False,the foe,True,10,OrcishMage,98,146,the double,FireballSpell
851,2026-09-26,11:48:57,2026-09-26_11-45,Emrys,38,Bow,26,2762,223761965,1,True,True,True,False,the foe,True,10,OrcishMage,98,146,the double,no
851,2026-09-26,11:48:58,2026-09-26_11-45,Emrys,39,Bow,26,6542,223762966,1,True,True,False,False,the foe,True,6,OrcishMage,98,146,the double,no
851,2026-09-26,11:48:59,2026-09-26_11-45,Emrys,41,Bow,26,6941,223764166,1,True,True,False,False,the foe,True,6,OrcishMage,98,146,the double,no
851,2026-09-26,11:49:00,2026-09-26_11-45,Emrys,42,Bow,26,5941,223765166,1,True,True,False,False,the foe,True,6,OrcishMage,98,146,the double,FireballSpell
857,2026-09-26,11:51:00,2026-09-26_11-45,Aric,0,Bow,52,4634,223884966,6,True,True,False,False,the foe,True,69,OrcishMage,123,123,the double,no
857,2026-09-26,11:51:01,2026-09-26_11-45,Aric,1,Bow,52,3435,223886165,6,True,True,False,False,the foe,True,69,OrcishMage,123,123,the double,no
857,2026-09-26,11:51:02,2026-09-26_11-45,Aric,2,Bow,52,2434,223887166,6,True,True,False,False,the foe,True,69,OrcishMage,123,123,the double,no
857,2026-09-26,11:51:03,2026-09-26_11-45,Aric,3,Bow,52,1434,223888166,5,True,True,False,False,the foe,True,69,OrcishMage,123,123,the double,HarmSpell
857,2026-09-26,11:51:04,2026-09-26_11-45,Aric,4,Bow,52,434,223889166,1,True,True,False,False,the foe,True,68,OrcishMage,123,123,the double,no
857,2026-09-26,11:51:05,2026-09-26_11-45,Aric,5,Bow,51,4048,223890365,1,True,True,False,False,the foe,True,68,OrcishMage,123,123,the double,no
857,2026-09-26,11:51:06,2026-09-26_11-45,Aric,6,Bow,51,3048,223891365,1,True,True,False,False,the foe,True,68,OrcishMage,123,123,the double,no
857,2026-09-26,11:51:07,2026-09-26_11-45,Aric,7,Bow,51,2048,223892365,1,True,True,False,False,the foe,True,68,OrcishMage,123,123,the double,LightningSpell
857,2026-09-26,11:51:08,2026-09-26_11-45,Aric,8,Bow,51,1047,223893366,1,True,True,False,False,the foe,True,68,OrcishMage,123,123,the double,LightningSpell
857,2026-09-26,11:51:09,2026-09-26_11-45,Aric,9,Bow,50,4822,223894566,1,True,True,False,False,the foe,True,55,OrcishMage,100,123,the double,no
857,2026-09-26,11:51:10,2026-09-26_11-45,Aric,10,Bow,50,3822,223895566,1,True,True,False,False,the foe,True,55,OrcishMage,100,123,the double,no
857,2026-09-26,11:51:11,2026-09-26_11-45,Aric,11,Bow,50,2822,223896566,1,True,True,False,False,the foe,True,55,OrcishMage,100,123,the double,PoisonSpell
857,2026-09-26,11:51:12,2026-09-26_11-45,Aric,12,Bow,50,1822,223897566,1,True,True,False,False,the foe,True,55,OrcishMage,100,123,the double,no
857,2026-09-26,11:51:13,2026-09-26_11-45,Aric,13,Bow,50,822,223898566,1,True,True,False,False,the foe,True,55,OrcishMage,100,123,the double,no
857,2026-09-26,11:51:15,2026-09-26_11-45,Aric,15,Bow,49,4598,223899766,1,True,True,False,False,the foe,True,56,OrcishMage,100,123,the double,MindBlastSpell
857,2026-09-26,11:51:16,2026-09-26_11-45,Aric,16,Bow,49,3398,223900966,1,True,True,False,False,the foe,True,52,OrcishMage,100,123,the double,MindBlastSpell
857,2026-09-26,11:51:17,2026-09-26_11-45,Aric,17,Bow,49,2199,223902165,1,True,True,False,False,the foe,True,46,OrcishMage,100,123,the double,no
857,2026-09-26,11:51:18,2026-09-26_11-45,Aric,18,Bow,49,1199,223903165,1,True,True,False,False,the foe,True,46,OrcishMage,100,123,the double,no
857,2026-09-26,11:51:19,2026-09-26_11-45,Aric,19,Bow,49,199,223904165,1,True,True,False,False,the foe,True,42,OrcishMage,100,123,the double,no
857,2026-09-26,11:51:20,2026-09-26_11-45,Aric,20,Bow,48,4175,223905165,1,True,True,False,False,the foe,True,40,OrcishMage,100,123,the double,ParalyzeSpell
857,2026-09-26,11:51:21,2026-09-26_11-45,Aric,21,Bow,48,3174,223906166,1,True,True,False,False,the foe,True,40,OrcishMage,101,123,the double,no
857,2026-09-26,11:51:22,2026-09-26_11-45,Aric,22,Bow,48,1975,223907365,1,True,True,False,False,the foe,True,36,OrcishMage,101,123,the double,no
857,2026-09-26,11:51:23,2026-09-26_11-45,Aric,23,Bow,48,975,223908365,1,True,True,False,False,the foe,True,36,OrcishMage,101,123,the double,BlessSpell
857,2026-09-26,11:51:24,2026-09-26_11-45,Aric,24,Bow,47,4917,223909366,1,True,True,False,False,the foe,True,36,OrcishMage,60,131,the double,no
857,2026-09-26,11:51:25,2026-09-26_11-45,Aric,25,Bow,47,3917,223910366,1,True,True,False,False,the foe,True,33,OrcishMage,60,131,the double,no
857,2026-09-26,11:51:26,2026-09-26_11-45,Aric,26,Bow,47,2718,223911565,1,True,True,False,False,the foe,True,33,OrcishMage,60,131,the double,no
857,2026-09-26,11:51:27,2026-09-26_11-45,Aric,27,Bow,47,1718,223912565,1,True,True,False,False,the foe,True,29,OrcishMage,60,131,the double,HarmSpell
857,2026-09-26,11:51:28,2026-09-26_11-45,Aric,28,Bow,47,717,223913566,1,True,True,False,False,the foe,True,15,OrcishMage,60,131,the double,no
857,2026-09-26,11:51:30,2026-09-26_11-45,Aric,30,Bow,46,5209,223914766,1,True,True,False,False,the foe,True,15,OrcishMage,15,131,the double,no
857,2026-09-26,11:51:31,2026-09-26_11-45,Aric,31,Bow,46,4009,223915966,1,True,True,False,False,the foe,True,11,OrcishMage,15,131,the double,no
857,2026-09-26,11:51:32,2026-09-26_11-45,Aric,32,Bow,46,3009,223916966,1,True,True,False,False,the foe,True,11,OrcishMage,16,131,the double,MindBlastSpell
857,2026-09-26,11:51:33,2026-09-26_11-45,Aric,33,Bow,46,1809,223918166,1,True,True,False,False,the foe,True,11,OrcishMage,16,131,the double,no
863,2026-09-26,11:52:10,2026-09-26_11-45,Emrys,0,Bow,15,4911,223954965,6,True,True,False,False,the foe,True,69,OrcishMage,140,140,the double,no
863,2026-09-26,11:52:11,2026-09-26_11-45,Emrys,1,Bow,15,3911,223955965,6,True,True,False,False,the foe,True,69,OrcishMage,140,140,the double,no
863,2026-09-26,11:52:12,2026-09-26_11-45,Emrys,2,Bow,15,2911,223956965,5,True,True,False,False,the foe,True,69,OrcishMage,140,140,the double,ManaDrainSpell
863,2026-09-26,11:52:13,2026-09-26_11-45,Emrys,3,Bow,15,1911,223957965,3,True,True,False,False,the foe,True,69,OrcishMage,140,140,the double,no
863,2026-09-26,11:52:14,2026-09-26_11-45,Emrys,4,Bow,15,911,223958965,1,True,True,False,False,the foe,True,69,OrcishMage,140,140,the double,no
863,2026-09-26,11:52:15,2026-09-26_11-45,Emrys,5,Bow,14,5014,223959965,1,True,True,False,False,the foe,True,69,OrcishMage,122,140,the double,ExplosionSpell
863,2026-09-26,11:52:16,2026-09-26_11-45,Emrys,6,Bow,14,4014,223960965,1,True,True,False,False,the foe,True,69,OrcishMage,122,140,the double,ExplosionSpell
863,2026-09-26,11:52:17,2026-09-26_11-45,Emrys,7,Bow,14,2985,223961994,1,True,True,False,False,the foe,True,69,OrcishMage,122,140,the double,no
863,2026-09-26,11:52:18,2026-09-26_11-45,Emrys,8,Bow,14,1813,223963166,1,True,True,False,False,the foe,True,69,OrcishMage,122,140,the double,no
863,2026-09-26,11:52:19,2026-09-26_11-45,Emrys,9,Bow,14,614,223964365,1,True,True,False,False,the foe,True,24,OrcishMage,122,140,the double,ManaDrainSpell
863,2026-09-26,11:52:20,2026-09-26_11-45,Emrys,10,Bow,13,5664,223965366,1,True,True,False,False,the foe,True,24,OrcishMage,106,140,the double,no
863,2026-09-26,11:52:21,2026-09-26_11-45,Emrys,11,Bow,13,4664,223966366,1,True,True,False,False,the foe,True,21,OrcishMage,106,140,the double,no
863,2026-09-26,11:52:22,2026-09-26_11-45,Emrys,12,Bow,13,3631,223967399,1,True,True,False,False,the foe,True,21,OrcishMage,106,140,the double,BlessSpell
863,2026-09-26,11:52:23,2026-09-26_11-45,Emrys,13,Bow,13,2464,223968566,1,True,True,False,False,the foe,True,21,OrcishMage,106,148,the double,no
863,2026-09-26,11:52:24,2026-09-26_11-45,Emrys,14,Bow,13,1464,223969566,1,True,True,False,False,the foe,True,21,OrcishMage,106,148,the double,no
863,2026-09-26,11:52:25,2026-09-26_11-45,Emrys,15,Bow,13,464,223970566,1,True,True,False,False,the foe,True,21,OrcishMage,106,148,the double,no
863,2026-09-26,11:52:26,2026-09-26_11-45,Emrys,16,Bow,12,5480,223971566,1,True,True,False,False,the foe,True,16,OrcishMage,116,148,the double,no
863,2026-09-26,11:52:28,2026-09-26_11-45,Emrys,18,Bow,12,4281,223972765,1,True,True,False,False,the foe,True,16,OrcishMage,116,148,the double,no
863,2026-09-26,11:52:29,2026-09-26_11-45,Emrys,19,Bow,12,3280,223973766,1,True,True,False,False,the foe,True,16,OrcishMage,116,148,the double,no
863,2026-09-26,11:52:30,2026-09-26_11-45,Emrys,20,Bow,12,2280,223974766,1,True,True,False,False,the foe,True,17,OrcishMage,116,148,the double,WeakenSpell
863,2026-09-26,11:52:31,2026-09-26_11-45,Emrys,21,Bow,12,1081,223975965,1,True,True,False,False,the foe,True,17,OrcishMage,116,148,the double,no
863,2026-09-26,11:52:32,2026-09-26_11-45,Emrys,22,Bow,12,78,223976968,1,True,True,False,False,the foe,True,17,OrcishMage,116,148,the double,no
863,2026-09-26,11:52:33,2026-09-26_11-45,Emrys,23,Bow,11,5039,223978007,1,True,True,False,False,the foe,True,25,OrcishMage,100,148,the double,no
863,2026-09-26,11:52:34,2026-09-26_11-45,Emrys,24,Bow,11,3881,223979165,1,True,True,False,False,the foe,True,25,OrcishMage,100,148,the double,FeeblemindSpell
863,2026-09-26,11:52:35,2026-09-26_11-45,Emrys,25,Bow,11,2881,223980165,1,True,True,False,False,the foe,True,25,OrcishMage,100,148,the double,no
863,2026-09-26,11:52:36,2026-09-26_11-45,Emrys,26,Bow,11,1881,223981165,1,True,True,False,False,the foe,True,25,OrcishMage,100,148,the double,no
863,2026-09-26,11:52:37,2026-09-26_11-45,Emrys,27,Bow,11,878,223982168,1,True,True,False,False,the foe,True,25,OrcishMage,101,148,the double,no
863,2026-09-26,11:52:38,2026-09-26_11-45,Emrys,28,Bow,10,5792,223983207,1,True,True,False,False,the foe,True,25,OrcishMage,72,148,the double,HarmSpell
863,2026-09-26,11:52:39,2026-09-26_11-45,Emrys,29,Bow,10,4633,223984366,1,True,True,False,False,the foe,True,18,OrcishMage,72,148,the double,no
863,2026-09-26,11:52:40,2026-09-26_11-45,Emrys,30,Bow,10,3434,223985565,1,True,True,False,False,the foe,True,19,OrcishMage,72,148,the double,no
863,2026-09-26,11:52:41,2026-09-26_11-45,Emrys,31,Bow,10,2434,223986565,1,True,True,False,False,the foe,True,19,OrcishMage,72,148,the double,no
863,2026-09-26,11:52:42,2026-09-26_11-45,Emrys,32,Bow,10,1421,223987578,1,True,True,False,False,the foe,True,19,OrcishMage,72,148,the double,GreaterHealSpell
863,2026-09-26,11:52:44,2026-09-26_11-45,Emrys,34,Bow,10,234,223988765,1,True,True,False,False,the foe,True,19,OrcishMage,110,148,the double,no
863,2026-09-26,11:52:45,2026-09-26_11-45,Emrys,35,Bow,9,5265,223989766,1,True,True,False,False,the foe,True,18,OrcishMage,95,148,the double,no
863,2026-09-26,11:52:46,2026-09-26_11-45,Emrys,36,Bow,9,4265,223990766,1,True,True,False,False,the foe,True,18,OrcishMage,95,148,the double,HarmSpell
863,2026-09-26,11:52:47,2026-09-26_11-45,Emrys,37,Bow,9,3065,223991966,1,True,True,False,False,the foe,True,17,OrcishMage,95,148,the double,no
863,2026-09-26,11:52:48,2026-09-26_11-45,Emrys,38,Bow,9,2048,223992983,1,True,True,False,False,the foe,True,17,OrcishMage,96,148,the double,no
863,2026-09-26,11:52:49,2026-09-26_11-45,Emrys,39,Bow,9,866,223994165,1,True,True,False,False,the foe,True,17,OrcishMage,96,148,the double,MindBlastSpell
863,2026-09-26,11:52:50,2026-09-26_11-45,Emrys,40,Bow,8,5850,223995165,1,True,True,False,False,the foe,True,17,OrcishMage,96,148,the double,no
951,2026-09-26,13:11:05,2026-09-26_13-10,Hollis,0,Bow,0,4384,228689908,6,True,True,False,False,the foe,True,72,OrcishMage,130,130,the double,no
951,2026-09-26,13:11:06,2026-09-26_13-10,Hollis,1,Dagger,0,452,400,2,True,True,False,False,the foe,True,72,OrcishMage,130,130,the double,no
951,2026-09-26,13:11:07,2026-09-26_13-10,Hollis,2,Dagger,0,1110,1000,1,True,True,False,False,the foe,True,72,OrcishMage,112,130,the double,EnergyBoltSpell
951,2026-09-26,13:11:08,2026-09-26_13-10,Hollis,3,Dagger,0,93,2017,1,True,True,False,False,the foe,True,72,OrcishMage,112,130,the double,EnergyBoltSpell
951,2026-09-26,13:11:09,2026-09-26_13-10,Hollis,4,Dagger,0,582,3199,1,True,True,False,False,the foe,True,29,OrcishMage,112,130,the double,no
951,2026-09-26,13:11:10,2026-09-26_13-10,Hollis,5,Dagger,0,1642,4218,1,True,True,False,False,the foe,True,29,OrcishMage,112,130,the double,MindBlastSpell
951,2026-09-26,13:11:11,2026-09-26_13-10,Hollis,6,Dagger,0,460,5400,1,True,True,False,False,the foe,True,29,OrcishMage,112,130,the double,no
951,2026-09-26,13:11:12,2026-09-26_13-10,Hollis,7,Dagger,0,1886,6400,1,True,True,False,False,the foe,True,7,OrcishMage,112,130,the double,no
951,2026-09-26,13:11:13,2026-09-26_13-10,Hollis,8,Dagger,0,860,7426,1,True,True,False,False,the foe,True,4,OrcishMage,112,130,the double,ExplosionSpell
951,2026-09-26,13:11:15,2026-09-26_13-10,Hollis,10,Dagger,0,2100,8600,1,True,True,False,False,the foe,True,4,OrcishMage,109,130,the double,ExplosionSpell
951,2026-09-26,13:11:16,2026-09-26_13-10,Hollis,11,Dagger,0,1084,9616,1,True,True,False,False,the foe,True,4,OrcishMage,109,130,the double,no
951,2026-09-26,13:11:17,2026-09-26_13-10,Hollis,12,Dagger,0,2297,10799,1,True,True,False,False,the foe,True,3,OrcishMage,109,130,the double,no
951,2026-09-26,13:11:18,2026-09-26_13-10,Hollis,13,Fists,0,4936,11799,1,True,True,False,False,none,False,0,OrcishMage,110,130,none,ManaDrainSpell
955,2026-09-26,13:12:35,2026-09-26_13-10,Delwyn,0,Bow,122,4537,228780507,6,True,True,False,False,the foe,True,68,OrcishMage,108,132,the double,no
955,2026-09-26,13:12:36,2026-09-26_13-10,Delwyn,1,Bow,122,3534,228781510,6,True,True,False,False,the foe,True,68,OrcishMage,108,132,the double,no
955,2026-09-26,13:12:38,2026-09-26_13-10,Delwyn,2,Bow,122,2337,228782707,5,True,True,False,False,the foe,True,68,OrcishMage,108,132,the double,HealSpell
955,2026-09-26,13:12:39,2026-09-26_13-10,Delwyn,3,Bow,122,1336,228783708,2,True,True,False,False,the foe,True,68,OrcishMage,118,132,the double,no
955,2026-09-26,13:12:40,2026-09-26_13-10,Delwyn,4,Bow,122,336,228784708,1,True,True,False,False,the foe,True,65,OrcishMage,118,132,the double,no
955,2026-09-26,13:12:41,2026-09-26_13-10,Delwyn,5,Bow,121,3855,228785907,1,True,True,False,False,the foe,True,65,OrcishMage,106,132,the double,no
955,2026-09-26,13:12:42,2026-09-26_13-10,Delwyn,6,Bow,121,2839,228786923,1,True,True,False,False,the foe,True,65,OrcishMage,106,132,the double,no
955,2026-09-26,13:12:43,2026-09-26_13-10,Delwyn,7,Bow,121,1654,228788108,1,True,True,False,False,the foe,True,59,OrcishMage,106,132,the double,no
955,2026-09-26,13:12:44,2026-09-26_13-10,Delwyn,8,Bow,121,654,228789108,1,True,True,False,False,the foe,True,59,OrcishMage,106,132,the double,no
955,2026-09-26,13:12:45,2026-09-26_13-10,Delwyn,10,Bow,120,4180,228790308,1,True,True,False,False,the foe,True,59,OrcishMage,96,132,the double,no
955,2026-09-26,13:12:46,2026-09-26_13-10,Delwyn,11,Bow,120,2981,228791507,1,True,True,False,False,the foe,True,59,OrcishMage,97,132,the double,no
955,2026-09-26,13:12:47,2026-09-26_13-10,Delwyn,12,Bow,120,1980,228792508,1,True,True,False,False,the foe,True,57,OrcishMage,97,132,the double,no
955,2026-09-26,13:12:48,2026-09-26_13-10,Delwyn,13,Bow,120,980,228793508,1,True,True,False,False,the foe,True,57,OrcishMage,97,132,the double,no
955,2026-09-26,13:12:49,2026-09-26_13-10,Delwyn,14,Bow,119,4946,228794512,1,True,True,False,False,the foe,True,56,OrcishMage,97,132,the double,no
955,2026-09-26,13:12:51,2026-09-26_13-10,Delwyn,15,Bow,119,3751,228795707,1,True,True,False,False,the foe,True,56,OrcishMage,97,132,the double,no
955,2026-09-26,13:12:52,2026-09-26_13-10,Delwyn,16,Bow,119,2751,228796707,1,True,True,False,False,the foe,True,56,OrcishMage,97,132,the double,no
955,2026-09-26,13:12:53,2026-09-26_13-10,Delwyn,17,Bow,119,1751,228797707,1,True,True,False,False,the foe,True,56,OrcishMage,97,132,the double,no
955,2026-09-26,13:12:54,2026-09-26_13-10,Delwyn,18,Bow,119,750,228798708,1,True,True,False,False,the foe,True,56,OrcishMage,97,132,the double,no
955,2026-09-26,13:12:55,2026-09-26_13-10,Delwyn,19,Bow,118,4723,228799710,1,True,True,False,False,the foe,True,56,OrcishMage,77,132,the double,FireballSpell
955,2026-09-26,13:12:56,2026-09-26_13-10,Delwyn,20,Bow,118,3525,228800908,1,True,True,False,False,the foe,True,45,OrcishMage,77,132,the double,no
955,2026-09-26,13:12:57,2026-09-26_13-10,Delwyn,21,Bow,118,2325,228802108,1,True,True,False,False,the foe,True,45,OrcishMage,77,132,the double,no
955,2026-09-26,13:12:58,2026-09-26_13-10,Delwyn,22,Bow,118,1325,228803108,1,True,True,False,False,the foe,True,45,OrcishMage,78,132,the double,LightningSpell
955,2026-09-26,13:12:59,2026-09-26_13-10,Delwyn,23,Bow,118,325,228804108,1,True,True,False,False,the foe,True,33,OrcishMage,78,132,the double,no
955,2026-09-26,13:13:00,2026-09-26_13-10,Delwyn,24,Bow,117,4720,228805118,1,True,True,False,False,the foe,True,33,OrcishMage,57,132,the double,no
955,2026-09-26,13:13:01,2026-09-26_13-10,Delwyn,26,Bow,117,3530,228806308,1,True,True,False,False,the foe,True,34,OrcishMage,57,132,the double,no
955,2026-09-26,13:13:02,2026-09-26_13-10,Delwyn,27,Bow,117,2328,228807510,1,True,True,False,False,the foe,True,34,OrcishMage,57,132,the double,EnergyBoltSpell
955,2026-09-26,13:13:04,2026-09-26_13-10,Delwyn,28,Bow,117,1130,228808708,1,True,True,False,False,the foe,True,34,OrcishMage,57,132,the double,no
955,2026-09-26,13:13:05,2026-09-26_13-10,Delwyn,29,Bow,117,130,228809708,1,True,True,False,False,the foe,True,34,OrcishMage,57,132,the double,no
955,2026-09-26,13:13:06,2026-09-26_13-10,Delwyn,30,Bow,116,4301,228810908,1,True,True,False,False,the foe,True,25,OrcishMage,30,132,the double,ManaDrainSpell
955,2026-09-26,13:13:07,2026-09-26_13-10,Delwyn,31,Bow,116,3102,228812107,1,True,True,False,False,the foe,True,25,OrcishMage,30,132,the double,no
955,2026-09-26,13:13:08,2026-09-26_13-10,Delwyn,32,Bow,116,2102,228813107,1,True,True,False,False,the foe,True,25,OrcishMage,30,132,the double,no
955,2026-09-26,13:13:09,2026-09-26_13-10,Delwyn,33,Bow,116,1101,228814108,1,True,True,False,False,the foe,True,35,OrcishMage,31,132,the double,no
955,2026-09-26,13:13:10,2026-09-26_13-10,Delwyn,34,Bow,116,101,228815108,1,True,True,False,False,the foe,True,34,OrcishMage,31,132,the double,PoisonSpell
955,2026-09-26,13:13:11,2026-09-26_13-10,Delwyn,36,Bow,115,4417,228816308,1,True,True,False,False,the foe,True,34,OrcishMage,31,132,the double,no
955,2026-09-26,13:13:12,2026-09-26_13-10,Delwyn,37,Bow,115,3417,228817308,1,True,True,False,False,the foe,True,35,OrcishMage,31,132,the double,no
955,2026-09-26,13:13:13,2026-09-26_13-10,Delwyn,38,Bow,115,2217,228818508,1,True,True,False,False,the foe,True,35,OrcishMage,31,132,the double,no
955,2026-09-26,13:13:14,2026-09-26_13-10,Delwyn,39,Bow,115,1217,228819508,1,True,True,False,False,the foe,True,27,OrcishMage,31,132,the double,no
955,2026-09-26,13:13:15,2026-09-26_13-10,Delwyn,40,Bow,115,189,228820536,1,True,True,False,False,the foe,True,27,OrcishMage,31,132,the double,no
955,2026-09-26,13:13:17,2026-09-26_13-10,Delwyn,41,Bow,114,4560,228821707,1,True,True,False,False,the foe,True,20,OrcishMage,0,132,the double,EnergyBoltSpell
955,2026-09-26,13:13:18,2026-09-26_13-10,Delwyn,42,Bow,114,3560,228822707,1,True,True,False,False,the foe,True,16,OrcishMage,0,132,the double,EnergyBoltSpell
955,2026-09-26,13:13:19,2026-09-26_13-10,Delwyn,43,Bow,114,2560,228823707,1,True,True,False,False,the foe,True,16,OrcishMage,0,132,the double,no
955,2026-09-26,13:13:20,2026-09-26_13-10,Delwyn,44,Bow,114,1559,228824708,1,True,True,False,False,the foe,True,16,OrcishMage,1,132,the double,no
955,2026-09-26,13:13:21,2026-09-26_13-10,Delwyn,45,Bow,114,525,228825742,1,True,True,False,False,the foe,True,12,OrcishMage,1,132,the double,no
955,2026-09-26,13:13:22,2026-09-26_13-10,Delwyn,46,Bow,113,5173,228826907,2,True,True,False,False,the foe,True,12,OrcishMage,1,132,the double,no
955,2026-09-26,13:13:23,2026-09-26_13-10,Delwyn,47,Bow,113,4172,228827908,2,True,True,False,False,the foe,True,9,OrcishMage,1,132,the double,no
955,2026-09-26,13:13:24,2026-09-26_13-10,Delwyn,48,Bow,113,3172,228828908,2,True,True,False,False,the foe,True,9,OrcishMage,1,132,the double,no
955,2026-09-26,13:13:25,2026-09-26_13-10,Delwyn,49,Bow,113,1972,228830108,2,True,True,False,False,the foe,True,9,OrcishMage,1,132,the double,no
955,2026-09-26,13:13:26,2026-09-26_13-10,Delwyn,50,Bow,113,929,228831151,2,True,True,False,False,the foe,True,5,OrcishMage,1,132,the double,no
955,2026-09-26,13:13:27,2026-09-26_13-10,Delwyn,52,Bow,112,6035,228832307,2,True,True,False,False,the foe,True,5,OrcishMage,1,132,the double,no
955,2026-09-26,13:13:28,2026-09-26_13-10,Delwyn,53,Bow,112,5034,228833308,4,True,True,False,False,the foe,True,5,OrcishMage,1,132,the double,no
955,2026-09-26,13:13:29,2026-09-26_13-10,Delwyn,54,Bow,112,4034,228834308,5,True,True,False,False,the foe,True,1,OrcishMage,1,132,the double,no
955,2026-09-26,13:13:30,2026-09-26_13-10,Delwyn,55,Bow,112,3034,228835308,6,True,True,False,False,the foe,True,1,OrcishMage,1,132,the double,no
955,2026-09-26,13:13:31,2026-09-26_13-10,Delwyn,56,Bow,112,1835,228836507,7,True,True,False,False,the foe,True,1,OrcishMage,2,132,the double,no
956,2026-09-26,13:13:46,2026-09-26_13-10,Kestrel,0,Bow,134,4682,228850907,6,True,True,False,False,the foe,True,69,OrcishMage,136,136,the double,no
956,2026-09-26,13:13:47,2026-09-26_13-10,Kestrel,1,Bow,134,3681,228851908,6,True,True,False,False,the foe,True,69,OrcishMage,136,136,the double,no
956,2026-09-26,13:13:48,2026-09-26_13-10,Kestrel,2,Bow,134,2681,228852908,5,True,True,False,False,the foe,True,69,OrcishMage,136,136,the double,PoisonSpell
956,2026-09-26,13:13:49,2026-09-26_13-10,Kestrel,3,Bow,134,1681,228853908,2,True,True,False,False,the foe,True,69,OrcishMage,136,136,the double,no
956,2026-09-26,13:13:50,2026-09-26_13-10,Kestrel,4,Bow,134,482,228855107,1,True,True,False,False,the foe,True,68,OrcishMage,136,136,the double,no
956,2026-09-26,13:13:51,2026-09-26_13-10,Kestrel,5,Bow,133,4358,228856108,1,True,True,False,False,the foe,True,68,OrcishMage,113,136,the double,ExplosionSpell
956,2026-09-26,13:13:52,2026-09-26_13-10,Kestrel,6,Bow,133,3358,228857108,1,True,True,False,False,the foe,True,64,OrcishMage,113,136,the double,ExplosionSpell
956,2026-09-26,13:13:53,2026-09-26_13-10,Kestrel,7,Bow,133,2358,228858108,1,True,True,False,False,the foe,True,64,OrcishMage,113,136,the double,no
956,2026-09-26,13:13:54,2026-09-26_13-10,Kestrel,8,Bow,133,1358,228859108,1,True,True,False,False,the foe,True,64,OrcishMage,113,136,the double,no
956,2026-09-26,13:13:55,2026-09-26_13-10,Kestrel,9,Bow,133,358,228860108,1,True,True,False,False,the foe,True,59,OrcishMage,113,136,the double,LightningSpell
956,2026-09-26,13:13:56,2026-09-26_13-10,Kestrel,10,Bow,132,4238,228861108,1,True,True,False,False,the foe,True,45,OrcishMage,88,136,the double,no
956,2026-09-26,13:13:57,2026-09-26_13-10,Kestrel,11,Bow,132,3226,228862120,1,True,True,False,False,the foe,True,45,OrcishMage,88,136,the double,no
956,2026-09-26,13:13:58,2026-09-26_13-10,Kestrel,12,Bow,132,2039,228863307,1,True,True,False,False,the foe,True,41,OrcishMage,88,136,the double,no
956,2026-09-26,13:13:59,2026-09-26_13-10,Kestrel,13,Bow,132,1038,228864308,1,True,True,False,False,the foe,True,41,OrcishMage,88,136,the double,CurseSpell
956,2026-09-26,13:14:00,2026-09-26_13-10,Kestrel,14,Bow,131,4983,228865508,1,True,True,False,False,the foe,True,40,OrcishMage,68,136,the double,no
956,2026-09-26,13:14:01,2026-09-26_13-10,Kestrel,15,Bow,131,3983,228866508,1,True,True,False,False,the foe,True,36,OrcishMage,68,136,the double,no
956,2026-09-26,13:14:02,2026-09-26_13-10,Kestrel,16,Bow,131,2958,228867533,1,True,True,False,False,the foe,True,36,OrcishMage,69,136,the double,MagicArrowSpell
956,2026-09-26,13:14:04,2026-09-26_13-10,Kestrel,18,Bow,131,1784,228868707,1,True,True,False,False,the foe,True,30,OrcishMage,69,136,the double,no
956,2026-09-26,13:14:05,2026-09-26_13-10,Kestrel,19,Bow,131,784,228869707,1,True,True,False,False,the foe,True,26,OrcishMage,69,136,the double,no
956,2026-09-26,13:14:06,2026-09-26_13-10,Kestrel,20,Bow,130,4991,228870708,1,True,True,False,False,the foe,True,26,OrcishMage,39,136,the double,no
956,2026-09-26,13:14:07,2026-09-26_13-10,Kestrel,21,Bow,130,3792,228871907,1,True,True,False,False,the foe,True,21,OrcishMage,39,136,the double,no
956,2026-09-26,13:14:08,2026-09-26_13-10,Kestrel,22,Bow,130,2791,228872908,1,True,True,False,False,the foe,True,21,OrcishMage,39,136,the double,no
956,2026-09-26,13:14:09,2026-09-26_13-10,Kestrel,23,Bow,130,1791,228873908,1,True,True,False,False,the foe,True,21,OrcishMage,39,136,the double,no
956,2026-09-26,13:14:10,2026-09-26_13-10,Kestrel,24,Bow,130,791,228874908,1,True,True,False,False,the foe,True,17,OrcishMage,39,136,the double,no
956,2026-09-26,13:14:11,2026-09-26_13-10,Kestrel,25,Bow,129,4957,228876108,1,True,True,False,False,the foe,True,18,OrcishMage,26,136,the double,BlessSpell
956,2026-09-26,13:14:12,2026-09-26_13-10,Kestrel,26,Bow,129,3957,228877108,1,True,True,False,False,the foe,True,18,OrcishMage,26,144,the double,no
956,2026-09-26,13:14:13,2026-09-26_13-10,Kestrel,27,Bow,129,2957,228878108,1,True,True,False,False,the foe,True,14,OrcishMage,27,144,the double,no
956,2026-09-26,13:14:14,2026-09-26_13-10,Kestrel,28,Bow,129,1757,228879308,1,True,True,False,False,the foe,True,10,OrcishMage,27,144,the double,no
956,2026-09-26,13:14:15,2026-09-26_13-10,Kestrel,29,Bow,129,558,228880507,1,True,True,False,False,the foe,True,10,OrcishMage,27,144,the double,no
974,2026-09-26,13:19:55,2026-09-26_13-16,Marek,0,Bow,29,4743,229220126,6,True,True,False,False,the foe,True,67,OrcishMage,126,126,the double,no
974,2026-09-26,13:19:56,2026-09-26_13-16,Marek,1,Bow,29,3713,229221156,6,True,True,False,False,the foe,True,67,OrcishMage,126,126,the double,no
974,2026-09-26,13:19:57,2026-09-26_13-16,Marek,2,Bow,29,2542,229222327,6,True,True,False,False,the foe,True,67,OrcishMage,126,126,the double,no
974,2026-09-26,13:19:58,2026-09-26_13-16,Marek,3,Bow,29,1343,229223526,4,True,True,False,False,the foe,True,67,OrcishMage,126,126,the double,no
974,2026-09-26,13:19:59,2026-09-26_13-16,Marek,4,Bow,29,342,229224527,1,True,True,False,False,the foe,True,58,OrcishMage,126,126,the double,no
974,2026-09-26,13:20:01,2026-09-26_13-16,Marek,5,Bow,28,4104,229225741,1,True,True,False,False,the foe,True,58,OrcishMage,126,126,the double,no
974,2026-09-26,13:20:02,2026-09-26_13-16,Marek,7,Bow,28,2918,229226927,1,True,True,False,False,the foe,True,55,OrcishMage,126,126,the double,no
974,2026-09-26,13:20:03,2026-09-26_13-16,Marek,8,Bow,28,1918,229227927,1,True,True,False,False,the foe,True,55,OrcishMage,126,126,the double,ParalyzeSpell
974,2026-09-26,13:20:04,2026-09-26_13-16,Marek,9,Bow,28,910,229228935,1,True,True,True,False,the foe,True,55,OrcishMage,126,126,the double,no
974,2026-09-26,13:20:05,2026-09-26_13-16,Marek,10,Bow,27,4663,229230126,1,True,True,True,False,the foe,True,55,OrcishMage,126,126,the double,no
974,2026-09-26,13:20:06,2026-09-26_13-16,Marek,11,Bow,27,3651,229231138,1,True,True,True,False,the foe,True,55,OrcishMage,126,126,the double,PoisonSpell
974,2026-09-26,13:20:07,2026-09-26_13-16,Marek,12,Bow,27,2463,229232326,1,True,True,False,False,the foe,True,55,OrcishMage,126,126,the double,no
974,2026-09-26,13:20:08,2026-09-26_13-16,Marek,13,Bow,27,1463,229233326,1,True,True,False,False,the foe,True,55,OrcishMage,126,126,the double,no
974,2026-09-26,13:20:09,2026-09-26_13-16,Marek,14,Bow,27,463,229234326,1,True,True,False,False,the foe,True,55,OrcishMage,126,126,the double,EnergyBoltSpell
974,2026-09-26,13:20:10,2026-09-26_13-16,Marek,15,Bow,26,4406,229235326,1,True,True,False,False,the foe,True,52,OrcishMage,126,126,the double,EnergyBoltSpell
974,2026-09-26,13:20:11,2026-09-26_13-16,Marek,16,Bow,26,3383,229236349,1,True,True,False,False,the foe,True,48,OrcishMage,126,126,the double,no
974,2026-09-26,13:20:12,2026-09-26_13-16,Marek,17,Bow,26,2205,229237527,1,True,True,False,False,the foe,True,48,OrcishMage,126,126,the double,no
974,2026-09-26,13:20:13,2026-09-26_13-16,Marek,18,Bow,26,1205,229238527,1,True,True,False,False,the foe,True,38,OrcishMage,126,126,the double,LightningSpell
974,2026-09-26,13:20:14,2026-09-26_13-16,Marek,19,Bow,26,205,229239527,1,True,True,False,False,the foe,True,22,OrcishMage,126,126,the double,no
974,2026-09-26,13:20:15,2026-09-26_13-16,Marek,20,Bow,25,4821,229240527,1,True,True,False,False,the foe,True,22,OrcishMage,126,126,the double,no
974,2026-09-26,13:20:16,2026-09-26_13-16,Marek,21,Bow,25,3797,229241551,1,True,True,False,False,the foe,True,10,OrcishMage,126,126,the double,no
974,2026-09-26,13:20:18,2026-09-26_13-16,Marek,22,Bow,25,2622,229242726,1,True,True,False,False,the foe,True,10,OrcishMage,126,126,the double,MindBlastSpell
974,2026-09-26,13:20:19,2026-09-26_13-16,Marek,23,Bow,25,1621,229243727,1,True,True,False,False,the foe,True,10,OrcishMage,126,126,the double,no
976,2026-09-26,13:20:48,2026-09-26_13-16,Garrow,0,Bow,143,4578,229273326,6,True,True,False,False,the foe,True,68,OrcishMage,112,119,the double,no
976,2026-09-26,13:20:49,2026-09-26_13-16,Garrow,1,Bow,143,3578,229274326,6,True,True,False,False,the foe,True,68,OrcishMage,112,119,the double,no
975,2026-09-26,13:20:49,2026-09-26_13-16,Marek,0,Bow,149,4822,229274527,6,True,True,False,False,the foe,True,67,OrcishMage,108,144,the double,no
976,2026-09-26,13:20:50,2026-09-26_13-16,Garrow,2,Bow,143,2577,229275327,6,True,True,False,False,the foe,True,68,OrcishMage,112,119,the double,no
975,2026-09-26,13:20:50,2026-09-26_13-16,Marek,1,Bow,149,3729,229275620,6,True,True,False,False,the foe,True,67,OrcishMage,108,144,the double,no
976,2026-09-26,13:20:51,2026-09-26_13-16,Garrow,3,Bow,143,1378,229276526,6,True,True,False,False,the foe,True,68,OrcishMage,112,119,the double,no
975,2026-09-26,13:20:52,2026-09-26_13-16,Marek,2,Bow,149,2622,229276727,4,True,True,False,False,the foe,True,67,OrcishMage,108,144,the double,no
976,2026-09-26,13:20:52,2026-09-26_13-16,Garrow,4,Bow,143,370,229277534,5,True,True,False,False,the foe,True,68,OrcishMage,112,119,the double,BlessSpell
975,2026-09-26,13:20:53,2026-09-26_13-16,Marek,3,Bow,149,1622,229277727,1,True,True,False,False,the foe,True,66,OrcishMage,108,144,the double,no
976,2026-09-26,13:20:54,2026-09-26_13-16,Garrow,5,Bow,142,3958,229278727,1,True,True,False,False,the foe,True,65,OrcishMage,81,127,the double,no
975,2026-09-26,13:20:54,2026-09-26_13-16,Marek,4,Bow,149,622,229278727,1,True,True,False,False,the foe,True,66,OrcishMage,108,144,the double,no
976,2026-09-26,13:20:55,2026-09-26_13-16,Garrow,6,Bow,142,2758,229279927,1,True,True,False,False,the foe,True,65,OrcishMage,81,127,the double,no
975,2026-09-26,13:20:55,2026-09-26_13-16,Marek,5,Bow,148,4431,229279927,1,True,True,False,False,the foe,True,66,OrcishMage,104,144,the double,MindBlastSpell
976,2026-09-26,13:20:56,2026-09-26_13-16,Garrow,7,Bow,142,1731,229280954,1,True,True,False,False,the foe,True,65,OrcishMage,81,127,the double,MagicArrowSpell
975,2026-09-26,13:20:56,2026-09-26_13-16,Marek,6,Bow,148,3404,229280954,1,True,True,False,False,the foe,True,61,OrcishMage,104,144,the double,MindBlastSpell
976,2026-09-26,13:20:57,2026-09-26_13-16,Garrow,8,Bow,142,559,229282126,1,True,True,False,False,the foe,True,59,OrcishMage,81,127,the double,no
975,2026-09-26,13:20:57,2026-09-26_13-16,Marek,7,Bow,148,2232,229282126,1,True,True,False,False,the foe,True,43,OrcishMage,104,144,the double,no
976,2026-09-26,13:20:58,2026-09-26_13-16,Garrow,9,Bow,141,4281,229283152,1,True,True,False,False,the foe,True,59,OrcishMage,55,127,the double,no
975,2026-09-26,13:20:58,2026-09-26_13-16,Marek,8,Bow,148,1206,229283152,1,True,True,False,False,the foe,True,38,OrcishMage,104,144,the double,no
976,2026-09-26,13:20:59,2026-09-26_13-16,Garrow,11,Bow,141,3106,229284327,1,True,True,False,False,the foe,True,59,OrcishMage,56,127,the double,no
975,2026-09-26,13:20:59,2026-09-26_13-16,Marek,10,Bow,148,31,229284327,1,True,True,False,False,the foe,True,38,OrcishMage,104,144,the double,BlessSpell
976,2026-09-26,13:21:00,2026-09-26_13-16,Garrow,12,Bow,141,1903,229285530,1,True,True,False,False,the foe,True,59,OrcishMage,56,127,the double,ManaDrainSpell
975,2026-09-26,13:21:00,2026-09-26_13-16,Marek,11,Bow,147,4187,229285530,1,True,True,False,False,the foe,True,38,OrcishMage,97,152,the double,no
976,2026-09-26,13:21:02,2026-09-26_13-16,Garrow,13,Bow,141,706,229286727,1,True,True,False,False,the foe,True,59,OrcishMage,56,127,the double,no
975,2026-09-26,13:21:02,2026-09-26_13-16,Marek,12,Bow,147,2990,229286727,1,True,True,False,False,the foe,True,34,OrcishMage,97,152,the double,no
976,2026-09-26,13:21:03,2026-09-26_13-16,Garrow,14,Bow,140,4259,229287926,1,True,True,False,False,the foe,True,56,OrcishMage,56,127,the double,no
975,2026-09-26,13:21:03,2026-09-26_13-16,Marek,13,Bow,147,1791,229287926,1,True,True,False,False,the foe,True,34,OrcishMage,97,152,the double,MagicArrowSpell
976,2026-09-26,13:21:04,2026-09-26_13-16,Garrow,15,Bow,140,3258,229288927,1,True,True,False,False,the foe,True,56,OrcishMage,56,127,the double,LightningSpell
975,2026-09-26,13:21:04,2026-09-26_13-16,Marek,14,Bow,147,790,229288927,1,True,True,False,False,the foe,True,29,OrcishMage,97,152,the double,no
976,2026-09-26,13:21:05,2026-09-26_13-16,Garrow,16,Bow,140,2258,229289927,1,True,True,False,False,the foe,True,41,OrcishMage,56,127,the double,no
975,2026-09-26,13:21:05,2026-09-26_13-16,Marek,15,Bow,146,5081,229289927,1,True,True,False,False,the foe,True,25,OrcishMage,97,152,the double,no
976,2026-09-26,13:21:06,2026-09-26_13-16,Garrow,17,Bow,140,1248,229290937,1,True,True,False,False,the foe,True,41,OrcishMage,56,127,the double,no
975,2026-09-26,13:21:06,2026-09-26_13-16,Marek,16,Bow,146,4071,229290937,1,True,True,False,False,the foe,True,25,OrcishMage,97,152,the double,no
976,2026-09-26,13:21:07,2026-09-26_13-16,Garrow,18,Bow,140,58,229292127,1,True,True,False,False,the foe,True,41,OrcishMage,56,127,the double,no
975,2026-09-26,13:21:07,2026-09-26_13-16,Marek,17,Bow,146,2881,229292127,1,True,True,False,False,the foe,True,20,OrcishMage,97,152,the double,FireballSpell
976,2026-09-26,13:21:08,2026-09-26_13-16,Garrow,20,Bow,139,3957,229293331,1,True,True,False,False,the foe,True,41,OrcishMage,47,127,the double,HarmSpell
975,2026-09-26,13:21:08,2026-09-26_13-16,Marek,19,Bow,146,1677,229293331,1,True,True,False,False,the foe,True,9,OrcishMage,97,152,the double,no
976,2026-09-26,13:21:09,2026-09-26_13-16,Garrow,21,Bow,139,2761,229294527,1,True,True,False,False,the foe,True,38,OrcishMage,47,127,the double,no
975,2026-09-26,13:21:09,2026-09-26_13-16,Marek,20,Bow,146,481,229294527,1,True,True,False,False,the foe,True,9,OrcishMage,97,152,the double,ManaDrainSpell
976,2026-09-26,13:21:11,2026-09-26_13-16,Garrow,22,Bow,139,1561,229295727,1,True,True,False,False,the foe,True,38,OrcishMage,48,127,the double,no
975,2026-09-26,13:21:11,2026-09-26_13-16,Marek,21,Bow,145,5390,229295727,1,True,True,False,False,the foe,True,5,OrcishMage,97,152,the double,ManaDrainSpell
976,2026-09-26,13:21:12,2026-09-26_13-16,Garrow,23,Bow,139,561,229296727,1,True,True,False,False,the foe,True,38,OrcishMage,48,127,the double,no
975,2026-09-26,13:21:12,2026-09-26_13-16,Marek,22,Bow,145,4390,229296727,1,True,True,False,False,the foe,True,5,OrcishMage,98,152,the double,no
976,2026-09-26,13:21:13,2026-09-26_13-16,Garrow,24,Bow,138,4634,229297727,1,True,True,False,False,the foe,True,38,OrcishMage,36,127,the double,LightningSpell
975,2026-09-26,13:21:13,2026-09-26_13-16,Marek,23,Bow,145,3390,229297727,1,True,True,False,False,the foe,True,5,OrcishMage,98,152,the double,no
976,2026-09-26,13:21:14,2026-09-26_13-16,Garrow,25,Bow,138,3634,229298727,1,True,True,False,False,the foe,True,17,OrcishMage,36,127,the double,no
975,2026-09-26,13:21:14,2026-09-26_13-16,Marek,24,Bow,145,2390,229298727,1,True,True,False,False,the foe,True,1,OrcishMage,98,152,the double,BlessSpell
976,2026-09-26,13:21:15,2026-09-26_13-16,Garrow,26,Bow,138,2634,229299727,1,True,True,False,False,the foe,True,17,OrcishMage,36,127,the double,no
975,2026-09-26,13:21:15,2026-09-26_13-16,Marek,25,Bow,145,1390,229299727,1,True,True,False,False,the foe,True,2,OrcishMage,98,152,the double,no
976,2026-09-26,13:21:16,2026-09-26_13-16,Garrow,27,Bow,138,1634,229300727,1,True,True,False,False,the foe,True,18,OrcishMage,36,127,the double,no
975,2026-09-26,13:21:16,2026-09-26_13-16,Marek,26,Bow,145,390,229300727,1,True,True,False,False,the foe,True,2,OrcishMage,98,152,the double,no
976,2026-09-26,13:21:17,2026-09-26_13-16,Garrow,28,Bow,138,612,229301749,1,True,True,False,False,the foe,True,18,OrcishMage,36,127,the double,no
976,2026-09-26,13:21:18,2026-09-26_13-16,Garrow,29,Bow,137,5446,229302927,1,True,True,False,False,the foe,True,13,OrcishMage,22,127,the double,no
976,2026-09-26,13:21:19,2026-09-26_13-16,Garrow,30,Bow,137,4434,229303939,1,True,True,False,False,the foe,True,13,OrcishMage,22,127,the double,no
976,2026-09-26,13:21:20,2026-09-26_13-16,Garrow,31,Bow,137,3246,229305127,1,True,True,False,False,the foe,True,13,OrcishMage,22,127,the double,BlessSpell
976,2026-09-26,13:21:21,2026-09-26_13-16,Garrow,33,Bow,137,2215,229306158,1,True,True,False,False,the foe,True,13,OrcishMage,22,127,the double,no
976,2026-09-26,13:21:22,2026-09-26_13-16,Garrow,34,Bow,137,1046,229307327,1,True,True,False,False,the foe,True,13,OrcishMage,23,127,the double,no
976,2026-09-26,13:21:23,2026-09-26_13-16,Garrow,35,Bow,136,5844,229308527,1,True,True,False,False,the foe,True,13,OrcishMage,23,127,the double,no
976,2026-09-26,13:21:25,2026-09-26_13-16,Garrow,36,Bow,136,4645,229309726,1,True,True,False,False,the foe,True,13,OrcishMage,23,127,the double,no
976,2026-09-26,13:21:26,2026-09-26_13-16,Garrow,37,Bow,136,3645,229310726,1,True,True,False,False,the foe,True,13,OrcishMage,23,127,the double,no
976,2026-09-26,13:21:27,2026-09-26_13-16,Garrow,38,Bow,136,2609,229311762,1,True,True,False,False,the foe,True,14,OrcishMage,23,127,the double,no
976,2026-09-26,13:21:28,2026-09-26_13-16,Garrow,39,Bow,136,1445,229312926,1,True,True,False,False,the foe,True,14,OrcishMage,23,127,the double,no
976,2026-09-26,13:21:29,2026-09-26_13-16,Garrow,40,Bow,136,444,229313927,1,True,True,False,False,the foe,True,14,OrcishMage,23,127,the double,no
976,2026-09-26,13:21:30,2026-09-26_13-16,Garrow,41,Bow,135,5360,229314927,3,True,True,False,False,the foe,True,14,OrcishMage,23,127,the double,no
976,2026-09-26,13:21:31,2026-09-26_13-16,Garrow,42,Bow,135,4161,229316126,3,True,True,False,False,the foe,True,14,OrcishMage,23,127,the double,no
976,2026-09-26,13:21:32,2026-09-26_13-16,Garrow,44,Bow,135,3116,229317171,3,True,True,False,False,the foe,True,14,OrcishMage,23,127,the double,no
976,2026-09-26,13:21:33,2026-09-26_13-16,Garrow,45,Bow,135,1960,229318327,3,True,True,False,False,the foe,True,14,OrcishMage,24,127,the double,no
976,2026-09-26,13:21:34,2026-09-26_13-16,Garrow,46,Bow,135,761,229319526,3,True,True,False,False,the foe,True,14,OrcishMage,24,127,the double,no
976,2026-09-26,13:21:35,2026-09-26_13-16,Garrow,47,Bow,134,5635,229320527,3,True,True,False,False,the foe,True,14,OrcishMage,15,127,the double,no
976,2026-09-26,13:21:37,2026-09-26_13-16,Garrow,48,Bow,134,4427,229321735,5,True,True,False,False,the foe,True,14,OrcishMage,15,127,the double,no
976,2026-09-26,13:21:38,2026-09-26_13-16,Garrow,49,Bow,134,3236,229322926,7,True,True,False,False,the foe,True,15,OrcishMage,15,127,the double,no
976,2026-09-26,13:21:39,2026-09-26_13-16,Garrow,50,Bow,134,2236,229323926,8,True,True,False,False,the foe,True,15,OrcishMage,15,127,the double,no
976,2026-09-26,13:21:40,2026-09-26_13-16,Garrow,51,Bow,134,1235,229324927,9,True,True,False,False,the foe,True,15,OrcishMage,15,127,the double,no
976,2026-09-26,13:21:41,2026-09-26_13-16,Garrow,52,Bow,134,36,229326126,10,True,True,False,False,the foe,True,15,OrcishMage,15,127,the double,no
976,2026-09-26,13:21:42,2026-09-26_13-16,Garrow,53,Bow,133,4862,399,10,True,True,False,False,the foe,True,15,OrcishMage,15,127,the double,no
976,2026-09-26,13:21:43,2026-09-26_13-16,Garrow,54,Bow,133,3862,1399,11,True,True,False,False,the foe,True,15,OrcishMage,15,127,the double,no
976,2026-09-26,13:21:44,2026-09-26_13-16,Garrow,55,Bow,133,2862,1000,10,True,True,False,False,the foe,True,15,OrcishMage,16,127,the double,no
976,2026-09-26,13:21:45,2026-09-26_13-16,Garrow,56,Bow,133,1851,810,10,True,True,False,False,the foe,True,15,OrcishMage,16,127,the double,no
976,2026-09-26,13:21:46,2026-09-26_13-16,Garrow,58,Bow,133,661,401,10,True,True,False,False,the foe,True,15,OrcishMage,16,127,the double,no
976,2026-09-26,13:21:47,2026-09-26_13-16,Garrow,59,Bow,132,5358,1484,10,True,True,False,False,the foe,True,15,OrcishMage,0,127,the double,no
976,2026-09-26,13:21:48,2026-09-26_13-16,Garrow,60,Bow,132,4241,976,10,True,True,False,False,the foe,True,16,OrcishMage,0,127,the double,no
976,2026-09-26,13:21:49,2026-09-26_13-16,Garrow,61,Bow,132,3241,1976,10,True,True,False,False,the foe,True,16,OrcishMage,0,127,the double,no
976,2026-09-26,13:21:50,2026-09-26_13-16,Garrow,62,Bow,132,2241,2976,10,True,True,False,False,the foe,True,16,OrcishMage,0,127,the double,no
976,2026-09-26,13:21:52,2026-09-26_13-16,Garrow,63,Bow,132,1042,4175,10,True,True,False,False,the foe,True,16,OrcishMage,0,127,the double,no
1084,2026-09-26,14:06:52,2026-09-26_14-05,Cassia,0,Bow,0,4586,232037012,6,True,True,False,False,the foe,True,71,OrcishMage,150,150,the double,no
1084,2026-09-26,14:06:53,2026-09-26_14-05,Cassia,1,Dagger,0,730,406,3,True,True,False,False,the foe,True,71,OrcishMage,150,150,the double,no
1084,2026-09-26,14:06:54,2026-09-26_14-05,Cassia,2,Dagger,0,1280,980,1,True,True,False,False,the foe,True,69,OrcishMage,146,150,the double,FireballSpell
1084,2026-09-26,14:06:55,2026-09-26_14-05,Cassia,3,Dagger,0,280,1980,1,True,True,False,False,the foe,True,69,OrcishMage,146,150,the double,no
1084,2026-09-26,14:06:56,2026-09-26_14-05,Cassia,4,Dagger,0,1064,3002,1,True,True,False,False,the foe,True,56,OrcishMage,146,150,the double,no
1084,2026-09-26,14:06:57,2026-09-26_14-05,Cassia,5,Dagger,0,1677,4180,1,True,True,False,False,the foe,True,56,OrcishMage,134,150,the double,no
1084,2026-09-26,14:06:58,2026-09-26_14-05,Cassia,6,Dagger,0,662,5195,1,True,True,False,False,the foe,True,55,OrcishMage,134,150,the double,LightningSpell
1084,2026-09-26,14:06:59,2026-09-26_14-05,Cassia,7,Dagger,0,1269,6380,1,True,True,False,False,the foe,True,55,OrcishMage,128,150,the double,LightningSpell
1084,2026-09-26,14:07:01,2026-09-26_14-05,Cassia,9,Dagger,0,63,7586,1,True,True,False,False,the foe,True,37,OrcishMage,128,150,the double,no
1084,2026-09-26,14:07:02,2026-09-26_14-05,Cassia,10,Dagger,0,834,8780,1,True,True,False,False,the foe,True,29,OrcishMage,128,150,the double,no
1084,2026-09-26,14:07:03,2026-09-26_14-05,Cassia,11,Dagger,0,1650,9979,1,True,True,False,False,the foe,True,29,OrcishMage,128,150,the double,LightningSpell
1084,2026-09-26,14:07:04,2026-09-26_14-05,Cassia,12,Dagger,0,622,11007,1,True,True,False,False,the foe,True,26,OrcishMage,128,150,the double,LightningSpell
1084,2026-09-26,14:07:05,2026-09-26_14-05,Cassia,13,Dagger,0,1726,12179,1,True,True,False,False,the foe,True,10,OrcishMage,128,150,the double,no
1084,2026-09-26,14:07:06,2026-09-26_14-05,Cassia,14,Dagger,0,703,13202,1,True,True,False,False,the foe,True,6,OrcishMage,128,150,the double,no
1084,2026-09-26,14:07:07,2026-09-26_14-05,Cassia,15,Dagger,0,1871,14380,1,True,True,False,False,the foe,True,6,OrcishMage,128,150,the double,ManaDrainSpell
1084,2026-09-26,14:07:09,2026-09-26_14-05,Cassia,17,Dagger,0,663,15588,1,True,True,False,False,the foe,True,6,OrcishMage,128,150,the double,no
1084,2026-09-26,14:07:10,2026-09-26_14-05,Cassia,18,Dagger,0,1844,16779,1,True,True,False,False,the foe,True,3,OrcishMage,114,150,the double,no
1084,2026-09-26,14:07:11,2026-09-26_14-05,Cassia,19,Dagger,0,844,17779,1,True,True,False,False,the foe,True,3,OrcishMage,114,150,the double,ExplosionSpell
1085,2026-09-26,14:07:37,2026-09-26_14-05,Delwyn,0,Bow,18,4519,232081812,6,True,True,False,False,the foe,True,69,OrcishMage,107,136,the double,no
1085,2026-09-26,14:07:38,2026-09-26_14-05,Delwyn,1,Bow,18,3488,232082843,6,True,True,False,False,the foe,True,69,OrcishMage,107,136,the double,no
1085,2026-09-26,14:07:39,2026-09-26_14-05,Delwyn,2,Bow,18,2318,232084013,6,True,True,False,False,the foe,True,69,OrcishMage,107,136,the double,no
1085,2026-09-26,14:07:40,2026-09-26_14-05,Delwyn,3,Bow,18,1313,232085018,5,True,True,False,False,the foe,True,69,OrcishMage,107,136,the double,LightningSpell
1085,2026-09-26,14:07:41,2026-09-26_14-05,Delwyn,4,Bow,18,119,232086212,3,True,True,False,False,the foe,True,57,OrcishMage,107,136,the double,no
1085,2026-09-26,14:07:42,2026-09-26_14-05,Delwyn,5,Bow,17,4005,232087212,1,True,True,False,False,the foe,True,57,OrcishMage,107,136,the double,no
1085,2026-09-26,14:07:43,2026-09-26_14-05,Delwyn,6,Bow,17,2965,232088252,1,True,True,False,False,the foe,True,57,OrcishMage,107,136,the double,no
1085,2026-09-26,14:07:44,2026-09-26_14-05,Delwyn,7,Bow,17,1804,232089413,1,True,True,False,False,the foe,True,57,OrcishMage,107,136,the double,ExplosionSpell
1085,2026-09-26,14:07:45,2026-09-26_14-05,Delwyn,8,Bow,17,793,232090424,1,True,True,False,False,the foe,True,57,OrcishMage,107,136,the double,ExplosionSpell
1085,2026-09-26,14:07:46,2026-09-26_14-05,Delwyn,10,Bow,16,4446,232091613,1,True,True,False,False,the foe,True,57,OrcishMage,86,136,the double,no
1085,2026-09-26,14:07:47,2026-09-26_14-05,Delwyn,11,Bow,16,3434,232092625,1,True,True,False,False,the foe,True,55,OrcishMage,86,136,the double,no
1085,2026-09-26,14:07:49,2026-09-26_14-05,Delwyn,12,Bow,16,2246,232093813,1,True,True,False,False,the foe,True,55,OrcishMage,96,136,the double,no
1085,2026-09-26,14:07:50,2026-09-26_14-05,Delwyn,13,Bow,16,1242,232094817,1,True,True,False,False,the foe,True,55,OrcishMage,96,136,the double,no
1085,2026-09-26,14:07:51,2026-09-26_14-05,Delwyn,14,Bow,16,213,232095846,1,True,True,False,False,the foe,True,53,OrcishMage,96,136,the double,no
1085,2026-09-26,14:07:52,2026-09-26_14-05,Delwyn,15,Bow,15,3875,232097012,1,True,True,False,False,the foe,True,54,OrcishMage,78,136,the double,MindBlastSpell
1085,2026-09-26,14:07:53,2026-09-26_14-05,Delwyn,16,Bow,15,2858,232098029,1,True,True,False,False,the foe,True,54,OrcishMage,78,136,the double,MindBlastSpell
1085,2026-09-26,14:07:54,2026-09-26_14-05,Delwyn,17,Bow,15,1674,232099213,1,True,True,False,False,the foe,True,32,OrcishMage,78,136,the double,no
1085,2026-09-26,14:07:55,2026-09-26_14-05,Delwyn,18,Bow,15,641,232100246,1,True,True,False,False,the foe,True,32,OrcishMage,78,136,the double,no
1085,2026-09-26,14:07:56,2026-09-26_14-05,Delwyn,19,Bow,14,5072,232101265,1,True,True,False,False,the foe,True,28,OrcishMage,56,136,the double,ExplosionSpell
1085,2026-09-26,14:07:57,2026-09-26_14-05,Delwyn,20,Bow,14,4048,232102289,1,True,True,False,False,the foe,True,28,OrcishMage,56,136,the double,no
1085,2026-09-26,14:07:58,2026-09-26_14-05,Delwyn,21,Bow,14,2907,232103430,1,True,True,False,False,the foe,True,28,OrcishMage,56,136,the double,no
1085,2026-09-26,14:08:00,2026-09-26_14-05,Delwyn,23,Bow,14,1688,232104649,1,True,True,False,False,the foe,True,28,OrcishMage,57,136,the double,HarmSpell
1085,2026-09-26,14:08:01,2026-09-26_14-05,Delwyn,24,Bow,14,523,232105814,1,True,True,False,False,the foe,True,18,OrcishMage,57,136,the double,no
1085,2026-09-26,14:08:02,2026-09-26_14-05,Delwyn,25,Bow,13,5049,232107016,1,True,True,False,False,the foe,True,18,OrcishMage,50,136,the double,no
1085,2026-09-26,14:08:03,2026-09-26_14-05,Delwyn,26,Bow,13,3852,232108213,1,True,True,False,False,the foe,True,19,OrcishMage,50,136,the double,HarmSpell
1085,2026-09-26,14:08:04,2026-09-26_14-05,Delwyn,27,Bow,13,2652,232109413,1,True,True,False,False,the foe,True,18,OrcishMage,50,136,the double,no
1085,2026-09-26,14:08:05,2026-09-26_14-05,Delwyn,29,Bow,13,1452,232110613,1,True,True,False,False,the foe,True,18,OrcishMage,50,136,the double,no
1085,2026-09-26,14:08:06,2026-09-26_14-05,Delwyn,30,Bow,13,438,232111627,1,True,True,False,False,the foe,True,18,OrcishMage,50,136,the double,no
1085,2026-09-26,14:08:08,2026-09-26_14-05,Delwyn,31,Bow,12,4938,232112812,1,True,True,False,False,the foe,True,18,OrcishMage,33,136,the double,FireballSpell
1085,2026-09-26,14:08:09,2026-09-26_14-05,Delwyn,32,Bow,12,3937,232113813,1,True,True,False,False,the foe,True,18,OrcishMage,33,136,the double,no
1085,2026-09-26,14:08:10,2026-09-26_14-05,Delwyn,33,Bow,12,2937,232114813,1,True,True,False,False,the foe,True,4,OrcishMage,34,136,the double,no
1085,2026-09-26,14:08:11,2026-09-26_14-05,Delwyn,34,Bow,12,1738,232116012,1,True,True,False,False,the foe,True,4,OrcishMage,34,136,the double,no
1085,2026-09-26,14:08:12,2026-09-26_14-05,Delwyn,35,Bow,12,737,232117013,1,True,True,False,False,the foe,True,4,OrcishMage,34,136,the double,GreaterHealSpell
1085,2026-09-26,14:08:13,2026-09-26_14-05,Delwyn,36,Bow,11,6330,232118013,1,True,True,False,False,the foe,True,4,OrcishMage,71,136,the double,no
1085,2026-09-26,14:08:14,2026-09-26_14-05,Delwyn,37,Bow,11,5330,232119013,1,True,True,False,False,the foe,True,5,OrcishMage,71,136,the double,no
1085,2026-09-26,14:08:15,2026-09-26_14-05,Delwyn,38,Bow,11,4330,232120013,1,True,True,False,False,the foe,True,5,OrcishMage,71,136,the double,LightningSpell
1086,2026-09-26,14:08:16,2026-09-26_14-05,Delwyn,0,Bow,14,4514,232121013,6,True,True,False,False,the foe,True,69,OrcishMage,93,126,the double,no
1086,2026-09-26,14:08:17,2026-09-26_14-05,Delwyn,1,Bow,14,3315,232122212,5,True,True,False,False,the foe,True,69,OrcishMage,93,126,the double,MindBlastSpell
1086,2026-09-26,14:08:18,2026-09-26_14-05,Delwyn,2,Bow,14,2314,232123213,5,True,True,False,False,the foe,True,69,OrcishMage,93,126,the double,MindBlastSpell
1086,2026-09-26,14:08:19,2026-09-26_14-05,Delwyn,3,Bow,14,1299,232124228,1,True,True,False,False,the foe,True,64,OrcishMage,93,126,the double,no
1086,2026-09-26,14:08:20,2026-09-26_14-05,Delwyn,4,Bow,14,114,232125413,1,True,True,False,False,the foe,True,64,OrcishMage,93,126,the double,PoisonSpell
1086,2026-09-26,14:08:21,2026-09-26_14-05,Delwyn,5,Bow,13,3833,232126413,1,True,True,False,False,the foe,True,64,OrcishMage,86,126,the double,no
1086,2026-09-26,14:08:22,2026-09-26_14-05,Delwyn,6,Bow,13,2833,232127413,1,True,True,False,False,the foe,True,60,OrcishMage,86,126,the double,no
1086,2026-09-26,14:08:23,2026-09-26_14-05,Delwyn,7,Bow,13,1633,232128613,1,True,True,False,False,the foe,True,60,OrcishMage,86,126,the double,no
1086,2026-09-26,14:08:24,2026-09-26_14-05,Delwyn,8,Bow,13,633,232129613,1,True,True,False,False,the foe,True,60,OrcishMage,86,126,the double,WeakenSpell
1086,2026-09-26,14:08:25,2026-09-26_14-05,Delwyn,9,Bow,12,4334,232130613,1,True,True,False,False,the foe,True,56,OrcishMage,86,126,the double,no
1086,2026-09-26,14:08:27,2026-09-26_14-05,Delwyn,11,Bow,12,3134,232131813,1,True,True,False,False,the foe,True,56,OrcishMage,86,126,the double,no
1086,2026-09-26,14:08:28,2026-09-26_14-05,Delwyn,12,Bow,12,2134,232132813,1,True,True,False,False,the foe,True,56,OrcishMage,87,126,the double,no
1086,2026-09-26,14:08:29,2026-09-26_14-05,Delwyn,13,Bow,12,1134,232133813,1,True,True,False,False,the foe,True,52,OrcishMage,87,126,the double,no
1086,2026-09-26,14:08:30,2026-09-26_14-05,Delwyn,14,Bow,12,128,232134819,1,True,True,False,False,the foe,True,52,OrcishMage,87,126,the double,FireballSpell
1086,2026-09-26,14:08:31,2026-09-26_14-05,Delwyn,15,Bow,11,3623,232136012,1,True,True,False,False,the foe,True,36,OrcishMage,87,126,the double,no
1086,2026-09-26,14:08:32,2026-09-26_14-05,Delwyn,16,Bow,11,2623,232137012,1,True,True,False,False,the foe,True,36,OrcishMage,87,126,the double,no
1086,2026-09-26,14:08:33,2026-09-26_14-05,Delwyn,17,Bow,11,1623,232138012,1,True,True,False,False,the foe,True,34,OrcishMage,87,126,the double,no
1086,2026-09-26,14:08:34,2026-09-26_14-05,Delwyn,18,Bow,11,622,232139013,1,True,True,False,False,the foe,True,30,OrcishMage,87,126,the double,no
1086,2026-09-26,14:08:35,2026-09-26_14-05,Delwyn,19,Bow,10,4359,232140212,1,True,True,False,False,the foe,True,30,OrcishMage,72,126,the double,no
1086,2026-09-26,14:08:36,2026-09-26_14-05,Delwyn,20,Bow,10,3358,232141213,1,True,True,False,False,the foe,True,28,OrcishMage,72,126,the double,no
1086,2026-09-26,14:08:37,2026-09-26_14-05,Delwyn,21,Bow,10,2358,232142213,1,True,True,False,False,the foe,True,24,OrcishMage,72,126,the double,no
1086,2026-09-26,14:08:38,2026-09-26_14-05,Delwyn,22,Bow,10,1158,232143413,1,True,True,False,False,the foe,True,19,OrcishMage,73,126,the double,ExplosionSpell
1086,2026-09-26,14:08:39,2026-09-26_14-05,Delwyn,23,Bow,10,158,232144413,1,True,True,False,False,the foe,True,19,OrcishMage,73,126,the double,no
1086,2026-09-26,14:08:40,2026-09-26_14-05,Delwyn,24,Bow,9,4104,232145613,1,True,True,False,False,the foe,True,15,OrcishMage,46,126,the double,no
1086,2026-09-26,14:08:41,2026-09-26_14-05,Delwyn,25,Bow,9,3104,232146613,1,True,True,False,False,the foe,True,16,OrcishMage,46,126,the double,no
1086,2026-09-26,14:08:42,2026-09-26_14-05,Delwyn,26,Bow,9,2104,232147613,1,True,True,False,False,the foe,True,16,OrcishMage,46,126,the double,MindBlastSpell
1086,2026-09-26,14:08:44,2026-09-26_14-05,Delwyn,27,Fists,9,4840,232148812,1,True,True,False,False,none,False,0,OrcishMage,46,126,none,no
1098,2026-09-26,14:13:01,2026-09-26_14-11,Delwyn,0,Bow,2,4504,232405765,6,True,True,False,False,the foe,True,69,OrcishMage,143,149,the double,no
1098,2026-09-26,14:13:02,2026-09-26_14-11,Delwyn,1,Bow,2,3486,232406783,6,True,True,False,False,the foe,True,69,OrcishMage,143,149,the double,no
1098,2026-09-26,14:13:03,2026-09-26_14-11,Delwyn,2,Bow,2,2304,232407965,2,True,True,False,False,the foe,True,63,OrcishMage,143,149,the double,no
1098,2026-09-26,14:13:04,2026-09-26_14-11,Delwyn,3,Bow,2,1304,232408965,1,True,True,False,False,the foe,True,63,OrcishMage,143,149,the double,no
1098,2026-09-26,14:13:05,2026-09-26_14-11,Delwyn,4,Bow,2,262,232410007,1,True,True,False,False,the foe,True,63,OrcishMage,143,149,the double,no
1098,2026-09-26,14:13:06,2026-09-26_14-11,Delwyn,5,Bow,1,3855,232411165,1,True,True,False,False,the foe,True,63,OrcishMage,143,149,the double,MindBlastSpell
1098,2026-09-26,14:13:07,2026-09-26_14-11,Delwyn,6,Bow,1,2798,232412222,1,True,True,False,False,the foe,True,63,OrcishMage,143,149,the double,MindBlastSpell
1098,2026-09-26,14:13:08,2026-09-26_14-11,Delwyn,7,Bow,1,1654,232413366,1,True,True,False,False,the foe,True,38,OrcishMage,143,149,the double,no
1098,2026-09-26,14:13:09,2026-09-26_14-11,Delwyn,8,Bow,1,647,232414373,1,True,True,False,False,the foe,True,38,OrcishMage,143,149,the double,HarmSpell
1098,2026-09-26,14:13:10,2026-09-26_14-11,Delwyn,10,Dagger,0,1573,232415566,1,True,True,False,False,the foe,True,26,OrcishMage,128,149,the double,no
1098,2026-09-26,14:13:12,2026-09-26_14-11,Delwyn,11,Dagger,0,343,232416796,1,True,True,False,False,the foe,True,26,OrcishMage,129,149,the double,no
1098,2026-09-26,14:13:13,2026-09-26_14-11,Delwyn,12,Dagger,0,1361,232417799,1,True,True,False,False,the foe,True,16,OrcishMage,129,149,the double,no
1098,2026-09-26,14:13:14,2026-09-26_14-11,Delwyn,13,Dagger,0,194,232418966,1,True,True,False,False,the foe,True,17,OrcishMage,129,149,the double,no
1098,2026-09-26,14:13:15,2026-09-26_14-11,Delwyn,14,Dagger,0,1301,232419987,1,True,True,False,False,the foe,True,17,OrcishMage,129,149,the double,no
1098,2026-09-26,14:13:16,2026-09-26_14-11,Delwyn,15,Dagger,0,123,232421165,1,True,True,False,False,the foe,True,10,OrcishMage,129,149,the double,no
1098,2026-09-26,14:13:17,2026-09-26_14-11,Delwyn,16,Dagger,0,1378,232422166,1,True,True,False,False,the foe,True,10,OrcishMage,129,149,the double,HealSpell
1098,2026-09-26,14:13:18,2026-09-26_14-11,Delwyn,17,Dagger,0,378,232423166,1,True,True,False,False,the foe,True,5,OrcishMage,138,149,the double,no
1098,2026-09-26,14:13:19,2026-09-26_14-11,Delwyn,18,Dagger,0,1518,232424370,1,True,True,False,False,the foe,True,5,OrcishMage,121,149,the double,no
1101,2026-09-26,14:16:53,2026-09-26_14-11,Fenna,0,Bow,134,4601,232637966,6,True,True,False,False,the foe,True,69,OrcishMage,122,142,the double,no
1101,2026-09-26,14:16:54,2026-09-26_14-11,Fenna,1,Bow,134,3401,232639166,6,True,True,False,False,the foe,True,69,OrcishMage,122,142,the double,no
1101,2026-09-26,14:16:55,2026-09-26_14-11,Fenna,2,Bow,134,2201,232640366,3,True,True,False,False,the foe,True,69,OrcishMage,122,142,the double,no
1101,2026-09-26,14:16:56,2026-09-26_14-11,Fenna,3,Bow,134,1116,232641451,1,True,True,False,False,the foe,True,64,OrcishMage,122,142,the double,no
1101,2026-09-26,14:16:57,2026-09-26_14-11,Fenna,4,Bow,134,2,232642565,1,True,True,False,False,the foe,True,64,OrcishMage,122,142,the double,no
1101,2026-09-26,14:16:58,2026-09-26_14-11,Fenna,5,Bow,133,3775,232643575,1,True,True,False,False,the foe,True,64,OrcishMage,122,142,the double,HealSpell
1101,2026-09-26,14:17:00,2026-09-26_14-11,Fenna,7,Bow,133,2584,232644766,1,True,True,False,False,the foe,True,64,OrcishMage,130,142,the double,no
1101,2026-09-26,14:17:01,2026-09-26_14-11,Fenna,8,Bow,133,1580,232645770,1,True,True,False,False,the foe,True,64,OrcishMage,130,142,the double,no
1101,2026-09-26,14:17:02,2026-09-26_14-11,Fenna,9,Bow,133,384,232646966,1,True,True,False,False,the foe,True,64,OrcishMage,130,142,the double,no
1101,2026-09-26,14:17:03,2026-09-26_14-11,Fenna,10,Bow,132,4169,232647966,1,True,True,False,False,the foe,True,64,OrcishMage,111,142,the double,PoisonSpell
1101,2026-09-26,14:17:04,2026-09-26_14-11,Fenna,11,Bow,132,3164,232648971,1,True,True,False,False,the foe,True,64,OrcishMage,112,142,the double,no
1101,2026-09-26,14:17:05,2026-09-26_14-11,Fenna,12,Bow,132,1969,232650166,1,True,True,False,False,the foe,True,64,OrcishMage,112,142,the double,no
1101,2026-09-26,14:17:06,2026-09-26_14-11,Fenna,13,Bow,132,953,232651182,1,True,True,False,False,the foe,True,64,OrcishMage,112,142,the double,no
1101,2026-09-26,14:17:07,2026-09-26_14-11,Fenna,14,Bow,131,4553,232652365,1,True,True,False,False,the foe,True,56,OrcishMage,89,142,the double,ParalyzeSpell
1101,2026-09-26,14:17:08,2026-09-26_14-11,Fenna,15,Bow,131,3553,232653365,1,True,True,True,False,the foe,True,56,OrcishMage,89,142,the double,no
1101,2026-09-26,14:17:09,2026-09-26_14-11,Fenna,16,Bow,131,2523,232654395,1,True,True,True,False,the foe,True,56,OrcishMage,89,142,the double,no
1101,2026-09-26,14:17:10,2026-09-26_14-11,Fenna,17,Bow,131,1352,232655566,1,True,True,False,False,the foe,True,52,OrcishMage,89,142,the double,no
1101,2026-09-26,14:17:11,2026-09-26_14-11,Fenna,18,Bow,131,327,232656591,1,True,True,False,False,the foe,True,46,OrcishMage,89,142,the double,no
1101,2026-09-26,14:17:13,2026-09-26_14-11,Fenna,19,Bow,130,3968,232657765,1,True,True,False,False,the foe,True,46,OrcishMage,89,142,the double,no
1101,2026-09-26,14:17:14,2026-09-26_14-11,Fenna,21,Bow,130,2967,232658766,1,True,True,False,False,the foe,True,42,OrcishMage,89,142,the double,BlessSpell
1101,2026-09-26,14:17:15,2026-09-26_14-11,Fenna,22,Bow,130,1767,232659966,1,True,True,False,False,the foe,True,34,OrcishMage,90,150,the double,no
1101,2026-09-26,14:17:16,2026-09-26_14-11,Fenna,23,Bow,130,566,232661167,1,True,True,False,False,the foe,True,30,OrcishMage,90,150,the double,no
1101,2026-09-26,14:17:17,2026-09-26_14-11,Fenna,24,Bow,129,4535,232662206,1,True,True,False,False,the foe,True,30,OrcishMage,55,150,the double,no
1101,2026-09-26,14:17:18,2026-09-26_14-11,Fenna,25,Bow,129,3375,232663366,1,True,True,False,False,the foe,True,31,OrcishMage,55,150,the double,ParalyzeSpell
1101,2026-09-26,14:17:19,2026-09-26_14-11,Fenna,26,Bow,129,2363,232664378,1,True,True,True,False,the foe,True,27,OrcishMage,55,150,the double,no
1101,2026-09-26,14:17:20,2026-09-26_14-11,Fenna,27,Bow,129,1176,232665565,1,True,True,True,False,the foe,True,27,OrcishMage,55,150,the double,no
1101,2026-09-26,14:17:21,2026-09-26_14-11,Fenna,28,Bow,129,169,232666572,1,True,True,True,False,the foe,True,27,OrcishMage,55,150,the double,no
1101,2026-09-26,14:17:23,2026-09-26_14-11,Fenna,30,Bow,128,4014,232667766,1,True,True,False,False,the foe,True,23,OrcishMage,36,150,the double,CurseSpell
1102,2026-09-26,14:17:23,2026-09-26_14-11,Kestrel,0,Bow,92,4719,232668165,6,True,True,False,False,the foe,True,70,OrcishMage,128,128,the double,no
1101,2026-09-26,14:17:24,2026-09-26_14-11,Fenna,31,Bow,128,3014,232668766,1,True,True,False,False,the foe,True,23,OrcishMage,36,150,the double,no
1102,2026-09-26,14:17:24,2026-09-26_14-11,Kestrel,1,Bow,92,3719,232669165,6,True,True,False,False,the foe,True,70,OrcishMage,128,128,the double,no
1101,2026-09-26,14:17:25,2026-09-26_14-11,Fenna,32,Bow,128,1995,232669785,1,True,True,False,False,the foe,True,20,OrcishMage,36,150,the double,no
1102,2026-09-26,14:17:25,2026-09-26_14-11,Kestrel,2,Bow,92,2718,232670166,5,True,True,False,False,the foe,True,70,OrcishMage,128,128,the double,ParalyzeSpell
1101,2026-09-26,14:17:26,2026-09-26_14-11,Fenna,33,Bow,128,814,232670966,1,True,True,False,False,the foe,True,16,OrcishMage,37,150,the double,no
1102,2026-09-26,14:17:26,2026-09-26_14-11,Kestrel,3,Bow,92,1519,232671365,2,True,True,True,False,the foe,True,70,OrcishMage,128,128,the double,no
1101,2026-09-26,14:17:27,2026-09-26_14-11,Fenna,34,Bow,127,5028,232671969,1,True,True,False,False,the foe,True,16,OrcishMage,37,150,the double,ParalyzeSpell
1102,2026-09-26,14:17:27,2026-09-26_14-11,Kestrel,4,Bow,92,499,232672385,1,True,True,True,False,the foe,True,70,OrcishMage,128,128,the double,no
1101,2026-09-26,14:17:28,2026-09-26_14-11,Fenna,35,Bow,127,3832,232673165,1,True,True,True,False,the foe,True,12,OrcishMage,37,150,the double,no
1102,2026-09-26,14:17:28,2026-09-26_14-11,Kestrel,5,Bow,91,4253,232673565,1,True,True,True,False,the foe,True,70,OrcishMage,128,128,the double,FireballSpell
1101,2026-09-26,14:17:29,2026-09-26_14-11,Fenna,36,Bow,127,2832,232674165,1,True,True,True,False,the foe,True,13,OrcishMage,37,150,the double,no
1102,2026-09-26,14:17:29,2026-09-26_14-11,Kestrel,6,Bow,91,3235,232674583,1,True,True,False,False,the foe,True,47,OrcishMage,128,128,the double,no
1101,2026-09-26,14:17:30,2026-09-26_14-11,Fenna,37,Bow,127,1792,232675205,1,True,True,True,False,the foe,True,13,OrcishMage,37,150,the double,MagicArrowSpell
1102,2026-09-26,14:17:31,2026-09-26_14-11,Kestrel,7,Bow,91,2053,232675765,1,True,True,False,False,the foe,True,47,OrcishMage,128,128,the double,no
1101,2026-09-26,14:17:31,2026-09-26_14-11,Fenna,38,Bow,127,632,232676365,1,True,True,False,False,the foe,True,3,OrcishMage,37,150,the double,no
1102,2026-09-26,14:17:32,2026-09-26_14-11,Kestrel,8,Bow,91,1053,232676765,1,True,True,False,False,the foe,True,45,OrcishMage,128,128,the double,LightningSpell
1101,2026-09-26,14:17:32,2026-09-26_14-11,Fenna,39,Bow,126,5984,232677377,1,True,True,False,False,the foe,True,3,OrcishMage,37,150,the double,no
1102,2026-09-26,14:17:33,2026-09-26_14-11,Kestrel,9,Bow,91,25,232677793,1,True,True,False,False,the foe,True,32,OrcishMage,128,128,the double,no
1101,2026-09-26,14:17:33,2026-09-26_14-11,Fenna,40,Bow,126,4796,232678565,1,True,True,False,False,the foe,True,3,OrcishMage,37,150,the double,GreaterHealSpell
1102,2026-09-26,14:17:34,2026-09-26_14-11,Kestrel,11,Bow,90,4337,232678966,1,True,True,False,False,the foe,True,31,OrcishMage,128,128,the double,no
1102,2026-09-26,14:17:35,2026-09-26_14-11,Kestrel,12,Bow,90,3313,232679990,1,True,True,False,False,the foe,True,31,OrcishMage,128,128,the double,MindBlastSpell
1102,2026-09-26,14:17:36,2026-09-26_14-11,Kestrel,13,Bow,90,2137,232681166,1,True,True,False,False,the foe,True,31,OrcishMage,128,128,the double,no
1102,2026-09-26,14:17:37,2026-09-26_14-11,Kestrel,14,Bow,90,1137,232682166,1,True,True,False,False,the foe,True,12,OrcishMage,128,128,the double,no
1102,2026-09-26,14:17:38,2026-09-26_14-11,Kestrel,15,Bow,89,6202,232683365,1,True,True,False,False,the foe,True,12,OrcishMage,128,128,the double,no
1102,2026-09-26,14:17:39,2026-09-26_14-11,Kestrel,16,Bow,89,5201,232684366,1,True,True,False,False,the foe,True,12,OrcishMage,128,128,the double,ManaDrainSpell
1102,2026-09-26,14:17:40,2026-09-26_14-11,Kestrel,17,Bow,89,4171,232685396,1,True,True,False,False,the foe,True,13,OrcishMage,128,128,the double,no
1102,2026-09-26,14:17:41,2026-09-26_14-11,Kestrel,18,Bow,89,3002,232686565,1,True,True,False,False,the foe,True,12,OrcishMage,128,128,the double,no
1102,2026-09-26,14:17:42,2026-09-26_14-11,Kestrel,19,Bow,89,1999,232687568,1,True,True,False,False,the foe,True,12,OrcishMage,128,128,the double,no
1102,2026-09-26,14:17:44,2026-09-26_14-11,Kestrel,20,Bow,89,801,232688766,1,True,True,False,False,the foe,True,7,OrcishMage,128,128,the double,no
1102,2026-09-26,14:17:45,2026-09-26_14-11,Kestrel,22,Bow,88,5958,232689971,1,True,True,False,False,the foe,True,7,OrcishMage,128,128,the double,no
1102,2026-09-26,14:17:46,2026-09-26_14-11,Kestrel,23,Bow,88,4764,232691165,1,True,True,False,False,the foe,True,7,OrcishMage,128,128,the double,no
1102,2026-09-26,14:17:47,2026-09-26_14-11,Kestrel,24,Bow,88,3763,232692166,1,True,True,False,False,the foe,True,7,OrcishMage,128,128,the double,PoisonSpell
1102,2026-09-26,14:17:48,2026-09-26_14-11,Kestrel,25,Bow,88,2744,232693185,1,True,True,False,False,the foe,True,7,OrcishMage,128,128,the double,no
1102,2026-09-26,14:17:49,2026-09-26_14-11,Kestrel,26,Bow,88,1564,232694365,1,True,True,False,False,the foe,True,3,OrcishMage,128,128,the double,no
1102,2026-09-26,14:17:50,2026-09-26_14-11,Kestrel,27,Bow,88,549,232695380,1,True,True,False,False,the foe,True,3,OrcishMage,128,128,the double,MagicArrowSpell
1102,2026-09-26,14:17:51,2026-09-26_14-11,Kestrel,28,Fists,83,4801,232696565,1,True,True,False,False,none,False,0,OrcishMage,128,128,none,no
1121,2026-09-26,14:33:11,2026-09-26_14-32,Kestrel,0,Bow,65,4924,233616534,6,True,True,False,False,the foe,True,70,OrcishMage,125,125,the double,no
1121,2026-09-26,14:33:12,2026-09-26_14-32,Kestrel,1,Bow,65,3924,233617534,5,True,True,False,False,the foe,True,70,OrcishMage,125,125,the double,MindBlastSpell
1121,2026-09-26,14:33:13,2026-09-26_14-32,Kestrel,2,Bow,65,2924,233618534,4,True,True,False,False,the foe,True,70,OrcishMage,125,125,the double,no
1121,2026-09-26,14:33:14,2026-09-26_14-32,Kestrel,3,Bow,65,1923,233619535,1,True,True,False,False,the foe,True,54,OrcishMage,125,125,the double,no
1121,2026-09-26,14:33:16,2026-09-26_14-32,Kestrel,4,Bow,65,724,233620734,1,True,True,False,False,the foe,True,54,OrcishMage,125,125,the double,no
1121,2026-09-26,14:33:17,2026-09-26_14-32,Kestrel,5,Bow,64,5008,233621735,1,True,True,False,False,the foe,True,53,OrcishMage,90,125,the double,no
1121,2026-09-26,14:33:18,2026-09-26_14-32,Kestrel,6,Bow,64,3809,233622934,1,True,True,False,False,the foe,True,46,OrcishMage,90,125,the double,no
1121,2026-09-26,14:33:19,2026-09-26_14-32,Kestrel,7,Bow,64,2808,233623935,1,True,True,False,False,the foe,True,46,OrcishMage,90,125,the double,no
1121,2026-09-26,14:33:20,2026-09-26_14-32,Kestrel,8,Bow,64,1608,233625135,1,True,True,False,False,the foe,True,45,OrcishMage,90,125,the double,no
1121,2026-09-26,14:33:21,2026-09-26_14-32,Kestrel,10,Bow,64,409,233626334,1,True,True,False,False,the foe,True,45,OrcishMage,90,125,the double,ManaDrainSpell
1121,2026-09-26,14:33:22,2026-09-26_14-32,Kestrel,11,Bow,63,4653,233627334,1,True,True,False,False,the foe,True,40,OrcishMage,58,125,the double,no
1121,2026-09-26,14:33:23,2026-09-26_14-32,Kestrel,12,Bow,63,3652,233628335,1,True,True,False,False,the foe,True,40,OrcishMage,58,125,the double,no
1121,2026-09-26,14:33:24,2026-09-26_14-32,Kestrel,13,Bow,63,2646,233629341,1,True,True,False,False,the foe,True,40,OrcishMage,58,125,the double,EnergyBoltSpell
1121,2026-09-26,14:33:25,2026-09-26_14-32,Kestrel,14,Bow,63,1604,233630383,1,True,True,False,False,the foe,True,38,OrcishMage,58,125,the double,EnergyBoltSpell
1121,2026-09-26,14:33:26,2026-09-26_14-32,Kestrel,15,Bow,63,453,233631534,1,True,True,False,False,the foe,True,38,OrcishMage,58,125,the double,no
1121,2026-09-26,14:33:27,2026-09-26_14-32,Kestrel,16,Bow,62,4753,233632534,1,True,True,False,False,the foe,True,38,OrcishMage,59,125,the double,no
1121,2026-09-26,14:33:28,2026-09-26_14-32,Kestrel,17,Bow,62,3753,233633534,1,True,True,False,False,the foe,True,32,OrcishMage,59,125,the double,ExplosionSpell
1121,2026-09-26,14:33:29,2026-09-26_14-32,Kestrel,18,Bow,62,2752,233634535,1,True,True,False,False,the foe,True,32,OrcishMage,59,125,the double,no
1121,2026-09-26,14:33:30,2026-09-26_14-32,Kestrel,19,Bow,62,1752,233635535,1,True,True,False,False,the foe,True,32,OrcishMage,59,125,the double,no
1121,2026-09-26,14:33:31,2026-09-26_14-32,Kestrel,20,Bow,62,752,233636535,1,True,True,False,False,the foe,True,28,OrcishMage,59,125,the double,HarmSpell
1129,2026-09-26,14:35:14,2026-09-26_14-32,Emrys,0,Bow,68,4561,233738935,6,True,True,False,False,the foe,True,70,OrcishMage,141,141,the double,no
1129,2026-09-26,14:35:15,2026-09-26_14-32,Emrys,1,Bow,68,3561,233739935,6,True,True,False,False,the foe,True,70,OrcishMage,141,141,the double,no
1129,2026-09-26,14:35:16,2026-09-26_14-32,Emrys,2,Bow,68,2362,233741134,6,True,True,False,False,the foe,True,70,OrcishMage,141,141,the double,no
1129,2026-09-26,14:35:17,2026-09-26_14-32,Emrys,3,Bow,68,1362,233742134,5,True,True,False,False,the foe,True,70,OrcishMage,141,141,the double,MindBlastSpell
1129,2026-09-26,14:35:18,2026-09-26_14-32,Emrys,4,Bow,68,361,233743135,5,True,True,False,False,the foe,True,70,OrcishMage,141,141,the double,MindBlastSpell
1129,2026-09-26,14:35:19,2026-09-26_14-32,Emrys,5,Bow,67,4121,233744135,1,True,True,False,False,the foe,True,46,OrcishMage,141,141,the double,no
1129,2026-09-26,14:35:20,2026-09-26_14-32,Emrys,6,Bow,67,2922,233745334,1,True,True,False,False,the foe,True,46,OrcishMage,141,141,the double,no
1129,2026-09-26,14:35:21,2026-09-26_14-32,Emrys,7,Bow,67,1922,233746334,1,True,True,False,False,the foe,True,46,OrcishMage,141,141,the double,ManaDrainSpell
1129,2026-09-26,14:35:22,2026-09-26_14-32,Emrys,8,Bow,67,921,233747335,1,True,True,False,False,the foe,True,38,OrcishMage,141,141,the double,no
1129,2026-09-26,14:35:23,2026-09-26_14-32,Emrys,9,Bow,66,4972,233748534,1,True,True,False,False,the foe,True,38,OrcishMage,102,141,the double,no
1129,2026-09-26,14:35:24,2026-09-26_14-32,Emrys,10,Bow,66,3972,233749534,1,True,True,False,False,the foe,True,30,OrcishMage,102,141,the double,HarmSpell
1129,2026-09-26,14:35:25,2026-09-26_14-32,Emrys,11,Bow,66,2972,233750534,1,True,True,False,False,the foe,True,21,OrcishMage,102,141,the double,no
1129,2026-09-26,14:35:26,2026-09-26_14-32,Emrys,12,Bow,66,1971,233751535,1,True,True,False,False,the foe,True,21,OrcishMage,102,141,the double,no
1129,2026-09-26,14:35:28,2026-09-26_14-32,Emrys,14,Bow,66,772,233752734,1,True,True,False,False,the foe,True,21,OrcishMage,102,141,the double,no
1129,2026-09-26,14:35:29,2026-09-26_14-32,Emrys,15,Bow,65,5373,233753734,1,True,True,False,False,the foe,True,21,OrcishMage,69,141,the double,no
1129,2026-09-26,14:35:30,2026-09-26_14-32,Emrys,16,Bow,65,4372,233754735,1,True,True,False,False,the foe,True,21,OrcishMage,69,141,the double,ExplosionSpell
1129,2026-09-26,14:35:31,2026-09-26_14-32,Emrys,17,Bow,65,3172,233755935,1,True,True,False,False,the foe,True,22,OrcishMage,69,141,the double,no
1129,2026-09-26,14:35:32,2026-09-26_14-32,Emrys,18,Bow,65,1972,233757135,1,True,True,False,False,the foe,True,22,OrcishMage,69,141,the double,no
1129,2026-09-26,14:35:33,2026-09-26_14-32,Emrys,19,Bow,65,773,233758334,1,True,True,False,False,the foe,True,22,OrcishMage,69,141,the double,no
1129,2026-09-26,14:35:34,2026-09-26_14-32,Emrys,20,Bow,64,5331,233759334,1,True,True,False,False,the foe,True,22,OrcishMage,53,141,the double,BlessSpell
1129,2026-09-26,14:35:35,2026-09-26_14-32,Emrys,21,Bow,64,4331,233760334,1,True,True,False,False,the foe,True,22,OrcishMage,53,149,the double,no
1129,2026-09-26,14:35:36,2026-09-26_14-32,Emrys,22,Bow,64,3331,233761334,1,True,True,False,False,the foe,True,22,OrcishMage,53,149,the double,no
1129,2026-09-26,14:35:37,2026-09-26_14-32,Emrys,23,Bow,64,2331,233762334,1,True,True,False,False,the foe,True,22,OrcishMage,53,149,the double,no
1129,2026-09-26,14:35:38,2026-09-26_14-32,Emrys,24,Bow,64,1330,233763335,1,True,True,False,False,the foe,True,19,OrcishMage,53,149,the double,no
1129,2026-09-26,14:35:39,2026-09-26_14-32,Emrys,25,Bow,64,131,233764534,1,True,True,False,False,the foe,True,19,OrcishMage,53,149,the double,no
1129,2026-09-26,14:35:40,2026-09-26_14-32,Emrys,26,Bow,63,4699,233765534,1,True,True,False,False,the foe,True,19,OrcishMage,23,149,the double,no
1129,2026-09-26,14:35:41,2026-09-26_14-32,Emrys,27,Bow,63,3699,233766534,1,True,True,False,False,the foe,True,20,OrcishMage,23,149,the double,no
1129,2026-09-26,14:35:42,2026-09-26_14-32,Emrys,28,Bow,63,2699,233767534,1,True,True,False,False,the foe,True,16,OrcishMage,23,149,the double,no
1129,2026-09-26,14:35:43,2026-09-26_14-32,Emrys,29,Bow,63,1699,233768534,1,True,True,False,False,the foe,True,16,OrcishMage,23,149,the double,no
1129,2026-09-26,14:35:44,2026-09-26_14-32,Emrys,30,Bow,63,699,233769534,1,True,True,False,False,the foe,True,16,OrcishMage,23,149,the double,no
1129,2026-09-26,14:35:45,2026-09-26_14-32,Emrys,31,Bow,62,5310,233770534,2,True,True,False,False,the foe,True,16,OrcishMage,19,149,the double,no
1129,2026-09-26,14:35:46,2026-09-26_14-32,Emrys,32,Bow,62,4310,233771534,4,True,True,False,False,the foe,True,16,OrcishMage,19,149,the double,no
1129,2026-09-26,14:35:47,2026-09-26_14-32,Emrys,33,Bow,62,3309,233772535,5,True,True,False,False,the foe,True,16,OrcishMage,19,149,the double,no
1129,2026-09-26,14:35:49,2026-09-26_14-32,Emrys,35,Bow,62,2110,233773734,5,True,True,False,False,the foe,True,16,OrcishMage,19,149,the double,no
1129,2026-09-26,14:35:50,2026-09-26_14-32,Emrys,36,Bow,62,1110,233774734,5,True,True,False,False,the foe,True,16,OrcishMage,19,149,the double,no
1129,2026-09-26,14:35:51,2026-09-26_14-32,Emrys,37,Bow,62,110,233775734,5,True,True,False,False,the foe,True,16,OrcishMage,19,149,the double,no
1129,2026-09-26,14:35:52,2026-09-26_14-32,Emrys,38,Bow,61,4667,233776734,6,True,True,False,False,the foe,True,16,OrcishMage,7,149,the double,no
1129,2026-09-26,14:35:53,2026-09-26_14-32,Emrys,39,Bow,61,3667,233777734,7,True,True,False,False,the foe,True,17,OrcishMage,7,149,the double,no
1129,2026-09-26,14:35:54,2026-09-26_14-32,Emrys,40,Bow,61,2666,233778735,8,True,True,False,False,the foe,True,17,OrcishMage,7,149,the double,no
1129,2026-09-26,14:35:55,2026-09-26_14-32,Emrys,41,Bow,61,1467,233779934,9,True,True,False,False,the foe,True,17,OrcishMage,7,149,the double,no
1129,2026-09-26,14:35:56,2026-09-26_14-32,Emrys,42,Bow,61,467,233780934,10,True,True,False,False,the foe,True,17,OrcishMage,7,149,the double,no
1129,2026-09-26,14:35:57,2026-09-26_14-32,Emrys,43,Bow,60,4994,233781935,10,True,True,False,False,the foe,True,17,OrcishMage,8,149,the double,no
1129,2026-09-26,14:35:58,2026-09-26_14-32,Emrys,44,Bow,60,3794,1001,10,True,True,False,False,the foe,True,17,OrcishMage,8,149,the double,no
1129,2026-09-26,14:35:59,2026-09-26_14-32,Emrys,45,Bow,60,2594,801,10,True,True,False,False,the foe,True,17,OrcishMage,8,149,the double,no
1129,2026-09-26,14:36:00,2026-09-26_14-32,Emrys,46,Bow,60,1395,200,10,True,True,False,False,the foe,True,17,OrcishMage,8,149,the double,no
1129,2026-09-26,14:36:01,2026-09-26_14-32,Emrys,47,Bow,60,395,1200,10,True,True,False,False,the foe,True,17,OrcishMage,8,149,the double,no
1131,2026-09-26,14:36:07,2026-09-26_14-32,Emrys,0,Bow,67,4559,233792134,6,True,True,False,False,the foe,True,70,JukaMage,220,247,the double,no
1131,2026-09-26,14:36:08,2026-09-26_14-32,Emrys,1,Bow,67,3559,233793134,6,True,True,False,False,the foe,True,70,JukaMage,220,247,the double,no
1131,2026-09-26,14:36:09,2026-09-26_14-32,Emrys,2,Bow,67,2559,233794134,6,True,True,False,False,the foe,True,70,JukaMage,220,247,the double,no
1131,2026-09-26,14:36:10,2026-09-26_14-32,Emrys,3,Bow,67,1559,233795134,5,True,True,False,False,the foe,True,70,JukaMage,220,247,the double,HealSpell
1131,2026-09-26,14:36:11,2026-09-26_14-32,Emrys,4,Bow,67,558,233796135,2,True,True,False,False,the foe,True,70,JukaMage,234,247,the double,no
1131,2026-09-26,14:36:12,2026-09-26_14-32,Emrys,5,Bow,66,4305,233797135,1,True,True,False,False,the foe,True,70,JukaMage,198,247,the double,no
1131,2026-09-26,14:36:13,2026-09-26_14-32,Emrys,6,Bow,66,3106,233798334,1,True,True,False,False,the foe,True,70,JukaMage,198,247,the double,no
1131,2026-09-26,14:36:14,2026-09-26_14-32,Emrys,7,Bow,66,2106,233799334,1,True,True,False,False,the foe,True,70,JukaMage,198,247,the double,FireballSpell
1131,2026-09-26,14:36:15,2026-09-26_14-32,Emrys,8,Bow,66,1106,233800334,1,True,True,False,False,the foe,True,56,JukaMage,198,247,the double,no
1131,2026-09-26,14:36:16,2026-09-26_14-32,Emrys,9,Bow,66,106,233801334,1,True,True,False,False,the foe,True,56,JukaMage,198,247,the double,no
1131,2026-09-26,14:36:17,2026-09-26_14-32,Emrys,10,Bow,65,4045,233802335,1,True,True,False,False,the foe,True,56,JukaMage,198,247,the double,PoisonSpell
1131,2026-09-26,14:36:18,2026-09-26_14-32,Emrys,11,Bow,65,2845,233803535,1,True,True,False,False,the foe,True,56,JukaMage,199,247,the double,no
1131,2026-09-26,14:36:20,2026-09-26_14-32,Emrys,12,Bow,65,1645,233804735,1,True,True,False,False,the foe,True,56,JukaMage,199,247,the double,no
1131,2026-09-26,14:36:21,2026-09-26_14-32,Emrys,14,Bow,65,446,233805934,1,True,True,False,False,the foe,True,56,JukaMage,199,247,the double,MindBlastSpell
1131,2026-09-26,14:36:22,2026-09-26_14-32,Emrys,15,Bow,64,4390,233806934,1,True,True,False,False,the foe,True,50,JukaMage,199,247,the double,no
1131,2026-09-26,14:36:23,2026-09-26_14-32,Emrys,16,Bow,64,3389,233807935,1,True,True,False,False,the foe,True,26,JukaMage,199,247,the double,no
1131,2026-09-26,14:36:24,2026-09-26_14-32,Emrys,17,Bow,64,2190,233809134,1,True,True,False,False,the foe,True,20,JukaMage,199,247,the double,ExplosionSpell
1131,2026-09-26,14:36:25,2026-09-26_14-32,Emrys,18,Bow,64,1189,233810135,1,True,True,False,False,the foe,True,20,JukaMage,199,247,the double,no
1131,2026-09-26,14:36:26,2026-09-26_14-32,Emrys,19,Bow,63,6097,233811334,1,True,True,False,False,the foe,True,12,JukaMage,199,247,the double,no
1131,2026-09-26,14:36:27,2026-09-26_14-32,Emrys,20,Bow,63,5097,233812334,1,True,True,False,False,the foe,True,6,JukaMage,199,247,the double,FireballSpell
1239,2026-09-26,15:21:32,2026-09-26_15-18,Garrow,0,Bow,71,4437,236517391,6,True,True,False,False,the foe,True,69,OrcishMage,109,120,the double,no
1239,2026-09-26,15:21:33,2026-09-26_15-18,Garrow,1,Bow,71,3237,236518591,6,True,True,False,False,the foe,True,69,OrcishMage,109,120,the double,no
1239,2026-09-26,15:21:35,2026-09-26_15-18,Garrow,2,Bow,71,2037,236519791,6,True,True,False,False,the foe,True,69,OrcishMage,109,120,the double,no
1239,2026-09-26,15:21:36,2026-09-26_15-18,Garrow,3,Bow,71,838,236520990,5,True,True,False,False,the foe,True,69,OrcishMage,109,120,the double,HealSpell
1239,2026-09-26,15:21:37,2026-09-26_15-18,Garrow,4,Bow,70,4477,236521990,1,True,True,False,False,the foe,True,69,OrcishMage,111,120,the double,no
1239,2026-09-26,15:21:38,2026-09-26_15-18,Garrow,5,Bow,70,3476,236522991,1,True,True,False,False,the foe,True,69,OrcishMage,111,120,the double,no
1239,2026-09-26,15:21:39,2026-09-26_15-18,Garrow,6,Bow,70,2476,236523991,1,True,True,False,False,the foe,True,69,OrcishMage,111,120,the double,no
1239,2026-09-26,15:21:40,2026-09-26_15-18,Garrow,7,Bow,70,1476,236524991,1,True,True,False,False,the foe,True,65,OrcishMage,111,120,the double,PoisonSpell
1239,2026-09-26,15:21:41,2026-09-26_15-18,Garrow,9,Bow,70,276,236526191,1,True,True,False,False,the foe,True,65,OrcishMage,111,120,the double,no
1239,2026-09-26,15:21:42,2026-09-26_15-18,Garrow,10,Bow,69,3917,236527191,1,True,True,False,False,the foe,True,61,OrcishMage,89,120,the double,no
1239,2026-09-26,15:21:43,2026-09-26_15-18,Garrow,11,Bow,69,2718,236528390,1,True,True,False,False,the foe,True,61,OrcishMage,89,120,the double,BlessSpell
1239,2026-09-26,15:21:44,2026-09-26_15-18,Garrow,12,Bow,69,1718,236529390,1,True,True,False,False,the foe,True,57,OrcishMage,89,128,the double,no
1239,2026-09-26,15:21:45,2026-09-26_15-18,Garrow,13,Bow,69,718,236530390,1,True,True,False,False,the foe,True,57,OrcishMage,89,128,the double,no
1239,2026-09-26,15:21:46,2026-09-26_15-18,Garrow,14,Bow,68,4358,236531390,1,True,True,False,False,the foe,True,57,OrcishMage,89,128,the double,no
1239,2026-09-26,15:21:47,2026-09-26_15-18,Garrow,15,Bow,68,3358,236532390,1,True,True,False,False,the foe,True,53,OrcishMage,89,128,the double,no
1239,2026-09-26,15:21:48,2026-09-26_15-18,Garrow,16,Bow,68,2358,236533390,1,True,True,False,False,the foe,True,53,OrcishMage,90,128,the double,no
1239,2026-09-26,15:21:49,2026-09-26_15-18,Garrow,17,Bow,68,1357,236534391,1,True,True,False,False,the foe,True,48,OrcishMage,90,128,the double,no
1239,2026-09-26,15:21:50,2026-09-26_15-18,Garrow,18,Bow,68,157,236535591,1,True,True,False,False,the foe,True,44,OrcishMage,90,128,the double,no
1239,2026-09-26,15:21:52,2026-09-26_15-18,Garrow,19,Bow,67,3597,236536790,1,True,True,False,False,the foe,True,44,OrcishMage,90,128,the double,WeakenSpell
1239,2026-09-26,15:21:53,2026-09-26_15-18,Garrow,20,Bow,67,2597,236537790,1,True,True,False,False,the foe,True,39,OrcishMage,90,128,the double,no
1239,2026-09-26,15:21:54,2026-09-26_15-18,Garrow,21,Bow,67,1596,236538791,1,True,True,False,False,the foe,True,39,OrcishMage,90,128,the double,no
1239,2026-09-26,15:21:55,2026-09-26_15-18,Garrow,22,Bow,67,396,236539991,1,True,True,False,False,the foe,True,39,OrcishMage,90,128,the double,no
1239,2026-09-26,15:21:56,2026-09-26_15-18,Garrow,24,Bow,66,3837,236541191,1,True,True,False,False,the foe,True,32,OrcishMage,90,128,the double,HarmSpell
1239,2026-09-26,15:21:57,2026-09-26_15-18,Garrow,25,Bow,66,2837,236542191,1,True,True,False,False,the foe,True,30,OrcishMage,90,128,the double,no
1239,2026-09-26,15:21:58,2026-09-26_15-18,Garrow,26,Bow,66,1638,236543390,1,True,True,False,False,the foe,True,26,OrcishMage,90,128,the double,no
1239,2026-09-26,15:21:59,2026-09-26_15-18,Garrow,27,Bow,66,637,236544391,1,True,True,False,False,the foe,True,22,OrcishMage,91,128,the double,EnergyBoltSpell
1239,2026-09-26,15:22:00,2026-09-26_15-18,Garrow,28,Bow,65,4286,236545590,1,True,True,False,False,the foe,True,19,OrcishMage,67,128,the double,EnergyBoltSpell
1239,2026-09-26,15:22:01,2026-09-26_15-18,Garrow,29,Bow,65,3286,236546590,1,True,True,False,False,the foe,True,20,OrcishMage,67,128,the double,no
1239,2026-09-26,15:22:02,2026-09-26_15-18,Garrow,30,Bow,65,2286,236547590,1,True,True,False,False,the foe,True,16,OrcishMage,67,128,the double,no
1239,2026-09-26,15:22:03,2026-09-26_15-18,Garrow,31,Bow,65,1286,236548590,1,True,True,False,False,the foe,True,16,OrcishMage,67,128,the double,FireballSpell
1239,2026-09-26,15:22:04,2026-09-26_15-18,Garrow,32,Bow,65,286,236549590,1,True,True,False,False,the foe,True,5,OrcishMage,67,128,the double,no
1239,2026-09-26,15:22:05,2026-09-26_15-18,Garrow,33,Bow,64,6114,236550590,1,True,True,False,False,the foe,True,1,OrcishMage,67,128,the double,no
1240,2026-09-26,15:22:29,2026-09-26_15-18,Ysolt,0,Bow,83,4742,236574190,6,True,True,False,False,the foe,True,71,OrcishMage,98,122,the double,no
1240,2026-09-26,15:22:30,2026-09-26_15-18,Ysolt,1,Bow,83,3742,236575190,6,True,True,False,False,the foe,True,71,OrcishMage,98,122,the double,no
1240,2026-09-26,15:22:31,2026-09-26_15-18,Ysolt,2,Bow,83,2742,236576190,6,True,True,False,False,the foe,True,71,OrcishMage,98,122,the double,no
1240,2026-09-26,15:22:32,2026-09-26_15-18,Ysolt,3,Bow,83,1741,236577191,5,True,True,False,False,the foe,True,71,OrcishMage,98,122,the double,InvisibilitySpell
1240,2026-09-26,15:22:33,2026-09-26_15-18,Ysolt,4,Bow,83,741,236578191,5,True,True,False,False,the foe,True,71,OrcishMage,98,122,the double,InvisibilitySpell
1240,2026-09-26,15:22:34,2026-09-26_15-18,Ysolt,5,Bow,83,-259,236579191,4,True,True,False,False,none,True,71,OrcishMage,98,122,the double,no
1240,2026-09-26,15:22:35,2026-09-26_15-18,Ysolt,6,Bow,82,3941,236580191,1,True,True,False,False,the foe,True,71,OrcishMage,84,122,the double,no
1240,2026-09-26,15:22:36,2026-09-26_15-18,Ysolt,7,Bow,82,2927,236581205,1,True,True,False,False,the foe,True,71,OrcishMage,84,122,the double,MindBlastSpell
1240,2026-09-26,15:22:37,2026-09-26_15-18,Ysolt,8,Bow,82,1741,236582391,1,True,True,False,False,the foe,True,71,OrcishMage,84,122,the double,MindBlastSpell
1240,2026-09-26,15:22:38,2026-09-26_15-18,Ysolt,9,Bow,82,542,236583590,1,True,True,False,False,the foe,True,68,OrcishMage,84,122,the double,no
1240,2026-09-26,15:22:39,2026-09-26_15-18,Ysolt,10,Bow,81,4485,236584591,1,True,True,False,False,the foe,True,68,OrcishMage,81,122,the double,no
1240,2026-09-26,15:22:41,2026-09-26_15-18,Ysolt,11,Bow,81,3286,236585790,1,True,True,False,False,the foe,True,64,OrcishMage,82,122,the double,PoisonSpell
1240,2026-09-26,15:22:42,2026-09-26_15-18,Ysolt,12,Bow,81,2286,236586790,1,True,True,False,False,the foe,True,64,OrcishMage,82,122,the double,no
1240,2026-09-26,15:22:43,2026-09-26_15-18,Ysolt,13,Bow,81,1285,236587791,1,True,True,False,False,the foe,True,64,OrcishMage,82,122,the double,no
1240,2026-09-26,15:22:44,2026-09-26_15-18,Ysolt,15,Bow,81,86,236588990,1,True,True,False,False,the foe,True,64,OrcishMage,82,122,the double,MagicArrowSpell
1240,2026-09-26,15:22:45,2026-09-26_15-18,Ysolt,16,Bow,80,4030,236589990,1,True,True,False,False,the foe,True,53,OrcishMage,82,122,the double,no
1240,2026-09-26,15:22:46,2026-09-26_15-18,Ysolt,17,Bow,80,3030,236590990,1,True,True,False,False,the foe,True,49,OrcishMage,82,122,the double,no
1240,2026-09-26,15:22:47,2026-09-26_15-18,Ysolt,18,Bow,80,2030,236591990,1,True,True,False,False,the foe,True,49,OrcishMage,82,122,the double,LightningSpell
1240,2026-09-26,15:22:48,2026-09-26_15-18,Ysolt,19,Bow,80,1030,236592990,1,True,True,False,False,the foe,True,45,OrcishMage,82,122,the double,LightningSpell
1240,2026-09-26,15:22:49,2026-09-26_15-18,Ysolt,20,Bow,80,29,236593991,1,True,True,False,False,the foe,True,28,OrcishMage,82,122,the double,no
1240,2026-09-26,15:22:50,2026-09-26_15-18,Ysolt,21,Bow,79,4554,236594991,1,True,True,False,False,the foe,True,28,OrcishMage,59,122,the double,no
1240,2026-09-26,15:22:51,2026-09-26_15-18,Ysolt,22,Bow,79,3355,236596190,1,True,True,False,False,the foe,True,19,OrcishMage,60,122,the double,no
1240,2026-09-26,15:22:52,2026-09-26_15-18,Ysolt,23,Bow,79,2355,236597190,1,True,True,False,False,the foe,True,18,OrcishMage,60,122,the double,no
1240,2026-09-26,15:22:53,2026-09-26_15-18,Ysolt,24,Bow,79,1355,236598190,1,True,True,False,False,the foe,True,18,OrcishMage,60,122,the double,no
1240,2026-09-26,15:22:54,2026-09-26_15-18,Ysolt,25,Bow,79,355,236599190,1,True,True,False,False,the foe,True,14,OrcishMage,60,122,the double,HarmSpell
,2026-09-26,15:29:41,2026-09-26_15-18,Doran,0,Bow,72,3975,237006590,6,True,True,False,False,the foe,True,91,OrcishMage,75,140,the double,no
,2026-09-26,15:29:42,2026-09-26_15-18,Doran,1,Bow,72,2975,237007590,6,True,True,False,False,the foe,True,91,OrcishMage,75,140,the double,no
,2026-09-26,15:29:43,2026-09-26_15-18,Doran,2,Bow,72,1967,237008598,6,True,True,False,False,the foe,True,91,OrcishMage,75,140,the double,no
,2026-09-26,15:29:45,2026-09-26_15-18,Doran,3,Bow,72,907,237009658,6,True,True,False,False,the foe,True,91,OrcishMage,75,140,the double,no
,2026-09-26,15:29:46,2026-09-26_15-18,Doran,4,Bow,71,3723,237011015,4,True,True,False,False,the foe,True,91,OrcishMage,75,140,the double,no
,2026-09-26,15:29:47,2026-09-26_15-18,Doran,5,Broadsword,71,778,1073,1,True,True,False,False,the foe,True,85,OrcishMage,75,140,the double,no
,2026-09-26,15:29:48,2026-09-26_15-18,Doran,6,Broadsword,71,1851,2106,1,True,True,False,False,the foe,True,85,OrcishMage,75,140,the double,no
,2026-09-26,15:29:49,2026-09-26_15-18,Doran,7,Broadsword,71,782,3175,1,True,True,False,False,the foe,True,81,OrcishMage,75,140,the double,LightningSpell
,2026-09-26,15:29:50,2026-09-26_15-18,Doran,8,Broadsword,71,1699,4175,1,True,True,False,False,the foe,True,69,OrcishMage,75,140,the double,no
,2026-09-26,15:29:51,2026-09-26_15-18,Doran,9,Broadsword,71,699,5175,1,True,True,False,False,the foe,True,69,OrcishMage,75,140,the double,no
,2026-09-26,15:29:52,2026-09-26_15-18,Doran,10,Broadsword,71,1619,6176,1,True,True,False,False,the foe,True,65,OrcishMage,61,140,the double,no
,2026-09-26,15:29:53,2026-09-26_15-18,Doran,11,Broadsword,71,619,7176,1,True,True,False,False,the foe,True,60,OrcishMage,62,140,the double,FireballSpell
,2026-09-26,15:29:54,2026-09-26_15-18,Doran,12,Broadsword,71,1339,8375,1,True,True,False,False,the foe,True,44,OrcishMage,62,140,the double,no
,2026-09-26,15:29:55,2026-09-26_15-18,Doran,13,Broadsword,71,339,9375,1,True,True,False,False,the foe,True,40,OrcishMage,62,140,the double,no
,2026-09-26,15:29:56,2026-09-26_15-18,Doran,14,Broadsword,71,1439,10376,1,True,True,False,False,the foe,True,36,OrcishMage,62,140,the double,ManaDrainSpell
,2026-09-26,15:29:57,2026-09-26_15-18,Doran,16,Broadsword,71,240,11575,1,True,True,False,False,the foe,True,37,OrcishMage,62,140,the double,no
,2026-09-26,15:29:58,2026-09-26_15-18,Doran,17,Broadsword,71,1323,12575,1,True,True,False,False,the foe,True,33,OrcishMage,57,140,the double,no
,2026-09-26,15:29:59,2026-09-26_15-18,Doran,18,Broadsword,71,323,13575,1,True,True,False,False,the foe,True,29,OrcishMage,57,140,the double,MagicArrowSpell
,2026-09-26,15:30:00,2026-09-26_15-18,Doran,19,Broadsword,71,1459,14575,1,True,True,False,False,the foe,True,25,OrcishMage,31,140,the double,no
