date,time,session,bot,kind,stage,rate,estimate,factor,near,new,room,safe,purse,load,revel,ground,charter,calling,calling_word,toll,viable,offered,refused_kind,refused_class,refused_reason,runner_kind,runner_rate,displaced_as,displaced_kind,smallest_factor,smallest_value
2026-09-18,00:08:23,2026-09-18_00-08,Roderic,order,ordering 20 IronIngot,349,349,1.00,1.00,1.00,1.00,1.00,1.00,1.00,1.00,1.00,1.00,1.00,anybody's work,1.00,6,7,prowl,expected-nothing,"is expected to pay -12.0/min here, against a claim of 9.7",mine,100,,,none,1.00
2026-09-18,00:10:21,2026-09-18_00-08,Wulfric,mine,digging IronOre (0 swings),151,123,0.94,0.85,1.00,0.87,1.00,1.00,1.00,1.00,1.00,1.00,1.30,its own trade,1.00,4,4,,,,sew,149,,,near,0.85
2026-09-18,00:12:33,2026-09-18_00-12,Alaric,mine,digging ShadowIronOre (0 swings),158,126,0.96,0.99,1.00,0.84,1.00,1.00,1.00,1.00,1.00,1.00,1.30,its own trade,1.00,4,4,,,,sew,73,,,room,0.84
2026-09-18,00:14:57,2026-09-18_00-12,Ronan,order,ordering 1 LeatherChest,163,163,1.00,1.00,1.00,1.00,1.00,1.00,1.00,1.00,1.00,1.00,1.00,anybody's work,1.00,2,3,prowl,expected-nothing,"is expected to pay -8.4/min here, against a claim of 2.0",acquire,62,,,none,1.00
2026-09-18,00:17:42,2026-09-18_00-12,Emrys,acquire,buying HarmScroll,12,16,0.76,0.50,0.54,0.90,1.00,1.00,1.00,1.00,1.00,1.00,1.00,anybody's work,1.00,1,3,prowl,expected-nothing,"is expected to pay -10.4/min here, against a claim of 2.0",,,,,near,0.50
2026-09-18,00:21:05,2026-09-18_00-21,Garrow,acquire,buying HarmScroll,65,72,0.90,0.78,1.00,0.76,1.00,1.00,1.00,1.00,1.00,1.00,1.00,anybody's work,1.00,1,2,prowl,expected-nothing,"is expected to pay -15.1/min here, against a claim of 6.3",,,,,room,0.76
2026-09-18,00:30:53,2026-09-18_00-29,Alden Ashdown,herbs,"out to the woods near (1367, 1521, 6)",62,65,0.94,0.80,1.00,0.94,1.00,1.00,1.00,1.00,1.00,1.00,1.00,anybody's work,1.00,4,4,,,,acquire,20,,,near,0.80
2026-09-18,00:33:47,2026-09-18_00-29,Doran Ashdown,hunt,after a bull,502,417,0.93,0.96,0.74,0.96,1.00,1.00,1.00,1.00,1.00,1.00,1.30,its own trade,1.00,2,3,restock,outlay,costs 125gp and it has 57gp,unload,13,,,new,0.74
2026-09-18,00:36:41,2026-09-18_00-29,Oswin,band,calling a company against a gargoyle,4,4,0.97,0.86,1.00,1.00,1.00,1.00,1.00,1.00,1.00,1.00,1.00,anybody's work,1.00,2,4,acquire,expected-nothing,"is expected to pay -75.4/min here, against a claim of 8.9",glean,3,,,near,0.86
2026-09-18,00:39:42,2026-09-18_00-29,Gerda Ashdown,restock,after 5 SpidersSilk,12,12,1.00,1.00,1.00,1.00,1.00,1.00,1.00,1.00,1.00,1.00,1.00,anybody's work,1.00,3,3,,,,acquire,6,,,none,1.00
2026-09-18,00:42:28,2026-09-18_00-29,Aric,prowl,"looking for a fight near (1641, 1399, 0)",7,9,0.87,0.60,1.00,0.83,1.00,1.00,1.00,1.00,1.00,1.00,1.00,anybody's work,1.00,1,2,acquire,expected-nothing,"is expected to pay -75.5/min here, against a claim of 8.4",,,,,near,0.60
2026-09-18,00:44:09,2026-09-18_00-29,Bertram,peddle,taking 5 Garlic to Raoul,227,290,0.78,1.00,0.34,0.88,1.00,1.00,1.00,1.00,1.00,1.00,1.00,anybody's work,1.00,3,5,acquire,expected-nothing,"is expected to pay -44.4/min here, against a claim of 101.9",inscribe,139,,,new,0.34
2026-09-18,00:46:35,2026-09-18_00-29,Alaric,mine,digging ShadowIronOre (0 swings),119,105,0.87,0.83,1.00,0.86,1.00,0.70,1.00,1.00,1.00,1.00,1.30,its own trade,1.00,4,5,sew,outlay,costs 40gp and it has 28gp,prowl,17,,,purse,0.70
2026-09-18,00:49:38,2026-09-18_00-29,Perri,mine,digging ShadowIronOre (0 swings),78,60,0.99,0.86,1.00,0.90,1.00,1.00,1.00,1.00,1.25,1.00,1.30,its own trade,1.00,4,4,,,,herbs,35,,,near,0.86
2026-09-18,00:52:36,2026-09-18_00-29,Ivo,unload,taking a full pack to the counter,9,11,0.82,0.74,0.52,0.95,1.00,1.00,1.00,1.00,1.00,1.00,1.00,anybody's work,1.00,2,2,,,,forage,3,,,new,0.52
2026-09-18,00:55:25,2026-09-18_00-29,Aric,unload,taking a full pack to the counter,11,12,0.94,0.87,1.00,0.86,1.00,1.00,1.00,1.00,1.00,1.00,1.00,anybody's work,1.00,1,2,prowl,expected-nothing,"is expected to pay -63.4/min here, against a claim of 2.0",,,,,room,0.86
2026-09-18,00:58:23,2026-09-18_00-29,Fendrel,hunt,after a troll,109,87,0.96,0.90,1.00,0.92,1.00,1.00,1.00,1.00,1.00,1.00,1.30,its own trade,1.00,2,3,inscribe,outlay,costs 100gp and it has 59gp,restock,9,,,near,0.90
2026-09-18,01:02:22,2026-09-18_00-29,Hollis,unload,taking a full pack to the counter,14,15,0.91,0.83,0.76,0.97,1.00,1.00,1.00,1.00,1.00,1.00,1.00,anybody's work,1.00,2,2,,,,prowl,2,,,new,0.76
2026-09-18,01:05:59,2026-09-18_00-29,Ilsa,inscribe,after paper,85,77,0.86,0.95,0.49,0.98,1.00,1.00,1.00,1.00,1.00,1.00,1.30,its own trade,1.00,4,5,drill,expected-nothing,"is expected to pay -3.3/min here, against a claim of 8.8",restock,12,,,new,0.49
2026-09-18,01:08:38,2026-09-18_00-29,Ivo,restock,after 30 SulfurousAsh,9,12,0.77,0.82,0.34,0.99,1.00,1.00,1.00,1.00,1.00,1.00,1.00,anybody's work,1.00,1,1,,,,,,,,new,0.34
2026-09-18,01:11:25,2026-09-18_00-29,Emeric,peddle,taking 8 Iron Ingot to Gus,92,106,0.86,0.66,0.76,0.96,1.00,1.00,1.00,1.00,1.00,1.00,1.00,anybody's work,1.00,5,5,,,,mine,44,,,near,0.66
2026-09-18,01:14:45,2026-09-18_00-29,Perri Ashdown,peddle,taking 1 War Hammer to Gorman,352,353,1.00,0.93,0.74,0.96,1.00,1.00,1.00,1.00,1.00,1.50,1.00,anybody's work,1.00,2,3,prowl,expected-nothing,"is expected to pay -16.5/min here, against a claim of 4.9",acquire,11,,,new,0.74
2026-09-18,01:17:40,2026-09-18_00-29,Joss,hunt,after a hind,93,72,0.99,0.97,1.00,0.97,1.00,1.00,1.00,1.00,1.00,1.00,1.30,its own trade,1.00,1,1,,,,,,,,tie,0.97
2026-09-18,01:20:02,2026-09-18_00-29,Roderic,fletch,after 10 Log for arrows,287,254,0.87,1.00,1.00,0.99,1.00,0.50,1.00,1.00,1.00,1.00,1.30,its own trade,1.00,2,5,sew,outlay,costs 40gp and it has 20gp,mine,58,,,purse,0.50
2026-09-18,01:22:19,2026-09-18_00-29,Neriah,peddle,taking 1 Emerald to Abigail,67,72,0.93,0.90,0.80,0.96,1.00,1.00,1.00,1.00,1.00,1.00,1.00,anybody's work,1.00,2,3,prowl,expected-nothing,"is expected to pay -21.5/min here, against a claim of 2.0",unload,8,,,new,0.80
2026-09-18,01:25:11,2026-09-18_00-29,Lysa Ashdown,peddle,taking 1 Ribs to Bogart,256,266,0.96,0.91,1.00,0.92,1.00,1.00,1.00,1.00,1.00,1.00,1.00,anybody's work,1.00,1,2,prowl,expected-nothing,"is expected to pay -19.1/min here, against a claim of 9.2",,,,,near,0.91
2026-09-18,01:28:12,2026-09-18_00-29,Oswin,prowl,"looking for a fight near (1352, 1458, 16)",1,1,0.75,0.41,0.74,0.77,1.00,1.00,1.00,1.00,1.00,1.00,1.00,anybody's work,1.00,1,1,,,,,,,,near,0.41
2026-09-18,01:31:31,2026-09-18_00-29,Leofric,housecall,going to where Orin Ashdown was fighting,8,8,0.96,0.82,1.00,0.98,1.00,1.00,1.00,1.00,1.00,1.00,1.00,anybody's work,1.00,1,2,restock,outlay,costs 15gp and it has 5gp,,,,,near,0.82
2026-09-18,01:35:36,2026-09-18_00-29,Kerrin,peddle,taking 20 Iron Ingot to Gus,119,147,0.81,0.75,0.51,0.92,1.00,1.00,1.00,1.00,1.00,1.00,1.00,anybody's work,1.00,4,5,prowl,expected-nothing,"is expected to pay -1.0/min here, against a claim of 2.0",mine,97,,,new,0.51
2026-09-18,01:37:54,2026-09-18_00-29,Oswin,prowl,"looking for a fight near (1844, 1304, 0)",9,11,0.79,0.43,0.86,0.84,1.00,1.00,1.00,1.00,1.00,1.00,1.00,anybody's work,1.00,1,1,,,,,,,,near,0.43
2026-09-18,01:40:55,2026-09-18_00-29,Piers,restock,after 1 BlackPearl,9,12,0.78,1.00,1.00,0.97,1.00,0.30,1.00,1.00,1.00,1.00,1.00,anybody's work,1.00,1,2,brew,outlay,costs 100gp and it has 30gp,,,,,purse,0.30
2026-09-18,01:43:48,2026-09-18_00-29,Ivo,escort,on the way to stand by Ilsa,58,45,0.99,0.99,1.00,0.97,1.00,1.00,1.00,1.00,1.00,1.00,1.30,its own trade,1.00,1,1,,,,,,,,room,0.97
2026-09-18,01:45:47,2026-09-18_01-45,Jarek,prowl,"looking for a fight near (1085, 1954, 0)",1,1,0.82,0.42,1.00,0.87,1.00,1.00,1.00,1.00,1.00,1.00,1.00,anybody's work,1.00,1,1,,,,,,,,near,0.42
2026-09-18,01:48:33,2026-09-18_01-48,Delwyn,acquire,buying HarmScroll,75,81,0.92,0.80,1.00,0.85,1.00,1.00,1.00,1.00,1.00,1.00,1.00,anybody's work,1.00,1,2,prowl,expected-nothing,"is expected to pay -11.6/min here, against a claim of 19.5",,,,,near,0.80
2026-09-18,01:50:15,2026-09-18_01-48,Jorunn,order,ordering 1 LeatherChest,285,285,1.00,1.00,1.00,0.99,1.00,1.00,1.00,1.00,1.00,1.00,1.00,anybody's work,1.00,4,4,,,,restock,12,,,room,0.99
2026-09-18,01:53:32,2026-09-18_01-53,Sable,mine,digging ShadowIronOre (0 swings),130,108,0.93,0.98,1.00,0.70,1.00,1.00,1.00,1.00,1.00,1.00,1.30,its own trade,1.00,3,3,,,,acquire,56,,,room,0.70
2026-09-18,01:55:09,2026-09-18_01-53,Torvin,order,ordering 1 LeatherBustierArms,266,266,1.00,1.00,1.00,1.00,1.00,1.00,1.00,1.00,1.00,1.00,1.00,anybody's work,1.00,4,4,,,,mine,109,,,none,1.00
2026-09-18,01:57:31,2026-09-18_01-53,Calla Ashdown,unload,taking a full pack to the counter,27,32,0.87,0.52,1.00,0.96,1.00,1.00,1.00,1.00,1.00,1.00,1.00,anybody's work,1.00,3,4,prowl,expected-nothing,"is expected to pay -9.1/min here, against a claim of 59.7",acquire,17,,,near,0.52
2026-09-18,01:59:58,2026-09-18_01-53,Leofric,escort,on the way to stand by Oswin,53,45,0.91,0.95,1.00,0.95,1.00,0.70,1.00,1.00,1.00,1.00,1.30,its own trade,1.00,1,2,restock,outlay,costs 125gp and it has 88gp,,,,,purse,0.70
2026-09-18,02:02:45,2026-09-18_01-53,Calla Ashdown,hunt,after a panther,175,138,0.97,0.90,1.00,0.96,1.00,1.00,1.00,1.00,1.00,1.00,1.30,its own trade,1.00,1,3,restock,outlay,costs 125gp and it has 12gp,,,,,near,0.90
2026-09-18,02:05:45,2026-09-18_01-53,Otho,peddle,taking 20 Lesser Cure Potion to Delano,230,242,0.95,0.83,1.00,0.93,1.00,1.00,1.00,1.00,1.00,1.00,1.00,anybody's work,1.00,3,3,,,,acquire,124,,,near,0.83
2026-09-18,02:07:47,2026-09-18_01-53,Doran Ashdown,restock,after 25 Bloodmoss,10,12,0.84,1.00,0.43,0.96,1.00,1.00,1.00,1.00,1.00,1.00,1.00,anybody's work,1.00,2,3,prowl,expected-nothing,"is expected to pay -23.7/min here, against a claim of 15.9",acquire,4,,,new,0.43
2026-09-18,02:09:54,2026-09-18_01-53,Harlan,housecall,going to where Perri Ashdown was fighting,8,8,0.95,0.79,1.00,0.98,1.00,1.00,1.00,1.00,1.00,1.00,1.00,anybody's work,1.00,1,1,,,,,,,,near,0.79
2026-09-18,02:12:20,2026-09-18_01-53,Kerrin,peddle,taking 17 Iron Ingot to Gus,242,260,0.93,0.66,0.77,0.91,1.00,1.00,1.00,1.00,1.00,1.50,1.00,anybody's work,1.00,5,5,,,,mine,57,,,near,0.66
2026-09-18,02:14:40,2026-09-18_01-53,Rhiannon,unload,taking a full pack to the counter,3,4,0.79,0.61,0.58,0.89,1.00,1.00,1.00,1.00,1.00,1.00,1.00,anybody's work,1.00,1,1,,,,,,,,new,0.58
2026-09-18,02:17:08,2026-09-18_01-53,Calla Ashdown,acquire,buying WallOfStoneScroll,5,7,0.69,0.99,0.16,1.00,1.00,1.00,1.00,1.00,1.00,1.00,1.00,anybody's work,1.00,1,2,prowl,expected-nothing,"is expected to pay -28.3/min here, against a claim of 2.0",,,,,new,0.16
2026-09-18,02:19:38,2026-09-18_01-53,Yarrow,peddle,taking 1 Emerald to Hanne,98,112,0.88,0.99,0.59,0.90,1.00,1.00,1.00,1.00,1.00,1.00,1.00,anybody's work,1.00,2,4,acquire,expected-nothing,"is expected to pay -77.3/min here, against a claim of 3.0",unload,18,,,new,0.59
2026-09-18,02:22:35,2026-09-18_01-53,Fendrel,peddle,taking 1 Lesser Cure Potion to Vaughn,135,152,0.89,0.58,1.00,0.95,1.00,1.00,1.00,1.00,1.00,1.00,1.00,anybody's work,1.00,3,3,,,,mend,17,,,near,0.58
2026-09-18,02:28:37,2026-09-18_01-53,Quenna,hunt,after a zombie,272,171,1.22,0.99,1.00,0.91,1.00,1.00,1.00,3.00,1.00,1.00,1.30,its own trade,1.00,1,2,glean,expected-nothing,"is expected to pay -15.8/min here, against a claim of 8.7",,,,,room,0.91
2026-09-18,02:30:35,2026-09-18_01-53,Fenna,unload,taking a full pack to the counter,6,7,0.80,0.52,0.69,0.90,1.00,1.00,1.00,1.00,1.00,1.00,1.00,anybody's work,1.00,2,3,forage,expected-nothing,"is expected to pay -176.6/min here, against a claim of 7.1",prowl,1,,,near,0.52
2026-09-18,02:33:18,2026-09-18_01-53,Garrow,acquire,buying HarmScroll off the market,65,65,1.00,1.00,1.00,0.98,1.00,1.00,1.00,1.00,1.00,1.00,1.00,anybody's work,1.00,1,2,prowl,expected-nothing,"is expected to pay -28.3/min here, against a claim of 2.0",,,,,room,0.98
2026-09-18,02:35:59,2026-09-18_01-53,Ulwin,restock,after 20 SulfurousAsh,10,12,0.81,0.99,0.37,0.97,1.00,1.00,1.00,1.00,1.00,1.00,1.00,anybody's work,1.00,1,3,acquire,expected-nothing,"is expected to pay -65.1/min here, against a claim of 39.6",,,,,new,0.37
2026-09-18,02:39:12,2026-09-18_01-53,Wystan,inscribe,after paper,269,191,1.08,1.00,1.00,0.99,1.00,1.00,1.00,1.00,1.00,1.50,1.30,its own trade,1.00,3,4,acquire,expected-nothing,"is expected to pay -58.3/min here, against a claim of 60.0",restock,12,,,room,0.99
2026-09-18,02:41:55,2026-09-18_01-53,Vesna,brew,after 20 Bottle to brew with,192,148,1.00,1.00,1.00,0.99,1.00,1.00,1.00,1.00,1.00,1.00,1.30,its own trade,1.00,3,4,prowl,expected-nothing,"is expected to pay -10.9/min here, against a claim of 30.1",peddle,146,,,room,0.99
2026-09-18,02:44:36,2026-09-18_01-53,Elspeth,restock,after 1 ScribesPen,10,12,0.85,0.60,0.62,0.97,1.00,1.00,1.00,1.00,1.25,1.00,1.00,anybody's work,1.00,2,3,prowl,expected-nothing,"is expected to pay -28.3/min here, against a claim of 2.0",unload,8,,,near,0.60
2026-09-18,02:46:53,2026-09-18_01-53,Piers,escort,"on the way to stand by Dain in its pay at 5gp a minute, 0gp so far",64,50,0.98,0.94,0.95,1.00,1.00,1.00,1.00,1.00,1.00,1.00,1.30,its own trade,1.00,1,2,brew,outlay,costs 100gp and it has 31gp,,,,,near,0.94
2026-09-18,02:49:24,2026-09-18_01-53,Wystan,prowl,"looking for a fight near (1582, 1065, 0)",14,20,0.68,0.54,0.95,0.69,1.00,0.40,1.00,1.00,1.00,1.00,1.00,anybody's work,1.00,1,3,restock,outlay,costs 150gp and it has 60gp,,,,,purse,0.40
2026-09-18,02:51:44,2026-09-18_01-53,Wynn,prowl,"looking for a fight near (984, 1937, 0)",8,10,0.79,0.41,1.00,0.76,1.00,1.00,1.00,1.00,1.00,1.00,1.00,anybody's work,1.00,1,1,,,,,,,,near,0.41
2026-09-18,02:55:12,2026-09-18_01-53,Rhiannon,restock,after 13 SulfurousAsh,10,12,0.87,1.00,0.51,1.00,1.00,1.00,1.00,1.00,1.00,1.00,1.00,anybody's work,1.00,2,2,,,,housecall,8,,,new,0.51
2026-09-18,02:59:09,2026-09-18_01-53,Jarek,order,ordering 1 LeatherArms,270,250,1.08,1.00,0.97,1.00,1.00,1.00,1.00,1.00,1.00,1.50,1.00,anybody's work,1.00,1,2,prowl,expected-nothing,"is expected to pay -1.0/min here, against a claim of 2.0",,,,,new,0.97
2026-09-18,03:01:25,2026-09-18_01-53,Leofric,restock,after 16 Nightshade,9,12,0.76,1.00,0.27,0.96,1.00,1.00,1.00,1.00,1.00,1.00,1.00,anybody's work,1.00,1,1,,,,,,,,new,0.27
2026-09-18,03:03:53,2026-09-18_01-53,Gwendra,restock,after 1 MortarPestle,10,12,0.86,0.50,0.92,1.00,1.00,1.00,1.00,1.00,1.00,1.00,1.00,anybody's work,1.00,2,2,,,,reclaim,6,,,near,0.50
2026-09-18,03:06:15,2026-09-18_03-05,Calla Ashdown,herbs,"out to the woods near (1434, 1369, 0)",25,27,0.93,0.72,1.00,0.97,1.00,1.00,1.00,1.00,1.00,1.00,1.00,anybody's work,1.00,4,4,,,,prowl,6,,,near,0.72
2026-09-18,03:08:33,2026-09-18_03-05,Lorcan,prowl,"looking for a fight near (953, 1627, 0)",1,2,0.81,0.40,1.00,0.87,1.00,1.00,1.00,1.00,1.00,1.00,1.00,anybody's work,1.00,1,1,,,,,,,,near,0.40
2026-09-18,03:11:29,2026-09-18_03-05,Fenna,hunt,after a mongbat,181,143,0.98,0.94,1.00,0.96,1.00,1.00,1.00,1.00,1.00,1.00,1.30,its own trade,1.00,2,4,acquire,expected-nothing,"is expected to pay -64.8/min here, against a claim of 40.7",unload,77,,,near,0.94
2026-09-18,03:14:52,2026-09-18_03-05,Calla Ashdown,acquire,buying ReactiveArmorScroll,7,14,0.48,0.99,0.27,0.94,1.00,0.10,1.00,1.00,1.00,1.00,1.00,anybody's work,1.00,1,3,restock,outlay,costs 125gp and it has 12gp,,,,,purse,0.10
2026-09-18,03:18:00,2026-09-18_03-05,Yarrow,chop,"out to the woods near (1216, 1374)",197,349,0.94,1.00,0.74,0.99,1.00,1.00,1.00,1.00,1.00,1.00,0.60,another's trade,1.00,2,2,,,,acquire,19,,,new,0.74
2026-09-18,03:20:02,2026-09-18_03-05,Merrick,acquire,buying HarmScroll,73,85,0.86,0.57,0.84,1.00,1.00,1.00,1.00,1.00,1.00,1.00,1.00,anybody's work,1.00,4,5,prowl,expected-nothing,"is expected to pay -30.4/min here, against a claim of 16.9",mine,58,,,near,0.57
2026-09-18,03:22:25,2026-09-18_03-05,Perri Ashdown,unload,taking a full pack to the counter,5,6,0.89,0.90,0.67,0.92,1.00,1.00,1.00,1.00,1.00,1.00,1.00,anybody's work,1.00,1,2,prowl,expected-nothing,"is expected to pay -33.6/min here, against a claim of 7.4",,,dropped,prowl,new,0.67
2026-09-18,03:25:01,2026-09-18_03-05,Ysolt,peddle,taking 25 Spiders Silk to Raoul,138,149,0.93,1.00,0.74,0.94,1.00,1.00,1.00,1.00,1.00,1.00,1.00,anybody's work,1.00,2,3,prowl,expected-nothing,"is expected to pay -33.5/min here, against a claim of 7.8",restock,12,,,new,0.74
2026-09-18,03:28:21,2026-09-18_03-05,Calla Ashdown,rescue,hitting back at a brown bear,63,49,1.00,1.00,1.00,1.00,1.00,1.00,1.00,1.00,1.00,1.00,1.30,its own trade,1.00,1,1,,,,,,,,none,1.00
2026-09-18,03:31:16,2026-09-18_03-05,Elspeth,inscribe,after paper,164,149,0.85,0.82,0.54,0.99,1.00,1.00,1.00,1.00,1.00,1.00,1.30,its own trade,1.00,2,3,prowl,expected-nothing,"is expected to pay -25.0/min here, against a claim of 2.7",restock,11,,,new,0.54
2026-09-18,03:34:23,2026-09-18_03-05,Oswin,hunt,after a boar,207,163,0.97,0.90,1.00,0.97,1.00,1.00,1.00,1.00,1.00,1.00,1.30,its own trade,1.00,2,2,,,,unload,19,,,near,0.90
2026-09-18,03:39:11,2026-09-18_03-05,Nyla,peddle,taking 20 Bloodmoss to Delano,116,124,0.94,0.72,1.00,1.00,1.00,1.00,1.00,1.00,1.00,1.00,1.00,anybody's work,1.00,2,2,,,,restock,11,,,near,0.72
2026-09-18,03:42:14,2026-09-18_03-05,Yarrow,peddle,taking 1 Tourmaline to Abigail,82,85,0.97,0.89,1.00,0.94,1.00,1.00,1.00,1.00,1.00,1.00,1.00,anybody's work,1.00,2,4,acquire,expected-nothing,"is expected to pay -74.8/min here, against a claim of 10.6",unload,54,,,near,0.89
2026-09-18,03:45:31,2026-09-18_03-05,Ilsa,restock,after 55 BlackPearl,10,12,0.85,0.99,0.45,0.99,1.00,1.00,1.00,1.00,1.00,1.00,1.00,anybody's work,1.00,1,3,prowl,expected-nothing,"is expected to pay -34.6/min here, against a claim of 4.4",,,,,new,0.45
2026-09-18,03:49:03,2026-09-18_03-05,Emeric,sew,after Leather,419,390,0.83,1.00,0.39,1.00,1.00,1.00,1.00,1.00,1.00,1.00,1.30,its own trade,1.00,4,5,prowl,expected-nothing,"is expected to pay -28.3/min here, against a claim of 2.9",mine,69,,,new,0.39
2026-09-18,03:52:48,2026-09-18_03-05,Aric,prowl,"looking for a fight near (1860, 1560, 0)",5,6,0.80,0.38,1.00,0.83,1.00,1.00,1.00,1.00,1.00,1.00,1.00,anybody's work,1.00,1,1,,,,,,,,near,0.38
2026-09-18,03:55:41,2026-09-18_03-05,Wynn,unload,taking a full pack to the counter,15,19,0.79,0.59,0.53,0.96,1.00,1.00,1.00,1.00,1.00,1.00,1.00,anybody's work,1.00,1,2,prowl,expected-nothing,"is expected to pay -13.7/min here, against a claim of 2.0",,,,,new,0.53
2026-09-18,03:58:50,2026-09-18_03-05,Ulla,peddle,taking 16 Iron Ingot to Like,191,231,0.83,0.85,0.52,0.89,1.00,1.00,1.00,1.00,1.00,1.00,1.00,anybody's work,1.00,4,5,prowl,expected-nothing,"is expected to pay -8.8/min here, against a claim of 19.2",mine,44,,,new,0.52
2026-09-18,04:01:45,2026-09-18_03-05,Isolde,unload,taking a full pack to the counter,8,12,0.70,0.44,0.48,0.80,1.00,1.00,1.00,1.00,1.00,1.00,1.00,anybody's work,1.00,1,2,prowl,expected-nothing,"is expected to pay -10.8/min here, against a claim of 13.1",,,,,near,0.44
2026-09-18,04:05:02,2026-09-18_03-05,Emrys,prowl,"looking for a fight near (1807, 1307, 0)",1,1,0.77,0.40,1.00,0.67,1.00,1.00,1.00,1.00,1.00,1.00,1.00,anybody's work,1.00,1,1,,,,,,,,near,0.40
2026-09-18,04:08:54,2026-09-18_03-05,Harlan,peddle,taking 15 Lesser Cure Potion to Delano,145,168,0.86,0.99,0.49,0.97,1.00,1.00,1.00,1.00,1.00,1.00,1.00,anybody's work,1.00,4,4,,,,escort,57,,,new,0.49
2026-09-18,04:11:46,2026-09-18_03-05,Alden Ashdown,prowl,"looking for a fight near (1622, 1428, 0)",2,2,0.86,0.56,1.00,0.84,1.00,1.00,1.00,1.00,1.00,1.00,1.00,anybody's work,1.00,1,1,,,,,,,,near,0.56
2026-09-18,04:14:13,2026-09-18_03-05,Calla Ashdown,restock,after 1 SulfurousAsh,12,12,1.00,1.00,1.00,0.99,1.00,1.00,1.00,1.00,1.00,1.00,1.00,anybody's work,1.00,1,2,prowl,expected-nothing,"is expected to pay -12.5/min here, against a claim of 2.0",,,,,room,0.99
2026-09-18,04:16:24,2026-09-18_03-05,Kerrin,hunt,after Thiitsl,215,169,0.98,0.90,1.00,0.99,1.00,1.00,1.00,1.00,1.00,1.00,1.30,its own trade,1.00,5,5,,,,chop,154,,,near,0.90
2026-09-18,04:19:18,2026-09-18_03-05,Fendrel,peddle,taking 3 Lesser Cure Potion to Delano,410,479,0.86,0.91,0.54,0.93,1.00,1.00,1.00,1.00,1.00,1.00,1.00,anybody's work,1.00,1,4,restock,outlay,costs 90gp and it has 13gp,,,,,new,0.54
2026-09-18,04:21:58,2026-09-18_03-05,Lysa Ashdown,prowl,"looking for a fight near (1354, 1468, 10)",2,3,0.76,0.38,0.96,0.69,1.00,1.00,1.00,1.00,1.00,1.00,1.00,anybody's work,1.00,1,1,,,,,,,,near,0.38
2026-09-18,04:25:03,2026-09-18_03-05,Joss Ashdown,prowl,"looking for a fight near (1631, 1179, 0)",1,1,0.79,0.41,1.00,0.76,1.00,1.00,1.00,1.00,1.00,1.00,1.00,anybody's work,1.00,1,1,,,,,,,,near,0.41
2026-09-18,04:28:11,2026-09-18_03-05,Roderic,peddle,taking 6 Shoes to Athena,113,118,0.96,0.93,0.95,0.91,1.00,1.00,1.00,1.00,1.00,1.00,1.00,anybody's work,1.00,4,6,sew,outlay,costs 80gp and it has 61gp,mine,90,,,room,0.91
2026-09-18,04:31:06,2026-09-18_03-05,Jorunn,escort,on the way to stand by Nessa,53,45,0.91,0.96,0.69,0.95,1.00,1.00,1.00,1.00,1.00,1.00,1.30,its own trade,1.00,1,1,,,,,,,,new,0.69
2026-09-18,04:33:42,2026-09-18_03-05,Otho,restock,after 25 SulfurousAsh,11,12,0.92,0.99,0.66,0.99,1.00,1.00,1.00,1.00,1.00,1.00,1.00,anybody's work,1.00,1,1,,,,,,,,new,0.66
2026-09-18,04:36:40,2026-09-18_03-05,Merrick,herbs,"out to the woods near (1302, 1520, 0)",17,18,0.93,0.72,1.00,0.99,1.00,1.00,1.00,1.00,1.00,1.00,1.00,anybody's work,1.00,2,3,prowl,expected-nothing,"is expected to pay -2.3/min here, against a claim of 2.0",restock,11,,,near,0.72
2026-09-18,04:40:17,2026-09-18_03-05,Ilsa Ashdown,prowl,"looking for a fight near (1375, 1272, 0)",1,1,0.84,0.47,1.00,0.88,1.00,1.00,1.00,1.00,1.00,1.00,1.00,anybody's work,1.00,1,1,,,,,,,,near,0.47
2026-09-18,04:42:35,2026-09-18_03-05,Lysa,mine,digging GoldOre (0 swings),77,71,0.84,0.85,0.83,0.85,1.00,1.00,1.00,1.00,0.70,1.00,1.30,its own trade,1.00,2,2,,,,prowl,2,,,ground,0.70
2026-09-18,04:44:47,2026-09-18_03-05,Kerrin,peddle,taking 13 Iron Ingot to Like,215,289,0.74,0.85,0.28,0.95,1.00,1.00,1.00,1.00,1.00,1.00,1.00,anybody's work,1.00,4,5,prowl,expected-nothing,"is expected to pay -0.4/min here, against a claim of 2.0",unload,15,,,new,0.28
2026-09-18,04:47:40,2026-09-18_03-05,Perri Ashdown,unload,taking a full pack to the counter,6,8,0.76,0.35,0.81,0.93,1.00,1.00,1.00,1.00,1.00,1.00,1.00,anybody's work,1.00,1,2,prowl,expected-nothing,"is expected to pay -21.7/min here, against a claim of 15.1",,,,,near,0.35
2026-09-18,04:50:31,2026-09-18_03-05,Elspeth,herbs,"out to the woods near (1633, 1281, 0)",26,24,1.11,0.58,1.00,0.97,1.00,1.00,1.00,3.00,1.00,1.00,1.00,anybody's work,1.00,1,2,restock,outlay,costs 60gp and it has 27gp,,,,,near,0.58
2026-09-18,04:53:30,2026-09-18_03-05,Dain,unload,taking a full pack to the counter,22,25,0.88,0.68,0.82,0.91,1.00,1.00,1.00,1.00,1.00,1.00,1.00,anybody's work,1.00,3,3,,,,restock,11,,,near,0.68
2026-09-18,04:55:50,2026-09-18_03-05,Gwendra,restock,after 8 Garlic,10,12,0.84,1.00,0.28,1.00,1.00,1.00,1.00,1.00,1.00,1.50,1.00,anybody's work,1.00,1,1,,,,,,,,new,0.28
2026-09-18,04:58:09,2026-09-18_03-05,Ulla,mine,digging CopperOre (0 swings),23,23,0.78,0.95,0.36,0.84,1.00,1.00,1.00,1.00,1.00,1.00,1.30,its own trade,1.00,1,2,prowl,expected-nothing,"is expected to pay -42.2/min here, against a claim of 2.0",,,,,new,0.36
2026-09-18,05:00:32,2026-09-18_03-05,Quill,mine,digging ShadowIronOre (0 swings),87,79,0.85,0.82,0.64,0.82,1.00,1.00,1.00,1.00,1.00,1.00,1.30,its own trade,1.00,3,4,unload,expected-nothing,"is expected to pay -72.5/min here, against a claim of 10.8",herbs,13,,,new,0.64
2026-09-18,05:03:04,2026-09-18_03-05,Merrick,mine,digging CopperOre (0 swings),34,32,0.83,0.84,0.55,0.83,1.00,1.00,1.00,1.00,1.00,1.00,1.30,its own trade,1.00,2,3,prowl,expected-nothing,"is expected to pay -28.3/min here, against a claim of 2.0",unload,14,,,new,0.55
2026-09-18,05:05:26,2026-09-18_03-05,Faron Ashdown,peddle,taking 1 Maul to Sabra,103,112,0.93,0.72,1.00,0.94,1.00,1.00,1.00,1.00,1.00,1.00,1.00,anybody's work,1.00,1,2,prowl,expected-nothing,"is expected to pay -26.0/min here, against a claim of 2.0",,,,,near,0.72
2026-09-18,05:09:06,2026-09-18_03-05,Roderic,sew,after Leather,322,306,0.81,1.00,0.35,1.00,1.00,1.00,1.00,1.00,1.00,1.00,1.30,its own trade,1.00,5,6,prowl,expected-nothing,"is expected to pay -28.1/min here, against a claim of 2.4",peddle,112,,,new,0.35
2026-09-18,05:11:57,2026-09-18_03-05,Vance,herbs,"out to the woods near (1346, 1488, 20)",33,29,1.14,0.65,1.00,0.99,1.00,1.00,1.00,3.00,1.00,1.00,1.00,anybody's work,1.00,3,4,prowl,expected-nothing,"is expected to pay -28.3/min here, against a claim of 2.0",mine,25,,,near,0.65
2026-09-18,05:13:36,2026-09-18_03-05,Alaric,forge,off to a forge,662,562,0.91,0.81,0.51,1.00,1.00,1.00,1.00,1.00,1.00,1.50,1.30,its own trade,1.00,6,7,prowl,expected-nothing,"is expected to pay -2.6/min here, against a claim of 2.0",peddle,104,,,new,0.51
2026-09-18,05:16:01,2026-09-18_03-05,Joss Ashdown,prowl,"looking for a fight near (1889, 1537, 0)",1,1,0.87,0.55,1.00,0.91,1.00,1.00,1.00,1.00,1.00,1.00,1.00,anybody's work,1.00,1,1,,,,,,,,near,0.55
2026-09-18,05:17:48,2026-09-18_03-05,Alaric,order,ordering 7 IronIngot,1046,972,1.08,1.00,0.96,1.00,1.00,1.00,1.00,1.00,1.00,1.50,1.00,anybody's work,1.00,4,5,prowl,expected-nothing,"is expected to pay -12.2/min here, against a claim of 2.0",mine,19,,,new,0.96
2026-09-18,05:20:00,2026-09-18_03-05,Rhiannon,restock,after 21 Garlic,10,12,0.83,0.99,0.40,0.98,1.00,1.00,1.00,1.00,1.00,1.00,1.00,anybody's work,1.00,1,1,,,,,,,,new,0.40
2026-09-18,05:22:03,2026-09-18_03-05,Quenna,prowl,"looking for a fight near (1607, 1406, 0)",1,2,0.80,0.53,0.88,0.70,1.00,1.00,1.00,1.00,1.00,1.00,1.00,anybody's work,1.00,1,2,band,expected-nothing,"is expected to pay -14.4/min here, against a claim of 17.1",,,,,near,0.53
2026-09-18,05:24:34,2026-09-18_03-05,Gerda Ashdown,prowl,"looking for a fight near (1374, 1470, 10)",7,8,0.87,0.74,1.00,0.67,1.00,1.00,1.00,1.00,1.00,1.00,1.00,anybody's work,1.00,2,2,,,,unload,4,,,room,0.67
2026-09-18,05:26:44,2026-09-18_03-05,Fendrel,homeward,going home,5,5,0.97,0.88,1.00,0.96,1.00,1.00,1.00,1.00,1.00,1.00,1.00,anybody's work,1.00,2,4,restock,outlay,costs 90gp and it has 24gp,prowl,1,,,near,0.88
2026-09-18,05:28:41,2026-09-18_05-28,Hale Ashdown,acquire,buying HarmScroll,320,447,0.72,0.81,1.00,0.23,1.00,1.00,1.00,1.00,1.00,1.00,1.00,anybody's work,1.00,4,4,,,,acquire,133,,,room,0.23
2026-09-18,05:31:27,2026-09-18_05-28,Ivo,brew,after 20 Bottle to brew with,290,242,0.92,1.00,0.74,0.89,1.00,1.00,1.00,1.00,1.00,1.00,1.30,its own trade,1.00,6,6,,,,order,252,,,new,0.74
2026-09-18,05:33:49,2026-09-18_05-28,Kerrin,mine,digging CopperOre (0 swings),77,62,0.96,0.89,0.74,0.84,1.00,1.00,1.00,1.00,1.00,1.50,1.30,its own trade,1.00,4,4,,,,unload,29,,,new,0.74
2026-09-18,05:36:17,2026-09-18_05-28,Quenna,supply,to Delano for 8 MortarPestle,242,260,0.93,0.70,1.00,1.00,1.00,1.00,1.00,1.00,1.00,1.00,1.00,anybody's work,1.00,3,3,,,,band,2,,,near,0.70
2026-09-18,05:39:38,2026-09-18_05-28,Wystan,unload,taking a full pack to the counter,21,25,0.82,0.42,1.00,0.89,1.00,1.00,1.00,1.00,1.00,1.00,1.00,anybody's work,1.00,3,3,,,,restock,10,,,near,0.42
2026-09-18,05:42:29,2026-09-18_05-28,Fendrel,acquire,asking for EnergyBoltScroll at 71gp,133,134,1.00,1.00,1.00,0.98,1.00,1.00,1.00,1.00,1.00,1.00,1.00,anybody's work,1.00,5,5,,,,inscribe,89,,,room,0.98
2026-09-18,05:45:00,2026-09-18_05-28,Ulwin,prowl,"looking for a fight near (1376, 2080, 5)",11,14,0.77,0.41,0.76,0.84,1.00,1.00,1.00,1.00,1.00,1.00,1.00,anybody's work,1.00,2,2,,,,restock,11,,,near,0.41
2026-09-18,05:47:07,2026-09-18_05-28,Wystan,peddle,taking 25 Mandrake Root to Raoul,163,192,0.85,0.99,0.49,0.92,1.00,1.00,1.00,1.00,1.00,1.00,1.00,anybody's work,1.00,5,5,,,,acquire,77,,,new,0.49
2026-09-18,05:49:50,2026-09-18_05-28,Vesna,inscribe,after paper,150,135,0.85,0.90,0.55,0.92,1.00,1.00,1.00,1.00,1.00,1.00,1.30,its own trade,1.00,4,4,,,,peddle,109,,,new,0.55
2026-09-18,05:52:49,2026-09-18_05-28,Nyla,brew,"brewing (0 attempts, 0 made)",72,56,0.99,1.00,1.00,0.95,1.00,1.00,1.00,1.00,1.00,1.00,1.30,its own trade,1.00,2,2,,,,unload,11,met,homeward,room,0.95
2026-09-18,05:55:24,2026-09-18_05-28,Vesna,unload,taking a full pack to the counter,14,15,0.89,0.64,1.00,0.89,1.00,1.00,1.00,1.00,1.00,1.00,1.00,anybody's work,1.00,2,3,prowl,expected-nothing,"is expected to pay -16.4/min here, against a claim of 5.2",restock,9,,,near,0.64
2026-09-18,05:58:15,2026-09-18_05-28,Kestrel,unload,taking a full pack to the counter,18,23,0.76,0.58,0.56,0.79,1.00,1.00,1.00,1.00,1.00,1.00,1.00,anybody's work,1.00,1,1,,,,,,met,homeward,new,0.56
2026-09-18,06:03:39,2026-09-18_05-28,Faron,sweep,"marching 0 of us on the square at (1962, 1446), which reads 28",11,11,0.95,0.76,1.00,1.00,1.00,1.00,1.00,1.00,1.00,1.00,1.00,anybody's work,1.00,3,4,drill,expected-nothing,"is expected to pay -3.3/min here, against a claim of 8.8",prowl,8,,,near,0.76
2026-09-18,06:05:49,2026-09-18_05-28,Wulfric,forge,off to a forge,596,486,0.94,1.00,0.75,1.00,1.00,1.00,1.00,1.00,1.00,1.00,1.30,its own trade,1.00,4,6,mine,expected-nothing,"is expected to pay -0.9/min here, against a claim of 11.2",mind-forge,80,,,new,0.75
2026-09-18,06:08:30,2026-09-18_05-28,Fenna,hunt,after Ssthssss,103,82,0.97,0.90,1.00,0.94,1.00,1.00,1.00,1.00,1.00,1.00,1.30,its own trade,1.00,1,1,,,,,,,,near,0.90
2026-09-18,06:11:27,2026-09-18_05-28,Doran Ashdown,hunt,after a bull,148,104,1.10,0.99,0.59,0.92,1.00,1.00,1.00,3.00,1.00,1.00,1.30,its own trade,1.00,2,2,,,,unload,4,,,new,0.59
2026-09-18,06:14:10,2026-09-18_05-28,Orin,mine,digging CopperOre (0 swings),17,17,0.76,0.85,0.34,0.89,1.00,1.00,1.00,1.00,1.00,1.00,1.30,its own trade,1.00,2,3,prowl,expected-nothing,"is expected to pay -6.3/min here, against a claim of 12.0",unload,14,,,new,0.34
2026-09-18,06:16:46,2026-09-18_05-28,Aric,hunt,after a zombie,252,160,1.21,0.96,1.00,0.91,1.00,1.00,1.00,3.00,1.00,1.00,1.30,its own trade,1.00,2,2,,,,rescue,38,,,room,0.91
2026-09-18,06:19:23,2026-09-18_05-28,Corwin,unload,taking a full pack to the counter,4,5,0.83,0.51,0.88,0.88,1.00,1.00,1.00,1.00,1.00,1.00,1.00,anybody's work,1.00,1,2,prowl,expected-nothing,"is expected to pay -54.8/min here, against a claim of 3.0",,,dropped,prowl,near,0.51
2026-09-18,06:22:12,2026-09-18_05-28,Maeve,hunt,after a cow,170,133,0.98,0.90,1.00,0.99,1.00,1.00,1.00,1.00,1.00,1.00,1.30,its own trade,1.00,3,3,,,,unload,4,,,near,0.90
2026-09-18,06:25:11,2026-09-18_05-28,Rhiannon,peddle,taking 5 Lesser Cure Potion to Raoul,252,310,0.81,0.73,0.54,0.90,1.00,1.00,1.00,1.00,1.00,1.00,1.00,anybody's work,1.00,1,1,,,,,,,,new,0.54
2026-09-18,06:27:51,2026-09-18_05-28,Aric,prowl,"looking for a fight near (1856, 1041, 0)",2,3,0.77,0.38,1.00,0.73,1.00,1.00,1.00,1.00,1.00,1.00,1.00,anybody's work,1.00,1,1,,,,,,,,near,0.38
2026-09-18,06:30:51,2026-09-18_06-30,Marek,acquire,buying ProtectionScroll,83,100,0.83,0.78,1.00,0.50,1.00,1.00,1.00,1.00,1.00,1.00,1.00,anybody's work,1.00,5,5,,,,brew,82,,,room,0.50
2026-09-18,06:32:55,2026-09-18_06-30,Merrick Ashdown,acquire,buying HarmScroll,42,49,0.86,0.53,1.00,0.87,1.00,1.00,1.00,1.00,1.00,1.00,1.00,anybody's work,1.00,2,2,,,,prowl,12,,,near,0.53
2026-09-18,06:35:42,2026-09-18_06-30,Leofric,escort,on the way to stand by Garrow,36,45,0.62,0.94,1.00,0.95,1.00,0.10,1.00,1.00,1.00,1.00,1.30,its own trade,1.00,1,2,restock,outlay,costs 75gp and it has 2gp,,,,,purse,0.10
2026-09-18,06:38:28,2026-09-18_06-30,Gwendra,herbs,"out to the woods near (1546, 1322, 0)",18,20,0.92,0.67,1.00,1.00,1.00,1.00,1.00,1.00,1.00,1.00,1.00,anybody's work,1.00,3,3,,,,restock,12,,,near,0.67
2026-09-18,06:41:50,2026-09-18_06-30,Roderic,mine,digging IronOre (0 swings),33,26,0.99,0.81,1.00,0.84,1.00,0.46,1.00,3.00,1.00,1.00,1.30,its own trade,1.00,2,3,sew,outlay,costs 80gp and it has 37gp,prowl,7,,,purse,0.46
2026-09-18,06:44:52,2026-09-18_06-30,Ivo,acquire,asking for MindBlastScroll at 59gp,91,95,0.96,1.00,0.83,0.98,1.00,1.00,1.00,1.00,1.00,1.00,1.00,anybody's work,1.00,3,3,,,,restock,12,,,new,0.83
2026-09-18,06:46:31,2026-09-18_06-30,Ulwin,inscribe,after paper,345,268,0.99,1.00,1.00,0.94,1.00,1.00,1.00,1.00,1.00,1.00,1.30,its own trade,1.00,5,6,prowl,expected-nothing,"is expected to pay -42.2/min here, against a claim of 2.0",peddle,170,,,room,0.94
2026-09-18,06:48:53,2026-09-18_06-30,Bryn Ashdown,hunt,after Vitituki,240,200,0.92,0.94,0.74,0.97,1.00,1.00,1.00,1.00,1.00,1.00,1.30,its own trade,1.00,4,5,restock,outlay,costs 57gp and it has 12gp,acquire,6,,,new,0.74
2026-09-18,06:51:47,2026-09-18_06-30,Faron Ashdown,unload,taking a full pack to the counter,31,38,0.82,0.83,0.72,0.93,1.00,0.69,1.00,1.00,1.00,1.00,1.00,anybody's work,1.00,3,4,restock,outlay,costs 125gp and it has 86gp,acquire,7,,,purse,0.69
2026-09-18,06:54:48,2026-09-18_06-30,Rowan,peddle,taking 17 Iron Ingot to Like,117,136,0.86,0.85,0.61,0.92,1.00,1.00,1.00,1.00,1.00,1.00,1.00,anybody's work,1.00,5,5,,,,mine,105,,,new,0.61
2026-09-18,06:57:15,2026-09-18_06-30,Kestrel,restock,after 2 LesserCurePotion,10,12,0.87,1.00,0.34,0.95,1.00,1.00,1.00,1.00,1.00,1.50,1.00,anybody's work,1.00,1,1,,,,,,,,new,0.34
2026-09-18,07:00:04,2026-09-18_06-30,Jarek,peddle,taking 1 Thigh Boots to Athena,82,89,0.92,0.72,1.00,0.91,1.00,1.00,1.00,1.00,1.00,1.00,1.00,anybody's work,1.00,2,2,,,,prowl,1,,,near,0.72
2026-09-18,07:03:50,2026-09-18_06-30,Wystan,inscribe,after paper,111,95,0.90,0.90,0.67,0.99,1.00,1.00,1.00,1.00,1.00,1.00,1.30,its own trade,1.00,2,3,prowl,expected-nothing,"is expected to pay -5.2/min here, against a claim of 10.1",restock,10,,,new,0.67
2026-09-18,07:06:45,2026-09-18_06-30,Ilsa Ashdown,prowl,"looking for a fight near (1888, 1312, 0)",1,2,0.82,0.50,1.00,0.73,1.00,1.00,1.00,1.00,1.00,1.00,1.00,anybody's work,1.00,1,1,,,,,,,,near,0.50
2026-09-18,07:09:09,2026-09-18_06-30,Pell,unload,taking a full pack to the counter,7,8,0.83,0.57,0.91,0.76,1.00,1.00,1.00,1.00,1.00,1.00,1.00,anybody's work,1.00,2,3,band,expected-nothing,"is expected to pay -3.1/min here, against a claim of 7.5",prowl,0,,,near,0.57
2026-09-18,07:12:14,2026-09-18_06-30,Talia,prowl,"looking for a fight near (1702, 1294, 0)",1,2,0.66,0.62,1.00,0.65,1.00,0.32,1.00,1.00,1.00,1.00,1.00,anybody's work,1.00,1,5,restock,outlay,costs 125gp and it has 40gp,,,,,purse,0.32
2026-09-18,07:15:22,2026-09-18_06-30,Orin Ashdown,peddle,taking 24 Leather to Abra,121,131,0.92,0.67,1.00,0.98,1.00,1.00,1.00,1.00,1.00,1.00,1.00,anybody's work,1.00,2,3,prowl,expected-nothing,"is expected to pay -26.0/min here, against a claim of 2.0",rescue,41,,,near,0.67
2026-09-18,07:18:21,2026-09-18_06-30,Corwin,unload,taking a full pack to the counter,13,17,0.73,0.40,0.55,0.93,1.00,1.00,1.00,1.00,1.00,1.00,1.00,anybody's work,1.00,1,1,,,,,,dropped,prowl,near,0.40
2026-09-18,07:20:56,2026-09-18_06-30,Rhiannon,peddle,taking 17 Lesser Heal Potion to Vaughn,299,312,0.96,0.99,0.88,0.92,1.00,1.00,1.00,1.00,1.00,1.00,1.00,anybody's work,1.00,2,3,restock,outlay,costs 48gp and it has 0gp,brew,124,,,new,0.88
2026-09-18,07:23:36,2026-09-18_06-30,Ilsa Ashdown,unload,taking a full pack to the counter,13,15,0.88,0.79,0.77,0.87,1.00,1.00,1.00,1.00,1.00,1.00,1.00,anybody's work,1.00,2,3,prowl,expected-nothing,"is expected to pay -15.8/min here, against a claim of 8.8",acquire,12,,,new,0.77
2026-09-18,07:26:27,2026-09-18_06-30,Bryn Ashdown,prowl,"looking for a fight near (1435, 1101, 0)",9,16,0.58,0.40,0.95,0.76,1.00,0.22,1.00,1.00,1.00,1.00,1.00,anybody's work,1.00,1,3,restock,outlay,costs 110gp and it has 24gp,,,,,purse,0.22
2026-09-18,07:29:01,2026-09-18_06-30,Orin,mine,digging BronzeOre (0 swings),222,195,0.87,0.83,0.73,0.83,1.00,1.00,1.00,1.00,1.00,1.00,1.30,its own trade,1.00,2,3,prowl,expected-nothing,"is expected to pay -37.4/min here, against a claim of 2.0",unload,10,,,new,0.73
2026-09-18,07:32:19,2026-09-18_06-30,Marek,peddle,taking 19 Lesser Cure Potion to Vaughn,308,333,0.93,1.00,0.69,0.99,1.00,1.00,1.00,1.00,1.00,1.00,1.00,anybody's work,1.00,4,4,,,,brew,114,,,new,0.69
2026-09-18,07:36:15,2026-09-18_06-30,Edda Ashdown,peddle,taking 6 Nightshade to Wynona,104,123,0.85,0.50,0.97,0.90,1.00,1.00,1.00,1.00,1.00,1.00,1.00,anybody's work,1.00,4,4,,,,rescue,40,,,near,0.50
2026-09-18,07:38:45,2026-09-18_06-30,Wystan,inscribe,after paper,393,375,0.80,0.80,0.44,0.97,1.00,1.00,1.00,1.00,1.00,1.00,1.30,its own trade,1.00,3,4,prowl,expected-nothing,"is expected to pay -36.9/min here, against a claim of 3.4",peddle,127,,,new,0.44
2026-09-18,07:41:18,2026-09-18_06-30,Roderic,mine,digging IronOre (0 swings),53,46,0.90,0.85,0.83,0.83,1.00,1.00,1.00,1.00,1.00,1.00,1.30,its own trade,1.00,5,5,,,,mind-mine,12,,,tie,0.83
2026-09-18,07:44:18,2026-09-18_06-30,Kelda,prowl,"looking for a fight near (1706, 1251, 0)",1,1,0.81,0.53,1.00,0.65,1.00,1.00,1.00,1.00,1.00,1.00,1.00,anybody's work,1.00,1,1,,,,,,,,near,0.53
2026-09-18,07:46:57,2026-09-18_06-30,Hale,peddle,taking 15 Leather to Abra,263,303,0.87,0.50,1.00,0.98,1.00,1.00,1.00,1.00,1.00,1.00,1.00,anybody's work,1.00,6,6,,,,order,160,,,near,0.50
2026-09-18,07:49:56,2026-09-18_06-30,Corwin,unload,taking a full pack to the counter,6,8,0.81,0.43,0.93,0.89,1.00,1.00,1.00,1.00,1.00,1.00,1.00,anybody's work,1.00,1,2,prowl,expected-nothing,"is expected to pay -31.8/min here, against a claim of 8.1",,,,,near,0.43
2026-09-18,07:52:58,2026-09-18_06-30,Sable,mine,digging BronzeOre (0 swings),78,65,0.92,0.83,0.63,0.85,1.00,1.00,1.00,1.00,1.00,1.50,1.30,its own trade,1.00,2,3,prowl,expected-nothing,"is expected to pay -1.4/min here, against a claim of 2.0",unload,15,,,new,0.63
2026-09-18,07:55:52,2026-09-18_06-30,Joss,prowl,"looking for a fight near (1871, 1244, 0)",1,1,0.90,0.80,1.00,0.76,1.00,1.00,1.00,1.00,1.00,1.00,1.00,anybody's work,1.00,1,2,band,expected-nothing,"is expected to pay -3.1/min here, against a claim of 7.5",,,,,room,0.76
2026-09-18,07:58:57,2026-09-18_06-30,Vance,unload,taking a full pack to the counter,14,14,0.98,0.98,1.00,0.91,1.00,1.00,1.00,1.00,1.00,1.00,1.00,anybody's work,1.00,3,3,,,,restock,11,,,room,0.91
2026-09-18,08:02:38,2026-09-18_06-30,Piers,escort,on the way to stand by Faron,33,45,0.57,0.96,0.64,0.98,1.00,0.10,1.00,1.00,1.00,1.00,1.30,its own trade,1.00,1,2,brew,outlay,costs 100gp and it has 9gp,,,,,purse,0.10
2026-09-18,08:07:02,2026-09-18_06-30,Otho,unload,taking a full pack to the counter,4,5,0.83,0.64,0.74,0.85,1.00,1.00,1.00,1.00,1.00,1.00,1.00,anybody's work,1.00,1,1,,,,,,,,near,0.64
2026-09-18,08:09:17,2026-09-18_06-30,Joss,prowl,"looking for a fight near (1208, 1934, 0)",9,10,0.88,0.74,0.95,0.76,1.00,1.00,1.00,1.00,1.00,1.00,1.00,anybody's work,1.00,4,4,,,,forage,6,,,near,0.74
2026-09-18,08:11:46,2026-09-18_06-30,Ilsa,restock,after 25 BlackPearl,12,12,1.00,1.00,1.00,0.99,1.00,1.00,1.00,1.00,1.00,1.00,1.00,anybody's work,1.00,2,3,drill,expected-nothing,"is expected to pay -3.3/min here, against a claim of 8.8",unload,12,,,room,0.99
2026-09-18,08:14:35,2026-09-18_06-30,Oswin,prowl,"looking for a fight near (1599, 1407, 0)",2,2,0.84,0.57,1.00,0.71,1.00,1.00,1.00,1.00,1.00,1.00,1.00,anybody's work,1.00,1,1,,,,,,,,near,0.57
2026-09-18,08:17:10,2026-09-18_06-30,Merrick,mine,digging ShadowIronOre (0 swings),82,75,0.85,0.87,0.59,0.85,1.00,1.00,1.00,1.00,1.00,1.00,1.30,its own trade,1.00,4,4,,,,herbs,17,,,new,0.59
2026-09-18,08:19:43,2026-09-18_06-30,Jorunn,restock,after 1 MortarPestle,10,12,0.85,0.99,0.44,1.00,1.00,1.00,1.00,1.00,1.00,1.00,1.00,anybody's work,1.00,1,1,,,,,,,,new,0.44
2026-09-18,08:22:42,2026-09-18_06-30,Vesna,prowl,"looking for a fight near (1374, 1470, 10)",2,3,0.80,0.52,1.00,0.61,1.00,1.00,1.00,1.00,1.00,1.00,1.00,anybody's work,1.00,1,1,,,,,,,,near,0.52
2026-09-18,08:25:47,2026-09-18_06-30,Leofric,restock,after 1 LesserHealPotion,10,12,0.82,1.00,0.38,0.99,1.00,1.00,1.00,1.00,1.00,1.00,1.00,anybody's work,1.00,1,1,,,,,,,,new,0.38
2026-09-18,08:28:46,2026-09-18_06-30,Jorunn,brew,"brewing (0 attempts, 0 made)",101,79,0.99,1.00,0.98,0.98,1.00,1.00,1.00,1.00,1.00,1.00,1.30,its own trade,1.00,1,1,,,,,,,,tie,0.98
2026-09-18,08:31:49,2026-09-18_06-30,Rhiannon,escort,on the way to stand by Orin,43,45,0.73,0.93,0.69,0.96,1.00,0.34,1.00,1.00,1.00,1.00,1.30,its own trade,1.00,1,3,brew,outlay,costs 100gp and it has 63gp,,,,,purse,0.34
2026-09-18,08:36:29,2026-09-18_06-30,Vance,mine,digging AgapiteOre (0 swings),45,41,0.84,0.81,0.57,0.90,1.00,1.00,1.00,1.00,1.00,1.00,1.30,its own trade,1.00,3,3,,,,unload,14,,,new,0.57
2026-09-18,08:38:45,2026-09-18_06-30,Ilsa Ashdown,prowl,"looking for a fight near (1347, 1238, 0)",2,3,0.85,0.56,1.00,0.81,1.00,1.00,1.00,1.00,1.00,1.00,1.00,anybody's work,1.00,1,1,,,,,,,,near,0.56
2026-09-18,08:41:02,2026-09-18_06-30,Maeve,prowl,"looking for a fight near (1590, 1115, 0)",1,1,0.77,0.38,0.96,0.74,1.00,1.00,1.00,1.00,1.00,1.00,1.00,anybody's work,1.00,1,1,,,,,,,,near,0.38
2026-09-18,08:43:38,2026-09-18_06-30,Talia,unload,taking a full pack to the counter,13,15,0.89,0.83,0.72,0.95,1.00,1.00,1.00,1.00,1.00,1.00,1.00,anybody's work,1.00,3,3,,,,restock,11,,,new,0.72
2026-09-18,08:46:19,2026-09-18_06-30,Kerrin Ashdown,prowl,"looking for a fight near (1869, 1045, 0)",1,1,0.76,0.38,1.00,0.66,1.00,1.00,1.00,1.00,1.00,1.00,1.00,anybody's work,1.00,1,1,,,,,,,,near,0.38
2026-09-18,08:49:03,2026-09-18_06-30,Merrick,peddle,taking 24 Leather to Abra,194,203,0.96,0.88,0.98,0.92,1.00,1.00,1.00,1.00,1.00,1.00,1.00,anybody's work,1.00,4,4,,,,mine,71,,,near,0.88
2026-09-18,08:51:40,2026-09-18_06-30,Roderic,sew,after Leather,279,300,0.72,1.00,0.19,0.99,1.00,1.00,1.00,1.00,1.00,1.00,1.30,its own trade,1.00,7,7,,,,peddle,183,,,new,0.19
2026-09-18,08:53:37,2026-09-18_06-30,Orin,mine,digging ShadowIronOre (0 swings),12,12,0.76,0.84,0.36,0.86,1.00,1.00,1.00,1.00,1.00,1.00,1.30,its own trade,1.00,3,3,,,,unload,5,,,new,0.36
2026-09-18,08:55:50,2026-09-18_06-30,Edda Ashdown,rescue,Bryn Ashdown is being set upon by Vagrungad,36,28,0.98,0.92,1.00,0.99,1.00,1.00,1.00,1.00,1.00,1.00,1.30,its own trade,1.00,3,3,,,,restock,12,,,near,0.92
2026-09-18,08:57:40,2026-09-18_06-30,Emeric,mine,digging IronOre (0 swings),36,35,0.78,0.81,0.43,0.85,1.00,1.00,1.00,1.00,1.00,1.00,1.30,its own trade,1.00,5,5,,,,restock,11,,,new,0.43
2026-09-18,08:59:38,2026-09-18_06-30,Torvin,chop,"out to the woods near (1324, 1302)",399,310,0.99,0.99,1.00,0.95,1.00,1.00,1.00,1.00,1.00,1.00,1.30,its own trade,1.00,3,4,prowl,expected-nothing,"is expected to pay -14.2/min here, against a claim of 13.3",mine,56,,,room,0.95
2026-09-18,09:02:31,2026-09-18_06-30,Rowan,mine,digging ValoriteOre (0 swings),35,32,0.83,0.78,0.59,0.84,1.00,1.00,1.00,1.00,1.00,1.00,1.30,its own trade,1.00,2,3,prowl,expected-nothing,"is expected to pay -26.8/min here, against a claim of 2.0",unload,8,,,new,0.59
2026-09-18,09:06:29,2026-09-18_06-30,Vance,mine,digging ShadowIronOre (0 swings),61,50,0.93,0.89,0.93,0.84,1.00,1.00,1.00,1.00,1.00,1.00,1.30,its own trade,1.00,4,4,,,,unload,20,,,room,0.84
2026-09-18,09:08:43,2026-09-18_06-30,Ulric,unload,taking a full pack to the counter,11,11,0.95,0.88,0.99,0.90,1.00,1.00,1.00,1.00,1.00,1.00,1.00,anybody's work,1.00,4,4,,,,restock,11,,,near,0.88
2026-09-18,09:10:45,2026-09-18_06-30,Marek,restock,after 10 Bloodmoss,12,12,1.00,1.00,1.00,0.99,1.00,1.00,1.00,1.00,1.00,1.00,1.00,anybody's work,1.00,1,1,,,,,,,,room,0.99
2026-09-18,09:12:54,2026-09-18_06-30,Hale,sew,after Leather,1216,996,0.94,1.00,0.74,0.99,1.00,1.00,1.00,1.00,1.00,1.00,1.30,its own trade,1.00,3,3,,,,mine,3,,,new,0.74
2026-09-18,09:15:17,2026-09-18_06-30,Kerrin,prowl,"looking for a fight near (1380, 1452, 10)",1,2,0.85,0.55,1.00,0.78,1.00,1.00,1.00,1.00,1.00,1.00,1.00,anybody's work,1.00,1,2,mine,expected-nothing,"is expected to pay -69.7/min here, against a claim of 31.0",,,,,near,0.55
2026-09-18,09:17:50,2026-09-18_06-30,Marek,herbs,"out to the woods near (1331, 1418, 0)",57,60,0.95,0.79,1.00,0.97,1.00,1.00,1.00,1.00,1.00,1.00,1.00,anybody's work,1.00,1,2,brew,outlay,costs 100gp and it has 22gp,,,,,near,0.79
2026-09-18,09:20:18,2026-09-18_06-30,Selwyn,order,ordering 1 RingmailArms,627,665,0.94,1.00,0.74,1.00,1.00,1.00,1.00,1.00,1.00,1.00,1.00,anybody's work,1.00,3,3,,,,hunt,127,,,new,0.74
2026-09-18,09:22:38,2026-09-18_06-30,Orin Ashdown,prowl,"looking for a fight near (1893, 1536, 0)",1,1,0.85,0.56,1.00,0.81,1.00,1.00,1.00,1.00,1.00,1.00,1.00,anybody's work,1.00,1,1,,,,,,,,near,0.56
2026-09-18,09:25:12,2026-09-18_06-30,Kerrin,mine,digging AgapiteOre (0 swings),21,17,0.94,0.84,1.00,0.85,1.00,1.00,1.00,1.00,1.00,1.00,1.30,its own trade,1.00,1,2,prowl,expected-nothing,"is expected to pay -51.8/min here, against a claim of 2.0",,,,,near,0.84
2026-09-18,09:27:56,2026-09-18_06-30,Leofric,escort,"on the way to stand by Fenna in its pay at 5gp a minute, 0gp so far",61,50,0.95,0.92,0.82,1.00,1.00,1.00,1.00,1.00,1.00,1.00,1.30,its own trade,1.00,1,1,,,,,,,,new,0.82
2026-09-18,09:30:30,2026-09-18_06-30,Quenna,hunt,after a rat,58,42,1.06,0.90,1.00,0.97,1.00,1.00,1.00,1.00,1.00,1.50,1.30,its own trade,1.00,2,2,,,,unload,0,,,near,0.90
2026-09-18,09:34:36,2026-09-18_06-30,Otho,restock,after 1 MortarPestle,9,12,0.75,0.99,0.24,1.00,1.00,1.00,1.00,1.00,1.00,1.00,1.00,anybody's work,1.00,1,1,,,,,,,,new,0.24
2026-09-18,09:37:34,2026-09-18_06-30,Selwyn,prowl,"looking for a fight near (1315, 1298, 0)",2,3,0.83,0.48,1.00,0.85,1.00,1.00,1.00,1.00,1.00,1.00,1.00,anybody's work,1.00,1,1,,,,,,,,near,0.48
2026-09-18,09:39:26,2026-09-18_06-30,Yarrow,prowl,"looking for a fight near (1877, 1046, 0)",1,1,0.80,0.40,1.00,0.83,1.00,1.00,1.00,1.00,1.00,1.00,1.00,anybody's work,1.00,1,1,,,,,,,,near,0.40
2026-09-18,09:41:32,2026-09-18_06-30,Nessa Ashdown,homeward,going home,4,5,0.89,0.72,0.82,0.97,1.00,1.00,1.00,1.00,1.00,1.00,1.00,anybody's work,1.00,1,2,prowl,expected-nothing,"is expected to pay -51.8/min here, against a claim of 2.0",,,,,near,0.72
2026-09-18,09:43:41,2026-09-18_06-30,Emeric,sew,after Cloth,297,218,1.05,0.93,0.90,1.00,1.00,1.00,1.00,1.00,1.00,1.50,1.30,its own trade,1.00,3,5,unload,expected-nothing,"is expected to pay -34.9/min here, against a claim of 22.7",mine,153,,,new,0.90
2026-09-18,09:46:35,2026-09-18_06-30,Ulric,sew,after Leather,107,94,0.87,1.00,0.51,0.99,1.00,1.00,1.00,1.00,1.00,1.00,1.30,its own trade,1.00,6,7,prowl,expected-nothing,"is expected to pay -51.8/min here, against a claim of 2.0",mine,87,,,new,0.51
2026-09-18,09:49:05,2026-09-18_06-30,Dain,restock,after 16 SulfurousAsh,11,12,0.93,0.79,0.89,1.00,1.00,1.00,1.00,1.00,1.00,1.00,1.00,anybody's work,1.00,1,2,prowl,expected-nothing,"is expected to pay -50.3/min here, against a claim of 6.4",,,,,near,0.79
2026-09-18,09:51:30,2026-09-18_06-30,Faron Ashdown,prowl,"looking for a fight near (1543, 1037, 0)",1,1,0.91,0.84,0.92,0.82,1.00,1.00,1.00,1.00,1.00,1.00,1.00,anybody's work,1.00,1,1,,,,,,,,room,0.82
2026-09-18,09:53:48,2026-09-18_06-30,Perri,chop,"out to the woods near (1416, 2130)",319,356,0.69,1.00,0.18,0.88,1.00,1.00,1.00,1.00,1.00,1.00,1.30,its own trade,1.00,7,7,,,,peddle,258,,,new,0.18
2026-09-18,09:55:59,2026-09-18_06-30,Gwendra,peddle,taking 20 Lesser Heal Potion to Vaughn,202,220,0.92,0.99,0.68,0.96,1.00,1.00,1.00,1.00,1.00,1.00,1.00,anybody's work,1.00,1,4,restock,outlay,costs 72gp and it has 18gp,,,,,new,0.68
2026-09-18,09:57:58,2026-09-18_06-30,Nessa,chop,"out to the woods near (1296, 1497)",286,318,0.69,0.99,0.18,0.86,1.00,1.00,1.00,1.00,1.00,1.00,1.30,its own trade,1.00,5,6,prowl,expected-nothing,"is expected to pay -51.8/min here, against a claim of 2.0",peddle,116,,,new,0.18
2026-09-18,10:00:10,2026-09-18_06-30,Gerda,stroll,"walking the town, 0 corners of it so far",5,6,0.81,0.99,0.35,1.00,1.00,1.00,1.00,1.00,1.00,1.00,1.00,anybody's work,1.00,1,1,,,,,,,,new,0.35
2026-09-18,10:03:24,2026-09-18_06-30,Piers,escort,on the way to stand by Hale Ashdown,40,45,0.69,0.94,0.99,0.94,1.00,0.17,1.00,1.00,1.00,1.00,1.30,its own trade,1.00,2,3,acquire,outlay,costs 568gp and it has 99gp,restock,8,,,purse,0.17
2026-09-18,10:06:21,2026-09-18_06-30,Lorcan,prowl,"looking for a fight near (1440, 1312, 0)",2,2,0.84,0.50,0.99,0.83,1.00,1.00,1.00,1.00,1.00,1.00,1.00,anybody's work,1.00,1,1,,,,,,,,near,0.50
2026-09-18,10:08:22,2026-09-18_06-30,Nessa,chop,"out to the woods near (1308, 1458)",236,236,0.77,0.99,0.31,0.87,1.00,1.00,1.00,1.00,1.00,1.00,1.30,its own trade,1.00,6,6,,,,peddle,120,,,new,0.31
2026-09-18,10:10:34,2026-09-18_06-30,Wulfric,sew,after Leather,413,421,0.75,1.00,0.24,1.00,1.00,1.00,1.00,1.00,1.00,1.00,1.30,its own trade,1.00,2,2,,,,prowl,2,,,new,0.24
2026-09-18,10:12:43,2026-09-18_06-30,Gerda Ashdown,prowl,"looking for a fight near (1613, 1242, 0)",0,0,0.58,0.54,1.00,0.68,1.00,0.18,1.00,1.00,1.00,1.00,1.00,anybody's work,1.00,1,3,acquire,outlay,costs 653gp and it has 117gp,,,,,purse,0.18
2026-09-18,10:14:58,2026-09-18_06-30,Wynn,unload,taking a full pack to the counter,2,3,0.73,0.36,0.63,0.94,1.00,1.00,1.00,1.00,1.00,1.00,1.00,anybody's work,1.00,2,2,,,,prowl,0,,,near,0.36
2026-09-18,10:17:09,2026-09-18_06-30,Orin,chop,"out to the woods near (1348, 1248)",188,249,0.58,0.99,0.07,0.89,1.00,1.00,1.00,1.00,1.00,1.00,1.30,its own trade,1.00,2,3,prowl,expected-nothing,"is expected to pay -14.2/min here, against a claim of 4.3",mine,59,,,new,0.07
2026-09-18,10:19:22,2026-09-18_06-30,Lysa Ashdown,prowl,"looking for a fight near (1891, 1069, 0)",1,1,0.83,0.51,1.00,0.77,1.00,1.00,1.00,1.00,1.00,1.00,1.00,anybody's work,1.00,1,1,,,,,,,,near,0.51
2026-09-18,10:21:08,2026-09-18_06-30,Gerda Ashdown,unload,taking a full pack to the counter,13,20,0.66,0.56,0.55,0.86,1.00,0.47,1.00,1.00,1.00,1.00,1.00,anybody's work,1.00,1,3,acquire,outlay,costs 750gp and it has 351gp,,,,,purse,0.47
2026-09-18,10:23:05,2026-09-18_06-30,Nessa,chop,"out to the woods near (1292, 1407)",197,156,0.97,0.99,1.00,0.86,1.00,1.00,1.00,1.00,1.00,1.00,1.30,its own trade,1.00,5,6,prowl,expected-nothing,"is expected to pay -55.1/min here, against a claim of 2.0",peddle,121,,,room,0.86
2026-09-18,10:25:14,2026-09-18_06-30,Fendrel,restock,after 1 ScribesPen,8,12,0.63,0.99,1.00,1.00,1.00,0.10,1.00,1.00,1.00,1.00,1.00,anybody's work,1.00,2,3,acquire,outlay,costs 963gp and it has 43gp,prowl,1,,,purse,0.10
2026-09-18,10:27:12,2026-09-18_10-25,Merrick Ashdown,prowl,"looking for a fight near (1533, 1054, 0)",0,0,0.80,0.41,1.00,0.77,1.00,1.00,1.00,1.00,1.00,1.00,1.00,anybody's work,1.00,1,1,,,,,,,,near,0.41
2026-09-18,10:29:42,2026-09-18_10-25,Edda Ashdown,acquire,buying FireballScroll,16,18,0.90,0.99,0.61,0.97,1.00,1.00,1.00,1.00,1.00,1.00,1.00,anybody's work,1.00,4,5,drill-in,expected-nothing,"is expected to pay -2.3/min here, against a claim of 66.0",restock,12,,,new,0.61
2026-09-18,10:32:50,2026-09-18_10-25,Isolde,hunt,after a horse,126,99,0.98,0.91,1.00,0.99,1.00,1.00,1.00,1.00,1.00,1.00,1.30,its own trade,1.00,1,1,,,,,,,,near,0.91
2026-09-18,10:34:48,2026-09-18_10-33,Ulwin,brew,after 20 Bottle to brew with,316,266,0.92,1.00,0.74,0.87,1.00,1.00,1.00,1.00,1.00,1.00,1.30,its own trade,1.00,7,7,,,,inscribe,303,,,new,0.74
2026-09-18,10:37:20,2026-09-18_10-33,Maeve,hunt,after an ogre,177,138,0.98,0.96,1.00,0.97,1.00,1.00,1.00,1.00,1.00,1.00,1.30,its own trade,1.00,3,3,,,,unload,11,,,near,0.96
2026-09-18,10:39:46,2026-09-18_10-33,Hale Ashdown,hunt,after a harpy,133,105,0.97,0.90,1.00,0.98,1.00,1.00,1.00,1.00,1.00,1.00,1.30,its own trade,1.00,1,3,restock,outlay,costs 34gp and it has 11gp,,,,,near,0.90
2026-09-18,10:42:02,2026-09-18_10-41,Calla Ashdown,restock,after 25 SulfurousAsh,12,12,1.00,1.00,1.00,1.00,1.00,1.00,1.00,1.00,1.00,1.00,1.00,anybody's work,1.00,2,3,prowl,expected-nothing,"is expected to pay -7.5/min here, against a claim of 2.8",acquire,1,,,none,1.00
2026-09-18,10:44:20,2026-09-18_10-41,Elspeth,brew,after 20 Bottle to brew with,244,203,0.93,1.00,0.74,0.92,1.00,1.00,1.00,1.00,1.00,1.00,1.30,its own trade,1.00,5,5,,,,herbs,42,,,new,0.74
2026-09-18,10:47:02,2026-09-18_10-41,Wynn,unload,taking a full pack to the counter,27,29,0.91,0.66,1.00,0.97,1.00,1.00,1.00,1.00,1.00,1.00,1.00,anybody's work,1.00,2,3,prowl,expected-nothing,"is expected to pay -5.6/min here, against a claim of 12.3",acquire,19,,,near,0.66
2026-09-18,10:49:48,2026-09-18_10-41,Ronan,prowl,"looking for a fight near (1568, 928, 0)",2,3,0.79,0.42,1.00,0.71,1.00,1.00,1.00,1.00,1.00,1.00,1.00,anybody's work,1.00,1,1,,,,,,,,near,0.42
2026-09-18,10:51:58,2026-09-18_10-50,Harlan,order,ordering 1 LeatherChest,261,261,1.00,1.00,1.00,1.00,1.00,1.00,1.00,1.00,1.00,1.00,1.00,anybody's work,1.00,5,5,,,,herbs,32,,,none,1.00
2026-09-18,10:54:08,2026-09-18_10-50,Yarrow,hunt,after a panther,225,177,0.98,0.90,1.00,0.99,1.00,1.00,1.00,1.00,1.00,1.00,1.30,its own trade,1.00,1,1,,,,,,,,near,0.90
2026-09-18,10:56:20,2026-09-18_10-55,Faron Ashdown,acquire,buying ProtectionScroll,2,2,0.88,0.99,0.74,0.71,1.00,1.00,1.00,1.00,1.00,1.00,1.00,anybody's work,1.00,2,2,,,,prowl,1,,,room,0.71
2026-09-18,10:58:55,2026-09-18_10-55,Joss,order,ordering 1 LeatherBustierArms,95,95,1.00,1.00,1.00,1.00,1.00,1.00,1.00,1.00,1.00,1.00,1.00,anybody's work,1.00,2,3,prowl,expected-nothing,"is expected to pay -14.8/min here, against a claim of 2.0",unload,13,,,none,1.00
2026-09-18,11:01:20,2026-09-18_11-00,Wynn,acquire,buying HarmScroll,1,2,0.84,0.99,0.59,0.72,1.00,1.00,1.00,1.00,1.00,1.00,1.00,anybody's work,1.00,1,2,prowl,expected-nothing,"is expected to pay -9.1/min here, against a claim of 2.0",,,,,new,0.59
2026-09-18,11:03:27,2026-09-18_11-00,Gwendra,acquire,buying ProtectionScroll,12,14,0.86,0.53,1.00,0.89,1.00,1.00,1.00,1.00,1.00,1.00,1.00,anybody's work,1.00,4,4,,,,restock,12,,,near,0.53
2026-09-18,11:05:21,2026-09-18_11-04,Yarrow,order,ordering 1 LeatherChest,297,297,1.00,1.00,1.00,1.00,1.00,1.00,1.00,1.00,1.00,1.00,1.00,anybody's work,1.00,2,3,prowl,expected-nothing,"is expected to pay -77.9/min here, against a claim of 30.5",acquire,2,,,none,1.00
2026-09-18,11:07:49,2026-09-18_11-04,Otho,acquire,asking for GreaterHealScroll at 42gp,72,77,0.93,1.00,0.74,0.96,1.00,1.00,1.00,1.00,1.00,1.00,1.00,anybody's work,1.00,2,2,,,,restock,12,,,new,0.74
2026-09-18,11:10:44,2026-09-18_11-04,Ulla,chop,"out to the woods near (1136, 1536)",273,214,0.98,0.96,1.00,0.97,1.00,1.00,1.00,1.00,1.00,1.00,1.30,its own trade,1.00,4,4,,,,mine,43,dropped,mine,near,0.96
2026-09-18,11:14:08,2026-09-18_11-04,Alden Ashdown,prowl,"looking for a fight near (1551, 1882, 0)",4,5,0.81,0.52,1.00,0.68,1.00,1.00,1.00,1.00,1.00,1.00,1.00,anybody's work,1.00,1,1,,,,,,,,near,0.52
2026-09-18,11:17:12,2026-09-18_11-04,Jorunn,restock,after 2 LesserHealPotion,12,12,1.00,1.00,1.00,0.99,1.00,1.00,1.00,1.00,1.00,1.00,1.00,anybody's work,1.00,1,1,,,,,,,,room,0.99
2026-09-18,11:18:52,2026-09-18_11-04,Edda Ashdown,restock,after 5 SpidersSilk,11,12,0.90,1.00,0.59,1.00,1.00,1.00,1.00,1.00,1.00,1.00,1.00,anybody's work,1.00,1,2,prowl,expected-nothing,"is expected to pay -53.3/min here, against a claim of 2.0",,,,,new,0.59
2026-09-18,11:20:36,2026-09-18_11-04,Lorcan,prowl,"looking for a fight near (1224, 1945, 0)",19,24,0.80,0.42,1.00,0.80,1.00,1.00,1.00,1.00,1.00,1.00,1.00,anybody's work,1.00,1,1,,,,,,,,near,0.42
2026-09-18,11:22:40,2026-09-18_11-04,Corwin,unload,taking a full pack to the counter,32,36,0.91,0.69,1.00,0.90,1.00,1.00,1.00,1.00,1.00,1.00,1.00,anybody's work,1.00,2,2,,,,prowl,9,,,near,0.69
2026-09-18,11:25:30,2026-09-18_11-04,Leofric,unload,taking a full pack to the counter,21,26,0.80,0.61,0.59,0.90,1.00,1.00,1.00,1.00,1.00,1.00,1.00,anybody's work,1.00,1,1,,,,,,,,new,0.59
2026-09-18,11:28:18,2026-09-18_11-04,Talia,prowl,"looking for a fight near (1659, 1353, 0)",4,9,0.48,0.47,0.71,0.78,1.00,0.10,1.00,1.00,1.00,1.00,1.00,anybody's work,1.00,1,3,restock,outlay,costs 135gp and it has 6gp,,,,,purse,0.10
2026-09-18,11:30:54,2026-09-18_11-04,Hale,sew,after Leather,309,363,0.66,1.00,0.12,0.99,1.00,1.00,1.00,1.00,1.00,1.00,1.30,its own trade,1.00,4,5,prowl,expected-nothing,"is expected to pay -86.0/min here, against a claim of 30.7",unload,111,,,new,0.12
2026-09-18,11:33:25,2026-09-18_11-32,Lorcan,order,ordering 1 LeatherChest,311,311,1.00,1.00,1.00,1.00,1.00,1.00,1.00,1.00,1.00,1.00,1.00,anybody's work,1.00,2,3,prowl,expected-nothing,"is expected to pay -10.4/min here, against a claim of 2.0",acquire,2,,,none,1.00
2026-09-18,11:35:32,2026-09-18_11-32,Bryn Ashdown,acquire,asking for MindBlastScroll at 52gp,93,96,0.97,1.00,1.00,0.85,1.00,1.00,1.00,1.00,1.00,1.00,1.00,anybody's work,1.00,4,5,prowl,expected-nothing,"is expected to pay -37.2/min here, against a claim of 2.0",acquire,40,,,room,0.85
2026-09-18,11:38:01,2026-09-18_11-32,Jorunn,housecall,going to where Elspeth was fighting,8,8,0.97,0.85,1.00,0.99,1.00,1.00,1.00,1.00,1.00,1.00,1.00,anybody's work,1.00,1,3,restock,outlay,costs 125gp and it has 29gp,,,,,near,0.85
2026-09-18,11:40:16,2026-09-18_11-38,Hale Ashdown,acquire,buying ProtectionScroll,2,2,0.93,0.75,0.75,0.96,1.00,0.88,1.00,1.00,1.00,1.50,1.00,anybody's work,1.00,1,3,restock,outlay,costs 75gp and it has 66gp,,,,,tie,0.75
2026-09-18,11:42:56,2026-09-18_11-38,Neriah,prowl,"looking for a fight near (1701, 1455, 0)",10,12,0.83,0.50,1.00,0.78,1.00,1.00,1.00,1.00,1.00,1.00,1.00,anybody's work,1.00,2,2,,,,band,2,,,near,0.50
2026-09-18,11:45:27,2026-09-18_11-38,Orin,chop,"out to the woods near (1628, 1416)",320,319,0.77,0.99,0.28,0.98,1.00,1.00,1.00,1.00,1.00,1.00,1.30,its own trade,1.00,4,5,band,expected-nothing,"is expected to pay -0.3/min here, against a claim of 7.5",mine,82,,,new,0.28
2026-09-18,11:48:50,2026-09-18_11-38,Talia,acquire,buying FireballScroll,8,11,0.74,0.39,0.76,0.87,1.00,0.87,1.00,1.00,1.00,1.00,1.00,anybody's work,1.00,1,3,restock,outlay,costs 39gp and it has 34gp,,,,,near,0.39
2026-09-18,11:51:50,2026-09-18_11-38,Gerda Ashdown,restock,after 25 SpidersSilk,10,12,0.87,1.00,0.76,1.00,1.00,0.65,1.00,1.00,1.00,1.00,1.00,anybody's work,1.00,2,3,acquire,outlay,costs 82gp and it has 53gp,prowl,1,,,purse,0.65
2026-09-18,11:53:37,2026-09-18_11-38,Dain,acquire,buying LightningScroll off the market,121,121,1.00,1.00,1.00,0.99,1.00,1.00,1.00,1.00,1.00,1.00,1.00,anybody's work,1.00,4,4,,,,acquire,121,,,room,0.99
2026-09-18,11:55:37,2026-09-18_11-38,Doran Ashdown,peddle,taking 5 Raw Bird to Iman,63,64,0.98,0.65,1.00,0.94,1.00,1.00,1.00,1.00,1.00,1.50,1.00,anybody's work,1.00,2,3,prowl,expected-nothing,"is expected to pay -10.5/min here, against a claim of 3.5",acquire,27,dropped,prowl,near,0.65
2026-09-18,11:58:16,2026-09-18_11-38,Gerda Ashdown,acquire,buying CreateFoodScroll,53,62,0.86,0.99,0.49,0.99,1.00,1.00,1.00,1.00,1.00,1.00,1.00,anybody's work,1.00,3,4,prowl,expected-nothing,"is expected to pay -40.8/min here, against a claim of 2.1",unload,14,,,new,0.49
2026-09-18,12:00:23,2026-09-18_11-38,Hale Ashdown,hunt,after a goat,84,67,0.96,0.90,1.00,0.92,1.00,1.00,1.00,1.00,1.00,1.00,1.30,its own trade,1.00,1,1,,,,,,,,near,0.90
2026-09-18,12:02:36,2026-09-18_12-02,Ilsa Ashdown,acquire,buying HarmScroll,44,50,0.88,0.80,1.00,0.67,1.00,1.00,1.00,1.00,1.00,1.00,1.00,anybody's work,1.00,3,3,,,,band,6,,,room,0.67
2026-09-18,12:04:53,2026-09-18_12-02,Ulric,forge,off to a forge,1116,866,0.99,0.99,1.00,0.97,1.00,1.00,1.00,1.00,1.00,1.00,1.30,its own trade,1.00,5,5,,,,sew,595,dropped,sew,room,0.97
2026-09-18,12:07:14,2026-09-18_12-07,Harlan,acquire,asking for MindBlastScroll at 52gp,114,121,0.94,1.00,1.00,0.73,1.00,1.00,1.00,1.00,1.00,1.00,1.00,anybody's work,1.00,4,4,,,,brew,106,,,room,0.73
2026-09-18,12:09:23,2026-09-18_12-07,Rhiannon,herbs,"out to the woods near (1318, 1490, 0)",30,33,0.93,0.72,1.00,0.95,1.00,1.00,1.00,1.00,1.00,1.00,1.00,anybody's work,1.00,3,3,,,,restock,12,,,near,0.72
2026-09-18,12:11:52,2026-09-18_12-07,Edda Ashdown,acquire,buying LightningScroll off the market,13,14,0.97,1.00,1.00,0.86,1.00,1.00,1.00,1.00,1.00,1.00,1.00,anybody's work,1.00,3,3,,,,restock,12,,,room,0.86
2026-09-18,12:14:42,2026-09-18_12-07,Marek,restock,after 25 Nightshade,11,12,0.94,1.00,0.74,1.00,1.00,1.00,1.00,1.00,1.00,1.00,1.00,anybody's work,1.00,2,2,,,,housecall,8,,,new,0.74
2026-09-18,12:17:28,2026-09-18_12-07,Hale Ashdown,acquire,buying WeakenScroll,1,1,0.77,0.99,0.29,0.97,1.00,1.00,1.00,1.00,1.00,1.00,1.00,anybody's work,1.00,1,2,prowl,expected-nothing,"is expected to pay -25.7/min here, against a claim of 2.8",,,,,new,0.29
2026-09-18,12:19:56,2026-09-18_12-07,Rhiannon,homeward,going home,4,5,0.88,0.86,0.63,0.98,1.00,1.00,1.00,1.00,1.00,1.00,1.00,anybody's work,1.00,1,1,,,,,,,,new,0.63
2026-09-18,12:22:00,2026-09-18_12-07,Bryn Ashdown,acquire,buying CureScroll,15,18,0.83,0.99,0.41,0.97,1.00,1.00,1.00,1.00,1.00,1.00,1.00,anybody's work,1.00,3,4,prowl,expected-nothing,"is expected to pay -21.0/min here, against a claim of 17.1",restock,12,,,new,0.41
2026-09-18,12:23:47,2026-09-18_12-07,Delwyn,hunt,after Etakheki,280,221,0.98,0.92,1.00,0.95,1.00,1.00,1.00,1.00,1.00,1.00,1.30,its own trade,1.00,2,3,band,expected-nothing,"is expected to pay -2.6/min here, against a claim of 7.5",unload,11,,,near,0.92
2026-09-18,12:26:18,2026-09-18_12-07,Vance,mine,digging ShadowIronOre (0 swings),118,90,1.01,0.86,0.67,0.86,1.00,1.00,1.00,3.00,0.70,1.00,1.30,its own trade,1.00,3,4,prowl,expected-nothing,"is expected to pay -86.5/min here, against a claim of 4.7",herbs,29,,,new,0.67
2026-09-18,12:28:52,2026-09-18_12-07,Edda Ashdown,prowl,"looking for a fight near (1017, 1921, 0)",2,3,0.72,0.46,1.00,0.83,1.00,0.50,1.00,1.00,1.00,1.00,1.00,anybody's work,1.00,1,2,acquire,outlay,costs 22gp and it has 11gp,,,,,near,0.46
2026-09-18,12:31:32,2026-09-18_12-07,Wynn,unload,taking a full pack to the counter,9,10,0.90,0.83,0.85,0.86,1.00,1.00,1.00,1.00,1.00,1.00,1.00,anybody's work,1.00,1,2,prowl,expected-nothing,"is expected to pay -26.0/min here, against a claim of 2.0",,,,,near,0.83
2026-09-18,12:34:58,2026-09-18_12-07,Isolde,hunt,after a panther,222,176,0.97,0.91,1.00,0.94,1.00,1.00,1.00,1.00,1.00,1.00,1.30,its own trade,1.00,1,1,,,,,,,,near,0.91
2026-09-18,12:38:27,2026-09-18_12-07,Hale Ashdown,hunt,after Yonkathu,62,50,0.97,0.92,1.00,0.91,1.00,1.00,1.00,1.00,1.00,1.00,1.30,its own trade,1.00,3,3,,,,peddle,47,,,room,0.91
2026-09-18,12:42:28,2026-09-18_12-07,Joss,prowl,"looking for a fight near (1481, 1969, 0)",2,3,0.85,0.52,1.00,0.84,1.00,1.00,1.00,1.00,1.00,1.00,1.00,anybody's work,1.00,1,1,,,,,,,,near,0.52
2026-09-18,12:44:50,2026-09-18_12-07,Emeric,fletch,after 20 Log for arrows,315,242,1.00,1.00,1.00,1.00,1.00,1.00,1.00,1.00,1.00,1.00,1.30,its own trade,1.00,3,4,prowl,expected-nothing,"is expected to pay -26.0/min here, against a claim of 2.0",sew,240,,,none,1.00
2026-09-18,12:47:34,2026-09-18_12-07,Delwyn,prowl,"looking for a fight near (1521, 1119, 0)",3,4,0.79,0.38,1.00,0.81,1.00,1.00,1.00,1.00,1.00,1.00,1.00,anybody's work,1.00,1,1,,,,,,,,near,0.38
2026-09-18,12:51:00,2026-09-18_12-07,Perri Ashdown,band,calling a company against a wisp,2,3,0.97,0.87,1.00,1.00,1.00,1.00,1.00,1.00,1.00,1.00,1.00,anybody's work,1.00,2,2,,,,prowl,1,met,prowl,near,0.87
2026-09-18,12:54:30,2026-09-18_12-07,Harlan,homeward,going home,4,5,0.89,0.88,0.54,0.97,1.00,1.00,1.00,1.00,1.25,1.00,1.00,anybody's work,1.00,1,2,acquire,outlay,costs 63gp and it has 8gp,,,,,new,0.54
2026-09-18,12:57:34,2026-09-18_12-57,Delwyn,acquire,buying HarmScroll,119,147,0.81,0.80,1.00,0.44,1.00,1.00,1.00,1.00,1.00,1.00,1.00,anybody's work,1.00,2,2,,,,prowl,4,,,room,0.44
2026-09-18,12:59:28,2026-09-18_12-57,Bryn Ashdown,prowl,"looking for a fight near (1846, 1400, 0)",3,4,0.77,0.39,1.00,0.80,1.00,0.88,1.00,1.00,1.00,1.00,1.00,anybody's work,1.00,2,3,restock,outlay,costs 75gp and it has 66gp,acquire,2,,,near,0.39
2026-09-18,13:02:00,2026-09-18_12-57,Hollis,acquire,buying HarmScroll off the market,41,45,0.92,1.00,0.74,0.91,1.00,1.00,1.00,1.00,1.00,1.00,1.00,anybody's work,1.00,1,2,prowl,expected-nothing,"is expected to pay -10.2/min here, against a claim of 13.7",,,,,new,0.74
2026-09-18,13:04:40,2026-09-18_12-57,Bryn Ashdown,unload,taking a full pack to the counter,14,16,0.85,0.46,1.00,0.94,1.00,1.00,1.00,1.00,1.00,1.00,1.00,anybody's work,1.00,4,5,prowl,expected-nothing,"is expected to pay -34.2/min here, against a claim of 4.1",restock,12,,,near,0.46
2026-09-18,13:08:23,2026-09-18_12-57,Calla Ashdown,restock,after 8 Nightshade,12,12,1.00,1.00,1.00,1.00,1.00,1.00,1.00,1.00,1.00,1.00,1.00,anybody's work,1.00,2,3,prowl,expected-nothing,"is expected to pay -1.3/min here, against a claim of 27.3",acquire,4,,,none,1.00
2026-09-18,13:10:55,2026-09-18_12-57,Ivo,restock,after 1 MortarPestle,11,12,0.94,0.99,0.76,1.00,1.00,1.00,1.00,1.00,1.00,1.00,1.00,anybody's work,1.00,1,1,,,,,,,,new,0.76
2026-09-18,13:12:43,2026-09-18_12-57,Piers,restock,after 17 Ginseng,10,12,0.87,1.00,0.49,1.00,1.00,1.00,1.00,1.00,1.00,1.00,1.00,anybody's work,1.00,1,1,,,,,,,,new,0.49
2026-09-18,13:14:50,2026-09-18_12-57,Jarek,peddle,taking 1 Thigh Boots to Athena,158,178,0.89,0.41,1.00,0.91,1.00,1.00,1.00,1.00,1.00,1.50,1.00,anybody's work,1.00,2,3,prowl,expected-nothing,"is expected to pay -25.3/min here, against a claim of 4.0",glean,2,,,near,0.41
2026-09-18,13:17:16,2026-09-18_12-57,Ivo,housecall,going to where Yarrow was fighting,8,8,0.97,0.85,1.00,0.99,1.00,1.00,1.00,1.00,1.00,1.00,1.00,anybody's work,1.00,1,1,,,,,,,,near,0.85
2026-09-18,13:19:49,2026-09-18_12-57,Selwyn,acquire,buying HarmScroll off the market,12,12,1.00,1.00,1.00,0.99,1.00,1.00,1.00,1.00,1.00,1.00,1.00,anybody's work,1.00,1,2,prowl,expected-nothing,"is expected to pay -22.7/min here, against a claim of 12.0",,,,,room,0.99
2026-09-18,13:23:06,2026-09-18_12-57,Alden Ashdown,acquire,buying BlessScroll,3,4,0.75,0.38,0.63,0.98,1.00,1.00,1.00,1.00,1.00,1.00,1.00,anybody's work,1.00,1,2,prowl,expected-nothing,"is expected to pay -25.1/min here, against a claim of 4.7",,,,,near,0.38
2026-09-18,13:26:03,2026-09-18_13-25,Alden Ashdown,supply,to Delano for 20 SulfurousAsh,249,260,0.96,0.81,1.00,1.00,1.00,1.00,1.00,1.00,1.00,1.00,1.00,anybody's work,1.00,5,6,band,expected-nothing,"is expected to pay -5.8/min here, against a claim of 7.5",acquire,56,,,near,0.81
2026-09-18,13:28:24,2026-09-18_13-25,Ysolt,brew,"brewing (0 attempts, 0 made)",286,224,0.98,1.00,1.00,0.91,1.00,1.00,1.00,1.00,1.00,1.00,1.30,its own trade,1.00,7,7,,,,order,282,,,room,0.91
2026-09-18,13:30:40,2026-09-18_13-25,Edda Ashdown,restock,after 25 SpidersSilk,12,12,1.00,1.00,1.00,0.99,1.00,1.00,1.00,1.00,1.00,1.00,1.00,anybody's work,1.00,1,2,prowl,expected-nothing,"is expected to pay -26.1/min here, against a claim of 4.1",,,,,room,0.99
2026-09-18,13:33:44,2026-09-18_13-33,Elspeth,inscribe,after paper,165,134,0.95,0.91,1.00,0.86,1.00,1.00,1.00,1.00,1.00,1.00,1.30,its own trade,1.00,6,6,,,,brew,124,,,room,0.86
2026-09-18,13:36:24,2026-09-18_13-33,Fenna,unload,taking a full pack to the counter,54,64,0.84,0.43,1.00,0.99,1.00,1.00,1.00,1.00,1.00,1.00,1.00,anybody's work,1.00,3,3,,,,rescue,41,,,near,0.43
2026-09-18,13:39:35,2026-09-18_13-33,Emeric,sew,after Leather,266,205,1.00,1.00,1.00,1.00,1.00,1.00,1.00,1.00,1.00,1.00,1.30,its own trade,1.00,4,4,,,,mine,78,,,none,1.00
2026-09-18,13:43:32,2026-09-18_13-33,Leofric,restock,after 25 Nightshade,11,12,0.94,1.00,0.74,0.98,1.00,1.00,1.00,1.00,1.00,1.00,1.00,anybody's work,1.00,2,2,,,,forage,10,,,new,0.74
2026-09-18,13:46:23,2026-09-18_13-33,Calla Ashdown,restock,after 30 MandrakeRoot,9,12,0.74,1.00,0.22,0.99,1.00,1.00,1.00,1.00,1.00,1.00,1.00,anybody's work,1.00,1,1,,,,,,,,new,0.22
2026-09-18,13:48:37,2026-09-18_13-33,Jorunn,peddle,taking 15 Lesser Cure Potion to Vaughn,297,332,0.89,0.99,0.60,0.96,1.00,1.00,1.00,1.00,1.00,1.00,1.00,anybody's work,1.00,3,3,,,,unload,37,,,new,0.60
2026-09-18,13:51:03,2026-09-18_13-33,Alaric,fletch,after 20 Log for arrows,1224,868,1.08,1.00,1.00,1.00,1.00,1.00,1.00,1.00,1.00,1.50,1.30,its own trade,1.00,8,8,,,,sew,603,,,none,1.00
2026-09-18,13:54:17,2026-09-18_13-33,Talia,hunt,after Zunuguk,347,273,0.98,0.90,1.00,0.99,1.00,1.00,1.00,1.00,1.00,1.00,1.30,its own trade,1.00,1,2,restock,outlay,costs 90gp and it has 49gp,,,,,near,0.90
2026-09-18,13:57:24,2026-09-18_13-33,Merrick,mine,digging CopperOre (0 swings),73,59,0.95,0.88,1.00,0.86,1.00,1.00,1.00,1.00,1.00,1.00,1.30,its own trade,1.00,2,3,prowl,expected-nothing,"is expected to pay -11.0/min here, against a claim of 2.0",forage,6,,,room,0.86
2026-09-18,14:01:03,2026-09-18_13-33,Jarek,prowl,"looking for a fight near (1661, 1408, 0)",5,6,0.83,0.51,1.00,0.78,1.00,1.00,1.00,1.00,1.00,1.00,1.00,anybody's work,1.00,1,1,,,,,,,,near,0.51
2026-09-18,14:03:10,2026-09-18_14-02,Ronan,acquire,buying HarmScroll,1,2,0.87,0.99,0.59,0.87,1.00,1.00,1.00,1.00,1.00,1.00,1.00,anybody's work,1.00,1,2,prowl,expected-nothing,"is expected to pay -23.7/min here, against a claim of 2.0",,,,,new,0.59
2026-09-18,14:05:36,2026-09-18_14-02,Perri Ashdown,prowl,"looking for a fight near (1314, 1520, 0)",5,7,0.83,0.49,1.00,0.78,1.00,1.00,1.00,1.00,1.00,1.00,1.00,anybody's work,1.00,1,1,,,,,,,,near,0.49
2026-09-18,14:08:43,2026-09-18_14-02,Corwin,unload,taking a full pack to the counter,13,15,0.92,0.67,1.00,0.98,1.00,1.00,1.00,1.00,1.00,1.00,1.00,anybody's work,1.00,2,2,,,,prowl,11,,,near,0.67
2026-09-18,14:12:31,2026-09-18_14-02,Fendrel,prowl,"looking for a fight near (1848, 1486, 0)",0,0,0.48,0.40,1.00,0.66,1.00,0.10,1.00,1.00,1.00,1.00,1.00,anybody's work,1.00,1,4,restock,outlay,costs 125gp and it has 10gp,,,,,purse,0.10
2026-09-18,14:15:15,2026-09-18_14-02,Jorunn,acquire,asking for MindBlastScroll at 52gp,157,164,0.96,1.00,0.82,0.99,1.00,1.00,1.00,1.00,1.00,1.00,1.00,anybody's work,1.00,2,2,,,,restock,12,,,new,0.82
2026-09-18,14:16:54,2026-09-18_14-02,Ysolt,restock,after 25 SulfurousAsh,11,12,0.94,0.99,0.74,0.99,1.00,1.00,1.00,1.00,1.00,1.00,1.00,anybody's work,1.00,3,3,,,,unload,11,,,new,0.74
2026-09-18,14:19:00,2026-09-18_14-02,Ysolt,peddle,taking 25 Black Pearl to Raoul,145,168,0.86,0.99,0.51,0.95,1.00,1.00,1.00,1.00,1.00,1.00,1.00,anybody's work,1.00,3,3,,,,restock,12,,,new,0.51
2026-09-18,14:21:21,2026-09-18_14-02,Hale,sew,after Leather,369,302,0.94,1.00,0.74,0.99,1.00,1.00,1.00,1.00,1.00,1.00,1.30,its own trade,1.00,4,4,,,,mine,82,,,new,0.74
2026-09-18,14:23:56,2026-09-18_14-02,Calla Ashdown,prowl,"looking for a fight near (1056, 1952, 0)",14,18,0.77,0.47,0.75,0.77,1.00,1.00,1.00,1.00,1.00,1.00,1.00,anybody's work,1.00,2,2,,,,restock,12,,,near,0.47
2026-09-18,14:26:34,2026-09-18_14-02,Dain,brew,after 20 Bottle to brew with,240,198,0.93,1.00,0.74,0.95,1.00,1.00,1.00,1.00,1.00,1.00,1.30,its own trade,1.00,4,4,,,,peddle,228,,,new,0.74
2026-09-18,14:28:47,2026-09-18_14-02,Faron Ashdown,reclaim,going back for its own things,1,2,0.87,0.48,1.00,1.00,1.00,1.00,1.00,1.00,1.00,1.00,1.00,anybody's work,1.00,1,1,,,,,,,,near,0.48
2026-09-18,14:31:37,2026-09-18_14-02,Harlan,restock,after 24 Garlic,9,12,0.76,0.99,0.27,0.97,1.00,1.00,1.00,1.00,1.00,1.00,1.00,anybody's work,1.00,1,1,,,,,,,,new,0.27
2026-09-18,14:35:49,2026-09-18_14-35,Talia,brew,"brewing (0 attempts, 0 made)",128,99,1.00,1.00,1.00,0.98,1.00,1.00,1.00,1.00,1.00,1.00,1.30,its own trade,1.00,5,7,prowl,expected-nothing,"is expected to pay -10.7/min here, against a claim of 6.1",inscribe,122,,,room,0.98
2026-09-18,14:38:14,2026-09-18_14-35,Kelda,prowl,"looking for a fight near (1477, 1348, 0)",1,2,0.81,0.39,1.00,0.93,1.00,1.00,1.00,1.00,1.00,1.00,1.00,anybody's work,1.00,1,1,,,,,,,,near,0.39
2026-09-18,14:40:38,2026-09-18_14-35,Orin Ashdown,hunt,after a mongbat,195,154,0.98,0.95,1.00,0.93,1.00,1.00,1.00,1.00,1.00,1.00,1.30,its own trade,1.00,3,4,band,expected-nothing,"is expected to pay -3.1/min here, against a claim of 7.5",acquire,27,,,room,0.93
2026-09-18,14:42:57,2026-09-18_14-35,Joss Ashdown,order,ordering 1 LeatherChest,278,278,1.00,1.00,1.00,1.00,1.00,1.00,1.00,1.00,1.00,1.00,1.00,anybody's work,1.00,2,3,prowl,expected-nothing,"is expected to pay -32.4/min here, against a claim of 9.6",acquire,2,,,none,1.00
2026-09-18,14:45:22,2026-09-18_14-35,Ilsa,restock,after 13 SulfurousAsh,10,12,0.87,1.00,0.50,1.00,1.00,1.00,1.00,1.00,1.00,1.00,1.00,anybody's work,1.00,2,2,,,,prowl,4,,,new,0.50
2026-09-18,14:47:49,2026-09-18_14-35,Gwendra,homeward,going home,5,5,0.93,0.75,0.77,0.98,1.00,1.00,1.00,1.00,1.25,1.00,1.00,anybody's work,1.00,1,4,restock,outlay,costs 125gp and it has 17gp,,,,,near,0.75
2026-09-18,14:49:55,2026-09-18_14-35,Wystan,prowl,"looking for a fight near (992, 1952, 0)",5,8,0.60,0.67,1.00,0.76,1.00,0.16,1.00,1.00,1.00,1.00,1.00,anybody's work,1.00,1,2,restock,outlay,costs 75gp and it has 12gp,,,,,purse,0.16
2026-09-18,14:52:01,2026-09-18_14-35,Gwendra,brew,after 20 Bottle to brew with,69,51,1.05,1.00,1.00,1.00,1.00,1.00,1.00,1.00,1.25,1.00,1.30,its own trade,1.00,5,5,,,,restock,13,,,none,1.00
2026-09-18,14:54:16,2026-09-18_14-35,Kerrin Ashdown,supply,to Akello for 16 LesserHealPotion,237,260,0.91,0.64,1.00,0.99,1.00,1.00,1.00,1.00,1.00,1.00,1.00,anybody's work,1.00,4,4,,,,peddle,118,,,near,0.64
2026-09-18,14:56:58,2026-09-18_14-35,Joss,reclaim,going back for its own things,37,49,0.76,0.25,1.00,1.00,1.00,1.00,1.00,1.00,1.00,1.00,1.00,anybody's work,1.00,2,3,band,expected-nothing,"is expected to pay -5.8/min here, against a claim of 7.5",restock,11,,,near,0.25
2026-09-18,14:59:18,2026-09-18_14-35,Aric,prowl,"looking for a fight near (1312, 1312, 0)",1,1,0.82,0.47,1.00,0.80,1.00,1.00,1.00,1.00,1.00,1.00,1.00,anybody's work,1.00,1,1,,,,,,,,near,0.47
2026-09-18,15:01:46,2026-09-18_14-35,Selwyn,hunt,after a hind,64,51,0.98,0.90,1.00,0.99,1.00,1.00,1.00,1.00,1.00,1.00,1.30,its own trade,1.00,2,2,,,,unload,15,,,near,0.90
2026-09-18,15:04:38,2026-09-18_14-35,Vesna,prowl,"looking for a fight near (1312, 1312, 0)",2,3,0.73,0.47,1.00,0.81,1.00,0.56,1.00,1.00,1.00,1.00,1.00,anybody's work,1.00,1,3,restock,outlay,costs 135gp and it has 75gp,,,,,near,0.47
2026-09-18,15:10:31,2026-09-18_14-35,Piers,restock,after 19 SulfurousAsh,12,12,0.98,1.00,0.90,0.99,1.00,1.00,1.00,1.00,1.00,1.00,1.00,anybody's work,1.00,1,1,,,,,,,,new,0.90
2026-09-18,15:12:54,2026-09-18_14-35,Merrick Ashdown,prowl,"looking for a fight near (1700, 1351, 0)",2,3,0.83,0.49,1.00,0.80,1.00,1.00,1.00,1.00,1.00,1.00,1.00,anybody's work,1.00,1,3,glean,expected-nothing,"is expected to pay -16.5/min here, against a claim of 6.7",,,,,near,0.49
2026-09-18,15:15:29,2026-09-18_14-35,Selwyn,prowl,"looking for a fight near (1732, 1034, 0)",1,1,0.80,0.42,1.00,0.80,1.00,1.00,1.00,1.00,1.00,1.00,1.00,anybody's work,1.00,1,2,band,expected-nothing,"is expected to pay -6.1/min here, against a claim of 7.5",,,,,near,0.42
2026-09-18,15:17:14,2026-09-18_15-16,Ulwin,inscribe,after paper,306,256,0.92,0.91,0.74,0.98,1.00,1.00,1.00,1.00,1.00,1.00,1.30,its own trade,1.00,7,8,band,expected-nothing,"is expected to pay -5.8/min here, against a claim of 7.5",brew,115,,,new,0.74
2026-09-18,15:20:08,2026-09-18_15-16,Cassia,herbs,"out to the woods near (1247, 1529, 0)",40,45,0.90,0.65,1.00,0.93,1.00,1.00,1.00,1.00,1.00,1.00,1.00,anybody's work,1.00,4,4,,,,acquire,21,,,near,0.65
2026-09-18,15:22:30,2026-09-18_15-16,Nyla,homeward,going home,5,5,0.96,0.83,1.00,0.98,1.00,1.00,1.00,1.00,1.00,1.00,1.00,anybody's work,1.00,1,3,restock,outlay,costs 125gp and it has 17gp,,,,,near,0.83
2026-09-18,15:25:45,2026-09-18_15-16,Talia,homeward,going home,5,5,0.97,0.77,1.00,0.92,1.00,1.00,1.00,1.00,1.25,1.00,1.00,anybody's work,1.00,1,5,restock,outlay,costs 125gp and it has 8gp,,,,,near,0.77
2026-09-18,15:29:26,2026-09-18_15-16,Nyla,restock,after 16 Ginseng,10,12,0.84,1.00,0.42,1.00,1.00,1.00,1.00,1.00,1.00,1.00,1.00,anybody's work,1.00,1,1,,,,,,,,new,0.42
2026-09-18,15:31:13,2026-09-18_15-16,Leofric,restock,after 25 BlackPearl,12,12,1.00,1.00,1.00,0.99,1.00,1.00,1.00,1.00,1.00,1.00,1.00,anybody's work,1.00,1,1,,,,,,,,room,0.99
2026-09-18,15:33:14,2026-09-18_15-33,Nessa Ashdown,acquire,buying HarmScroll,36,41,0.89,0.79,1.00,0.70,1.00,1.00,1.00,1.00,1.00,1.00,1.00,anybody's work,1.00,2,3,band,expected-nothing,"is expected to pay -5.8/min here, against a claim of 7.5",prowl,6,,,room,0.70
2026-09-18,15:35:35,2026-09-18_15-33,Gerda Ashdown,prowl,"looking for a fight near (1812, 1269, 0)",6,9,0.69,0.48,1.00,0.97,1.00,0.33,1.00,1.00,1.00,1.00,1.00,anybody's work,1.00,1,3,restock,outlay,costs 125gp and it has 41gp,,,,,purse,0.33
2026-09-18,15:38:09,2026-09-18_15-33,Pell,order,ordering 1 LeatherSkirt,226,226,1.00,1.00,1.00,1.00,1.00,1.00,1.00,1.00,1.00,1.00,1.00,anybody's work,1.00,3,3,,,,acquire,5,,,none,1.00
2026-09-18,15:40:54,2026-09-18_15-33,Ronan,prowl,"looking for a fight near (1312, 1504, 0)",7,8,0.89,0.75,1.00,0.74,1.00,1.00,1.00,1.00,1.00,1.00,1.00,anybody's work,1.00,1,1,,,,,,,,room,0.74
2026-09-18,15:44:09,2026-09-18_15-33,Edda Ashdown,prowl,"looking for a fight near (1271, 1419, 0)",0,1,0.65,0.60,1.00,0.68,1.00,0.28,1.00,1.00,1.00,1.00,1.00,anybody's work,1.00,1,2,restock,outlay,costs 60gp and it has 17gp,,,,,purse,0.28
2026-09-18,15:46:32,2026-09-18_15-33,Gwendra,brew,after 20 Bottle to brew with,178,138,0.99,1.00,1.00,0.97,1.00,1.00,1.00,1.00,1.00,1.00,1.30,its own trade,1.00,5,6,drill-in,expected-nothing,"is expected to pay -2.3/min here, against a claim of 66.0",acquire,143,,,room,0.97
2026-09-18,15:48:39,2026-09-18_15-33,Maeve,prowl,"looking for a fight near (1316, 1456, 0)",1,1,0.91,0.82,1.00,0.77,1.00,1.00,1.00,1.00,1.00,1.00,1.00,anybody's work,1.00,1,2,glean,expected-nothing,"is expected to pay -15.6/min here, against a claim of 9.3",,,,,room,0.77
2026-09-18,15:50:43,2026-09-18_15-33,Faron Ashdown,supply,to Delano for 20 SulfurousAsh,242,260,0.93,0.69,1.00,1.00,1.00,1.00,1.00,1.00,1.00,1.00,1.00,anybody's work,1.00,5,5,,,,peddle,157,,,near,0.69
2026-09-18,15:53:12,2026-09-18_15-33,Nyla,restock,after 24 Garlic,9,12,0.74,0.99,0.23,0.96,1.00,1.00,1.00,1.00,1.00,1.00,1.00,anybody's work,1.00,1,1,,,,,,,,new,0.23
2026-09-18,15:56:10,2026-09-18_15-33,Otho,peddle,taking 7 Lesser Heal Potion to Vaughn,252,319,0.79,0.99,0.33,0.94,1.00,1.00,1.00,1.00,1.00,1.00,1.00,anybody's work,1.00,2,2,,,,restock,9,,,new,0.33
2026-09-18,15:58:55,2026-09-18_15-33,Ulwin,peddle,taking 16 Magic Arrow Scroll to Alim,111,138,0.80,1.00,0.35,0.96,1.00,1.00,1.00,1.00,1.00,1.00,1.00,anybody's work,1.00,3,3,,,,unload,12,,,new,0.35
2026-09-18,16:01:27,2026-09-18_15-33,Aric,prowl,"looking for a fight near (1885, 1216, 0)",6,7,0.79,0.39,1.00,0.80,1.00,1.00,1.00,1.00,1.00,1.00,1.00,anybody's work,1.00,1,1,,,,,,,,near,0.39
2026-09-18,16:05:42,2026-09-18_15-33,Quill,peddle,taking 20 Iron Ingot to Like,176,217,0.81,0.85,0.42,0.99,1.00,1.00,1.00,1.00,1.00,1.00,1.00,anybody's work,1.00,3,3,,,,mine,80,,,new,0.42
2026-09-18,16:09:18,2026-09-18_15-33,Vesna,mend,"mending itself (0 casts, 0 bandages, 0 bottles)",7,12,1.00,1.00,1.00,1.00,1.00,1.00,1.00,1.00,1.00,1.00,0.60,another's trade,1.00,1,1,,,,,,,,none,1.00
2026-09-18,16:11:52,2026-09-18_15-33,Ysolt,restock,after 3 Garlic,8,12,0.64,1.00,0.64,0.98,1.00,0.17,1.00,1.00,1.00,1.00,1.00,anybody's work,1.00,1,3,inscribe,outlay,costs 100gp and it has 17gp,,,,,purse,0.17
2026-09-18,16:15:02,2026-09-18_15-33,Alden Ashdown,supply,to Alim for 16 LesserHealPotion,220,260,0.85,0.44,1.00,0.99,1.00,1.00,1.00,1.00,1.00,1.00,1.00,anybody's work,1.00,2,2,,,,hunt,200,,,near,0.44
2026-09-18,16:18:07,2026-09-18_15-33,Vesna,restock,after 25 BlackPearl,12,12,0.96,1.00,0.83,1.00,1.00,1.00,1.00,1.00,1.00,1.00,1.00,anybody's work,1.00,2,3,band,expected-nothing,"is expected to pay -15.7/min here, against a claim of 14.2",prowl,1,,,new,0.83
2026-09-18,16:21:24,2026-09-18_15-33,Delwyn,hunt,after a sheep,80,64,0.97,0.90,1.00,0.95,1.00,1.00,1.00,1.00,1.00,1.00,1.30,its own trade,1.00,1,1,,,,,,,,near,0.90
2026-09-18,16:24:25,2026-09-18_15-33,Otho,restock,after 20 SulfurousAsh,11,12,0.94,1.00,0.74,0.98,1.00,1.00,1.00,1.00,1.00,1.00,1.00,anybody's work,1.00,1,1,,,,,,,,new,0.74
2026-09-18,16:26:52,2026-09-18_15-33,Faron Ashdown,peddle,taking 1 Candle to Hanne,98,106,0.92,0.99,0.74,0.91,1.00,1.00,1.00,1.00,1.00,1.00,1.00,anybody's work,1.00,2,3,restock,outlay,costs 40gp and it has 29gp,prowl,2,,,new,0.74
2026-09-18,16:29:43,2026-09-18_15-33,Doran Ashdown,unload,taking a full pack to the counter,5,6,0.84,0.64,0.77,0.86,1.00,1.00,1.00,1.00,1.00,1.00,1.00,anybody's work,1.00,2,2,,,,prowl,0,,,near,0.64
2026-09-18,16:32:55,2026-09-18_15-33,Torvin,unload,taking a full pack to the counter,11,14,0.79,0.50,0.64,0.94,1.00,1.00,1.00,1.00,1.00,1.00,1.00,anybody's work,1.00,3,3,,,,restock,11,,,near,0.50
2026-09-18,16:38:06,2026-09-18_15-33,Otho,homeward,going home,5,5,0.96,0.79,0.82,0.99,1.00,1.00,1.00,1.00,1.25,1.00,1.00,anybody's work,1.00,1,2,restock,outlay,costs 69gp and it has 35gp,,,,,near,0.79
2026-09-18,16:40:05,2026-09-18_15-33,Leofric,brew,after 20 Bottle to brew with,70,54,0.99,1.00,1.00,0.96,1.00,1.00,1.00,1.00,1.00,1.00,1.30,its own trade,1.00,3,3,,,,acquire,13,,,room,0.96
2026-09-18,16:42:07,2026-09-18_15-33,Nessa Ashdown,unload,taking a full pack to the counter,7,8,0.92,0.70,1.00,0.92,1.00,1.00,1.00,1.00,1.00,1.00,1.00,anybody's work,1.00,2,2,,,,prowl,1,,,near,0.70
2026-09-18,16:44:20,2026-09-18_15-33,Ulric,peddle,taking 35 Iron Ingot to Like,79,78,1.01,0.85,0.83,0.98,1.00,1.00,1.00,1.00,1.00,1.50,1.00,anybody's work,1.00,5,6,prowl,expected-nothing,"is expected to pay -33.8/min here, against a claim of 2.0",mine,33,,,new,0.83
2026-09-18,16:46:46,2026-09-18_15-33,Gerda Ashdown,prowl,"looking for a fight near (1722, 1267, 0)",2,3,0.73,0.41,0.73,0.68,1.00,1.00,1.00,1.00,1.00,1.00,1.00,anybody's work,1.00,1,1,,,,,,,,near,0.41
2026-09-18,16:49:30,2026-09-18_15-33,Calla Ashdown,prowl,"looking for a fight near (1665, 1378, 0)",1,1,0.74,0.38,0.93,0.64,1.00,1.00,1.00,1.00,1.00,1.00,1.00,anybody's work,1.00,1,1,,,,,,,,near,0.38
2026-09-18,16:52:15,2026-09-18_15-33,Alaric,mine,digging IronOre (0 swings),36,32,0.86,0.81,0.68,0.86,1.00,1.00,1.00,1.00,1.00,1.00,1.30,its own trade,1.00,5,5,,,,unload,16,,,new,0.68
2026-09-18,16:54:48,2026-09-18_15-33,Talia,restock,after 60 BlackPearl,11,12,0.89,0.53,0.85,1.00,1.00,1.00,1.00,1.00,1.25,1.00,1.00,anybody's work,1.00,1,2,prowl,expected-nothing,"is expected to pay -18.0/min here, against a claim of 2.0",,,,,near,0.53
2026-09-18,16:57:17,2026-09-18_15-33,Joss Ashdown,prowl,"looking for a fight near (1704, 1302, 0)",5,6,0.79,0.43,0.99,0.70,1.00,1.00,1.00,1.00,1.00,1.00,1.00,anybody's work,1.00,1,1,,,,,,,,near,0.43
2026-09-18,16:59:55,2026-09-18_15-33,Torvin,mine,digging CopperOre (0 swings),12,11,0.77,0.92,0.35,0.85,1.00,1.00,1.00,1.00,1.00,1.00,1.30,its own trade,1.00,2,3,prowl,expected-nothing,"is expected to pay -10.9/min here, against a claim of 2.4",unload,7,,,new,0.35
2026-09-18,17:02:38,2026-09-18_15-33,Aric,prowl,"looking for a fight near (1914, 1195, 0)",2,3,0.78,0.41,1.00,0.69,1.00,1.00,1.00,1.00,1.00,1.00,1.00,anybody's work,1.00,1,2,unload,expected-nothing,"is expected to pay -4.5/min here, against a claim of 8.1",,,,,near,0.41
2026-09-18,17:06:12,2026-09-18_17-05,Piers,brew,after 20 Bottle to brew with,304,254,0.92,1.00,0.74,0.90,1.00,1.00,1.00,1.00,1.00,1.00,1.30,its own trade,1.00,6,6,,,,acquire,142,,,new,0.74
2026-09-18,17:08:16,2026-09-18_17-05,Doran Ashdown,acquire,buying FireballScroll,64,74,0.87,0.99,0.60,0.84,1.00,1.00,1.00,1.00,1.00,1.00,1.00,anybody's work,1.00,3,4,drill-in,expected-nothing,"is expected to pay -2.3/min here, against a claim of 66.0",restock,12,,,new,0.60
2026-09-18,17:10:54,2026-09-18_17-05,Isolde,prowl,"looking for a fight near (1361, 1445, 10)",6,7,0.90,0.79,1.00,0.75,1.00,1.00,1.00,1.00,1.00,1.00,1.00,anybody's work,1.00,1,2,band,expected-nothing,"is expected to pay -17.9/min here, against a claim of 7.5",,,,,room,0.75
2026-09-18,17:13:14,2026-09-18_17-13,Joss,hunt,after a zombie,133,105,0.97,0.90,1.00,0.97,1.00,1.00,1.00,1.00,1.00,1.00,1.30,its own trade,1.00,1,2,band,expected-nothing,"is expected to pay -17.9/min here, against a claim of 7.5",,,,,near,0.90
2026-09-18,17:15:47,2026-09-18_17-13,Quill,order,ordering 1 LeatherBustierArms,286,286,1.00,1.00,1.00,1.00,1.00,1.00,1.00,1.00,1.00,1.00,1.00,anybody's work,1.00,4,4,,,,mine,41,,,none,1.00
2026-09-18,17:18:58,2026-09-18_17-13,Cassia,prowl,"looking for a fight near (1584, 1892, 0)",2,4,0.49,0.39,1.00,0.70,1.00,0.10,1.00,1.00,1.00,1.00,1.00,anybody's work,1.00,1,3,restock,outlay,costs 51gp and it has 0gp,,,,,purse,0.10
2026-09-18,17:22:08,2026-09-18_17-13,Oswin,acquire,buying HarmScroll,11,13,0.86,0.69,0.49,0.92,1.00,1.00,1.00,1.00,1.00,1.50,1.00,anybody's work,1.00,2,2,,,,prowl,1,,,new,0.49
2026-09-18,17:25:13,2026-09-18_17-13,Lorcan,prowl,"looking for a fight near (1658, 1319, 0)",3,3,0.86,0.70,1.00,0.68,1.00,1.00,1.00,1.00,1.00,1.00,1.00,anybody's work,1.00,1,1,,,,,,,,room,0.68
2026-09-18,17:27:31,2026-09-18_17-13,Vesna,restock,after 1 ScribesPen,10,12,0.84,0.99,0.29,0.98,1.00,1.00,1.00,1.00,1.00,1.50,1.00,anybody's work,1.00,1,2,prowl,expected-nothing,"is expected to pay -21.9/min here, against a claim of 2.0",,,,,new,0.29
2026-09-18,17:29:36,2026-09-18_17-27,Joss Ashdown,hunt,after Zurpigig,96,76,0.98,0.90,1.00,0.98,1.00,1.00,1.00,1.00,1.00,1.00,1.30,its own trade,1.00,2,2,,,,acquire,41,,,near,0.90
2026-09-18,17:32:05,2026-09-18_17-27,Kerrin,herbs,"out to the woods near (1349, 1318, 0)",52,63,0.82,0.54,1.00,0.97,1.00,1.00,1.00,1.00,0.70,1.00,1.00,anybody's work,1.00,3,3,,,,mine,47,,,near,0.54
2026-09-18,17:34:46,2026-09-18_17-27,Joss,hunt,after a skeleton,121,95,0.98,0.95,1.00,0.95,1.00,1.00,1.00,1.00,1.00,1.00,1.30,its own trade,1.00,1,2,band,expected-nothing,"is expected to pay -17.9/min here, against a claim of 7.5",,,,,tie,0.95
2026-09-18,17:37:12,2026-09-18_17-27,Elspeth,prowl,"looking for a fight near (1009, 1764, 0)",1,2,0.55,0.44,1.00,0.74,1.00,0.15,1.00,1.00,1.00,1.00,1.00,anybody's work,1.00,1,3,restock,outlay,costs 60gp and it has 9gp,,,,,purse,0.15
2026-09-18,17:40:05,2026-09-18_17-27,Emrys,hunt,after Vorgarag,96,75,0.98,0.91,1.00,0.99,1.00,1.00,1.00,1.00,1.00,1.00,1.30,its own trade,1.00,1,1,,,,,,,,near,0.91
2026-09-18,17:41:57,2026-09-18_17-27,Kestrel,restock,after 2 LesserHealPotion,13,12,1.05,1.00,1.00,1.00,1.00,0.83,1.00,1.00,1.00,1.50,1.00,anybody's work,1.00,2,3,acquire,outlay,costs 42gp and it has 35gp,unload,8,,,purse,0.83
2026-09-18,17:43:35,2026-09-18_17-27,Oswin,prowl,"looking for a fight near (1480, 1349, 0)",1,1,0.83,0.54,1.00,0.73,1.00,1.00,1.00,1.00,1.00,1.00,1.00,anybody's work,1.00,1,1,,,,,,,,near,0.54
2026-09-18,17:45:50,2026-09-18_17-27,Bertram,restock,after 20 SulfurousAsh,11,12,0.94,1.00,0.75,0.99,1.00,1.00,1.00,1.00,1.00,1.00,1.00,anybody's work,1.00,1,2,prowl,expected-nothing,"is expected to pay -14.7/min here, against a claim of 5.5",,,,,new,0.75
2026-09-18,17:48:16,2026-09-18_17-27,Ilsa,inscribe,after paper,235,210,0.86,1.00,0.50,0.94,1.00,1.00,1.00,1.00,1.00,1.00,1.30,its own trade,1.00,3,3,,,,restock,10,,,new,0.50
2026-09-18,17:51:20,2026-09-18_17-27,Ivo,escort,on the way to stand by Fendrel,58,45,0.98,0.95,1.00,0.97,1.00,1.00,1.00,1.00,1.00,1.00,1.30,its own trade,1.00,1,1,,,,,,,,near,0.95
2026-09-18,17:54:16,2026-09-18_17-27,Harlan,peddle,taking 13 Lesser Heal Potion to Vaughn,353,412,0.86,0.88,0.58,0.90,1.00,1.00,1.00,1.00,1.00,1.00,1.00,anybody's work,1.00,2,2,,,,restock,12,,,new,0.58
2026-09-18,17:57:07,2026-09-18_17-27,Quenna,unload,taking a full pack to the counter,24,32,0.75,0.50,0.54,0.87,1.00,1.00,1.00,1.00,1.00,1.00,1.00,anybody's work,1.00,2,2,,,,prowl,1,,,near,0.50
2026-09-18,18:00:14,2026-09-18_17-59,Wynn,order,ordering 1 LeatherChest,327,327,1.00,1.00,1.00,1.00,1.00,1.00,1.00,1.00,1.00,1.00,1.00,anybody's work,1.00,3,3,,,,prowl,6,,,none,1.00
2026-09-18,18:02:37,2026-09-18_17-59,Otho,acquire,asking for GreaterHealScroll at 42gp,18,20,0.90,1.00,0.74,0.81,1.00,1.00,1.00,1.00,1.00,1.00,1.00,anybody's work,1.00,2,2,,,,restock,12,,,new,0.74
2026-09-18,18:05:23,2026-09-18_17-59,Corwin,prowl,"looking for a fight near (1504, 1312, 0)",7,8,0.80,0.47,1.00,0.71,1.00,1.00,1.00,1.00,1.00,1.00,1.00,anybody's work,1.00,1,1,,,,,,,,near,0.47
2026-09-18,18:08:06,2026-09-18_18-07,Quenna,acquire,buying HarmScroll,13,16,0.86,0.99,0.74,0.66,1.00,1.00,1.00,1.00,1.00,1.00,1.00,anybody's work,1.00,2,2,,,,prowl,7,,,room,0.66
2026-09-18,18:10:30,2026-09-18_18-07,Maeve,acquire,buying HarmScroll,4,5,0.88,0.99,0.60,0.86,1.00,1.00,1.00,1.00,1.00,1.00,1.00,anybody's work,1.00,1,2,prowl,expected-nothing,"is expected to pay -16.5/min here, against a claim of 18.1",,,,,new,0.60
2026-09-18,18:13:16,2026-09-18_18-07,Kestrel,homeward,going home,5,5,0.93,0.68,1.00,1.00,1.00,1.00,1.00,1.00,1.00,1.00,1.00,anybody's work,1.00,1,3,restock,outlay,costs 80gp and it has 30gp,,,,,near,0.68
2026-09-18,18:16:23,2026-09-18_18-07,Jarek,unload,taking a full pack to the counter,15,18,0.82,0.42,1.00,0.88,1.00,1.00,1.00,1.00,1.00,1.00,1.00,anybody's work,1.00,4,4,,,,acquire,13,,,near,0.42
2026-09-18,18:19:20,2026-09-18_18-07,Neriah,hunt,after a hind,189,149,0.97,0.90,1.00,0.98,1.00,1.00,1.00,1.00,1.00,1.00,1.30,its own trade,1.00,1,1,,,,,,,,near,0.90
2026-09-18,18:20:58,2026-09-18_18-07,Alden Ashdown,hunt,after a brown bear,85,67,0.98,0.90,1.00,0.99,1.00,1.00,1.00,1.00,1.00,1.00,1.30,its own trade,1.00,1,2,restock,outlay,costs 78gp and it has 17gp,,,,,near,0.90
2026-09-18,18:22:52,2026-09-18_18-07,Gwendra,restock,after 5 Garlic,11,12,0.90,1.00,0.59,1.00,1.00,1.00,1.00,1.00,1.00,1.00,1.00,anybody's work,1.00,1,1,,,,,,,,new,0.59
2026-09-18,18:25:26,2026-09-18_18-07,Nyla,peddle,taking 15 Nightshade to Lynn,164,199,0.83,0.99,0.42,0.92,1.00,1.00,1.00,1.00,1.00,1.00,1.00,anybody's work,1.00,2,2,,,,restock,12,,,new,0.42
2026-09-18,18:27:51,2026-09-18_18-07,Emeric,mine,digging CopperOre (0 swings),79,70,0.87,0.82,0.67,0.89,1.00,1.00,1.00,1.00,1.00,1.00,1.30,its own trade,1.00,4,4,,,,restock,12,,,new,0.67
2026-09-18,18:30:46,2026-09-18_18-07,Merrick Ashdown,unload,taking a full pack to the counter,7,8,0.87,0.54,1.00,0.91,1.00,1.00,1.00,1.00,1.00,1.00,1.00,anybody's work,1.00,1,2,prowl,expected-nothing,"is expected to pay -26.0/min here, against a claim of 2.0",,,,,near,0.54
2026-09-18,18:33:21,2026-09-18_18-07,Lysa Ashdown,restock,after 2 LesserCurePotion,12,12,1.00,1.00,1.00,0.98,1.00,1.00,1.00,1.00,1.00,1.00,1.00,anybody's work,1.00,1,2,prowl,expected-nothing,"is expected to pay -24.3/min here, against a claim of 4.4",,,,,room,0.98
2026-09-18,18:36:00,2026-09-18_18-07,Elspeth,restock,after 60 SulfurousAsh,11,12,0.89,0.45,1.00,0.99,1.00,1.00,1.00,1.00,1.25,1.00,1.00,anybody's work,1.00,1,3,prowl,expected-nothing,"is expected to pay -16.8/min here, against a claim of 4.1",,,,,near,0.45
2026-09-18,18:42:04,2026-09-18_18-41,Merrick,mine,digging ShadowIronOre (0 swings),125,99,0.97,0.98,1.00,0.87,1.00,1.00,1.00,1.00,1.00,1.00,1.30,its own trade,1.00,4,5,band,expected-nothing,"is expected to pay -17.9/min here, against a claim of 7.5",acquire,76,,,room,0.87
2026-09-18,18:43:55,2026-09-18_18-41,Otho,acquire,asking for GreaterHealScroll at 42gp,55,61,0.90,1.00,0.74,0.78,1.00,1.00,1.00,1.00,1.00,1.00,1.00,anybody's work,1.00,4,4,,,,herbs,22,,,new,0.74
2026-09-18,18:46:14,2026-09-18_18-41,Edda Ashdown,restock,after 25 BlackPearl,11,12,0.94,1.00,0.74,1.00,1.00,1.00,1.00,1.00,1.00,1.00,1.00,anybody's work,1.00,3,4,band,expected-nothing,"is expected to pay -6.4/min here, against a claim of 7.5",prowl,4,,,new,0.74
2026-09-18,18:49:07,2026-09-18_18-41,Sable,herbs,"out to the woods near (1382, 1427, 10)",41,44,0.92,0.68,1.00,0.98,1.00,1.00,1.00,1.00,1.00,1.00,1.00,anybody's work,1.00,3,3,,,,mine,21,dropped,mine,near,0.68
2026-09-18,18:52:10,2026-09-18_18-41,Doran Ashdown,acquire,buying AgilityScroll,29,36,0.80,0.99,0.34,0.96,1.00,1.00,1.00,1.00,1.00,1.00,1.00,anybody's work,1.00,2,3,prowl,expected-nothing,"is expected to pay -0.0/min here, against a claim of 4.2",restock,11,,,new,0.34
2026-09-18,18:55:00,2026-09-18_18-41,Fendrel,restock,after 2 LesserHealPotion,10,12,0.85,1.00,0.78,1.00,1.00,0.57,1.00,1.00,1.00,1.00,1.00,anybody's work,1.00,1,4,brew,outlay,costs 100gp and it has 57gp,,,,,purse,0.57
2026-09-18,18:56:41,2026-09-18_18-41,Vesna,restock,after 2 LesserCurePotion,12,12,1.00,1.00,1.00,0.98,1.00,1.00,1.00,1.00,1.00,1.00,1.00,anybody's work,1.00,2,2,,,,prowl,2,,,room,0.98
2026-09-18,18:58:08,2026-09-18_18-41,Kestrel,restock,after 17 Ginseng,10,12,0.85,1.00,0.30,1.00,1.00,1.00,1.00,1.00,1.00,1.50,1.00,anybody's work,1.00,1,1,,,,,,,,new,0.30
2026-09-18,19:00:20,2026-09-18_18-41,Talia,prowl,"looking for a fight near (1374, 1470, 10)",22,24,0.91,0.80,1.00,0.78,1.00,1.00,1.00,1.00,1.00,1.00,1.00,anybody's work,1.00,2,2,,,,restock,11,dropped,restock,room,0.78
2026-09-18,19:03:20,2026-09-18_19-03,Brannoc,acquire,buying HarmScroll,7,7,0.93,0.79,1.00,0.87,1.00,1.00,1.00,1.00,1.00,1.00,1.00,anybody's work,1.00,2,2,,,,prowl,1,,,near,0.79
2026-09-18,19:05:14,2026-09-18_19-03,Roderic,forge,off to a forge,143,116,0.95,0.80,1.00,0.98,1.00,1.00,1.00,1.00,1.00,1.00,1.30,its own trade,1.00,4,5,prowl,expected-nothing,"is expected to pay -1.5/min here, against a claim of 2.0",mine,89,,,near,0.80
2026-09-18,19:07:51,2026-09-18_19-03,Doran Ashdown,acquire,asking for LightningScroll at 42gp,14,16,0.86,1.00,0.50,0.92,1.00,1.00,1.00,1.00,1.00,1.00,1.00,anybody's work,1.00,2,3,prowl,expected-nothing,"is expected to pay -55.9/min here, against a claim of 46.6",restock,12,,,new,0.50
2026-09-18,19:10:29,2026-09-18_19-09,Elspeth,inscribe,after paper,303,256,0.91,0.91,0.74,0.93,1.00,1.00,1.00,1.00,1.00,1.00,1.30,its own trade,1.00,7,7,,,,brew,275,,,new,0.74
2026-09-18,19:13:16,2026-09-18_19-09,Talia,herbs,"out to the woods near (1397, 1494, 10)",82,89,0.93,0.73,1.00,0.95,1.00,1.00,1.00,1.00,1.00,1.00,1.00,anybody's work,1.00,4,4,,,,acquire,22,,,near,0.73
2026-09-18,19:15:50,2026-09-18_19-09,Lorcan,prowl,"looking for a fight near (1248, 1440, 0)",6,8,0.78,0.38,1.00,0.76,1.00,1.00,1.00,1.00,1.00,1.00,1.00,anybody's work,1.00,2,2,,,,acquire,1,,,near,0.38
2026-09-18,19:18:01,2026-09-18_19-17,Perri Ashdown,prowl,"looking for a fight near (1323, 1291, 0)",5,6,0.84,0.53,1.00,0.79,1.00,1.00,1.00,1.00,1.00,1.00,1.00,anybody's work,1.00,2,2,,,,acquire,5,,,near,0.53
2026-09-18,19:20:22,2026-09-18_19-17,Kerrin Ashdown,prowl,"looking for a fight near (1459, 1970, 0)",22,27,0.79,0.39,1.00,0.79,1.00,1.00,1.00,1.00,1.00,1.00,1.00,anybody's work,1.00,1,1,,,,,,,,near,0.39
2026-09-18,19:23:04,2026-09-18_19-17,Fendrel,prowl,"looking for a fight near (1248, 1440, 0)",10,14,0.73,0.56,1.00,0.74,1.00,0.51,1.00,1.00,1.00,1.00,1.00,anybody's work,1.00,1,3,restock,outlay,costs 75gp and it has 38gp,,,,,purse,0.51
2026-09-18,19:25:44,2026-09-18_19-25,Ilsa Ashdown,acquire,buying HarmScroll,9,11,0.82,0.99,0.59,0.66,1.00,1.00,1.00,1.00,1.00,1.00,1.00,anybody's work,1.00,2,2,,,,prowl,1,,,new,0.59
2026-09-18,19:27:40,2026-09-18_19-25,Leofric,acquire,buying ProtectionScroll,51,56,0.92,0.77,1.00,0.87,1.00,1.00,1.00,1.00,1.00,1.00,1.00,anybody's work,1.00,3,3,,,,herbs,28,,,near,0.77
2026-09-18,19:30:21,2026-09-18_19-25,Perri Ashdown,prowl,"looking for a fight near (1524, 1288, 0)",22,27,0.80,0.45,1.00,0.71,1.00,1.00,1.00,1.00,1.00,1.00,1.00,anybody's work,1.00,1,1,,,,,,,,near,0.45
2026-09-18,19:33:35,2026-09-18_19-25,Nessa,chop,"out to the woods near (1369, 1537)",427,342,0.96,0.82,1.00,0.99,1.00,1.00,1.00,1.00,1.00,1.00,1.30,its own trade,1.00,4,5,prowl,expected-nothing,"is expected to pay -44.7/min here, against a claim of 11.4",mine,91,dropped,mine,near,0.82
2026-09-18,19:35:38,2026-09-18_19-34,Hale,sew,after Cloth,601,478,0.97,0.92,1.00,0.95,1.00,0.97,1.00,1.00,1.00,1.00,1.30,its own trade,1.00,5,6,restock,outlay,costs 198gp and it has 192gp,order,255,,,near,0.92
2026-09-18,19:38:38,2026-09-18_19-34,Ivo,restock,after 25 SulfurousAsh,12,12,1.00,1.00,1.00,1.00,1.00,1.00,1.00,1.00,1.00,1.00,1.00,anybody's work,1.00,2,2,,,,acquire,2,,,none,1.00
2026-09-18,19:41:32,2026-09-18_19-34,Ivo,homeward,going home,5,5,0.98,0.89,1.00,0.99,1.00,1.00,1.00,1.00,1.00,1.00,1.00,anybody's work,1.00,1,2,restock,outlay,costs 80gp and it has 4gp,,,,,near,0.89
2026-09-18,20:03:49,2026-09-18_20-02,Kerrin Ashdown,prowl,"looking for a fight near (1421, 1307, 0)",2,2,0.86,0.52,1.00,0.92,1.00,1.00,1.00,1.00,1.00,1.00,1.00,anybody's work,1.00,1,1,,,,,,,,near,0.52
2026-09-18,20:06:45,2026-09-18_20-02,Elspeth,mend,"mending itself (0 casts, 0 bandages, 0 bottles)",2,5,0.63,1.00,1.00,1.00,1.00,0.10,1.00,1.00,1.00,1.00,0.60,another's trade,1.00,1,3,restock,outlay,costs 100gp and it has 1gp,,,,,purse,0.10
2026-09-18,20:10:29,2026-09-18_20-02,Leofric,escort,on the way to stand by Lysa Ashdown,47,45,0.80,0.93,1.00,1.00,1.00,0.35,1.00,1.00,1.00,1.00,1.30,its own trade,1.00,1,3,restock,outlay,costs 66gp and it has 35gp,,,,,purse,0.35
2026-09-18,20:15:03,2026-09-18_20-02,Cassia,prowl,"looking for a fight near (1956, 1428, 0)",2,4,0.56,0.45,0.75,0.86,1.00,0.18,1.00,1.00,1.00,1.00,1.00,anybody's work,1.00,1,3,restock,outlay,costs 125gp and it has 23gp,,,,,purse,0.18
2026-09-18,20:18:41,2026-09-18_20-02,Vesna,inscribe,after paper,89,78,0.88,1.00,0.52,0.99,1.00,1.00,1.00,1.00,1.00,1.00,1.30,its own trade,1.00,4,4,,,,restock,10,,,new,0.52
2026-09-18,20:22:18,2026-09-18_20-02,Ivo,peddle,taking 40 Garlic to Wynona,63,60,1.05,0.91,1.00,0.96,1.00,1.00,1.00,1.00,1.00,1.50,1.00,anybody's work,1.00,1,2,restock,outlay,costs 140gp and it has 101gp,,,dropped,housecall,near,0.91
2026-09-18,20:25:51,2026-09-18_20-02,Kerrin,mine,digging GoldOre (0 swings),59,50,0.90,0.97,1.00,0.89,1.00,1.00,1.00,1.00,0.70,1.00,1.30,its own trade,1.00,4,5,band,expected-nothing,"is expected to pay -17.5/min here, against a claim of 8.8",herbs,43,dropped,mine,ground,0.70
2026-09-18,20:29:56,2026-09-18_20-02,Leofric,homeward,going home,4,5,0.88,0.79,0.66,0.99,1.00,1.00,1.00,1.00,1.00,1.00,1.00,anybody's work,1.00,1,2,restock,outlay,costs 66gp and it has 26gp,,,,,new,0.66
2026-09-18,20:34:42,2026-09-18_20-02,Ulric,sew,after Leather,385,312,0.95,1.00,0.52,0.99,1.00,1.00,1.00,1.00,1.00,1.50,1.30,its own trade,1.00,6,7,prowl,expected-nothing,"is expected to pay -1.4/min here, against a claim of 2.0",stake,171,,,new,0.52
2026-09-18,20:38:50,2026-09-18_20-38,Marek,brew,after 20 Bottle to brew with,1415,1192,0.91,1.00,0.74,0.86,1.00,1.00,1.00,1.00,1.00,1.00,1.30,its own trade,1.00,6,9,prowl,expected-nothing,"is expected to pay -12.6/min here, against a claim of 2.0",order,289,,,new,0.74
2026-09-18,20:41:02,2026-09-18_20-38,Torvin,mine,digging IronOre (0 swings),54,43,0.95,0.92,1.00,0.86,1.00,1.00,1.00,1.00,1.00,1.00,1.30,its own trade,1.00,3,3,,,,herbs,15,,,room,0.86
2026-09-18,20:43:32,2026-09-18_20-43,Perri,mine,digging DullCopperOre (0 swings),54,45,0.92,0.99,1.00,0.68,1.00,1.00,1.00,1.00,1.00,1.00,1.30,its own trade,1.00,5,5,,,,herbs,37,,,room,0.68
2026-09-18,20:45:25,2026-09-18_20-43,Torvin,chop,"out to the woods near (1268, 1521)",400,368,0.84,0.99,0.42,0.98,1.00,1.00,1.00,1.00,1.00,1.00,1.30,its own trade,1.00,5,5,,,,mine,123,,,new,0.42
2026-09-20,08:22:07,2026-09-20_08-22,Lysa Ashdown,glean,after spent Bolt,14,14,0.99,0.96,1.00,1.00,1.00,1.00,1.00,1.00,1.00,1.00,1.00,anybody's work,1.00,4,4,,,,band,5,,,near,0.96
2026-09-20,08:25:13,2026-09-20_08-22,Jarek,hunt,after a skeleton,461,388,0.91,0.94,0.74,0.92,1.00,1.00,1.00,1.00,1.00,1.00,1.30,its own trade,1.00,3,3,,,,band,12,,,new,0.74
2026-09-20,08:27:59,2026-09-20_08-22,Brannoc,flee,getting away,314,333,0.94,1.00,0.74,1.00,1.00,1.00,1.00,1.00,1.00,1.00,1.00,anybody's work,1.00,1,1,,,,,,dropped,mend,new,0.74
2026-09-20,08:31:02,2026-09-20_08-22,Lorcan,acquire,buying HarmScroll,28,30,0.93,0.99,0.74,0.97,1.00,1.00,1.00,1.00,1.00,1.00,1.00,anybody's work,1.00,1,2,prowl,expected-nothing,"is expected to pay -11.7/min here, against a claim of 2.0",,,,,new,0.74
2026-09-20,08:34:23,2026-09-20_08-22,Wynn,mend,"mending itself (0 casts, 0 bandages, 0 bottles)",28,21,1.00,1.00,1.00,0.99,1.00,1.00,1.00,1.00,1.00,1.00,1.30,its own trade,1.00,1,1,,,,,,,,room,0.99
2026-09-20,08:37:10,2026-09-20_08-22,Nyla,acquire,buying FireballScroll,27,32,0.83,0.99,0.42,0.96,1.00,1.00,1.00,1.00,1.00,1.00,1.00,anybody's work,1.00,3,3,,,,unload,23,,,new,0.42
2026-09-20,08:39:06,2026-09-20_08-22,Ilsa Ashdown,mend,"mending Kelda (0 casts, 0 bandages, 0 bottles)",49,38,0.99,0.96,1.00,0.99,1.00,1.00,1.00,1.00,1.00,1.00,1.30,its own trade,1.00,2,2,,,,unload,4,dropped,prowl,near,0.96
2026-09-20,08:41:20,2026-09-20_08-22,Joss Ashdown,unload,taking a full pack to the counter,12,14,0.87,0.52,1.00,0.95,1.00,1.00,1.00,1.00,1.00,1.00,1.00,anybody's work,1.00,3,3,,,,glean,8,,,near,0.52
2026-09-20,08:44:13,2026-09-20_08-22,Ulla,restock,after 1 Pickaxe,12,12,1.00,1.00,1.00,1.00,1.00,1.00,1.00,1.00,1.00,1.00,1.00,anybody's work,1.00,4,4,,,,unload,5,,,none,1.00
2026-09-20,08:47:38,2026-09-20_08-22,Gerda,scout,"raising a party for the ground at (795, 825)",40,40,1.00,0.98,1.00,1.00,1.00,1.00,1.00,1.00,1.00,1.00,1.00,anybody's work,1.00,2,2,,,,stroll,5,,,near,0.98
2026-09-20,08:50:32,2026-09-20_08-22,Marek,hunt,after Carthurg,237,187,0.97,0.91,1.00,0.96,1.00,1.00,1.00,1.00,1.00,1.00,1.30,its own trade,1.00,2,3,inscribe,outlay,costs 240gp and it has 37gp,restock,8,,,near,0.91
2026-09-20,08:53:11,2026-09-20_08-22,Pell,sew,after Leather,146,338,0.72,1.00,0.19,1.00,1.00,1.00,1.00,1.00,1.00,1.00,0.60,another's trade,1.00,3,4,prowl,expected-nothing,"is expected to pay -1.3/min here, against a claim of 12.7",unload,15,,,new,0.19
2026-09-20,08:55:45,2026-09-20_08-22,Jorunn,peddle,taking 1 Invisibility Scroll to Alim,70,82,0.85,0.99,0.49,0.93,1.00,1.00,1.00,1.00,1.00,1.00,1.00,anybody's work,1.00,3,4,prowl,expected-nothing,"is expected to pay -1.0/min here, against a claim of 2.2",restock,11,,,new,0.49
2026-09-20,08:58:36,2026-09-20_08-22,Merrick Ashdown,prowl,"looking for a fight near (1376, 1376, 0)",1,1,0.81,0.49,0.94,0.75,1.00,1.00,1.00,1.00,1.00,1.00,1.00,anybody's work,1.00,1,1,,,,,,,,near,0.49
2026-09-20,09:01:29,2026-09-20_08-22,Hale Ashdown,prowl,"looking for a fight near (1815, 1245, 0)",7,14,0.52,0.65,0.50,0.81,1.00,0.14,1.00,1.00,1.00,1.00,1.00,anybody's work,1.00,1,3,restock,outlay,costs 54gp and it has 9gp,,,,,purse,0.14
2026-09-20,09:04:05,2026-09-20_08-22,Dain,prowl,"looking for a fight near (928, 1696, 0)",1,2,0.72,0.40,1.00,0.76,1.00,0.63,1.00,1.00,1.00,1.00,1.00,anybody's work,1.00,1,3,restock,outlay,costs 150gp and it has 95gp,,,,,near,0.40
2026-09-20,09:07:31,2026-09-20_08-22,Jorunn,prowl,"looking for a fight near (1624, 1190, 0)",5,6,0.78,0.52,1.00,0.77,1.00,0.74,1.00,1.00,1.00,1.00,1.00,anybody's work,1.00,1,3,restock,outlay,costs 100gp and it has 74gp,,,,,near,0.52
2026-09-20,09:11:36,2026-09-20_08-22,Selwyn,hunt,after a horse,518,434,0.92,0.93,0.74,0.94,1.00,1.00,1.00,1.00,1.00,1.00,1.30,its own trade,1.00,3,3,,,,band,7,,,new,0.74
2026-09-20,09:14:52,2026-09-20_08-22,Perri Ashdown,glean,after spent Bolt,16,16,0.99,0.97,1.00,1.00,1.00,1.00,1.00,1.00,1.00,1.00,1.00,anybody's work,1.00,2,2,,,,prowl,4,,,near,0.97
2026-09-20,09:17:49,2026-09-20_08-22,Rhiannon,restock,after 20 Nightshade,11,12,0.89,1.00,0.56,1.00,1.00,1.00,1.00,1.00,1.00,1.00,1.00,anybody's work,1.00,1,1,,,,,,,,new,0.56
2026-09-20,09:20:56,2026-09-20_08-22,Kestrel,prowl,"looking for a fight near (1806, 1238, 0)",0,0,0.50,0.40,0.96,0.80,1.00,0.10,1.00,1.00,1.00,1.00,1.00,anybody's work,1.00,1,2,restock,outlay,costs 72gp and it has 5gp,,,,,purse,0.10
2026-09-20,09:24:09,2026-09-20_08-22,Torvin,chop,"out to the woods near (1400, 1503)",417,414,0.77,0.99,0.30,0.92,1.00,1.00,1.00,1.00,1.00,1.00,1.30,its own trade,1.00,5,5,,,,mine,240,,,new,0.30
2026-09-20,09:26:55,2026-09-20_08-22,Marek,inscribe,after paper,88,86,0.78,0.94,0.42,1.00,1.00,0.75,1.00,1.00,1.00,1.00,1.30,its own trade,1.00,3,4,restock,outlay,costs 150gp and it has 112gp,mend,14,,,new,0.42
2026-09-20,09:29:41,2026-09-20_08-22,Gwendra,hunt,after a cougar,169,134,0.97,0.90,1.00,0.95,1.00,1.00,1.00,1.00,1.00,1.00,1.30,its own trade,1.00,1,3,restock,outlay,costs 90gp and it has 35gp,,,,,near,0.90
2026-09-20,09:32:57,2026-09-20_08-22,Gwendra,prowl,"looking for a fight near (1232, 1426, 0)",1,1,0.64,0.50,1.00,0.76,1.00,0.28,1.00,1.00,1.00,1.00,1.00,anybody's work,1.00,1,2,restock,outlay,costs 125gp and it has 35gp,,,,,purse,0.28
2026-09-20,09:36:16,2026-09-20_08-22,Perri,chop,"out to the woods near (1324, 1533)",236,260,0.70,0.99,0.19,0.88,1.00,1.00,1.00,1.00,1.00,1.00,1.30,its own trade,1.00,6,7,prowl,expected-nothing,"is expected to pay -12.9/min here, against a claim of 2.0",peddle,206,,,new,0.19
2026-09-20,09:39:40,2026-09-20_08-22,Emrys,rescue,hitting back at a grizzly bear,141,108,1.00,1.00,1.00,1.00,1.00,1.00,1.00,1.00,1.00,1.00,1.30,its own trade,1.00,1,1,,,,,,,,none,1.00
2026-09-20,09:42:40,2026-09-20_08-22,Ysolt,rescue,Marek is being set upon by a harpy,123,95,0.99,0.97,1.00,1.00,1.00,1.00,1.00,1.00,1.00,1.00,1.30,its own trade,1.00,3,3,,,,unload,5,,,near,0.97
2026-09-20,09:45:32,2026-09-20_08-22,Brannoc,pickings,going through a troll,190,191,1.00,0.99,1.00,1.00,1.00,1.00,1.00,1.00,1.00,1.00,1.00,anybody's work,1.00,2,3,unload,expected-nothing,"is expected to pay -9.8/min here, against a claim of 25.9",mend,24,,,near,0.99
2026-09-20,09:48:40,2026-09-20_08-22,Talia,prowl,"looking for a fight near (1590, 1282, 0)",3,4,0.90,0.71,1.00,0.85,1.00,1.00,1.00,1.00,1.00,1.00,1.00,anybody's work,1.00,1,1,,,,,,,,near,0.71
2026-09-20,09:51:14,2026-09-20_08-22,Ulwin,prowl,"looking for a fight near (1696, 1312, 0)",1,1,0.89,0.71,1.00,0.80,1.00,1.00,1.00,1.00,1.00,1.00,1.00,anybody's work,1.00,1,1,,,,,,,,near,0.71
2026-09-20,09:53:21,2026-09-20_08-22,Kelda,hunt,after a harpy,516,410,0.97,0.91,1.00,0.93,1.00,1.00,1.00,1.00,1.00,1.00,1.30,its own trade,1.00,5,5,,,,pickings,157,,,near,0.91
2026-09-20,09:56:07,2026-09-20_08-22,Aric,peddle,taking 1 Pitchfork to Gus,127,141,0.90,0.65,1.00,0.91,1.00,1.00,1.00,1.00,1.00,1.00,1.00,anybody's work,1.00,2,2,,,,prowl,3,,,near,0.65
2026-09-20,09:58:56,2026-09-20_08-22,Bryn Ashdown,hunt,after Thslish,256,203,0.97,0.97,1.00,0.89,1.00,1.00,1.00,1.00,1.00,1.00,1.30,its own trade,1.00,2,2,,,,restock,9,,,room,0.89
2026-09-20,10:01:06,2026-09-20_08-22,Hale,peddle,taking 128 Log to Bernadette,256,296,0.86,0.99,0.55,0.88,1.00,1.00,1.00,1.00,1.00,1.00,1.00,anybody's work,1.00,6,6,,,,chop,173,,,new,0.55
2026-09-20,10:03:29,2026-09-20_08-22,Orin,flee,getting away,500,500,1.00,1.00,1.00,1.00,1.00,1.00,1.00,1.00,1.00,1.00,1.00,anybody's work,1.00,1,1,,,,,,put down,mine,none,1.00
2026-09-20,10:05:41,2026-09-20_08-22,Bertram,order,ordering 86 Arrow,492,492,1.00,1.00,1.00,1.00,1.00,1.00,1.00,1.00,1.00,1.00,1.00,anybody's work,1.00,5,5,,,,peddle,77,,,none,1.00
2026-09-20,10:07:41,2026-09-20_08-22,Fendrel,mend,"mending Marek (0 casts, 0 bandages, 0 bottles)",44,85,0.87,0.99,1.00,1.00,1.00,0.50,1.00,1.00,1.00,1.00,0.60,another's trade,1.00,1,2,restock,outlay,costs 84gp and it has 42gp,,,,,purse,0.50
2026-09-20,10:09:45,2026-09-20_08-22,Wystan,prowl,"looking for a fight near (1837, 1333, 0)",1,2,0.89,0.76,1.00,0.73,1.00,1.00,1.00,1.00,1.00,1.00,1.00,anybody's work,1.00,1,1,,,,,,,,room,0.73
2026-09-20,10:12:04,2026-09-20_08-22,Kelda,hunt,after a horse,284,225,0.97,0.90,1.00,0.96,1.00,1.00,1.00,1.00,1.00,1.00,1.30,its own trade,1.00,2,2,,,,forage,15,,,near,0.90
2026-09-20,10:14:12,2026-09-20_08-22,Hollis,prowl,"looking for a fight near (1001, 1617, 0)",1,1,0.80,0.39,1.00,0.83,1.00,1.00,1.00,1.00,1.00,1.00,1.00,anybody's work,1.00,1,1,,,,,,,,near,0.39
2026-09-20,10:16:38,2026-09-20_08-22,Ulla,chop,"out to the woods near (1284, 1512)",450,522,0.66,1.00,0.15,0.87,1.00,1.00,1.00,1.00,1.00,1.00,1.30,its own trade,1.00,6,6,,,,peddle,195,,,new,0.15
2026-09-20,10:18:55,2026-09-20_08-22,Jorunn,restock,after 25 SulfurousAsh,9,12,0.75,0.39,0.98,1.00,1.00,0.62,1.00,1.00,1.00,1.00,1.00,anybody's work,1.00,1,2,acquire,outlay,costs 163gp and it has 101gp,,,dropped,prowl,near,0.39
2026-09-20,10:20:54,2026-09-20_08-22,Perri,chop,"out to the woods near (1324, 1293)",225,252,0.69,0.99,0.17,0.89,1.00,1.00,1.00,1.00,1.00,1.00,1.30,its own trade,1.00,6,6,,,,peddle,191,,,new,0.17
2026-09-20,10:23:29,2026-09-20_08-22,Corwin,peddle,taking 1 Club to Gorman,141,152,0.93,0.89,0.84,0.93,1.00,1.00,1.00,1.00,1.00,1.00,1.00,anybody's work,1.00,4,5,prowl,expected-nothing,"is expected to pay -0.0/min here, against a claim of 3.7",restock,11,,,new,0.84
2026-09-20,10:25:38,2026-09-20_08-22,Hale Ashdown,restock,after 1 Nightshade,9,12,0.77,1.00,0.29,0.96,1.00,1.00,1.00,1.00,1.00,1.00,1.00,anybody's work,1.00,2,2,,,,prowl,1,,,new,0.29
2026-09-20,10:27:44,2026-09-20_08-22,Vesna,hunt,after a giant spider,72,89,0.62,0.91,0.74,0.90,0.15,1.00,1.00,1.00,1.00,1.00,1.30,its own trade,1.00,2,2,,,,unload,1,,,safe,0.15
2026-09-20,10:29:42,2026-09-20_08-22,Ilsa Ashdown,rescue,Brannoc is being set upon by Squagan,101,79,0.98,0.93,1.00,0.98,1.00,1.00,1.00,1.00,1.00,1.00,1.30,its own trade,1.00,2,2,,,,prowl,0,,,near,0.93
2026-09-20,10:31:38,2026-09-20_08-22,Ysolt,prowl,"looking for a fight near (2016, 864, -1)",2,3,0.81,0.41,1.00,0.84,1.00,1.00,1.00,1.00,1.00,1.00,1.00,anybody's work,1.00,1,1,,,,,,,,near,0.41
2026-09-20,10:33:38,2026-09-20_08-22,Harlan,prowl,"looking for a fight near (1344, 1309, 0)",1,1,0.65,0.39,1.00,0.82,1.00,0.36,1.00,1.00,1.00,1.00,1.00,anybody's work,1.00,1,3,restock,outlay,costs 90gp and it has 36gp,,,,,purse,0.36
2026-09-20,10:35:43,2026-09-20_08-22,Rowan,chop,"out to the woods near (1272, 1434)",418,391,0.82,0.99,0.42,0.90,1.00,1.00,1.00,1.00,1.00,1.00,1.30,its own trade,1.00,9,9,,,,order,387,,,new,0.42
2026-09-20,10:37:52,2026-09-20_08-22,Kerrin,mine,digging ShadowIronOre (0 swings),113,86,1.01,0.84,0.43,0.97,1.00,1.00,1.00,3.00,1.00,1.00,1.30,its own trade,1.00,4,4,,,,herbs,28,,,new,0.43
2026-09-20,10:39:54,2026-09-20_08-22,Kelda,prowl,"looking for a fight near (1832, 1292, 0)",1,1,0.87,0.78,0.82,0.77,1.00,1.00,1.00,1.00,1.00,1.00,1.00,anybody's work,1.00,1,1,,,,,,,,room,0.77
2026-09-20,10:42:02,2026-09-20_08-22,Bertram,prowl,"looking for a fight near (1537, 1952, 0)",1,1,0.89,0.73,1.00,0.75,1.00,1.00,1.00,1.00,1.00,1.00,1.00,anybody's work,1.00,1,1,,,,,,,,near,0.73
2026-09-20,10:43:52,2026-09-20_08-22,Sable,chop,"out to the woods near (1396, 1494)",379,440,0.66,0.99,0.15,0.87,1.00,1.00,1.00,1.00,1.00,1.00,1.30,its own trade,1.00,3,3,,,,mine,96,,,new,0.15
2026-09-20,10:45:53,2026-09-20_08-22,Cassia,hunt,after a mongbat,221,175,0.97,0.90,1.00,0.96,1.00,1.00,1.00,1.00,1.00,1.00,1.30,its own trade,1.00,1,1,,,,,,,,near,0.90
2026-09-20,10:47:21,2026-09-20_08-22,Jarek,prowl,"looking for a fight near (1366, 1485, 10)",4,5,0.77,0.40,1.00,0.69,1.00,1.00,1.00,1.00,1.00,1.00,1.00,anybody's work,1.00,1,1,,,,,,,,near,0.40
2026-09-20,10:49:12,2026-09-20_08-22,Quill,peddle,taking 380 Log to Bernadette,428,568,0.75,0.99,0.26,0.94,1.00,1.00,1.00,1.00,1.00,1.00,1.00,anybody's work,1.00,5,6,prowl,expected-nothing,"is expected to pay -3.6/min here, against a claim of 2.0",chop,410,,,new,0.26
2026-09-20,10:51:13,2026-09-20_08-22,Merrick,restock,after 2 LesserHealPotion,12,12,1.00,1.00,1.00,1.00,1.00,1.00,1.00,1.00,1.00,1.00,1.00,anybody's work,1.00,4,4,,,,mine,10,,,none,1.00
2026-09-20,10:53:15,2026-09-20_08-22,Faron Ashdown,prowl,"looking for a fight near (992, 2272, 0)",1,1,0.76,0.39,1.00,0.64,1.00,1.00,1.00,1.00,1.00,1.00,1.00,anybody's work,1.00,1,1,,,,,,,,near,0.39
2026-09-20,10:55:30,2026-09-20_08-22,Ilsa,inscribe,after paper,146,115,0.98,0.91,1.00,0.98,1.00,1.00,1.00,1.00,1.00,1.00,1.30,its own trade,1.00,3,3,,,,restock,11,,,near,0.91
2026-09-20,10:57:45,2026-09-20_08-22,Kelda,unload,taking a full pack to the counter,7,8,0.86,0.56,0.87,0.97,1.00,1.00,1.00,1.00,1.00,1.00,1.00,anybody's work,1.00,1,2,prowl,expected-nothing,"is expected to pay -1.5/min here, against a claim of 2.0",,,,,near,0.56
2026-09-20,10:59:06,2026-09-20_08-22,Torvin,mine,digging ShadowIronOre (0 swings),1,2,0.58,0.84,0.10,0.85,1.00,1.00,1.00,1.00,1.00,1.00,1.30,its own trade,1.00,1,2,prowl,expected-nothing,"is expected to pay -0.4/min here, against a claim of 2.0",,,,,new,0.10
2026-09-20,11:01:06,2026-09-20_08-22,Cassia,prowl,"looking for a fight near (1195, 1438, 0)",2,2,0.78,0.40,1.00,0.73,1.00,1.00,1.00,1.00,1.00,1.00,1.00,anybody's work,1.00,1,1,,,,,,,,near,0.40
2026-09-20,11:03:02,2026-09-20_08-22,Nyla,escort,"on the way to stand by Joss in its pay at 5gp a minute, 0gp so far",63,50,0.97,0.88,1.00,0.97,1.00,1.00,1.00,1.00,1.00,1.00,1.30,its own trade,1.00,1,2,restock,outlay,costs 51gp and it has 40gp,,,,,near,0.88
2026-09-20,11:05:18,2026-09-20_08-22,Faron,sweep,"marching 0 of us on the square at (1452, 1500), which reads 136",7,7,0.94,0.88,0.83,1.00,1.00,1.00,1.00,1.00,1.00,1.00,1.00,anybody's work,1.00,2,3,prowl,expected-nothing,"is expected to pay -1.2/min here, against a claim of 11.5",drill,3,,,new,0.83
2026-09-20,11:07:22,2026-09-20_08-22,Elspeth,unload,taking a full pack to the counter,16,23,0.69,0.70,0.77,0.91,1.00,0.31,1.00,1.00,1.00,1.00,1.00,anybody's work,1.00,3,4,acquire,outlay,costs 326gp and it has 101gp,restock,9,dropped,restock,purse,0.31
2026-09-20,11:09:15,2026-09-20_08-22,Sable,chop,"out to the woods near (1668, 1290)",352,376,0.72,0.99,0.21,0.95,1.00,1.00,1.00,1.00,1.00,1.00,1.30,its own trade,1.00,3,3,,,,mine,99,,,new,0.21
2026-09-20,11:11:43,2026-09-20_08-22,Vance,unload,taking a full pack to the counter,13,14,0.94,0.96,0.83,0.89,1.00,1.00,1.00,1.00,1.00,1.00,1.00,anybody's work,1.00,3,3,,,,mine,11,,,new,0.83
2026-09-20,11:14:00,2026-09-20_08-22,Fendrel,prowl,"looking for a fight near (1610, 1403, 0)",1,1,0.58,0.53,0.98,0.64,1.00,0.20,1.00,1.00,1.00,1.00,1.00,anybody's work,1.00,1,2,acquire,outlay,costs 326gp and it has 65gp,,,,,purse,0.20
2026-09-20,11:16:19,2026-09-20_08-22,Gerda Ashdown,hunt,after Hasits,211,175,0.93,0.91,0.77,0.98,1.00,1.00,1.00,1.00,1.00,1.00,1.30,its own trade,1.00,1,1,,,,,,,,new,0.77
2026-09-20,11:18:42,2026-09-20_08-22,Delwyn,rescue,hitting back at a wraith,163,126,1.00,1.00,1.00,0.99,1.00,1.00,1.00,1.00,1.00,1.00,1.30,its own trade,1.00,1,1,,,,,,put down,peddle,room,0.99
2026-09-20,11:20:57,2026-09-20_08-22,Rowan,chop,"out to the woods near (1328, 1530)",286,308,0.71,0.99,0.20,0.92,1.00,1.00,1.00,1.00,1.00,1.00,1.30,its own trade,1.00,5,6,prowl,expected-nothing,"is expected to pay -0.3/min here, against a claim of 2.0",mine,125,,,new,0.20
2026-09-20,11:23:14,2026-09-20_08-22,Wystan,hunt,after Chikckak,145,116,0.97,0.90,1.00,0.93,1.00,1.00,1.00,1.00,1.00,1.00,1.30,its own trade,1.00,2,2,,,,unload,2,,,near,0.90
2026-09-20,11:25:47,2026-09-20_08-22,Gerda Ashdown,prowl,"looking for a fight near (1273, 1520, 0)",28,33,0.84,0.63,0.88,0.76,1.00,1.00,1.00,1.00,1.00,1.00,1.00,anybody's work,1.00,1,1,,,,,,,,near,0.63
2026-09-20,11:28:14,2026-09-20_08-22,Talia,unload,taking a full pack to the counter,27,34,0.79,0.35,1.00,0.86,1.00,1.00,1.00,1.00,1.00,1.00,1.00,anybody's work,1.00,1,2,prowl,expected-nothing,"is expected to pay -3.0/min here, against a claim of 2.0",,,,,near,0.35
2026-09-20,11:30:45,2026-09-20_08-22,Brannoc,unload,taking a full pack to the counter,3,5,0.76,0.43,0.64,0.92,1.00,1.00,1.00,1.00,1.00,1.00,1.00,anybody's work,1.00,2,2,,,,prowl,1,,,near,0.43
2026-09-20,11:33:05,2026-09-20_08-22,Ulwin,homeward,going home,5,5,0.91,0.68,0.91,1.00,1.00,1.00,1.00,1.00,1.00,1.00,1.00,anybody's work,1.00,1,3,restock,outlay,costs 292gp and it has 176gp,,,,,near,0.68
2026-09-20,11:35:28,2026-09-20_08-22,Faron,glean,after spent Arrow,29,30,0.99,0.95,1.00,1.00,1.00,1.00,1.00,1.00,1.00,1.00,1.00,anybody's work,1.00,4,4,,,,sweep,11,,,near,0.95
2026-09-20,11:37:08,2026-09-20_08-22,Calla,chop,"out to the woods near (1376, 1428)",335,350,0.74,0.99,0.23,0.93,1.00,1.00,1.00,1.00,1.00,1.00,1.30,its own trade,1.00,5,5,,,,mine,25,,,new,0.23
2026-09-20,11:39:30,2026-09-20_08-22,Fenna,prowl,"looking for a fight near (1392, 1390, 0)",2,2,0.82,0.51,1.00,0.74,1.00,1.00,1.00,1.00,1.00,1.00,1.00,anybody's work,1.00,1,1,,,,,,,,near,0.51
2026-09-20,11:41:50,2026-09-20_08-22,Fenna,prowl,"looking for a fight near (1385, 1288, 0)",1,1,0.76,0.43,0.82,0.70,1.00,1.00,1.00,1.00,1.00,1.00,1.00,anybody's work,1.00,1,1,,,,,,,,near,0.43
2026-09-20,11:44:09,2026-09-20_08-22,Ilsa,peddle,taking 5 Fireball Scroll to Rance,247,281,0.88,0.99,0.55,0.96,1.00,1.00,1.00,1.00,1.00,1.00,1.00,anybody's work,1.00,4,5,restock,outlay,costs 180gp and it has 175gp,inscribe,181,,,new,0.55
2026-09-20,11:46:09,2026-09-20_08-22,Nessa,chop,"out to the woods near (1400, 1488)",398,410,0.75,0.99,0.26,0.90,1.00,1.00,1.00,1.00,1.00,1.00,1.30,its own trade,1.00,3,4,prowl,expected-nothing,"is expected to pay -2.0/min here, against a claim of 2.0",mine,83,,,new,0.26
2026-09-20,11:48:36,2026-09-20_08-22,Ivo,inscribe,after paper,143,155,0.71,0.94,1.00,1.00,1.00,0.18,1.00,1.00,1.00,1.00,1.30,its own trade,1.00,4,5,acquire,outlay,costs 568gp and it has 105gp,unload,9,,,purse,0.18
2026-09-20,11:50:59,2026-09-20_08-22,Calla,chop,"out to the woods near (1356, 1248)",356,393,0.70,0.99,0.18,0.91,1.00,1.00,1.00,1.00,1.00,1.00,1.30,its own trade,1.00,5,6,prowl,expected-nothing,"is expected to pay -0.8/min here, against a claim of 4.2",forge,258,,,new,0.18
2026-09-20,11:53:07,2026-09-20_08-22,Lysa,chop,"out to the woods near (1384, 1512)",303,334,0.70,1.00,0.18,0.90,1.00,1.00,1.00,1.00,1.00,1.00,1.30,its own trade,1.00,4,4,,,,peddle,202,,,new,0.18
2026-09-20,11:55:23,2026-09-20_08-22,Joss Ashdown,prowl,"looking for a fight near (2004, 948, 0)",1,1,0.76,0.38,1.00,0.68,1.00,1.00,1.00,1.00,1.00,1.00,1.00,anybody's work,1.00,1,1,,,,,,,,near,0.38
2026-09-20,11:57:41,2026-09-20_08-22,Ulwin,prowl,"looking for a fight near (1821, 1379, 0)",1,1,0.79,0.57,0.70,0.75,1.00,1.00,1.00,1.00,1.00,1.00,1.00,anybody's work,1.00,1,1,,,,,,,,near,0.57
2026-09-20,12:00:12,2026-09-20_08-22,Sable,chop,"out to the woods near (1632, 1263)",240,344,0.54,1.00,0.05,0.91,1.00,1.00,1.00,1.00,1.00,1.00,1.30,its own trade,1.00,4,5,prowl,deaths-close,"lies in or beside ground where 4.4 bots have died lately, against 3.0 that close it to everything but running",herbs,29,,,new,0.05
2026-09-20,12:02:39,2026-09-20_08-22,Calla Ashdown,mend,"mending itself (0 casts, 0 bandages, 0 bottles)",99,76,1.00,1.00,1.00,1.00,1.00,1.00,1.00,1.00,1.00,1.00,1.30,its own trade,1.00,1,1,,,,,,,,none,1.00
2026-09-20,12:05:06,2026-09-20_08-22,Kestrel,peddle,taking 3 Fireball Scroll to Alim,180,217,0.83,0.99,0.42,0.94,1.00,1.00,1.00,1.00,1.00,1.00,1.00,anybody's work,1.00,2,4,acquire,outlay,costs 653gp and it has 343gp,restock,9,,,new,0.42
2026-09-20,12:07:18,2026-09-20_08-22,Piers,rescue,Joss is being set upon by a brown bear,58,97,0.99,0.97,1.00,1.00,1.00,1.00,1.00,1.00,1.00,1.00,0.60,another's trade,1.00,5,6,acquire,outlay,costs 63gp and it has 53gp,escort,53,,,near,0.97
2026-09-20,12:09:34,2026-09-20_08-22,Wynn,flee,getting away,167,167,1.00,1.00,1.00,1.00,1.00,1.00,1.00,1.00,1.00,1.00,1.00,anybody's work,1.00,1,1,,,,,,dropped,rescue,none,1.00
2026-09-20,12:11:56,2026-09-20_08-22,Kestrel,prowl,"looking for a fight near (1044, 1935, 0)",3,4,0.70,0.55,1.00,0.70,1.00,0.44,1.00,1.00,1.00,1.00,1.00,anybody's work,1.00,1,2,acquire,outlay,costs 750gp and it has 331gp,,,,,purse,0.44
2026-09-20,12:14:15,2026-09-20_08-22,Kerrin Ashdown,prowl,"looking for a fight near (1376, 1952, 0)",0,1,0.74,0.51,0.59,0.74,1.00,1.00,1.00,1.00,1.00,1.00,1.00,anybody's work,1.00,1,1,,,,,,,,near,0.51
2026-09-20,12:16:39,2026-09-20_08-22,Lysa Ashdown,rescue,Gwendra is being set upon by a cougar,29,22,0.98,0.93,1.00,1.00,1.00,1.00,1.00,1.00,1.00,1.00,1.30,its own trade,1.00,2,2,,,,prowl,1,,,near,0.93
2026-09-20,12:18:55,2026-09-20_08-22,Kerrin,chop,"out to the woods near (1352, 1347)",280,269,0.80,0.99,0.36,0.92,1.00,1.00,1.00,1.00,1.00,1.00,1.30,its own trade,1.00,5,6,prowl,expected-nothing,"is expected to pay -0.7/min here, against a claim of 2.0",mine,55,,,new,0.36
2026-09-20,12:21:20,2026-09-20_08-22,Cassia,hunt,after a horse,185,147,0.97,0.91,1.00,0.95,1.00,1.00,1.00,1.00,1.00,1.00,1.30,its own trade,1.00,1,1,,,,,,,,near,0.91
2026-09-20,12:23:32,2026-09-20_08-22,Alden Ashdown,prowl,"looking for a fight near (1312, 1312, 0)",1,1,0.69,0.47,1.00,0.82,1.00,0.40,1.00,1.00,1.00,1.00,1.00,anybody's work,1.00,1,2,acquire,outlay,costs 862gp and it has 344gp,,,,,purse,0.40
2026-09-20,12:25:35,2026-09-20_08-22,Quenna,unload,taking a full pack to the counter,1,2,0.83,0.65,0.65,0.91,1.00,1.00,1.00,1.00,1.00,1.00,1.00,anybody's work,1.00,2,2,,,,prowl,0,,,tie,0.65
2026-09-20,12:27:40,2026-09-20_08-22,Garrow,peddle,taking 20 Leather to Abra,265,343,0.77,0.37,0.80,0.93,1.00,1.00,1.00,1.00,1.00,1.00,1.00,anybody's work,1.00,2,2,,,,hunt,169,,,near,0.37
2026-09-20,12:29:56,2026-09-20_08-22,Orin,chop,"out to the woods near (1412, 1401)",254,248,0.79,0.99,0.34,0.89,1.00,1.00,1.00,1.00,1.00,1.00,1.30,its own trade,1.00,4,5,prowl,expected-nothing,"is expected to pay -0.5/min here, against a claim of 2.0",mine,144,,,new,0.34
2026-09-20,12:32:17,2026-09-20_08-22,Rhiannon,brew,after 20 Bottle to brew with,437,337,1.00,1.00,1.00,0.99,1.00,1.00,1.00,1.00,1.00,1.00,1.30,its own trade,1.00,5,5,,,,mend,28,,,room,0.99
2026-09-20,12:34:30,2026-09-20_08-22,Kerrin Ashdown,unload,taking a full pack to the counter,22,25,0.87,0.65,0.79,0.95,1.00,1.00,1.00,1.00,1.00,1.00,1.00,anybody's work,1.00,2,2,,,,prowl,1,,,near,0.65
2026-09-20,12:36:27,2026-09-20_08-22,Joss,hunt,after a great hart,191,161,0.91,0.91,0.74,0.95,1.00,1.00,1.00,1.00,1.00,1.00,1.30,its own trade,1.00,3,3,,,,peddle,151,,,new,0.74
2026-09-20,12:38:22,2026-09-20_08-22,Alden Ashdown,prowl,"looking for a fight near (876, 1692, 0)",0,0,0.50,0.41,1.00,0.70,1.00,0.11,1.00,1.00,1.00,1.00,1.00,anybody's work,1.00,1,3,restock,outlay,costs 130gp and it has 98gp,,,,,purse,0.11
2026-09-20,12:40:30,2026-09-20_08-22,Vance,chop,"out to the woods near (1344, 1389)",390,382,0.79,0.99,0.34,0.89,1.00,1.00,1.00,1.00,1.00,1.00,1.30,its own trade,1.00,4,5,prowl,expected-nothing,"is expected to pay -65.1/min here, against a claim of 2.0",unload,34,,,new,0.34
2026-09-20,12:42:30,2026-09-20_08-22,Doran Ashdown,pickings,going through a skeleton,160,161,1.00,0.99,1.00,1.00,1.00,1.00,1.00,1.00,1.00,1.00,1.00,anybody's work,1.00,5,6,acquire,outlay,costs 991gp and it has 518gp,hunt,135,,,near,0.99
2026-09-20,12:44:58,2026-09-20_08-22,Nessa Ashdown,hunt,after a brown bear,153,122,0.97,0.90,1.00,0.94,1.00,1.00,1.00,1.00,1.00,1.00,1.30,its own trade,1.00,1,2,restock,outlay,costs 444gp and it has 398gp,,,,,near,0.90
2026-09-20,12:47:05,2026-09-20_08-22,Jorunn,peddle,taking 12 Magic Arrow Scroll to Rance,52,55,0.94,0.94,0.79,0.97,1.00,1.00,1.00,1.00,1.00,1.00,1.00,anybody's work,1.00,3,4,acquire,outlay,costs 991gp and it has 93gp,restock,7,,,new,0.79
2026-09-20,12:49:16,2026-09-20_08-22,Emrys,restock,after 13 Bandage,11,12,0.94,0.72,1.00,1.00,1.00,1.00,1.00,1.00,1.00,1.00,1.00,anybody's work,1.00,2,3,prowl,expected-nothing,"is expected to pay -0.6/min here, against a claim of 2.0",unload,2,,,near,0.72
2026-09-20,12:51:17,2026-09-20_08-22,Dain,unload,taking a full pack to the counter,3,5,0.57,0.83,0.81,0.94,1.00,0.10,1.00,1.00,1.00,1.00,1.00,anybody's work,1.00,1,5,restock,outlay,costs 150gp and it has 70gp,,,,,purse,0.10
2026-09-20,12:53:21,2026-09-20_08-22,Joss Ashdown,glean,after spent Arrow,67,67,1.00,0.99,1.00,1.00,1.00,1.00,1.00,1.00,1.00,1.00,1.00,anybody's work,1.00,3,3,,,,forage,20,,,near,0.99
2026-09-20,12:55:44,2026-09-20_08-22,Ilsa,peddle,taking 16 Magic Arrow Scroll to Rance,193,254,0.76,0.86,0.30,0.97,1.00,1.00,1.00,1.00,1.00,1.00,1.00,anybody's work,1.00,3,3,,,,restock,12,,,new,0.30
2026-09-20,12:58:28,2026-09-20_08-22,Ysolt,prowl,"looking for a fight near (1023, 1256, 0)",1,1,0.93,0.83,1.00,0.85,1.00,1.00,1.00,1.00,1.00,1.00,1.00,anybody's work,1.00,1,2,unload,expected-nothing,"is expected to pay -1.1/min here, against a claim of 15.1",,,,,near,0.83
2026-09-20,13:01:00,2026-09-20_08-22,Pell,peddle,taking 3 Bandana to Phyllis,42,47,0.88,0.62,1.00,0.86,1.00,1.00,1.00,1.00,1.00,1.00,1.00,anybody's work,1.00,2,2,,,,prowl,2,,,near,0.62
2026-09-20,13:03:33,2026-09-20_08-22,Hale,forge,off to a forge to make ChainLegs,69,64,0.82,1.00,0.37,1.00,1.00,1.00,1.00,1.00,1.00,1.00,1.30,its own trade,1.00,6,7,prowl,expected-nothing,"is expected to pay -4.7/min here, against a claim of 2.0",chop,62,,,new,0.37
2026-09-20,13:05:47,2026-09-20_08-22,Hollis,peddle,taking 1 Lesser Heal Potion to Akello,41,47,0.88,0.81,0.75,0.88,1.00,1.00,1.00,1.00,1.00,1.00,1.00,anybody's work,1.00,3,3,,,,forage,5,,,new,0.75
2026-09-20,13:07:38,2026-09-20_08-22,Oswin,unload,taking a full pack to the counter,6,6,0.88,0.98,0.58,0.93,1.00,1.00,1.00,1.00,1.00,1.00,1.00,anybody's work,1.00,2,2,,,,prowl,2,,,new,0.58
2026-09-20,13:09:44,2026-09-20_08-22,Bertram,hunt,after a grizzly bear,70,58,0.92,0.93,0.74,0.96,1.00,1.00,1.00,1.00,1.00,1.00,1.30,its own trade,1.00,3,3,,,,peddle,59,,,new,0.74
2026-09-20,13:12:08,2026-09-20_08-22,Alden,peddle,taking 2 Dagger to Gorman,101,119,0.85,0.90,0.56,0.87,1.00,1.00,1.00,1.00,1.00,1.00,1.00,anybody's work,1.00,3,4,prowl,expected-nothing,"is expected to pay -2.2/min here, against a claim of 2.0",mine,78,,,new,0.56
2026-09-20,13:14:10,2026-09-20_08-22,Orin,chop,"out to the woods near (1292, 1413)",289,291,0.76,0.99,0.30,0.87,1.00,1.00,1.00,1.00,1.00,1.00,1.30,its own trade,1.00,2,2,,,,restock,11,,,new,0.30
2026-09-20,13:16:23,2026-09-20_08-22,Isolde,mend,"mending Piers (0 casts, 0 bandages, 0 bottles)",109,87,0.97,0.88,1.00,0.98,1.00,1.00,1.00,1.00,1.00,1.00,1.30,its own trade,1.00,2,3,prowl,expected-nothing,"is expected to pay -0.2/min here, against a claim of 2.0",unload,25,,,near,0.88
2026-09-20,13:18:15,2026-09-20_08-22,Sable,chop,"out to the woods near (1208, 1401)",431,404,0.82,0.99,0.42,0.89,1.00,1.00,1.00,1.00,1.00,1.00,1.30,its own trade,1.00,5,5,,,,mine,100,,,new,0.42
2026-09-20,13:20:34,2026-09-20_08-22,Edda,unload,taking a full pack to the counter,95,120,0.79,0.60,0.54,0.95,1.00,1.00,1.00,1.00,1.00,1.00,1.00,anybody's work,1.00,4,4,,,,hunt,153,put down,chop,new,0.54
2026-09-20,13:22:47,2026-09-20_08-22,Yarrow,peddle,taking 1 Candle to Kepa,40,42,0.95,0.83,1.00,0.93,1.00,1.00,1.00,1.00,1.00,1.00,1.00,anybody's work,1.00,3,3,,,,unload,3,,,near,0.83
2026-09-20,13:25:08,2026-09-20_08-22,Hollis,prowl,"looking for a fight near (1880, 1020, 0)",1,1,0.87,0.61,1.00,0.81,1.00,1.00,1.00,1.00,1.00,1.00,1.00,anybody's work,1.00,1,1,,,,,,,,near,0.61
2026-09-20,13:27:07,2026-09-20_08-22,Merrick,chop,"out to the woods near (1396, 1521)",431,401,0.83,0.99,0.43,0.91,1.00,1.00,1.00,1.00,1.00,1.00,1.30,its own trade,1.00,6,6,,,,mine,114,,,new,0.43
2026-09-20,13:29:00,2026-09-20_08-22,Emrys,hunt,after a mongbat,219,177,0.96,0.90,0.92,0.95,1.00,1.00,1.00,1.00,1.00,1.00,1.30,its own trade,1.00,1,1,,,,,,,,near,0.90
2026-09-20,13:30:51,2026-09-20_08-22,Talia,glean,after spent Arrow,58,61,0.95,0.93,0.82,1.00,1.00,1.00,1.00,1.00,1.00,1.00,1.00,anybody's work,1.00,2,3,prowl,expected-nothing,"is expected to pay -0.3/min here, against a claim of 2.9",band,2,,,new,0.82
2026-09-20,13:32:50,2026-09-20_08-22,Vesna,prowl,"looking for a fight near (1431, 1896, 0)",1,1,0.84,0.59,1.00,0.73,1.00,1.00,1.00,1.00,1.00,1.00,1.00,anybody's work,1.00,1,1,,,,,,,,near,0.59
2026-09-20,13:34:47,2026-09-20_08-22,Oswin,prowl,"looking for a fight near (1332, 1380, 0)",4,5,0.82,0.77,0.79,0.63,1.00,1.00,1.00,1.00,1.00,1.00,1.00,anybody's work,1.00,1,1,,,,,,,,room,0.63
2026-09-21,18:07:59,2026-09-21_18-06,Joss Ashdown,order,ordering 1 LeatherBustierArms,131,131,1.00,1.00,1.00,1.00,1.00,1.00,1.00,1.00,1.00,1.00,1.00,anybody's work,1.00,4,4,,,,rescue,114,,,none,1.00
2026-09-21,18:10:11,2026-09-21_18-06,Edda,mine,digging DullCopperOre (0 swings),75,61,0.95,0.82,1.00,0.92,1.00,1.00,1.00,1.00,1.00,1.00,1.30,its own trade,1.00,4,4,,,,prowl,13,,,near,0.82
2026-09-21,18:12:40,2026-09-21_18-12,Piers,brew,after 20 Bottle to brew with,309,240,0.99,1.00,1.00,0.96,1.00,1.00,1.00,1.00,1.00,1.00,1.30,its own trade,1.00,8,8,,,,mend,156,,,room,0.96
2026-09-21,18:14:38,2026-09-21_18-12,Perri,mine,digging CopperOre (0 swings),140,135,0.80,0.81,0.46,0.89,1.00,1.00,1.00,1.00,1.00,1.00,1.30,its own trade,1.00,5,5,,,,herbs,32,,,new,0.46
2026-09-21,18:17:25,2026-09-21_18-12,Ulwin,prowl,"looking for a fight near (1219, 1521, 0)",0,1,0.77,0.41,0.75,0.87,1.00,1.00,1.00,1.00,1.00,1.00,1.00,anybody's work,1.00,1,1,,,,,,,,near,0.41
2026-09-21,18:20:32,2026-09-21_18-20,Orin Ashdown,prowl,"looking for a fight near (1020, 1074, 0)",2,2,0.83,0.42,1.00,0.94,1.00,1.00,1.00,1.00,1.00,1.00,1.00,anybody's work,1.00,1,1,,,,,,,,near,0.42
2026-09-21,18:22:47,2026-09-21_18-20,Orin,order,ordering 1 LeatherArms,263,301,0.87,1.00,0.51,1.00,1.00,1.00,1.00,1.00,1.00,1.00,1.00,anybody's work,1.00,5,5,,,,mine,145,,,new,0.51
2026-09-21,18:25:34,2026-09-21_18-25,Ivo,hunt,after a hind,187,148,0.97,0.92,1.00,0.93,1.00,1.00,1.00,1.00,1.00,1.00,1.30,its own trade,1.00,4,6,restock,outlay,costs 90gp and it has 31gp,unload,14,,,near,0.92
2026-09-21,18:27:46,2026-09-21_18-25,Gerda,flee,getting away,88,101,0.87,1.00,0.49,1.00,1.00,1.00,1.00,1.00,1.00,1.00,1.00,anybody's work,1.00,2,2,,,,mend,27,put down,harrow,new,0.49
2026-09-21,18:30:59,2026-09-21_18-25,Garrow,stake,"holding the square at 1335,1395 for The Blade",179,200,0.90,0.64,1.00,0.72,1.00,1.00,1.00,1.00,1.25,1.00,1.00,anybody's work,1.00,1,2,prowl,expected-nothing,"is expected to pay -3.7/min here, against a claim of 4.9",,,,,near,0.64
2026-09-21,18:36:37,2026-09-21_18-25,Kestrel,peddle,taking 2 Spiders Silk to Rance,142,165,0.86,0.99,0.47,0.99,1.00,1.00,1.00,1.00,1.00,1.00,1.00,anybody's work,1.00,2,5,restock,outlay,costs 100gp and it has 41gp,prowl,2,,,new,0.47
2026-09-21,18:41:07,2026-09-21_18-25,Yarrow,supply,to Sabra for 10 SmithHammer,247,260,0.95,0.78,1.00,0.99,1.00,1.00,1.00,1.00,1.00,1.00,1.00,anybody's work,1.00,4,5,prowl,expected-nothing,"is expected to pay -3.6/min here, against a claim of 2.0",stake,192,,,near,0.78
2026-09-21,18:43:13,2026-09-21_18-42,Doran Ashdown,unload,taking a full pack to the counter,16,20,0.78,0.65,0.49,0.93,1.00,1.00,1.00,1.00,1.00,1.00,1.00,anybody's work,1.00,3,3,,,,restock,10,,,new,0.49
2026-09-21,18:45:14,2026-09-21_18-42,Ronan,hunt,after an ogre,264,209,0.97,0.90,1.00,0.97,1.00,1.00,1.00,1.00,1.00,1.00,1.30,its own trade,1.00,1,1,,,,,,,,near,0.90
2026-09-21,18:47:14,2026-09-21_18-45,Wystan,homeward,going home,2,5,0.49,0.19,1.00,1.00,0.15,1.00,1.00,1.00,1.00,1.00,1.00,anybody's work,1.00,1,1,,,,,,,,safe,0.15
2026-09-21,18:49:20,2026-09-21_18-49,Orin Ashdown,prowl,"looking for a fight near (2025, 945, 0)",1,1,0.83,0.42,1.00,0.95,1.00,1.00,1.00,1.00,1.00,1.00,1.00,anybody's work,1.00,1,1,,,,,,,,near,0.42
2026-09-21,18:51:35,2026-09-21_18-49,Isolde,hunt,after a horse,83,65,0.98,0.95,1.00,0.96,1.00,1.00,1.00,1.00,1.00,1.00,1.30,its own trade,1.00,2,2,,,,unload,8,,,near,0.95
2026-09-21,18:54:54,2026-09-21_18-49,Kestrel,prowl,"looking for a fight near (1504, 992, 0)",3,6,0.52,0.40,1.00,0.78,1.00,0.12,1.00,1.00,1.00,1.00,1.00,anybody's work,1.00,1,4,restock,outlay,costs 54gp and it has 12gp,,,,,purse,0.12
2026-09-21,18:58:46,2026-09-21_18-49,Ilsa Ashdown,glean,after spent Bolt,25,27,0.92,0.99,1.00,0.99,1.00,0.68,1.00,1.00,1.00,1.00,1.00,anybody's work,1.00,2,3,restock,outlay,costs 410gp and it has 278gp,prowl,1,,,purse,0.68
2026-09-21,19:01:29,2026-09-21_18-49,Lysa Ashdown,glean,after spent Bolt,11,11,0.98,0.93,1.00,0.99,1.00,1.00,1.00,1.00,1.00,1.00,1.00,anybody's work,1.00,2,2,,,,prowl,1,,,near,0.93
2026-09-21,22:00:15,2026-09-21_21-58,Bertram,hunt,after a hind,201,165,0.94,0.91,1.00,0.80,1.00,1.00,1.00,1.00,1.00,1.00,1.30,its own trade,1.00,4,4,,,,acquire,41,,,room,0.80
2026-09-21,22:02:49,2026-09-21_21-58,Gerda Ashdown,rescue,Bryn Ashdown is being set upon by Bagdud,284,277,0.79,0.98,0.32,0.98,1.00,1.00,1.00,1.00,1.00,1.00,1.30,its own trade,1.00,1,1,,,,,,,,new,0.32
2026-09-21,22:04:53,2026-09-21_21-58,Ulla,mine,digging DullCopperOre (0 swings),1,2,0.53,0.95,0.05,0.85,1.00,1.00,1.00,1.00,1.00,1.00,1.30,its own trade,1.00,2,3,prowl,deaths-close,"lies in or beside ground where 8.6 bots have died lately, against 3.0 that close it to everything but running",unload,0,,,new,0.05
2026-09-21,22:05:35,2026-09-21_21-58,Perri Ashdown,quarrel,closing with Cassia of the enemy,324,400,0.81,0.97,1.00,1.00,1.00,0.36,1.00,1.00,1.00,1.00,1.00,anybody's work,1.00,4,7,restock,outlay,costs 450gp and it has 160gp,order,298,,,purse,0.36
2026-09-21,22:08:04,2026-09-21_21-58,Merrick,rescue,Sable is being set upon by an ogre,87,68,0.97,0.89,1.00,0.99,1.00,1.00,1.00,1.00,1.00,1.00,1.30,its own trade,1.00,4,4,,,,restock,10,,,near,0.89
2026-09-21,22:11:01,2026-09-21_21-58,Ilsa,unload,taking a full pack to the counter,11,15,0.75,0.69,0.45,0.94,1.00,0.83,1.00,1.00,1.00,1.00,1.00,anybody's work,1.00,2,4,restock,outlay,costs 150gp and it has 124gp,drill,3,,,new,0.45
2026-09-21,22:13:29,2026-09-21_21-58,Calla,mine,digging ShadowIronOre (0 swings),192,189,0.78,0.88,0.54,0.88,1.00,1.00,1.00,1.00,0.70,1.00,1.30,its own trade,1.00,5,5,,,,order,168,,,new,0.54
2026-09-21,22:15:36,2026-09-21_21-58,Selwyn,unload,taking a full pack to the counter,15,16,0.96,0.87,1.00,0.92,1.00,1.00,1.00,1.00,1.00,1.00,1.00,anybody's work,1.00,2,3,harrow,deaths-close,"lies in or beside ground where 16.7 bots have died lately, against 3.0 that close it to everything but running",restock,12,,,near,0.87
2026-09-21,22:18:06,2026-09-21_21-58,Marek,brew,after 20 Bottle to brew with,92,71,1.00,1.00,1.00,1.00,1.00,1.00,1.00,1.00,1.00,1.00,1.30,its own trade,1.00,4,4,,,,acquire,85,,,none,1.00
2026-09-21,22:20:44,2026-09-21_21-58,Perri Ashdown,evict,"to Selwyn, who is working our land",393,380,1.04,0.96,1.00,0.99,1.00,1.00,1.00,1.00,1.25,1.00,1.00,anybody's work,1.00,4,5,band,deaths-close,"lies in or beside ground where 15.2 bots have died lately, against 3.0 that close it to everything but running",rescue,45,put down,stake,near,0.96
2026-09-21,22:23:25,2026-09-21_21-58,Perri,peddle,taking 8 Iron Ingot to Gus,504,590,0.85,0.67,0.70,0.97,1.00,1.00,1.00,1.00,1.00,1.00,1.00,anybody's work,1.00,4,5,prowl,expected-nothing,"is expected to pay -2.5/min here, against a claim of 2.0",mine,73,,,near,0.67
2026-09-21,22:25:38,2026-09-21_21-58,Gwendra,peddle,taking 3 Raw Lamb Leg to Iman,151,179,0.84,0.48,0.91,0.99,1.00,1.00,1.00,1.00,1.00,1.00,1.00,anybody's work,1.00,5,5,,,,inscribe,129,,,near,0.48
2026-09-21,22:28:17,2026-09-21_21-58,Emrys,evict,"to Lorcan, who is working our land",356,380,0.94,0.98,0.59,0.99,1.00,1.00,1.00,1.00,1.25,1.00,1.00,anybody's work,1.00,5,6,harrow,deaths-close,"lies in or beside ground where 13.4 bots have died lately, against 3.0 that close it to everything but running",stake,173,put down,stake,new,0.59
2026-09-21,22:30:49,2026-09-21_21-58,Kestrel,prowl,"looking for a fight near (1234, 1425, 0)",1,1,0.62,0.67,0.83,0.80,1.00,0.20,1.00,1.00,1.00,1.00,1.00,anybody's work,1.00,1,3,restock,outlay,costs 80gp and it has 20gp,,,,,purse,0.20
2026-09-21,22:33:59,2026-09-21_21-58,Ivo,prowl,"looking for a fight near (992, 1952, 0)",1,2,0.63,0.39,1.00,0.82,1.00,0.30,1.00,1.00,1.00,1.00,1.00,anybody's work,1.00,1,3,restock,outlay,costs 51gp and it has 30gp,,,,,purse,0.30
2026-09-21,22:37:05,2026-09-21_21-58,Garrow,prowl,"looking for a fight near (1398, 1470, 10)",4,5,0.77,0.38,1.00,0.72,1.00,1.00,1.00,1.00,1.00,1.00,1.00,anybody's work,1.00,1,2,harrow,deaths-close,"lies in or beside ground where 11.5 bots have died lately, against 3.0 that close it to everything but running",,,,,near,0.38
2026-09-21,22:39:48,2026-09-21_21-58,Kerrin,mine,digging CopperOre (0 swings),29,26,0.85,0.84,0.59,0.89,1.00,1.00,1.00,1.00,1.00,1.00,1.30,its own trade,1.00,3,4,harrow,deaths-close,"lies in or beside ground where 11.0 bots have died lately, against 3.0 that close it to everything but running",unload,11,,,new,0.59
2026-09-21,22:42:30,2026-09-21_21-58,Harlan,homeward,going home,3,5,0.65,0.85,1.00,0.93,0.15,1.00,1.00,1.00,1.00,1.00,1.00,anybody's work,1.00,1,4,restock,outlay,costs 150gp and it has 46gp,,,,,safe,0.15
2026-09-21,22:45:13,2026-09-21_21-58,Torvin,mine,digging ShadowIronOre (0 swings),98,87,0.87,0.81,1.00,0.86,1.00,1.00,1.00,1.00,0.70,1.00,1.30,its own trade,1.00,3,4,prowl,deaths-close,"lies in or beside ground where 10.0 bots have died lately, against 3.0 that close it to everything but running",herbs,39,,,ground,0.70
2026-09-21,22:47:56,2026-09-21_21-58,Merrick,mine,digging BronzeOre (0 swings),192,169,0.88,0.81,0.69,0.93,1.00,1.00,1.00,1.00,1.00,1.00,1.30,its own trade,1.00,2,3,prowl,deaths-close,"lies in or beside ground where 9.5 bots have died lately, against 3.0 that close it to everything but running",unload,4,,,new,0.69
2026-09-21,22:51:10,2026-09-21_21-58,Nessa,supply,to Raoul for 20 Ginseng,241,260,0.93,0.72,1.00,0.96,1.00,1.00,1.00,1.00,1.00,1.00,1.00,anybody's work,1.00,4,5,prowl,expected-nothing,"is expected to pay -65.1/min here, against a claim of 2.0",herbs,37,,,near,0.72
2026-09-21,22:53:33,2026-09-21_21-58,Nessa,restock,after 1 Hatchet,11,12,0.88,0.53,1.00,0.97,1.00,1.00,1.00,1.00,1.00,1.00,1.00,anybody's work,1.00,2,3,prowl,expected-nothing,"is expected to pay -65.1/min here, against a claim of 2.0",unload,3,,,near,0.53
2026-09-21,22:56:23,2026-09-21_21-58,Wynn,supply,to Vaughn for 20 Bloodmoss,244,260,0.94,0.74,1.00,0.99,1.00,1.00,1.00,1.00,1.00,1.00,1.00,anybody's work,1.00,1,2,prowl,deaths-close,"lies in or beside ground where 8.2 bots have died lately, against 3.0 that close it to everything but running",,,,,near,0.74
2026-09-21,22:59:25,2026-09-21_21-58,Wynn,restock,after 2 LesserHealPotion,11,12,0.94,1.00,0.74,0.99,1.00,1.00,1.00,1.00,1.00,1.00,1.00,anybody's work,1.00,1,2,prowl,deaths-close,"lies in or beside ground where 7.8 bots have died lately, against 3.0 that close it to everything but running",,,,,new,0.74
2026-09-21,23:01:59,2026-09-21_21-58,Harlan,restock,after 6 Ginseng,8,12,0.65,1.00,0.48,0.95,1.00,0.26,1.00,1.00,1.00,1.00,1.00,anybody's work,1.00,1,4,inscribe,outlay,costs 100gp and it has 26gp,,,,,purse,0.26
2026-09-21,23:04:20,2026-09-21_21-58,Selwyn,band,calling a company against a wraith,8,8,0.99,0.96,1.00,1.00,1.00,1.00,1.00,1.00,1.00,1.00,1.00,anybody's work,1.00,1,3,prowl,deaths-close,"lies in or beside ground where 7.2 bots have died lately, against 3.0 that close it to everything but running",,,,,near,0.96
2026-09-21,23:06:43,2026-09-21_21-58,Lysa,mine,digging CopperOre (0 swings),17,18,0.76,0.81,0.37,0.83,1.00,1.00,1.00,1.00,1.00,1.00,1.30,its own trade,1.00,2,3,prowl,deaths-close,"lies in or beside ground where 6.9 bots have died lately, against 3.0 that close it to everything but running",unload,5,,,new,0.37
2026-09-21,23:08:42,2026-09-21_21-58,Bryn,unload,taking a full pack to the counter,110,120,0.92,0.96,0.72,0.93,1.00,1.00,1.00,1.00,1.00,1.00,1.00,anybody's work,1.00,5,5,,,,peddle,37,,,new,0.72
2026-09-21,23:10:56,2026-09-21_21-58,Lysa,mine,digging GoldOre (0 swings),4,5,0.70,0.77,0.26,0.83,1.00,1.00,1.00,1.00,1.00,1.00,1.30,its own trade,1.00,2,3,prowl,deaths-close,"lies in or beside ground where 6.4 bots have died lately, against 3.0 that close it to everything but running",unload,4,,,new,0.26
2026-09-21,23:13:31,2026-09-21_21-58,Quenna,hunt,after a hind,151,118,0.99,0.96,1.00,0.97,1.00,1.00,1.00,1.00,1.00,1.00,1.30,its own trade,1.00,1,1,,,,,,,,near,0.96
2026-09-21,23:16:37,2026-09-21_21-58,Alden,mine,digging IronOre (0 swings),103,90,0.88,0.85,0.75,0.85,1.00,1.00,1.00,1.00,1.00,1.00,1.30,its own trade,1.00,3,4,prowl,deaths-close,"lies in or beside ground where 5.8 bots have died lately, against 3.0 that close it to everything but running",herbs,30,,,new,0.75
2026-09-21,23:18:47,2026-09-21_21-58,Sable,mine,digging ShadowIronOre (0 swings),1,2,0.51,0.79,0.05,0.86,1.00,1.00,1.00,1.00,1.00,1.00,1.30,its own trade,1.00,1,3,unload,expected-nothing,"is expected to pay -1.7/min here, against a claim of 7.5",,,,,new,0.05
2026-09-21,23:21:19,2026-09-21_21-58,Ulwin,restock,after 5 Arrow,12,12,1.00,1.00,1.00,1.00,1.00,1.00,1.00,1.00,1.00,1.00,1.00,anybody's work,1.00,1,2,prowl,deaths-close,"lies in or beside ground where 5.3 bots have died lately, against 3.0 that close it to everything but running",,,,,none,1.00
2026-09-21,23:23:51,2026-09-21_21-58,Kestrel,hunt,after a cow,213,176,0.93,0.95,0.78,0.96,1.00,1.00,1.00,1.00,1.00,1.00,1.30,its own trade,1.00,1,3,restock,outlay,costs 150gp and it has 29gp,,,,,new,0.78
2026-09-21,23:26:45,2026-09-21_21-58,Calla Ashdown,evict,"to Dain, who is working our land",232,380,0.61,0.97,0.47,0.99,0.15,1.00,1.00,1.00,1.25,1.00,1.00,anybody's work,1.00,1,3,prowl,deaths-close,"lies in or beside ground where 4.9 bots have died lately, against 3.0 that close it to everything but running",,,,,safe,0.15
2026-09-21,23:29:27,2026-09-21_21-58,Selwyn,evict,"to Talia, who is working our land",236,380,0.62,0.98,0.08,1.00,1.00,1.00,1.00,1.00,1.25,1.00,1.00,anybody's work,1.00,2,5,prowl,expected-nothing,"is expected to pay -0.2/min here, against a claim of 3.3",unload,13,,,new,0.08
2026-09-21,23:32:37,2026-09-21_21-58,Gwendra,unload,taking a full pack to the counter,17,18,0.90,0.65,0.97,0.92,1.00,1.00,1.00,1.00,1.00,1.00,1.00,anybody's work,1.00,2,3,prowl,deaths-close,"lies in or beside ground where 4.4 bots have died lately, against 3.0 that close it to everything but running",restock,11,,,near,0.65
2026-09-21,23:35:39,2026-09-21_21-58,Nessa,pickings,going through a cow,85,85,1.00,0.99,1.00,1.00,1.00,1.00,1.00,1.00,1.00,1.00,1.00,anybody's work,1.00,4,4,,,,mine,31,,,near,0.99
2026-09-21,23:38:19,2026-09-21_21-58,Sable,mine,digging BronzeOre (0 swings),1,2,0.63,0.80,0.05,0.90,1.00,1.00,1.00,3.00,1.00,1.00,1.30,its own trade,1.00,1,3,unload,expected-nothing,"is expected to pay -1.7/min here, against a claim of 7.5",,,,,new,0.05
2026-09-21,23:38:42,2026-09-21_21-58,Sable,mine,digging BronzeOre (0 swings),1,2,0.46,0.80,0.01,0.86,1.00,1.00,1.00,3.00,1.00,1.00,1.30,its own trade,1.00,2,3,prowl,deaths-close,"lies in or beside ground where 10.1 bots have died lately, against 3.0 that close it to everything but running",unload,0,,,new,0.01
2026-09-21,23:39:03,2026-09-21_21-58,Sable,mine,digging BronzeOre (0 swings),1,2,0.42,0.80,0.01,0.90,1.00,1.00,1.00,3.00,1.00,1.00,1.30,its own trade,1.00,2,3,prowl,deaths-close,"lies in or beside ground where 10.1 bots have died lately, against 3.0 that close it to everything but running",unload,0,,,new,0.01
2026-09-21,23:39:25,2026-09-21_21-58,Sable,mine,digging BronzeOre (0 swings),1,2,0.52,0.79,0.02,0.94,1.00,1.00,1.00,3.00,1.00,1.00,1.30,its own trade,1.00,2,3,prowl,deaths-close,"lies in or beside ground where 11.0 bots have died lately, against 3.0 that close it to everything but running",unload,0,,,new,0.02
2026-09-21,23:41:40,2026-09-21_21-58,Lysa Ashdown,flee,getting away,300,333,0.90,1.00,0.59,1.00,1.00,1.00,1.00,1.00,1.00,1.00,1.00,anybody's work,1.00,1,1,,,,,,,,new,0.59
2026-09-21,23:45:24,2026-09-21_21-58,Faron,hunt,after a pig,128,101,0.98,0.90,1.00,0.99,1.00,1.00,1.00,1.00,1.00,1.00,1.30,its own trade,1.00,2,2,,,,drill,1,,,near,0.90
2026-09-21,23:48:21,2026-09-21_21-58,Alden,mine,digging ShadowIronOre (0 swings),107,88,0.93,0.79,1.00,0.89,1.00,1.00,1.00,1.00,1.00,1.00,1.30,its own trade,1.00,3,4,prowl,expected-nothing,"is expected to pay -1.0/min here, against a claim of 2.0",unload,12,,,near,0.79
2026-09-21,23:51:38,2026-09-21_21-58,Alden,restock,after 1 LesserHealPotion,12,12,0.98,1.00,0.95,0.95,1.00,1.00,1.00,1.00,1.00,1.00,1.00,anybody's work,1.00,4,4,,,,unload,8,,,tie,0.95
2026-09-21,23:54:46,2026-09-21_21-58,Nessa,mine,digging ShadowIronOre (0 swings),82,66,0.95,0.86,1.00,0.90,1.00,1.00,1.00,1.00,1.00,1.00,1.30,its own trade,1.00,3,4,prowl,deaths-close,"lies in or beside ground where 12.3 bots have died lately, against 3.0 that close it to everything but running",acquire,71,,,near,0.86
2026-09-21,23:57:23,2026-09-21_21-58,Faron Ashdown,prowl,"looking for a fight near (1468, 976, 0)",2,2,0.82,0.45,1.00,0.84,1.00,1.00,1.00,1.00,1.00,1.00,1.00,anybody's work,1.00,1,1,,,,,,,,near,0.45
2026-09-22,00:00:00,2026-09-21_21-58,Nessa,chop,"out to the woods near (1752, 1476)",384,284,1.04,0.99,1.00,0.99,1.00,1.00,1.00,1.00,1.25,1.00,1.30,its own trade,1.00,5,5,,,,supply,240,,,tie,0.99
2026-09-22,00:03:40,2026-09-21_21-58,Sable,mine,digging BronzeOre (0 swings),9,14,0.49,0.91,0.01,0.90,1.00,1.00,1.00,3.00,1.00,1.00,1.30,its own trade,1.00,3,3,,,,unload,6,,,new,0.01
2026-09-22,00:07:48,2026-09-21_21-58,Torvin,mine,digging BronzeOre (0 swings),6,6,0.78,0.81,0.13,0.89,1.00,1.00,1.00,3.00,1.00,1.00,1.30,its own trade,1.00,2,2,,,,prowl,1,,,new,0.13
2026-09-22,00:10:40,2026-09-21_21-58,Doran Ashdown,band,calling a company against a spectre,2,3,0.96,0.83,1.00,1.00,1.00,1.00,1.00,1.00,1.00,1.00,1.00,anybody's work,1.00,1,1,,,,,,met,prowl,near,0.83
2026-09-22,00:14:11,2026-09-21_21-58,Sable,mine,digging CopperOre (0 swings),17,18,0.72,0.97,0.18,0.87,1.00,1.00,1.00,1.00,1.25,1.00,1.30,its own trade,1.00,2,3,prowl,expected-nothing,"is expected to pay -0.7/min here, against a claim of 2.9",unload,8,,,new,0.18
2026-09-22,00:17:38,2026-09-21_21-58,Nessa,mine,digging CopperOre (0 swings),106,91,0.90,0.91,0.71,0.91,1.00,1.00,1.00,1.00,1.00,1.00,1.30,its own trade,1.00,5,5,,,,restock,12,,,new,0.71
2026-09-22,00:20:47,2026-09-21_21-58,Wystan,hunt,after Rektav,185,146,0.98,0.94,1.00,0.95,1.00,1.00,1.00,1.00,1.00,1.00,1.30,its own trade,1.00,2,2,,,,glean,38,,,near,0.94
2026-09-22,00:23:28,2026-09-21_21-58,Ronan,peddle,taking 1 Emerald to Ellis,47,54,0.88,0.60,0.90,0.99,1.00,1.00,1.00,1.00,1.00,1.00,1.00,anybody's work,1.00,1,2,prowl,deaths-close,"lies in or beside ground where 7.5 bots have died lately, against 3.0 that close it to everything but running",,,,,near,0.60
2026-09-22,00:26:57,2026-09-21_21-58,Joss,unload,taking a full pack to the counter,7,8,0.90,0.79,0.83,0.91,1.00,1.00,1.00,1.00,1.00,1.00,1.00,anybody's work,1.00,2,2,,,,prowl,2,,,near,0.79
2026-09-22,00:30:25,2026-09-21_21-58,Quill,chop,"out to the woods near (1408, 1536)",245,198,0.95,0.80,1.00,0.97,1.00,1.00,1.00,1.00,1.00,1.00,1.30,its own trade,1.00,3,4,prowl,deaths-close,"lies in or beside ground where 6.6 bots have died lately, against 3.0 that close it to everything but running",mine,48,,,near,0.80
2026-09-22,00:33:19,2026-09-21_21-58,Faron Ashdown,prowl,"looking for a fight near (1246, 1438, 0)",1,1,0.94,0.82,0.91,0.97,1.00,1.00,1.00,1.00,1.00,1.00,1.00,anybody's work,1.00,1,2,band,deaths-close,"lies in or beside ground where 3.5 bots have died lately, against 3.0 that close it to everything but running",,,,,near,0.82
2026-09-22,00:35:45,2026-09-21_21-58,Ilsa,restock,after 25 SulfurousAsh,11,12,0.92,1.00,0.74,1.00,1.00,0.87,1.00,1.00,1.00,1.00,1.00,anybody's work,1.00,1,3,inscribe,outlay,costs 100gp and it has 87gp,,,,,new,0.74
2026-09-22,00:37:54,2026-09-21_21-58,Wynn,hunt,after a horse,40,31,0.97,0.90,1.00,0.96,1.00,1.00,1.00,1.00,1.00,1.00,1.30,its own trade,1.00,1,1,,,,,,,,near,0.90
2026-09-22,00:40:32,2026-09-21_21-58,Gerda Ashdown,hunt,after a skeleton,167,133,0.97,0.91,1.00,0.94,1.00,1.00,1.00,1.00,1.00,1.00,1.30,its own trade,1.00,4,4,,,,peddle,29,,,near,0.91
2026-09-22,00:43:00,2026-09-21_21-58,Gerda Ashdown,hunt,after a zombie,131,103,0.98,0.97,1.00,0.96,1.00,1.00,1.00,1.00,1.00,1.00,1.30,its own trade,1.00,5,5,,,,herbs,97,,,room,0.96
2026-09-22,00:45:39,2026-09-21_21-58,Alden Ashdown,prowl,"looking for a fight near (1453, 1934, 0)",1,1,0.92,0.76,0.97,0.87,1.00,1.00,1.00,1.00,1.00,1.00,1.00,anybody's work,1.00,1,2,unload,expected-nothing,"is expected to pay -0.3/min here, against a claim of 7.5",,,,,near,0.76
2026-09-22,00:47:49,2026-09-21_21-58,Doran Ashdown,brew,"brewing (0 attempts, 0 made)",105,194,0.91,1.00,1.00,1.00,1.00,0.61,1.00,1.00,1.00,1.00,0.60,another's trade,1.00,2,3,acquire,outlay,costs 374gp and it has 228gp,mend,54,,,purse,0.61
2026-09-22,00:51:03,2026-09-21_21-58,Fendrel,inscribe,after paper,213,200,0.82,0.55,1.00,0.99,1.00,0.68,1.00,1.00,1.00,1.00,1.30,its own trade,1.00,4,5,acquire,outlay,costs 374gp and it has 253gp,peddle,34,dropped,prowl,near,0.55
2026-09-22,00:53:34,2026-09-21_21-58,Ilsa Ashdown,prowl,"looking for a fight near (1252, 1419, 0)",0,0,0.81,0.43,1.00,0.80,1.00,1.00,1.00,1.00,1.00,1.00,1.00,anybody's work,1.00,1,1,,,,,,,,near,0.43
2026-09-22,00:56:13,2026-09-21_21-58,Aric,prowl,"looking for a fight near (1757, 1476, 0)",1,1,0.82,0.62,1.00,0.87,1.00,1.00,1.00,1.00,0.70,1.00,1.00,anybody's work,1.00,1,1,,,,,,,,near,0.62
2026-09-22,00:58:22,2026-09-21_21-58,Ilsa,prowl,"looking for a fight near (1423, 1139, 0)",1,2,0.69,0.80,1.00,0.85,1.00,0.22,1.00,1.00,1.00,1.00,1.00,anybody's work,1.00,1,2,restock,outlay,costs 225gp and it has 50gp,,,,,purse,0.22
2026-09-22,01:00:53,2026-09-21_21-58,Hale,mine,digging GoldOre (0 swings),15,12,0.94,0.83,1.00,0.90,1.00,1.00,1.00,1.00,1.00,1.00,1.30,its own trade,1.00,3,3,,,,restock,11,,,near,0.83
2026-09-22,01:03:35,2026-09-21_21-58,Quenna,prowl,"looking for a fight near (1906, 1349, 0)",1,1,0.87,0.66,0.83,0.90,1.00,1.00,1.00,1.00,1.00,1.00,1.00,anybody's work,1.00,1,1,,,,,,,,near,0.66
2026-09-22,01:06:35,2026-09-21_21-58,Hale,unload,taking a full pack to the counter,17,20,0.84,0.96,0.45,0.96,1.00,1.00,1.00,1.00,1.00,1.00,1.00,anybody's work,1.00,4,4,,,,mine,14,,,new,0.45
2026-09-22,02:49:52,2026-09-22_02-48,Gerda Ashdown,rescue,hitting back at a gazer,189,147,0.99,1.00,1.00,0.96,1.00,1.00,1.00,1.00,1.00,1.00,1.30,its own trade,1.00,1,1,,,,,,,,room,0.96
2026-09-22,02:52:04,2026-09-22_02-48,Bryn,unload,taking a full pack to the counter,21,28,0.76,0.58,0.77,0.89,1.00,0.64,1.00,1.00,1.00,1.00,1.00,anybody's work,1.00,3,4,sew,outlay,costs 100gp and it has 64gp,restock,10,,,near,0.58
2026-09-22,02:54:32,2026-09-22_02-48,Edda,mine,digging DullCopperOre (0 swings),18,26,0.53,0.96,0.33,0.86,1.00,0.16,1.00,1.00,1.00,1.00,1.30,its own trade,1.00,3,5,sew,outlay,costs 100gp and it has 16gp,unload,4,,,purse,0.16
2026-09-22,02:57:29,2026-09-22_02-48,Wynn,hunt,after a giant spider,19,15,0.96,0.90,1.00,0.92,1.00,1.00,1.00,1.00,1.00,1.00,1.30,its own trade,1.00,1,2,unload,expected-nothing,"is expected to pay -148.9/min here, against a claim of 7.5",,,,,near,0.90
2026-09-22,02:59:54,2026-09-22_02-48,Sable,mine,digging IronOre (0 swings),1,2,0.70,0.98,0.05,0.89,1.00,1.00,1.00,3.00,1.25,1.00,1.30,its own trade,1.00,3,3,,,,prowl,1,,,new,0.05
2026-09-22,03:03:56,2026-09-22_02-48,Joss,order,ordering 1 LeatherCap,523,542,0.96,1.00,0.83,1.00,1.00,1.00,1.00,1.00,1.00,1.00,1.00,anybody's work,1.00,2,2,,,,prowl,1,,,new,0.83
2026-09-22,03:07:24,2026-09-22_02-48,Merrick,mine,digging BronzeOre (0 swings),6,6,0.83,0.91,0.17,0.85,1.00,1.00,1.00,3.00,1.00,1.00,1.30,its own trade,1.00,2,3,unload,expected-nothing,"is expected to pay -122.4/min here, against a claim of 11.3",prowl,2,,,new,0.17
2026-09-22,03:10:46,2026-09-22_02-48,Cassia,hunt,after a timber wolf,262,201,1.00,0.92,1.00,0.89,1.00,1.00,1.00,1.00,1.25,1.00,1.30,its own trade,1.00,3,3,,,,supply,246,,,room,0.89
2026-09-22,03:14:46,2026-09-22_02-48,Torvin,mine,digging CopperOre (0 swings),13,14,0.72,0.87,0.26,0.84,1.00,1.00,1.00,1.00,1.00,1.00,1.30,its own trade,1.00,3,3,,,,unload,6,,,new,0.26
2026-09-22,03:18:45,2026-09-22_02-48,Isolde,stake,"holding the square at 1365,1335 for The Crown",177,200,0.89,0.89,0.79,0.77,1.00,1.00,1.00,1.00,1.00,1.00,1.00,anybody's work,1.00,3,4,prowl,expected-nothing,"is expected to pay -64.8/min here, against a claim of 2.9",peddle,165,,,room,0.77
2026-09-22,03:21:33,2026-09-22_02-48,Lysa,mine,digging BronzeOre (0 swings),27,23,0.87,0.80,0.24,0.87,1.00,1.00,1.00,3.00,1.00,1.00,1.30,its own trade,1.00,3,3,,,,unload,15,,,new,0.24
2026-09-22,03:23:55,2026-09-22_02-48,Merrick,mine,digging CopperOre (0 swings),1,2,0.65,0.98,0.03,0.89,1.00,1.00,1.00,3.00,1.25,1.00,1.30,its own trade,1.00,1,3,unload,expected-nothing,"is expected to pay -123.0/min here, against a claim of 7.5",,,,,new,0.03
2026-09-22,03:25:30,2026-09-22_02-48,Joss Ashdown,prowl,"looking for a fight near (1464, 1259, 0)",0,1,0.83,0.41,1.00,0.94,1.00,1.00,1.00,1.00,1.00,1.00,1.00,anybody's work,1.00,1,1,,,,,,,,near,0.41
2026-09-22,03:25:52,2026-09-22_02-48,Merrick,mine,digging CopperOre (0 swings),1,2,0.48,0.97,0.01,0.91,1.00,1.00,1.00,3.00,1.25,1.00,1.30,its own trade,1.00,1,3,unload,expected-nothing,"is expected to pay -122.8/min here, against a claim of 8.5",,,,,new,0.01
2026-09-22,03:26:15,2026-09-22_02-48,Ronan,glean,after spent Arrow,15,15,0.99,0.97,1.00,0.99,1.00,1.00,1.00,1.00,1.00,1.00,1.00,anybody's work,1.00,2,2,,,,prowl,2,,,near,0.97
2026-09-22,03:26:57,2026-09-22_02-48,Merrick,mine,digging CopperOre (0 swings),1,2,0.42,0.98,0.00,0.90,1.00,1.00,1.00,3.00,1.25,1.00,1.30,its own trade,1.00,1,3,unload,expected-nothing,"is expected to pay -123.0/min here, against a claim of 7.5",,,,,new,0.00
2026-09-22,03:29:28,2026-09-22_02-48,Ulla,mine,digging GoldOre (0 swings),8,8,0.80,0.94,0.13,0.90,1.00,1.00,1.00,3.00,1.00,1.00,1.30,its own trade,1.00,4,4,,,,unload,3,,,new,0.13
2026-09-22,03:31:37,2026-09-22_02-48,Doran,fletch,after 20 Log for arrows,239,176,1.05,1.00,1.00,1.00,1.00,1.00,1.00,1.00,1.25,1.00,1.30,its own trade,1.00,6,6,,,,mine,113,,,none,1.00
2026-09-22,03:34:05,2026-09-22_02-48,Bryn Ashdown,restock,after 15 Bloodmoss,11,12,0.89,1.00,0.59,0.97,1.00,1.00,1.00,1.00,1.00,1.00,1.00,anybody's work,1.00,2,2,,,,prowl,1,,,new,0.59
2026-09-22,03:36:07,2026-09-22_02-48,Calla Ashdown,peddle,taking 9 Spiders Silk to Vaughn,63,76,0.83,0.41,1.00,0.97,1.00,1.00,1.00,1.00,1.00,1.00,1.00,anybody's work,1.00,4,4,,,,unload,19,,,near,0.41
2026-09-22,03:38:25,2026-09-22_02-48,Nessa Ashdown,hunt,after a goat,208,166,0.97,0.90,1.00,0.93,1.00,1.00,1.00,1.00,1.00,1.00,1.30,its own trade,1.00,4,4,,,,glean,14,,,near,0.90
2026-09-22,03:40:52,2026-09-22_02-48,Merrick Ashdown,unload,taking a full pack to the counter,3,4,0.89,0.74,0.79,0.95,1.00,1.00,1.00,1.00,1.00,1.00,1.00,anybody's work,1.00,1,2,prowl,expected-nothing,"is expected to pay -2.8/min here, against a claim of 5.6",,,,,near,0.74
2026-09-22,03:43:03,2026-09-22_02-48,Doran Ashdown,peddle,taking 13 Nightshade to Delano,78,83,0.94,0.75,1.00,0.97,1.00,1.00,1.00,1.00,1.00,1.00,1.00,anybody's work,1.00,4,4,,,,restock,10,,,near,0.75
2026-09-22,03:45:26,2026-09-22_02-48,Emrys,prowl,"looking for a fight near (1068, 1932, 0)",3,4,0.83,0.52,1.00,0.77,1.00,1.00,1.00,1.00,1.00,1.00,1.00,anybody's work,1.00,1,1,,,,,,,,near,0.52
2026-09-22,03:47:43,2026-09-22_02-48,Aric,forage,after reagents lying about,18,19,0.98,0.90,1.00,1.00,1.00,1.00,1.00,1.00,1.00,1.00,1.00,anybody's work,1.00,2,2,,,,unload,4,,,near,0.90
2026-09-22,03:51:13,2026-09-22_02-48,Sable,mine,digging ShadowIronOre (0 swings),217,160,1.04,0.81,0.79,0.93,1.00,1.00,1.00,3.00,0.70,1.00,1.30,its own trade,1.00,2,2,,,,prowl,5,,,ground,0.70
2026-09-22,03:54:57,2026-09-22_02-48,Gwendra,restock,after 5 BlackPearl,11,12,0.90,1.00,0.93,1.00,1.00,0.62,1.00,1.00,1.00,1.00,1.00,anybody's work,1.00,1,2,inscribe,outlay,costs 100gp and it has 62gp,,,,,purse,0.62
2026-09-22,03:57:30,2026-09-22_03-57,Emrys,prowl,"looking for a fight near (1860, 1535, 0)",7,9,0.80,0.39,1.00,0.82,1.00,1.00,1.00,1.00,1.00,1.00,1.00,anybody's work,1.00,1,2,band,expected-nothing,"is expected to pay -0.1/min here, against a claim of 7.5",,,,,near,0.39
2026-09-22,03:58:57,2026-09-22_03-57,Alden Ashdown,unload,taking a full pack to the counter,29,34,0.85,0.52,1.00,0.86,1.00,1.00,1.00,1.00,1.00,1.00,1.00,anybody's work,1.00,3,3,,,,restock,12,,,near,0.52
2026-09-22,04:00:45,2026-09-22_03-57,Ulla,mine,digging CopperOre (0 swings),17,18,0.72,0.97,0.19,0.87,1.00,1.00,1.00,1.00,1.25,1.00,1.30,its own trade,1.00,2,3,prowl,expected-nothing,"is expected to pay -1.0/min here, against a claim of 2.0",unload,12,,,new,0.19
2026-09-22,04:02:35,2026-09-22_03-57,Calla,restock,after 1 Pickaxe,11,12,0.92,0.85,1.00,0.98,1.00,0.80,1.00,1.00,1.00,1.00,1.00,anybody's work,1.00,3,4,sew,outlay,costs 60gp and it has 48gp,unload,4,,,purse,0.80
2026-09-22,04:04:54,2026-09-22_03-57,Oswin,prowl,"looking for a fight near (1608, 1279, 0)",11,14,0.83,0.57,1.00,0.68,1.00,1.00,1.00,1.00,1.00,1.00,1.00,anybody's work,1.00,1,1,,,,,,,,near,0.57
2026-09-22,04:06:56,2026-09-22_04-06,Edda Ashdown,prowl,"looking for a fight near (1376, 1376, 0)",14,22,0.66,0.64,0.74,0.79,1.00,0.48,1.00,1.00,0.70,1.00,1.00,anybody's work,1.00,1,2,restock,outlay,costs 125gp and it has 60gp,,,,,purse,0.48
2026-09-22,04:09:06,2026-09-22_04-06,Marek,prowl,"looking for a fight near (1376, 1376, 0)",1,2,0.78,0.56,0.76,0.80,1.00,0.67,1.00,1.00,1.25,1.00,1.00,anybody's work,1.00,1,2,restock,outlay,costs 48gp and it has 32gp,,,,,near,0.56
2026-09-22,04:11:00,2026-09-22_04-06,Garrow,hunt,after a panther,209,164,0.98,0.93,1.00,0.97,1.00,1.00,1.00,1.00,1.00,1.00,1.30,its own trade,1.00,1,1,,,,,,,,near,0.93
2026-09-22,04:13:04,2026-09-22_04-06,Hale,forge,off to a forge,486,529,0.71,1.00,0.18,1.00,1.00,1.00,1.00,1.00,1.00,1.00,1.30,its own trade,1.00,5,5,,,,mine,142,,,new,0.18
2026-09-22,04:15:29,2026-09-22_04-06,Delwyn,prowl,"looking for a fight near (1517, 1021, 0)",1,1,0.79,0.51,0.78,0.78,1.00,1.00,1.00,1.00,1.00,1.00,1.00,anybody's work,1.00,1,1,,,,,,,,near,0.51
2026-09-22,04:18:11,2026-09-22_04-06,Vesna,prowl,"looking for a fight near (1866, 1097, 0)",2,2,0.85,0.55,1.00,0.80,1.00,1.00,1.00,1.00,1.00,1.00,1.00,anybody's work,1.00,1,1,,,,,,,,near,0.55
2026-09-22,04:20:50,2026-09-22_04-06,Talia,prowl,"looking for a fight near (1251, 1314, 0)",7,9,0.77,0.43,0.75,0.83,1.00,1.00,1.00,1.00,1.00,1.00,1.00,anybody's work,1.00,1,1,,,,,,,,near,0.43
2026-09-22,04:23:46,2026-09-22_04-06,Faron Ashdown,hunt,after a bull,157,125,0.97,0.90,1.00,0.95,1.00,1.00,1.00,1.00,1.00,1.00,1.30,its own trade,1.00,2,2,,,,peddle,95,,,near,0.90
2026-09-22,04:26:48,2026-09-22_04-06,Merrick,mine,digging IronOre (0 swings),120,105,0.88,0.96,0.61,0.90,1.00,1.00,1.00,1.00,1.00,1.00,1.30,its own trade,1.00,2,3,prowl,expected-nothing,"is expected to pay -8.4/min here, against a claim of 2.0",herbs,32,,,new,0.61
2026-09-22,04:29:25,2026-09-22_04-06,Oswin,prowl,"looking for a fight near (1641, 1266, 0)",11,13,0.86,0.54,1.00,0.85,1.00,1.00,1.00,1.00,1.00,1.00,1.00,anybody's work,1.00,3,3,,,,band,5,,,near,0.54
2026-09-22,04:32:35,2026-09-22_04-06,Ulla,peddle,taking 21 Iron Ingot to Gus,560,631,0.89,0.75,0.76,0.97,1.00,1.00,1.00,1.00,1.00,1.00,1.00,anybody's work,1.00,4,5,prowl,expected-nothing,"is expected to pay -2.0/min here, against a claim of 2.0",mine,53,,,near,0.75
2026-09-22,04:35:21,2026-09-22_04-06,Ysolt,prowl,"looking for a fight near (870, 1950, 0)",1,1,0.84,0.69,0.76,0.81,1.00,1.00,1.00,1.00,1.00,1.00,1.00,anybody's work,1.00,1,1,,,,,,,,near,0.69
2026-09-22,04:38:12,2026-09-22_04-06,Ulwin,hunt,after a sheep,369,235,1.21,0.90,1.00,0.94,1.00,1.00,1.00,3.00,1.00,1.00,1.30,its own trade,1.00,1,1,,,,,,,,near,0.90
2026-09-22,04:41:54,2026-09-22_04-06,Marek,peddle,taking 4 Magic Arrow Scroll to Rance,123,137,0.90,0.68,0.89,0.97,1.00,1.00,1.00,1.00,1.00,1.00,1.00,anybody's work,1.00,3,4,inscribe,outlay,costs 100gp and it has 90gp,restock,12,,,near,0.68
2026-09-22,04:44:56,2026-09-22_04-06,Nessa,hunt,after a goat,299,224,1.03,0.95,1.00,0.96,1.00,1.00,1.00,1.00,1.25,1.00,1.30,its own trade,1.00,3,3,,,,mine,64,,,near,0.95
2026-09-22,04:47:22,2026-09-22_04-06,Nessa,unload,taking a full pack to the counter,22,28,0.79,0.70,0.49,0.92,1.00,1.00,1.00,1.00,1.00,1.00,1.00,anybody's work,1.00,2,3,prowl,expected-nothing,"is expected to pay -18.8/min here, against a claim of 2.0",mine,19,,,new,0.49
2026-09-22,04:49:32,2026-09-22_04-06,Ilsa Ashdown,prowl,"looking for a fight near (864, 2208, 0)",3,4,0.68,0.49,1.00,0.86,1.00,0.33,1.00,1.00,1.00,1.00,1.00,anybody's work,1.00,2,3,restock,outlay,costs 645gp and it has 215gp,band,1,,,purse,0.33
2026-09-22,04:51:59,2026-09-22_04-06,Doran,stake,"holding the square at 1305,1455 for The Blade",194,200,0.97,0.82,1.00,0.83,1.00,1.00,1.00,1.00,1.25,1.00,1.00,anybody's work,1.00,6,6,,,,sew,108,,,near,0.82
2026-09-22,04:54:45,2026-09-22_04-06,Merrick Ashdown,peddle,taking 1 Blue Book to Abigail,44,48,0.92,0.99,0.74,0.90,1.00,1.00,1.00,1.00,1.00,1.00,1.00,anybody's work,1.00,2,2,,,,prowl,6,,,new,0.74
2026-09-22,04:56:58,2026-09-22_04-06,Marek,prowl,"looking for a fight near (756, 1956, 0)",1,1,0.51,0.41,1.00,0.83,1.00,0.10,1.00,1.00,1.00,1.00,1.00,anybody's work,1.00,1,3,restock,outlay,costs 100gp and it has 1gp,,,,,purse,0.10
2026-09-22,05:00:04,2026-09-22_04-06,Calla,mine,digging CopperOre (0 swings),223,185,0.93,0.92,0.84,0.89,1.00,1.00,1.00,1.00,1.00,1.00,1.30,its own trade,1.00,3,3,,,,restock,10,,,new,0.84
2026-09-22,05:02:30,2026-09-22_04-06,Hale,mine,digging BronzeOre (0 swings),115,94,0.94,0.94,0.90,0.89,1.00,1.00,1.00,1.00,1.00,1.00,1.30,its own trade,1.00,4,4,,,,prowl,12,,,room,0.89
2026-09-22,05:04:46,2026-09-22_04-06,Elspeth,peddle,taking 2 Arrow to Abigail,70,73,0.95,0.87,1.00,0.91,1.00,1.00,1.00,1.00,1.00,1.00,1.00,anybody's work,1.00,3,5,restock,outlay,costs 69gp and it has 51gp,forage,6,,,near,0.87
2026-09-22,05:07:55,2026-09-22_04-06,Alden,band,calling a company against an ogre,1,1,0.97,0.84,1.00,1.00,1.00,1.00,1.00,1.00,1.00,1.00,1.00,anybody's work,1.00,2,5,restock,outlay,costs 22gp and it has 6gp,prowl,1,met,prowl,near,0.84
2026-09-22,05:10:52,2026-09-22_04-06,Hale Ashdown,hunt,after Thtisthh,207,164,0.97,0.90,1.00,0.95,1.00,1.00,1.00,1.00,1.00,1.00,1.30,its own trade,1.00,2,2,,,,restock,10,,,near,0.90
2026-09-22,05:13:02,2026-09-22_05-11,Otho,order,ordering 1 LeatherGloves,63,63,1.00,1.00,1.00,1.00,1.00,1.00,1.00,1.00,1.00,1.00,1.00,anybody's work,1.00,4,5,brew,outlay,costs 100gp and it has 48gp,herbs,33,,,none,1.00
2026-09-22,05:15:08,2026-09-22_05-11,Edda Ashdown,mend,"mending Aric (0 casts, 0 bandages, 0 bottles)",47,38,0.94,0.99,1.00,1.00,1.00,0.73,1.00,1.00,1.00,1.00,1.30,its own trade,1.00,1,2,restock,outlay,costs 30gp and it has 22gp,,,,,purse,0.73
2026-09-22,05:17:47,2026-09-22_05-11,Lysa,unload,taking a full pack to the counter,2,3,0.80,0.70,0.48,0.96,1.00,1.00,1.00,1.00,1.00,1.00,1.00,anybody's work,1.00,3,4,prowl,expected-nothing,"is expected to pay -5.1/min here, against a claim of 2.0",mine,2,,,new,0.48
2026-09-22,05:20:55,2026-09-22_05-11,Alden,restock,after 1 Pickaxe,10,12,0.86,0.59,0.81,0.98,1.00,1.00,1.00,1.00,1.00,1.00,1.00,anybody's work,1.00,1,3,unload,expected-nothing,"is expected to pay -10.7/min here, against a claim of 13.3",,,,,near,0.59
2026-09-22,05:24:14,2026-09-22_05-11,Lysa,mine,digging BronzeOre (0 swings),108,109,0.77,0.84,0.55,0.83,1.00,1.00,1.00,1.00,0.70,1.00,1.30,its own trade,1.00,2,2,,,,prowl,0,,,new,0.55
2026-09-22,05:27:04,2026-09-22_05-11,Alden,hunt,after a skeleton,167,132,0.97,0.92,1.00,0.94,1.00,1.00,1.00,1.00,1.00,1.00,1.30,its own trade,1.00,2,5,restock,outlay,costs 22gp and it has 5gp,peddle,137,,,near,0.92
2026-09-22,05:30:10,2026-09-22_05-11,Quenna,prowl,"looking for a fight near (1011, 1733, 0)",2,3,0.85,0.52,1.00,0.88,1.00,1.00,1.00,1.00,1.00,1.00,1.00,anybody's work,1.00,1,1,,,,,,,,near,0.52
2026-09-22,05:33:33,2026-09-22_05-11,Vance,mine,digging IronOre (0 swings),43,37,0.90,0.91,0.74,0.86,1.00,1.00,1.00,1.00,1.00,1.00,1.30,its own trade,1.00,3,3,,,,unload,25,,,new,0.74
2026-09-22,05:37:20,2026-09-22_05-11,Ronan,prowl,"looking for a fight near (994, 1948, 0)",14,18,0.79,0.41,0.86,0.90,1.00,1.00,1.00,1.00,1.00,1.00,1.00,anybody's work,1.00,1,1,,,,,,,,near,0.41
2026-09-22,05:40:16,2026-09-22_05-11,Ilsa Ashdown,prowl,"looking for a fight near (1356, 1932, 0)",11,14,0.79,0.48,1.00,0.86,1.00,0.76,1.00,1.00,1.00,1.00,1.00,anybody's work,1.00,1,2,restock,outlay,costs 440gp and it has 336gp,,,,,near,0.48
2026-09-22,05:42:56,2026-09-22_05-11,Edda,peddle,taking 12 Thigh Boots to Athena,65,72,0.90,0.92,0.65,0.97,1.00,1.00,1.00,1.00,1.00,1.00,1.00,anybody's work,1.00,3,5,restock,outlay,costs 21gp and it has 10gp,mine,54,,,new,0.65
2026-09-22,05:47:06,2026-09-22_05-11,Doran Ashdown,unload,taking a full pack to the counter,6,8,0.80,0.61,0.58,0.94,1.00,1.00,1.00,1.00,1.00,1.00,1.00,anybody's work,1.00,1,2,prowl,expected-nothing,"is expected to pay -15.5/min here, against a claim of 2.0",,,,,new,0.58
2026-09-22,05:50:12,2026-09-22_05-11,Cassia,prowl,"looking for a fight near (1888, 1376, 0)",0,0,0.84,0.45,1.00,0.90,1.00,1.00,1.00,1.00,1.00,1.00,1.00,anybody's work,1.00,1,1,,,,,,,,near,0.45
2026-09-22,05:52:51,2026-09-22_05-11,Vance,unload,taking a full pack to the counter,6,7,0.83,0.70,0.59,0.94,1.00,1.00,1.00,1.00,1.00,1.00,1.00,anybody's work,1.00,3,3,,,,mine,5,,,new,0.59
2026-09-22,05:55:55,2026-09-22_05-11,Cassia,prowl,"looking for a fight near (1539, 1898, 0)",4,4,0.82,0.66,1.00,0.82,1.00,1.00,1.00,1.00,0.70,1.00,1.00,anybody's work,1.00,1,1,,,,,,,,near,0.66
2026-09-22,05:58:58,2026-09-22_05-11,Otho,brew,after 20 Bottle to brew with,240,184,1.00,1.00,1.00,1.00,1.00,1.00,1.00,1.00,1.00,1.00,1.30,its own trade,1.00,2,3,reclaim,deaths-close,"lies in or beside ground where 4.5 bots have died lately, against 3.0 that close it to everything but running",restock,11,,,none,1.00
2026-09-22,06:01:20,2026-09-22_05-11,Isolde,rescue,hitting back at Bogugh,172,133,1.00,1.00,1.00,1.00,1.00,1.00,1.00,1.00,1.00,1.00,1.30,its own trade,1.00,1,1,,,,,,,,none,1.00
2026-09-22,06:03:27,2026-09-22_05-11,Neriah,restock,after 3 Arrow,12,12,1.00,1.00,1.00,0.99,1.00,1.00,1.00,1.00,1.00,1.00,1.00,anybody's work,1.00,1,2,prowl,expected-nothing,"is expected to pay -11.8/min here, against a claim of 2.0",,,,,room,0.99
2026-09-22,06:05:52,2026-09-22_05-11,Vance,prowl,"looking for a fight near (1404, 1928, 0)",91,111,0.82,0.56,0.91,0.73,1.00,1.00,1.00,1.00,1.00,1.00,1.00,anybody's work,1.00,2,2,,,,mine,10,,,near,0.56
2026-09-22,06:08:16,2026-09-22_05-11,Elspeth,restock,after 5 BlackPearl,10,12,0.87,1.00,0.74,0.97,1.00,1.00,1.00,1.00,0.70,1.00,1.00,anybody's work,1.00,1,2,prowl,expected-nothing,"is expected to pay -7.4/min here, against a claim of 19.7",,,,,ground,0.70
2026-09-22,06:10:22,2026-09-22_05-11,Emrys,chop,"out to the woods near (1704, 1275)",185,329,0.94,1.00,0.74,0.99,1.00,1.00,1.00,1.00,1.00,1.00,0.60,another's trade,1.00,2,2,,,,prowl,19,,,new,0.74
2026-09-22,06:12:54,2026-09-22_05-11,Bryn Ashdown,prowl,"looking for a fight near (1376, 1440, 10)",1,2,0.49,0.40,0.94,0.72,1.00,0.10,1.00,1.00,1.00,1.00,1.00,anybody's work,1.00,1,2,restock,outlay,costs 130gp and it has 11gp,,,,,purse,0.10
2026-09-22,06:16:18,2026-09-22_05-11,Quill,mine,digging BronzeOre (0 swings),38,31,0.93,0.80,0.96,0.91,1.00,1.00,1.00,1.00,1.00,1.00,1.30,its own trade,1.00,3,3,,,,unload,5,,,near,0.80
2026-09-22,06:18:57,2026-09-22_05-11,Perri,unload,taking a full pack to the counter,18,24,0.75,0.71,0.39,0.84,1.00,1.00,1.00,1.00,1.00,1.00,1.00,anybody's work,1.00,3,3,,,,restock,11,,,new,0.39
2026-09-22,06:20:44,2026-09-22_05-11,Corwin,prowl,"looking for a fight near (1787, 1400, 0)",9,12,0.80,0.51,1.00,0.64,1.00,1.00,1.00,1.00,1.00,1.00,1.00,anybody's work,1.00,1,2,reclaim,deaths-close,"lies in or beside ground where 4.3 bots have died lately, against 3.0 that close it to everything but running",,,,,near,0.51
2026-09-22,06:23:01,2026-09-22_05-11,Sable,mine,digging ShadowIronOre (0 swings),8,7,0.79,0.96,0.36,0.88,1.00,1.00,1.00,1.00,1.00,1.00,1.30,its own trade,1.00,2,3,prowl,expected-nothing,"is expected to pay -0.8/min here, against a claim of 2.0",unload,7,,,new,0.36
2026-09-22,06:25:12,2026-09-22_05-11,Lysa,mine,digging GoldOre (0 swings),44,40,0.83,0.93,0.48,0.89,1.00,1.00,1.00,1.00,1.00,1.00,1.30,its own trade,1.00,2,3,prowl,expected-nothing,"is expected to pay -14.8/min here, against a claim of 2.0",unload,23,,,new,0.48
2026-09-22,06:27:18,2026-09-22_05-11,Vance,mine,digging BronzeOre (0 swings),84,74,0.88,0.94,0.88,0.90,1.00,1.00,1.00,1.00,0.70,1.00,1.30,its own trade,1.00,3,3,,,,unload,18,,,ground,0.70
2026-09-22,06:29:39,2026-09-22_05-11,Vance,mine,digging CopperOre (0 swings),111,99,0.86,0.81,0.70,0.84,1.00,1.00,1.00,1.00,1.00,1.00,1.30,its own trade,1.00,2,3,prowl,expected-nothing,"is expected to pay -8.5/min here, against a claim of 5.5",unload,15,,,new,0.70
2026-09-22,06:31:49,2026-09-22_05-11,Gwendra,restock,after 5 SpidersSilk,11,12,0.89,1.00,0.60,0.95,1.00,1.00,1.00,1.00,1.00,1.00,1.00,anybody's work,1.00,1,2,prowl,expected-nothing,"is expected to pay -5.6/min here, against a claim of 3.1",,,,,new,0.60
2026-09-22,06:33:55,2026-09-22_05-11,Orin,restock,after 1 Pickaxe,11,12,0.96,0.79,0.84,0.96,1.00,1.00,1.00,1.00,1.25,1.00,1.00,anybody's work,1.00,2,3,prowl,expected-nothing,"is expected to pay -39.3/min here, against a claim of 2.0",unload,7,,,near,0.79
2026-09-22,06:35:48,2026-09-22_05-11,Perri Ashdown,unload,taking a full pack to the counter,10,12,0.82,0.44,1.00,0.86,1.00,1.00,1.00,1.00,1.00,1.00,1.00,anybody's work,1.00,2,2,,,,prowl,0,,,near,0.44
2026-09-22,06:37:48,2026-09-22_05-11,Alden Ashdown,supply,to Lynn for 20 BlackPearl,248,260,0.95,0.81,1.00,0.97,1.00,1.00,1.00,1.00,1.00,1.00,1.00,anybody's work,1.00,2,2,,,,prowl,1,,,near,0.81
2026-09-22,06:40:05,2026-09-22_05-11,Hollis,prowl,"looking for a fight near (1715, 999, 0)",1,1,0.76,0.39,1.00,0.63,1.00,1.00,1.00,1.00,1.00,1.00,1.00,anybody's work,1.00,1,1,,,,,,,,near,0.39
2026-09-22,06:42:36,2026-09-22_05-11,Ilsa Ashdown,prowl,"looking for a fight near (1890, 1240, 0)",1,1,0.74,0.39,0.85,0.68,1.00,1.00,1.00,1.00,1.00,1.00,1.00,anybody's work,1.00,1,1,,,,,,,,near,0.39
2026-09-22,06:45:05,2026-09-22_05-11,Alden,peddle,taking 3 Sandals to Athena,58,61,0.94,0.99,0.73,1.00,1.00,1.00,1.00,1.00,1.00,1.00,1.00,anybody's work,1.00,2,4,restock,outlay,costs 22gp and it has 15gp,unload,21,,,new,0.73
2026-09-22,06:47:44,2026-09-22_05-11,Kestrel,rescue,hitting back at a black bear,135,104,1.00,1.00,1.00,1.00,1.00,1.00,1.00,1.00,1.00,1.00,1.30,its own trade,1.00,1,1,,,,,,,,none,1.00
2026-09-22,06:50:16,2026-09-22_05-11,Lysa,mine,digging GoldOre (0 swings),7,6,0.95,0.88,0.99,0.89,1.00,1.00,1.00,1.00,1.00,1.00,1.30,its own trade,1.00,2,2,,,,prowl,7,,,near,0.88
2026-09-22,06:52:18,2026-09-22_05-11,Isolde,hunt,after a rat,159,124,0.99,0.95,1.00,0.98,1.00,1.00,1.00,1.00,1.00,1.00,1.30,its own trade,1.00,1,1,,,,,,,,near,0.95
2026-09-22,06:54:10,2026-09-22_05-11,Vance,mine,digging GoldOre (0 swings),7,7,0.83,0.93,0.49,0.87,1.00,1.00,1.00,1.00,1.00,1.00,1.30,its own trade,1.00,3,3,,,,unload,4,,,new,0.49
2026-09-22,06:55:49,2026-09-22_05-11,Orin,mine,digging AgapiteOre (0 swings),90,74,0.93,0.85,0.94,0.87,1.00,1.00,1.00,1.00,1.00,1.00,1.30,its own trade,1.00,1,2,prowl,expected-nothing,"is expected to pay -2.7/min here, against a claim of 2.0",,,,,near,0.85
2026-09-22,06:57:36,2026-09-22_05-11,Doran,mine,digging ShadowIronOre (0 swings),145,121,0.92,0.84,0.74,0.86,1.00,1.00,1.00,1.00,1.25,1.00,1.30,its own trade,1.00,6,7,fletch,expected-nothing,"is expected to pay -2.7/min here, against a claim of 22.5",peddle,114,,,new,0.74
2026-09-22,06:59:52,2026-09-22_05-11,Hale,sew,after Leather,794,820,0.74,1.00,0.23,1.00,1.00,1.00,1.00,1.00,1.00,1.00,1.30,its own trade,1.00,4,4,,,,forge,265,,,new,0.23
2026-09-22,07:01:52,2026-09-22_05-11,Hale,sew,after Leather,135,104,1.00,1.00,1.00,1.00,1.00,1.00,1.00,1.00,1.00,1.00,1.30,its own trade,1.00,3,3,,,,restock,11,,,none,1.00
2026-09-22,07:03:56,2026-09-22_05-11,Hollis,prowl,"looking for a fight near (1422, 1470, 10)",14,16,0.85,0.68,1.00,0.66,1.00,1.00,1.00,1.00,1.00,1.00,1.00,anybody's work,1.00,1,1,,,,,,,,room,0.66
2026-09-22,07:06:01,2026-09-22_05-11,Hale Ashdown,restock,after 60 BlackPearl,9,12,0.77,0.36,0.63,0.98,1.00,1.00,1.00,1.00,1.25,1.00,1.00,anybody's work,1.00,2,2,,,,prowl,8,,,near,0.36
2026-09-22,07:08:11,2026-09-22_05-11,Ilsa Ashdown,glean,after spent Bolt,6,6,0.98,0.92,1.00,1.00,1.00,1.00,1.00,1.00,1.00,1.00,1.00,anybody's work,1.00,1,2,prowl,expected-nothing,"is expected to pay -0.8/min here, against a claim of 2.0",,,,,near,0.92
2026-09-22,07:10:13,2026-09-22_05-11,Vance,prowl,"looking for a fight near (1579, 1882, 0)",6,7,0.80,0.43,1.00,0.78,1.00,1.00,1.00,1.00,1.00,1.00,1.00,anybody's work,1.00,3,3,,,,mine,5,,,near,0.43
2026-09-22,07:11:56,2026-09-22_05-11,Brannoc,prowl,"looking for a fight near (1674, 1487, 0)",4,5,0.77,0.38,0.97,0.72,1.00,1.00,1.00,1.00,1.00,1.00,1.00,anybody's work,1.00,1,1,,,,,,,,near,0.38
2026-09-22,07:13:29,2026-09-22_05-11,Sable,chop,"out to the woods near (1752, 1473)",315,261,0.93,0.99,0.61,0.90,1.00,1.00,1.00,1.00,1.25,1.00,1.30,its own trade,1.00,3,4,prowl,expected-nothing,"is expected to pay -6.5/min here, against a claim of 9.5",mine,23,,,new,0.61
2026-09-22,07:15:46,2026-09-22_05-11,Torvin,mine,digging DullCopperOre (0 swings),54,46,0.91,0.96,1.00,0.94,1.00,1.00,1.00,1.00,0.70,1.00,1.30,its own trade,1.00,2,3,prowl,expected-nothing,"is expected to pay -0.1/min here, against a claim of 3.3",unload,3,,,ground,0.70
2026-09-22,07:18:52,2026-09-22_05-11,Sable,chop,"out to the woods near (1732, 1479)",295,306,0.74,0.99,0.21,0.89,1.00,1.00,1.00,1.00,1.25,1.00,1.30,its own trade,1.00,6,6,,,,hunt,108,,,new,0.21
2026-09-22,07:20:46,2026-09-22_05-11,Lysa,chop,"out to the woods near (1752, 1452)",244,283,0.66,0.99,0.11,0.91,1.00,1.00,1.00,1.00,1.25,1.00,1.30,its own trade,1.00,6,6,,,,stake,194,,,new,0.11
2026-09-22,07:22:53,2026-09-22_05-11,Gwendra,peddle,taking 20 Magic Arrow Scroll to Lynn,78,79,0.99,0.99,1.00,0.94,1.00,1.00,1.00,1.00,1.00,1.00,1.00,anybody's work,1.00,2,3,restock,outlay,costs 60gp and it has 25gp,prowl,5,,,room,0.94
2026-09-22,07:25:12,2026-09-22_05-11,Joss,order,ordering 1 LeatherArms,113,113,1.00,1.00,1.00,1.00,1.00,1.00,1.00,1.00,1.00,1.00,1.00,anybody's work,1.00,3,4,prowl,expected-nothing,"is expected to pay -1.3/min here, against a claim of 2.0",restock,12,,,none,1.00
2026-09-22,07:27:20,2026-09-22_05-11,Nessa,chop,"out to the woods near (1304, 1506)",392,388,0.78,1.00,0.33,0.87,1.00,1.00,1.00,1.00,1.00,1.00,1.30,its own trade,1.00,7,7,,,,peddle,270,,,new,0.33
2026-09-22,07:29:12,2026-09-22_05-11,Alden Ashdown,hunt,after an ogre,156,125,0.96,0.90,1.00,0.90,1.00,1.00,1.00,1.00,1.00,1.00,1.30,its own trade,1.00,2,2,,,,unload,20,,,tie,0.90
2026-09-22,07:31:36,2026-09-22_05-11,Faron Ashdown,restock,after 10 BlackPearl,11,12,0.94,1.00,0.74,0.99,1.00,1.00,1.00,1.00,1.00,1.00,1.00,anybody's work,1.00,2,2,,,,prowl,0,,,new,0.74
2026-09-22,07:34:01,2026-09-22_05-11,Quill,chop,"out to the woods near (1369, 1537)",127,121,0.81,0.83,0.47,0.90,1.00,1.00,1.00,1.00,1.00,1.00,1.30,its own trade,1.00,6,6,,,,acquire,104,,,new,0.47
2026-09-22,07:36:10,2026-09-22_05-11,Merrick Ashdown,prowl,"looking for a fight near (1535, 1937, 0)",3,4,0.80,0.41,1.00,0.82,1.00,1.00,1.00,1.00,1.00,1.00,1.00,anybody's work,1.00,1,1,,,,,,,,near,0.41
2026-09-22,07:38:08,2026-09-22_05-11,Elspeth,inscribe,after paper,231,204,0.87,0.85,0.74,0.99,1.00,0.82,1.00,1.00,1.00,1.00,1.30,its own trade,1.00,3,5,acquire,outlay,costs 284gp and it has 233gp,peddle,222,,,new,0.74
2026-09-22,07:40:17,2026-09-22_05-11,Oswin,prowl,"looking for a fight near (1369, 1498, 10)",1,1,0.81,0.40,1.00,0.85,1.00,1.00,1.00,1.00,1.00,1.00,1.00,anybody's work,1.00,1,1,,,,,,,,near,0.40
2026-09-22,07:41:58,2026-09-22_05-11,Gerda,flee,getting away,76,100,0.76,1.00,0.26,1.00,1.00,1.00,1.00,1.00,1.00,1.00,1.00,anybody's work,1.00,1,1,,,,,,dropped,mend,new,0.26
2026-09-22,07:43:38,2026-09-22_05-11,Calla,prowl,"looking for a fight near (992, 1952, 0)",4,5,0.74,0.83,1.00,0.69,1.00,0.40,1.00,1.00,1.00,1.00,1.00,anybody's work,1.00,1,3,restock,outlay,costs 22gp and it has 12gp,,,,,purse,0.40
2026-09-22,07:46:38,2026-09-22_05-11,Calla,mine,digging GoldOre (0 swings),44,46,0.74,0.88,1.00,0.94,1.00,0.28,1.00,1.00,1.00,1.00,1.30,its own trade,1.00,1,4,sew,outlay,costs 40gp and it has 11gp,,,,,purse,0.28
2026-09-22,07:49:07,2026-09-22_05-11,Wynn,peddle,taking 1 Raw Bird to Iman,60,66,0.90,0.95,0.68,0.93,1.00,1.00,1.00,1.00,1.00,1.00,1.00,anybody's work,1.00,1,2,prowl,expected-nothing,"is expected to pay -4.4/min here, against a claim of 18.0",,,,,new,0.68
2026-09-22,07:51:17,2026-09-22_05-11,Hale,sew,after Cloth,104,124,0.65,0.96,0.12,1.00,1.00,1.00,1.00,1.00,1.00,1.00,1.30,its own trade,1.00,3,4,unload,expected-nothing,"is expected to pay -28.3/min here, against a claim of 7.5",mine,12,,,new,0.12
2026-09-22,07:53:07,2026-09-22_05-11,Dain,restock,after 20 Garlic,8,12,0.68,1.00,0.88,0.96,1.00,0.14,1.00,1.00,1.25,1.00,1.00,anybody's work,1.00,1,4,inscribe,outlay,costs 240gp and it has 46gp,,,,,purse,0.14
2026-09-22,07:54:51,2026-09-22_05-11,Isolde,prowl,"looking for a fight near (1749, 1343, 0)",1,1,0.86,0.61,1.00,0.75,1.00,1.00,1.00,1.00,1.00,1.00,1.00,anybody's work,1.00,1,1,,,,,,,,near,0.61
2026-09-22,07:56:30,2026-09-22_05-11,Garrow,rescue,Talia is being set upon by Kactavi,69,55,0.97,0.88,1.00,0.99,1.00,1.00,1.00,1.00,1.00,1.00,1.30,its own trade,1.00,2,2,,,,prowl,3,,,near,0.88
2026-09-22,07:58:33,2026-09-22_05-11,Talia,hunt,after a mongbat,109,86,0.98,0.95,1.00,0.94,1.00,1.00,1.00,1.00,1.00,1.00,1.30,its own trade,1.00,1,1,,,,,,,,room,0.94
2026-09-22,08:00:44,2026-09-22_05-11,Edda,mine,digging BronzeOre (0 swings),16,17,0.75,0.96,0.28,0.87,1.00,1.00,1.00,1.00,1.00,1.00,1.30,its own trade,1.00,2,5,sew,expected-nothing,"is expected to pay -7.7/min here, against a claim of 30.1",unload,5,,,new,0.28
2026-09-22,08:02:47,2026-09-22_05-11,Wynn,unload,taking a full pack to the counter,13,14,0.93,0.84,0.89,0.96,1.00,1.00,1.00,1.00,1.00,1.00,1.00,anybody's work,1.00,1,1,,,,,,,,near,0.84
2026-09-22,08:04:55,2026-09-22_05-11,Edda,peddle,taking 1 Thigh Boots to Misty,145,182,0.80,0.81,0.42,0.96,1.00,1.00,1.00,1.00,1.00,1.00,1.00,anybody's work,1.00,4,4,,,,mine,119,,,new,0.42
2026-09-22,08:07:10,2026-09-22_05-11,Bryn Ashdown,supply,to Pierce for 1 Pickaxe,203,260,0.78,0.63,1.00,0.97,1.00,0.48,1.00,1.00,1.00,1.00,1.00,anybody's work,1.00,4,5,acquire,outlay,costs 430gp and it has 205gp,restock,10,,,purse,0.48
2026-09-22,08:09:13,2026-09-22_05-11,Merrick,mine,digging BronzeOre (0 swings),63,56,0.87,0.84,0.98,0.89,1.00,1.00,1.00,1.00,0.70,1.00,1.30,its own trade,1.00,2,2,,,,prowl,1,,,ground,0.70
2026-09-22,08:10:59,2026-09-22_05-11,Calla,mine,digging CopperOre (0 swings),7,9,0.59,0.91,0.32,0.90,1.00,0.28,1.00,1.00,1.00,1.00,1.30,its own trade,1.00,3,5,restock,outlay,costs 21gp and it has 11gp,prowl,2,,,purse,0.28
2026-09-22,08:13:03,2026-09-22_05-11,Hollis,prowl,"looking for a fight near (1281, 1500, 0)",2,3,0.86,0.71,0.78,0.82,1.00,1.00,1.00,1.00,1.00,1.00,1.00,anybody's work,1.00,1,1,,,,,,,,near,0.71
2026-09-22,08:16:09,2026-09-22_05-11,Faron Ashdown,hunt,after a hind,84,57,1.13,0.90,1.00,0.96,1.00,1.00,1.00,3.00,0.70,1.00,1.30,its own trade,1.00,2,2,,,,herbs,18,,,ground,0.70
2026-09-22,08:19:47,2026-09-22_05-11,Edda,order,ordering 20 IronIngot,244,244,1.00,1.00,1.00,1.00,1.00,1.00,1.00,1.00,1.00,1.00,1.00,anybody's work,1.00,5,5,,,,sew,189,,,none,1.00
2026-09-22,08:21:55,2026-09-22_05-11,Ulla,restock,after 1 SkinningKnife,11,12,0.92,1.00,0.54,0.98,1.00,1.00,1.00,1.00,1.25,1.00,1.00,anybody's work,1.00,4,4,,,,mine,8,,,new,0.54
2026-09-22,08:23:49,2026-09-22_05-11,Wynn,peddle,taking 1 Ribs to Temina,45,46,0.98,0.95,1.00,0.97,1.00,1.00,1.00,1.00,1.00,1.00,1.00,anybody's work,1.00,1,2,prowl,expected-nothing,"is expected to pay -14.2/min here, against a claim of 2.0",,,,,near,0.95
2026-09-22,08:26:08,2026-09-22_05-11,Garrow,prowl,"looking for a fight near (1531, 1296, 0)",6,7,0.81,0.46,1.00,0.75,1.00,1.00,1.00,1.00,1.00,1.00,1.00,anybody's work,1.00,1,1,,,,,,,,near,0.46
2026-09-22,08:28:18,2026-09-22_05-11,Hollis,prowl,"looking for a fight near (1559, 1883, 0)",25,34,0.75,0.39,0.93,0.66,1.00,1.00,1.00,1.00,1.00,1.00,1.00,anybody's work,1.00,1,1,,,,,,,,near,0.39
2026-09-22,08:30:48,2026-09-22_05-11,Garrow,prowl,"looking for a fight near (1467, 1264, 0)",2,2,0.82,0.39,1.00,0.76,1.00,1.00,1.00,1.00,1.25,1.00,1.00,anybody's work,1.00,1,1,,,,,,,,near,0.39
2026-09-22,08:32:42,2026-09-22_05-11,Alden,mine,digging IronOre (0 swings),56,45,0.96,0.92,0.97,0.90,1.00,1.00,1.00,1.00,1.00,1.00,1.30,its own trade,1.00,2,2,,,,prowl,1,,,room,0.90
2026-09-22,08:34:57,2026-09-22_05-11,Bryn,forge,off to a forge,615,542,0.87,0.99,0.52,0.98,1.00,1.00,1.00,1.00,1.00,1.00,1.30,its own trade,1.00,5,5,,,,peddle,110,,,new,0.52
2026-09-22,08:36:26,2026-09-22_05-11,Gwendra,peddle,taking 64 Magic Arrow Scroll to Lynn,320,359,0.89,0.82,0.73,0.96,1.00,1.00,1.00,1.00,1.00,1.00,1.00,anybody's work,1.00,3,3,,,,prowl,24,,,new,0.73
2026-09-22,08:38:28,2026-09-22_05-11,Ilsa Ashdown,prowl,"looking for a fight near (1412, 1463, 10)",2,2,0.72,0.38,0.94,0.77,1.00,1.00,1.00,1.00,0.70,1.00,1.00,anybody's work,1.00,1,1,,,,,,,,near,0.38
2026-09-22,08:40:36,2026-09-22_05-11,Emrys,peddle,taking 1 Lesser Cure Potion to Raoul,171,172,0.99,1.00,1.00,0.96,1.00,1.00,1.00,1.00,1.00,1.00,1.00,anybody's work,1.00,2,2,,,,prowl,7,,,room,0.96
2026-09-22,08:42:34,2026-09-22_05-11,Quill,mine,digging VeriteOre (0 swings),30,26,0.88,0.80,0.74,0.90,1.00,1.00,1.00,1.00,1.00,1.00,1.30,its own trade,1.00,1,2,prowl,expected-nothing,"is expected to pay -13.3/min here, against a claim of 2.0",,,,,new,0.74
2026-09-22,08:44:16,2026-09-22_05-11,Fendrel,restock,after 5 Garlic,7,12,0.55,1.00,0.49,0.99,1.00,0.10,1.00,1.00,1.00,1.00,1.00,anybody's work,1.00,2,5,inscribe,outlay,costs 240gp and it has 21gp,unload,5,,,purse,0.10
2026-09-22,08:47:28,2026-09-22_05-11,Hale,sew,after Leather,100,125,0.62,1.00,0.09,0.99,1.00,1.00,1.00,1.00,1.00,1.00,1.30,its own trade,1.00,2,4,unload,expected-nothing,"is expected to pay -19.0/min here, against a claim of 20.6",restock,11,,,new,0.09
2026-09-22,08:49:52,2026-09-22_05-11,Jarek,unload,taking a full pack to the counter,16,18,0.89,0.98,0.59,0.96,1.00,1.00,1.00,1.00,1.00,1.00,1.00,anybody's work,1.00,2,2,,,,prowl,1,,,new,0.59
2026-09-22,08:51:45,2026-09-22_05-11,Doran Ashdown,homeward,going home,5,5,1.01,0.84,1.00,0.98,1.00,1.00,1.00,1.00,1.25,1.00,1.00,anybody's work,1.00,1,2,prowl,expected-nothing,"is expected to pay -37.8/min here, against a claim of 2.4",,,,,near,0.84
2026-09-22,08:53:56,2026-09-22_05-11,Lorcan,peddle,taking 1 Club to Gorman,98,112,0.87,0.56,0.97,0.93,1.00,1.00,1.00,1.00,1.00,1.00,1.00,anybody's work,1.00,4,4,,,,unload,11,,,near,0.56
2026-09-22,08:56:12,2026-09-22_05-11,Bryn Ashdown,unload,taking a full pack to the counter,4,6,0.70,0.65,0.47,0.94,1.00,0.57,1.00,1.00,1.00,1.00,1.00,anybody's work,1.00,2,3,acquire,outlay,costs 750gp and it has 425gp,prowl,2,,,new,0.47
2026-09-22,08:58:52,2026-09-22_05-11,Elspeth,inscribe,after paper,107,135,0.61,0.90,0.68,0.97,1.00,0.14,1.00,1.00,1.00,1.00,1.30,its own trade,1.00,1,4,restock,outlay,costs 120gp and it has 118gp,,,,,purse,0.14
2026-09-22,09:01:26,2026-09-22_05-11,Torvin,unload,taking a full pack to the counter,8,10,0.86,0.96,0.58,0.87,1.00,1.00,1.00,1.00,1.00,1.00,1.00,anybody's work,1.00,2,3,prowl,expected-nothing,"is expected to pay -38.0/min here, against a claim of 2.0",mine,3,,,new,0.58
2026-09-22,09:03:45,2026-09-22_05-11,Nessa,mine,digging IronOre (0 swings),1,2,0.55,0.98,0.05,0.82,1.00,1.00,1.00,1.00,1.25,1.00,1.30,its own trade,1.00,2,3,prowl,expected-nothing,"is expected to pay -36.0/min here, against a claim of 8.0",unload,1,,,new,0.05
2026-09-22,09:06:24,2026-09-22_05-11,Wynn,hunt,after a zombie,79,62,0.97,0.90,1.00,0.97,1.00,1.00,1.00,1.00,1.00,1.00,1.30,its own trade,1.00,1,2,band,expected-nothing,"is expected to pay -0.9/min here, against a claim of 3.0",,,,,near,0.90
2026-09-22,09:08:34,2026-09-22_05-11,Harlan,rescue,hitting back at Vivitchak,78,60,1.00,1.00,1.00,1.00,1.00,1.00,1.00,1.00,1.00,1.00,1.30,its own trade,1.00,1,1,,,,,,,,none,1.00
2026-09-22,09:10:42,2026-09-22_05-11,Fendrel,inscribe,after paper,181,234,0.60,0.87,0.67,0.99,1.00,0.13,1.00,1.00,1.00,1.00,1.30,its own trade,1.00,5,8,acquire,outlay,costs 862gp and it has 165gp,brew,73,,,purse,0.13
2026-09-22,09:12:49,2026-09-22_05-11,Bertram,prowl,"looking for a fight near (1056, 1952, 0)",3,3,0.86,0.54,1.00,0.90,1.00,1.00,1.00,1.00,1.00,1.00,1.00,anybody's work,1.00,1,1,,,,,,,,near,0.54
2026-09-22,09:14:44,2026-09-22_05-11,Sable,mine,digging VeriteOre (0 swings),7,7,0.82,0.80,0.76,0.87,1.00,1.00,1.00,1.00,0.70,1.00,1.30,its own trade,1.00,1,2,prowl,expected-nothing,"is expected to pay -9.2/min here, against a claim of 2.0",,,,,ground,0.70
2026-09-22,09:17:53,2026-09-22_05-11,Torvin,unload,taking a full pack to the counter,8,10,0.82,0.55,0.68,0.99,1.00,1.00,1.00,1.00,1.00,1.00,1.00,anybody's work,1.00,2,3,prowl,expected-nothing,"is expected to pay -38.8/min here, against a claim of 3.4",mine,5,,,near,0.55
2026-09-22,09:20:15,2026-09-22_09-19,Alden Ashdown,herbs,"out to the woods near (1314, 1529, 0)",24,26,0.92,0.87,1.00,0.77,1.00,1.00,1.00,1.00,1.00,1.00,1.00,anybody's work,1.00,1,2,prowl,expected-nothing,"is expected to pay -1.8/min here, against a claim of 2.0",,,,,room,0.77
2026-09-22,09:22:26,2026-09-22_09-19,Kestrel,prowl,"looking for a fight near (1632, 1312, 0)",1,1,0.75,0.56,1.00,0.70,1.00,0.60,1.00,1.00,1.00,1.00,1.00,anybody's work,1.00,1,3,restock,outlay,costs 130gp and it has 78gp,,,,,near,0.56
2026-09-22,09:24:51,2026-09-22_09-19,Lysa Ashdown,prowl,"looking for a fight near (1913, 1348, 0)",4,5,0.83,0.53,1.00,0.74,1.00,1.00,1.00,1.00,1.00,1.00,1.00,anybody's work,1.00,1,1,,,,,,,,near,0.53
2026-09-22,09:26:44,2026-09-22_09-19,Merrick,mine,digging GoldOre (0 swings),1,2,0.56,0.94,0.07,0.90,1.00,1.00,1.00,1.00,1.00,1.00,1.30,its own trade,1.00,1,3,unload,expected-nothing,"is expected to pay -1.6/min here, against a claim of 7.5",,,,,new,0.07
2026-09-22,09:27:58,2026-09-22_09-19,Ulla,mine,digging GoldOre (0 swings),1,2,0.55,0.90,0.07,0.89,1.00,1.00,1.00,1.00,1.00,1.00,1.30,its own trade,1.00,3,3,,,,prowl,1,,,new,0.07
2026-09-22,09:29:44,2026-09-22_09-19,Sable,mine,digging IronOre (0 swings),2,2,0.76,0.98,0.24,0.87,1.00,1.00,1.00,1.00,1.25,1.00,1.30,its own trade,1.00,2,4,unload,expected-nothing,"is expected to pay -8.8/min here, against a claim of 7.5",band,1,,,new,0.24
2026-09-22,09:31:27,2026-09-22_09-19,Rhiannon,escort,"on the way to stand by Cassia in its pay at 5gp a minute, 0gp so far",64,50,0.99,0.97,1.00,0.99,1.00,1.00,1.00,1.00,1.00,1.00,1.30,its own trade,1.00,2,2,,,,restock,12,,,near,0.97
2026-09-22,09:33:08,2026-09-22_09-19,Vance,mine,digging ShadowIronOre (0 swings),115,109,0.81,0.87,0.66,0.86,1.00,1.00,1.00,1.00,0.70,1.00,1.30,its own trade,1.00,3,4,prowl,expected-nothing,"is expected to pay -10.3/min here, against a claim of 2.0",acquire,81,,,new,0.66
2026-09-22,09:34:43,2026-09-22_09-19,Alden,mine,digging IronOre (0 swings),1,2,0.54,0.96,0.07,0.84,1.00,0.80,1.00,1.00,1.00,1.00,1.30,its own trade,1.00,2,4,sew,outlay,costs 40gp and it has 32gp,unload,1,,,new,0.07
2026-09-22,09:37:00,2026-09-22_09-19,Joss,prowl,"looking for a fight near (1923, 1299, 0)",4,4,0.86,0.57,1.00,0.81,1.00,1.00,1.00,1.00,1.00,1.00,1.00,anybody's work,1.00,1,1,,,,,,,,near,0.57
2026-09-22,09:39:27,2026-09-22_09-19,Alden,mine,digging BronzeOre (0 swings),1,2,0.40,0.91,0.06,0.85,1.00,0.21,1.00,1.00,1.00,1.00,1.30,its own trade,1.00,2,4,sew,outlay,costs 80gp and it has 17gp,unload,1,,,new,0.06
2026-09-22,09:41:58,2026-09-22_09-19,Lysa,mine,digging AgapiteOre (0 swings),14,12,0.91,0.87,0.27,0.90,1.00,1.00,1.00,3.00,1.00,1.00,1.30,its own trade,1.00,2,3,prowl,expected-nothing,"is expected to pay -7.0/min here, against a claim of 5.5",unload,2,,,new,0.27
2026-09-22,09:44:30,2026-09-22_09-19,Alden Ashdown,prowl,"looking for a fight near (1591, 976, 0)",1,1,0.81,0.47,1.00,0.73,1.00,1.00,1.00,1.00,1.00,1.00,1.00,anybody's work,1.00,1,1,,,,,,,,near,0.47
2026-09-22,09:46:20,2026-09-22_09-19,Pell,prowl,"looking for a fight near (986, 1623, 0)",2,2,0.82,0.46,1.00,0.81,1.00,1.00,1.00,1.00,1.00,1.00,1.00,anybody's work,1.00,1,1,,,,,,,,near,0.46
2026-09-22,09:47:39,2026-09-22_09-19,Merrick,mine,digging ShadowIronOre (0 swings),2,2,0.88,0.92,0.23,0.85,1.00,1.00,1.00,3.00,1.00,1.00,1.30,its own trade,1.00,2,3,unload,expected-nothing,"is expected to pay -1.6/min here, against a claim of 7.5",prowl,0,,,new,0.23
2026-09-22,09:50:19,2026-09-22_09-19,Perri Ashdown,stake,"holding the square at 1365,1275 for The Crown",184,200,0.92,0.65,1.00,0.81,1.00,1.00,1.00,1.00,1.25,1.00,1.00,anybody's work,1.00,3,3,,,,restock,11,,,near,0.65
2026-09-22,09:54:04,2026-09-22_09-19,Edda,sew,after Leather,403,341,0.91,1.00,0.62,1.00,1.00,1.00,1.00,1.00,1.00,1.00,1.30,its own trade,1.00,4,5,prowl,expected-nothing,"is expected to pay -12.5/min here, against a claim of 7.1",peddle,103,,,new,0.62
2026-09-22,09:57:05,2026-09-22_09-19,Alden,peddle,taking 3 Mace to Gorman,173,195,0.89,0.89,0.68,0.93,1.00,1.00,1.00,1.00,1.00,1.00,1.00,anybody's work,1.00,4,5,sew,outlay,costs 120gp and it has 15gp,unload,4,,,new,0.68
2026-09-22,09:59:01,2026-09-22_09-19,Wynn,prowl,"looking for a fight near (993, 1639, 0)",2,3,0.78,0.39,1.00,0.76,1.00,1.00,1.00,1.00,1.00,1.00,1.00,anybody's work,1.00,1,1,,,,,,,,near,0.39
2026-09-22,10:01:05,2026-09-22_09-19,Ulla,mine,digging GoldOre (0 swings),12,11,0.78,0.94,0.35,0.87,1.00,1.00,1.00,1.00,1.00,1.00,1.30,its own trade,1.00,3,3,,,,unload,4,,,new,0.35
2026-09-22,10:03:13,2026-09-22_09-19,Gwendra,prowl,"looking for a fight near (1442, 1306, 0)",2,4,0.58,0.62,1.00,0.76,1.00,0.19,1.00,1.00,0.70,1.00,1.00,anybody's work,1.00,1,3,restock,outlay,costs 150gp and it has 29gp,,,,,purse,0.19
2026-09-22,10:05:14,2026-09-22_09-19,Alden,mine,digging IronOre (0 swings),5,7,0.58,0.92,0.14,0.87,1.00,0.60,1.00,1.00,1.00,1.00,1.30,its own trade,1.00,1,3,sew,outlay,costs 40gp and it has 24gp,,,,,new,0.14
2026-09-22,10:07:06,2026-09-22_09-19,Ilsa,prowl,"looking for a fight near (1448, 980, 0)",4,6,0.66,0.40,1.00,0.70,1.00,0.44,1.00,1.00,1.00,1.00,1.00,anybody's work,1.00,1,2,restock,outlay,costs 64gp and it has 28gp,,,,,near,0.40
2026-09-22,10:08:50,2026-09-22_09-19,Bertram,prowl,"looking for a fight near (1568, 1312, 0)",0,0,0.76,0.49,0.73,0.73,1.00,1.00,1.00,1.00,1.00,1.00,1.00,anybody's work,1.00,1,1,,,,,,,,near,0.49
2026-09-22,10:10:36,2026-09-22_09-19,Fenna,peddle,taking 1 Lesser Cure Potion to Delano,140,148,0.94,0.76,1.00,0.99,1.00,1.00,1.00,1.00,1.00,1.00,1.00,anybody's work,1.00,2,2,,,,prowl,1,,,near,0.76
2026-09-22,10:12:23,2026-09-22_09-19,Hale,peddle,taking 1 Leather Chest to Abra,236,344,0.69,0.86,0.18,0.97,1.00,1.00,1.00,1.00,1.00,1.00,1.00,anybody's work,1.00,4,5,prowl,expected-nothing,"is expected to pay -0.2/min here, against a claim of 2.0",sew,157,,,new,0.18
2026-09-22,10:14:14,2026-09-22_09-19,Calla,peddle,taking 2 Cutlass to Clarinda,52,66,0.79,0.84,0.40,0.94,1.00,1.00,1.00,1.00,1.00,1.00,1.00,anybody's work,1.00,2,4,restock,outlay,costs 22gp and it has 20gp,prowl,1,,,new,0.40
2026-09-22,10:16:18,2026-09-22_09-19,Merrick Ashdown,forage,after reagents lying about,7,7,0.98,0.93,1.00,1.00,1.00,1.00,1.00,1.00,1.00,1.00,1.00,anybody's work,1.00,2,2,,,,prowl,1,,,near,0.93
2026-09-22,10:18:03,2026-09-22_09-19,Kerrin,unload,taking a full pack to the counter,6,8,0.78,0.96,0.32,0.96,1.00,1.00,1.00,1.00,1.00,1.00,1.00,anybody's work,1.00,1,3,mine,expected-nothing,"is expected to pay -0.4/min here, against a claim of 11.2",,,,,new,0.32
2026-09-22,10:20:03,2026-09-22_09-19,Gwendra,inscribe,after paper,123,127,0.75,1.00,0.23,1.00,1.00,1.00,1.00,1.00,1.00,1.00,1.30,its own trade,1.00,3,3,,,,restock,9,,,new,0.23
2026-09-22,10:21:58,2026-09-22_09-19,Merrick Ashdown,acquire,buying HarmScroll,31,33,0.93,0.69,1.00,0.99,1.00,1.00,1.00,1.00,1.00,1.00,1.00,anybody's work,1.00,4,4,,,,restock,12,,,near,0.69
2026-09-22,10:26:55,2026-09-22_09-19,Kerrin,mine,digging ShadowIronOre (0 swings),173,118,1.13,0.93,0.61,0.85,1.00,1.00,1.00,3.00,1.25,1.00,1.30,its own trade,1.00,1,2,prowl,expected-nothing,"is expected to pay -12.8/min here, against a claim of 3.6",,,,,new,0.61
2026-09-22,10:28:54,2026-09-22_09-19,Torvin,herbs,"out to the woods near (1610, 1365, 0)",44,50,0.88,0.52,1.00,0.99,1.00,1.00,1.00,1.00,1.00,1.00,1.00,anybody's work,1.00,4,4,,,,restock,12,,,near,0.52
2026-09-22,10:31:12,2026-09-22_09-19,Piers,peddle,taking 6 Lesser Heal Potion to Delano,57,67,0.85,0.53,1.00,0.86,1.00,1.00,1.00,1.00,1.00,1.00,1.00,anybody's work,1.00,2,2,,,,restock,12,,,near,0.53
2026-09-22,10:33:02,2026-09-22_09-19,Jorunn,prowl,"looking for a fight near (1568, 1312, 0)",1,1,0.64,0.57,0.78,0.70,1.00,0.36,1.00,1.00,1.00,1.00,1.00,anybody's work,1.00,1,3,restock,outlay,costs 60gp and it has 36gp,,,,,purse,0.36
2026-09-22,10:34:59,2026-09-22_09-19,Jarek,prowl,"looking for a fight near (1834, 1084, 0)",4,6,0.75,0.40,1.00,0.57,1.00,1.00,1.00,1.00,1.00,1.00,1.00,anybody's work,1.00,1,1,,,,,,,,near,0.40
2026-09-22,10:37:17,2026-09-22_09-19,Selwyn,prowl,"looking for a fight near (1038, 1652, 0)",1,1,0.80,0.43,1.00,0.74,1.00,1.00,1.00,1.00,1.00,1.00,1.00,anybody's work,1.00,1,1,,,,,,,,near,0.43
2026-09-22,10:39:36,2026-09-22_09-19,Joss Ashdown,hunt,after a grey wolf,185,145,0.98,0.91,1.00,1.00,1.00,1.00,1.00,1.00,1.00,1.00,1.30,its own trade,1.00,6,6,,,,glean,19,,,near,0.91
2026-09-22,10:41:56,2026-09-22_09-19,Delwyn,rescue,hitting back at a dire wolf,34,26,1.00,1.00,1.00,0.98,1.00,1.00,1.00,1.00,1.00,1.00,1.30,its own trade,1.00,1,1,,,,,,dropped,mend,room,0.98
2026-09-22,10:44:25,2026-09-22_09-19,Isolde,prowl,"looking for a fight near (1222, 1383, 0)",1,1,0.79,0.45,1.00,0.68,1.00,1.00,1.00,1.00,1.00,1.00,1.00,anybody's work,1.00,1,1,,,,,,,,near,0.45
2026-09-22,10:46:26,2026-09-22_09-19,Ysolt,prowl,"looking for a fight near (1667, 1209, 0)",3,4,0.74,0.40,0.77,0.70,1.00,1.00,1.00,1.00,1.00,1.00,1.00,anybody's work,1.00,1,1,,,,,,,,near,0.40
2026-09-22,10:48:14,2026-09-22_09-19,Kestrel,rescue,Garrow is being set upon by a skeleton,34,26,0.99,0.95,1.00,1.00,1.00,1.00,1.00,1.00,1.00,1.00,1.30,its own trade,1.00,1,4,restock,outlay,costs 60gp and it has 11gp,,,,,near,0.95
2026-09-22,10:50:26,2026-09-22_09-19,Faron Ashdown,restock,after 1 LesserHealPotion,12,12,0.99,1.00,1.00,0.97,1.00,1.00,1.00,1.00,1.00,1.00,1.00,anybody's work,1.00,2,2,,,,unload,5,,,room,0.97
2026-09-22,10:52:50,2026-09-22_09-19,Bryn,sew,after Leather,382,338,0.87,1.00,0.50,1.00,1.00,1.00,1.00,1.00,1.00,1.00,1.30,its own trade,1.00,3,4,prowl,expected-nothing,"is expected to pay -9.7/min here, against a claim of 12.7",restock,11,,,new,0.50
2026-09-22,10:56:29,2026-09-22_09-19,Ilsa,prowl,"looking for a fight near (1541, 1077, 0)",1,2,0.61,0.53,0.85,0.94,1.00,0.20,1.00,1.00,1.00,1.00,1.00,anybody's work,1.00,1,3,restock,outlay,costs 66gp and it has 20gp,,,,,purse,0.20
2026-09-22,10:58:53,2026-09-22_09-19,Torvin,mine,digging DullCopperOre (0 swings),20,15,1.02,0.99,1.00,0.88,1.00,1.00,1.00,1.00,1.25,1.00,1.30,its own trade,1.00,3,3,,,,prowl,2,,,room,0.88
2026-09-22,11:00:55,2026-09-22_09-19,Kerrin,stake,"holding the square at 1365,1275 for The Blade",168,200,0.84,0.64,1.00,0.94,1.00,1.00,1.00,1.00,0.70,1.00,1.00,anybody's work,1.00,4,4,,,,mine,50,,,near,0.64
2026-09-22,11:02:46,2026-09-22_09-19,Neriah,prowl,"looking for a fight near (968, 1610, 0)",1,1,0.78,0.40,0.98,0.74,1.00,1.00,1.00,1.00,1.00,1.00,1.00,anybody's work,1.00,1,1,,,,,,,,near,0.40
2026-09-22,11:04:50,2026-09-22_11-04,Gerda Ashdown,herbs,"out to the woods near (1323, 1516, 6)",29,34,0.84,0.63,0.74,0.89,1.00,1.00,1.00,1.00,1.00,1.00,1.00,anybody's work,1.00,3,3,,,,acquire,13,,,near,0.63
2026-09-22,11:07:02,2026-09-22_11-04,Kestrel,acquire,asking for LightningScroll at 42gp,63,69,0.91,1.00,1.00,1.00,1.00,0.91,1.00,1.00,0.70,1.00,1.00,anybody's work,1.00,2,4,inscribe,outlay,costs 100gp and it has 91gp,restock,11,,,ground,0.70
2026-09-22,11:09:13,2026-09-22_11-04,Gwendra,hunt,after Fogugh,199,161,0.95,0.91,1.00,0.87,1.00,1.00,1.00,1.00,1.00,1.00,1.30,its own trade,1.00,4,4,,,,inscribe,105,,,room,0.87
2026-09-22,11:11:21,2026-09-22_11-04,Doran Ashdown,restock,after 30 BlackPearl,11,12,0.89,1.00,0.59,0.96,1.00,1.00,1.00,1.00,1.00,1.00,1.00,anybody's work,1.00,3,3,,,,prowl,9,,,new,0.59
2026-09-22,11:13:35,2026-09-22_11-04,Hale Ashdown,restock,after 14 SpidersSilk,11,12,0.94,1.00,0.74,0.97,1.00,1.00,1.00,1.00,1.00,1.00,1.00,anybody's work,1.00,2,3,prowl,expected-nothing,"is expected to pay -30.2/min here, against a claim of 2.0",unload,6,,,new,0.74
2026-09-22,11:15:46,2026-09-22_11-04,Nyla,unload,taking a full pack to the counter,7,12,0.62,0.44,0.70,0.92,1.00,0.32,1.00,1.00,1.00,1.00,1.00,anybody's work,1.00,1,3,restock,outlay,costs 69gp and it has 32gp,,,,,purse,0.32
2026-09-22,11:18:07,2026-09-22_11-04,Nessa Ashdown,acquire,buying HarmScroll,51,55,0.94,0.99,0.74,1.00,1.00,1.00,1.00,1.00,1.00,1.00,1.00,anybody's work,1.00,2,2,,,,prowl,14,,,new,0.74
2026-09-22,11:20:09,2026-09-22_11-04,Fenna,brew,"brewing (0 attempts, 0 made)",85,141,1.00,1.00,1.00,1.00,1.00,1.00,1.00,1.00,1.00,1.00,0.60,another's trade,1.00,3,4,band,expected-nothing,"is expected to pay -3.1/min here, against a claim of 7.5",prowl,8,,,none,1.00
2026-09-22,11:22:03,2026-09-22_11-04,Merrick,mine,digging IronOre (0 swings),2,2,0.70,0.98,0.16,0.85,1.00,1.00,1.00,1.00,1.25,1.00,1.30,its own trade,1.00,2,2,,,,prowl,1,,,new,0.16
2026-09-22,11:23:56,2026-09-22_11-04,Calla,mine,digging IronOre (0 swings),3,4,0.59,0.98,0.19,0.89,1.00,0.33,1.00,1.00,1.25,1.00,1.30,its own trade,1.00,2,5,sew,outlay,costs 60gp and it has 20gp,unload,2,,,new,0.19
2026-09-22,11:26:28,2026-09-22_11-04,Edda,forge,off to a forge,459,442,0.80,0.88,0.39,1.00,1.00,0.77,1.00,1.00,1.25,1.00,1.30,its own trade,1.00,5,7,sew,outlay,costs 80gp and it has 49gp,peddle,329,,,new,0.39
2026-09-22,11:28:45,2026-09-22_11-04,Perri,unload,taking a full pack to the counter,40,47,0.84,0.70,0.60,0.99,1.00,1.00,1.00,1.00,1.00,1.00,1.00,anybody's work,1.00,3,4,prowl,expected-nothing,"is expected to pay -4.2/min here, against a claim of 16.1",mine,28,,,new,0.60
2026-09-22,11:30:46,2026-09-22_11-04,Oswin,peddle,taking 1 Leather Chest to Abra,217,245,0.89,0.58,1.00,0.94,1.00,1.00,1.00,1.00,1.00,1.00,1.00,anybody's work,1.00,6,6,,,,hunt,182,,,near,0.58
2026-09-22,11:32:43,2026-09-22_11-04,Calla,forge,off to a forge,554,536,0.80,0.99,0.36,1.00,1.00,0.90,1.00,1.00,1.00,1.00,1.30,its own trade,1.00,2,5,sew,outlay,costs 40gp and it has 33gp,mine,91,,,new,0.36
2026-09-22,11:34:59,2026-09-22_11-04,Orin Ashdown,unload,taking a full pack to the counter,4,5,0.71,0.27,0.68,0.97,1.00,1.00,1.00,1.00,1.00,1.00,1.00,anybody's work,1.00,2,2,,,,prowl,1,,,near,0.27
2026-09-22,11:37:08,2026-09-22_11-04,Calla,forge,off to a forge,610,596,0.79,1.00,0.37,0.99,1.00,0.83,1.00,1.00,1.00,1.00,1.30,its own trade,1.00,3,6,sew,outlay,costs 40gp and it has 29gp,peddle,364,,,new,0.37
2026-09-22,11:40:11,2026-09-22_11-40,Bryn Ashdown,acquire,asking for LightningScroll at 42gp,48,48,0.99,1.00,1.00,0.97,1.00,1.00,1.00,1.00,1.00,1.00,1.00,anybody's work,1.00,2,3,prowl,expected-nothing,"is expected to pay -8.5/min here, against a claim of 3.1",herbs,27,,,room,0.97
2026-09-22,11:41:59,2026-09-22_11-40,Calla,prowl,"looking for a fight near (1595, 1111, 0)",3,5,0.51,0.45,1.00,0.77,1.00,0.10,1.00,1.00,1.00,1.00,1.00,anybody's work,1.00,3,5,sew,outlay,costs 100gp and it has 7gp,mine,2,,,purse,0.10
2026-09-22,11:44:04,2026-09-22_11-40,Alden,prowl,"looking for a fight near (1878, 1302, 0)",6,9,0.64,0.62,1.00,0.66,1.00,0.26,1.00,1.00,1.00,1.00,1.00,anybody's work,1.00,3,4,sew,outlay,costs 120gp and it has 31gp,mine,4,,,purse,0.26
2026-09-22,11:46:34,2026-09-22_11-40,Yarrow,unload,taking a full pack to the counter,9,12,0.71,0.47,0.48,0.83,1.00,1.00,1.00,1.00,1.00,1.00,1.00,anybody's work,1.00,1,2,prowl,expected-nothing,"is expected to pay -3.1/min here, against a claim of 2.0",,,,,near,0.47
2026-09-22,11:48:47,2026-09-22_11-40,Torvin,unload,taking a full pack to the counter,4,5,0.80,0.78,0.46,0.91,1.00,1.00,1.00,1.00,1.00,1.00,1.00,anybody's work,1.00,3,3,,,,mine,3,,,new,0.46
2026-09-22,11:50:56,2026-09-22_11-40,Hale,rescue,hitting back at a gargoyle,87,67,1.00,1.00,1.00,0.99,1.00,1.00,1.00,1.00,1.00,1.00,1.30,its own trade,1.00,1,1,,,,,,put down,mine,room,0.99
2026-09-22,11:53:38,2026-09-22_11-40,Vance,mine,digging CopperOre (0 swings),20,16,0.96,0.97,1.00,0.83,1.00,1.00,1.00,1.00,1.00,1.00,1.30,its own trade,1.00,4,4,,,,acquire,12,,,room,0.83
2026-09-22,11:55:57,2026-09-22_11-40,Ronan,prowl,"looking for a fight near (1432, 1280, 0)",1,2,0.73,0.38,1.00,0.79,1.00,1.00,1.00,1.00,0.70,1.00,1.00,anybody's work,1.00,1,1,,,,,,,,near,0.38
2026-09-22,11:58:20,2026-09-22_11-40,Edda,sew,after Leather,372,310,0.92,1.00,0.68,0.99,1.00,1.00,1.00,1.00,1.00,1.00,1.30,its own trade,1.00,4,4,,,,peddle,153,,,new,0.68
2026-09-22,12:00:46,2026-09-22_11-40,Ilsa Ashdown,peddle,taking 1 Thigh Boots to Athena,114,130,0.88,0.61,0.88,0.97,1.00,1.00,1.00,1.00,1.00,1.00,1.00,anybody's work,1.00,2,3,prowl,expected-nothing,"is expected to pay -91.5/min here, against a claim of 2.0",unload,15,,,near,0.61
2026-09-22,12:03:41,2026-09-22_11-40,Lysa,unload,taking a full pack to the counter,12,15,0.79,0.70,0.48,0.94,1.00,1.00,1.00,1.00,1.00,1.00,1.00,anybody's work,1.00,2,3,prowl,expected-nothing,"is expected to pay -13.2/min here, against a claim of 9.5",mine,8,,,new,0.48
2026-09-22,12:06:29,2026-09-22_11-40,Torvin,restock,after 1 Pickaxe,10,12,0.86,0.56,0.91,0.95,1.00,1.00,1.00,1.00,1.00,1.00,1.00,anybody's work,1.00,1,1,,,,,,,,near,0.56
2026-09-22,12:09:11,2026-09-22_11-40,Otho,escort,on the way to stand by Kestrel,46,45,0.79,0.93,1.00,0.99,1.00,0.33,1.00,1.00,1.00,1.00,1.30,its own trade,1.00,1,3,restock,outlay,costs 60gp and it has 20gp,,,,,purse,0.33
2026-09-22,12:11:58,2026-09-22_11-40,Vesna,acquire,buying HarmScroll,28,31,0.90,0.99,0.62,0.94,1.00,1.00,1.00,1.00,1.00,1.00,1.00,anybody's work,1.00,3,4,unload,expected-nothing,"is expected to pay -8.7/min here, against a claim of 8.5",restock,11,,,new,0.62
2026-09-22,12:15:29,2026-09-22_12-15,Ysolt,band,calling a company against a gazer,43,44,0.99,0.99,1.00,0.98,1.00,1.00,1.00,1.00,1.00,1.00,1.00,anybody's work,1.00,6,6,,,,forage,19,,,room,0.98
2026-09-22,12:17:35,2026-09-22_12-15,Fenna,restock,after 2 LesserCurePotion,11,12,0.93,1.00,0.74,0.96,1.00,1.00,1.00,1.00,1.00,1.00,1.00,anybody's work,1.00,1,2,prowl,expected-nothing,"is expected to pay -27.8/min here, against a claim of 2.0",,,,,new,0.74
2026-09-22,12:20:04,2026-09-22_12-15,Wystan,prowl,"looking for a fight near (1264, 1284, 0)",1,1,0.73,0.50,0.69,0.85,1.00,1.00,1.00,1.00,0.70,1.00,1.00,anybody's work,1.00,1,1,,,,,,,,near,0.50
2026-09-22,12:22:29,2026-09-22_12-15,Alden,mine,digging GoldOre (0 swings),4,6,0.52,0.94,0.22,0.89,1.00,0.20,1.00,1.00,1.00,1.00,1.30,its own trade,1.00,2,5,restock,outlay,costs 21gp and it has 13gp,unload,1,,,purse,0.20
2026-09-22,12:25:14,2026-09-22_12-15,Joss Ashdown,glean,after spent Arrow,8,8,1.00,0.98,1.00,1.00,1.00,1.00,1.00,1.00,1.00,1.00,1.00,anybody's work,1.00,2,2,,,,prowl,1,,,near,0.98
2026-09-22,12:27:29,2026-09-22_12-15,Nyla,stake,"holding the square at 1365,1275 for The Ash",166,200,0.83,0.59,1.00,0.97,1.00,1.00,1.00,1.00,0.70,1.00,1.00,anybody's work,1.00,3,3,,,,escort,65,put down,escort,near,0.59
2026-09-22,12:29:22,2026-09-22_12-15,Selwyn,prowl,"looking for a fight near (1682, 1218, 0)",4,6,0.66,0.39,1.00,0.84,1.00,0.37,1.00,1.00,1.00,1.00,1.00,anybody's work,1.00,1,3,reclaim,expected-nothing,"is expected to pay -18.7/min here, against a claim of 5.0",,,,,purse,0.37
2026-09-22,12:31:27,2026-09-22_12-15,Ivo,hunt,after Ecterek,149,119,0.97,0.90,1.00,0.95,1.00,1.00,1.00,1.00,1.00,1.00,1.30,its own trade,1.00,1,3,restock,outlay,costs 125gp and it has 16gp,,,,,near,0.90
2026-09-22,12:33:15,2026-09-22_12-15,Dain,peddle,taking 5 Mandrake Root to Wynona,162,177,0.92,0.99,0.74,0.88,1.00,1.00,1.00,1.00,1.00,1.00,1.00,anybody's work,1.00,3,3,,,,unload,13,,,new,0.74
2026-09-22,12:34:48,2026-09-22_12-15,Harlan,inscribe,after paper,75,62,0.93,1.00,0.74,1.00,1.00,0.96,1.00,1.00,1.00,1.00,1.30,its own trade,1.00,1,2,restock,outlay,costs 150gp and it has 144gp,,,,,new,0.74
2026-09-22,12:37:02,2026-09-22_12-15,Hale Ashdown,rescue,hitting back at an ogre,132,102,1.00,1.00,1.00,1.00,1.00,1.00,1.00,1.00,1.00,1.00,1.30,its own trade,1.00,1,1,,,,,,put down,herbs,none,1.00
2026-09-22,12:39:16,2026-09-22_12-15,Gwendra,inscribe,after paper,116,113,0.79,1.00,0.31,0.99,1.00,1.00,1.00,1.00,1.00,1.00,1.30,its own trade,1.00,4,4,,,,peddle,114,,,new,0.31
2026-09-22,12:41:35,2026-09-22_12-15,Elspeth,unload,taking a full pack to the counter,7,9,0.81,0.46,0.84,0.93,1.00,1.00,1.00,1.00,1.00,1.00,1.00,anybody's work,1.00,1,5,herbs,becalmed,"is 326 tiles off, and a walk of 163 from about here closed nothing 0s ago",,,,,near,0.46
2026-09-22,12:44:11,2026-09-22_12-15,Wystan,glean,after spent Arrow,3,3,0.98,0.91,1.00,1.00,1.00,1.00,1.00,1.00,1.00,1.00,1.00,anybody's work,1.00,2,2,,,,prowl,1,dropped,prowl,near,0.91
2026-09-22,12:46:17,2026-09-22_12-15,Ulla,chop,"out to the woods near (1296, 1497)",247,286,0.66,0.99,0.15,0.85,1.00,1.00,1.00,1.00,1.00,1.00,1.30,its own trade,1.00,4,5,prowl,expected-nothing,"is expected to pay -21.2/min here, against a claim of 10.7",mine,89,,,new,0.15
2026-09-22,12:49:43,2026-09-22_12-15,Hale,order,ordering 20 CopperIngot,446,457,0.98,1.00,0.89,1.00,1.00,1.00,1.00,1.00,1.00,1.00,1.00,anybody's work,1.00,6,6,,,,mine,78,,,new,0.89
2026-09-22,12:53:25,2026-09-22_12-15,Otho,homeward,going home,5,5,0.91,0.88,0.57,1.00,1.00,1.00,1.00,1.00,1.25,1.00,1.00,anybody's work,1.00,1,2,brew,outlay,costs 100gp and it has 23gp,,,,,new,0.57
2026-09-22,12:55:33,2026-09-22_12-15,Vesna,restock,after 60 Arrow,11,12,0.91,0.56,0.90,0.99,1.00,1.00,1.00,1.00,1.25,1.00,1.00,anybody's work,1.00,2,3,prowl,expected-nothing,"is expected to pay -0.5/min here, against a claim of 2.0",band,3,,,near,0.56
2026-09-22,12:57:59,2026-09-22_12-15,Bryn Ashdown,prowl,"looking for a fight near (1504, 2016, 0)",0,1,0.62,0.37,1.00,0.83,1.00,0.29,1.00,1.00,1.00,1.00,1.00,anybody's work,1.00,1,2,restock,outlay,costs 135gp and it has 39gp,,,,,purse,0.29
2026-09-22,13:00:08,2026-09-22_12-15,Aric,hunt,after Grukk,175,139,0.97,0.91,1.00,0.94,1.00,1.00,1.00,1.00,1.00,1.00,1.30,its own trade,1.00,1,1,,,,,,,,near,0.91
2026-09-22,13:02:21,2026-09-22_12-15,Alden,chop,"out to the woods near (1436, 1971)",491,412,0.92,1.00,0.74,0.87,1.00,1.00,1.00,1.00,1.00,1.00,1.30,its own trade,1.00,6,6,,,,peddle,142,,,new,0.74
2026-09-22,13:04:35,2026-09-22_12-15,Brannoc,peddle,taking 2 Club to Gorman,388,421,0.92,0.89,0.84,0.88,1.00,1.00,1.00,1.00,1.00,1.00,1.00,anybody's work,1.00,4,4,,,,stake,170,,,new,0.84
2026-09-22,13:06:30,2026-09-22_12-15,Ulla,chop,"out to the woods near (1432, 2139)",252,311,0.62,0.99,0.11,0.86,1.00,1.00,1.00,1.00,1.00,1.00,1.30,its own trade,1.00,6,6,,,,hunt,76,,,new,0.11
2026-09-22,13:08:44,2026-09-22_12-15,Doran Ashdown,restock,after 2 LesserHealPotion,12,12,1.00,1.00,1.00,0.98,1.00,1.00,1.00,1.00,1.00,1.00,1.00,anybody's work,1.00,1,2,prowl,expected-nothing,"is expected to pay -3.1/min here, against a claim of 2.0",,,,,room,0.98
2026-09-22,13:10:54,2026-09-22_12-15,Vance,chop,"out to the woods near (1392, 1911)",239,270,0.68,0.99,0.18,0.83,1.00,1.00,1.00,1.00,1.00,1.00,1.30,its own trade,1.00,4,4,,,,hunt,100,,,new,0.18
2026-09-22,13:13:00,2026-09-22_12-15,Orin,chop,"out to the woods near (1384, 1929)",347,330,0.81,0.99,0.42,0.83,1.00,1.00,1.00,1.00,1.00,1.00,1.30,its own trade,1.00,3,4,prowl,expected-nothing,"is expected to pay -0.1/min here, against a claim of 2.0",mine,39,,,new,0.42
2026-09-22,13:15:05,2026-09-22_12-15,Ulwin,peddle,taking 2 Raw Bird to Iman,70,79,0.89,0.86,0.65,0.98,1.00,1.00,1.00,1.00,1.00,1.00,1.00,anybody's work,1.00,2,2,,,,prowl,1,met,homeward,new,0.65
2026-09-22,13:17:35,2026-09-22_12-15,Faron Ashdown,unload,taking a full pack to the counter,6,7,0.82,0.46,0.87,0.93,1.00,1.00,1.00,1.00,1.00,1.00,1.00,anybody's work,1.00,2,2,,,,prowl,1,,,near,0.46
2026-09-22,13:21:26,2026-09-22_12-15,Calla,peddle,taking 2 Thigh Boots to Athena,226,271,0.83,0.93,0.43,1.00,1.00,1.00,1.00,1.00,1.00,1.00,1.00,anybody's work,1.00,4,4,,,,sew,205,,,new,0.43
2026-09-22,13:23:35,2026-09-22_12-15,Fendrel,prowl,"looking for a fight near (1706, 1956, 0)",2,3,0.70,0.53,1.00,0.81,1.00,0.40,1.00,1.00,1.00,1.00,1.00,anybody's work,1.00,1,2,restock,outlay,costs 150gp and it has 60gp,,,,,purse,0.40
2026-09-22,13:25:37,2026-09-22_13-25,Pell,prowl,"looking for a fight near (1376, 1376, 0)",1,1,0.73,0.46,0.74,0.85,1.00,1.00,1.00,1.00,0.70,1.00,1.00,anybody's work,1.00,1,1,,,,,,,,near,0.46
2026-09-22,13:27:14,2026-09-22_13-25,Aric,unload,taking a full pack to the counter,6,9,0.73,0.35,0.66,0.93,1.00,1.00,1.00,1.00,1.00,1.00,1.00,anybody's work,1.00,2,2,,,,prowl,3,,,near,0.35
2026-09-22,13:29:16,2026-09-22_13-25,Corwin,supply,to Vaughn for 6 MortarPestle,234,260,0.90,0.62,1.00,0.95,1.00,1.00,1.00,1.00,1.00,1.00,1.00,anybody's work,1.00,2,2,,,,hunt,157,,,near,0.62
2026-09-22,13:31:25,2026-09-22_13-25,Calla,mine,digging VeriteOre (0 swings),5,8,0.45,0.83,0.38,0.89,1.00,0.10,1.00,1.00,0.70,1.00,1.30,its own trade,1.00,2,3,sew,outlay,costs 64gp and it has 3gp,prowl,0,,,purse,0.10
2026-09-22,13:33:41,2026-09-22_13-25,Brannoc,band,calling a company against an ettin,4,4,0.99,0.93,1.00,1.00,1.00,1.00,1.00,1.00,1.00,1.00,1.00,anybody's work,1.00,2,2,,,,prowl,2,,,near,0.93
2026-09-22,13:35:45,2026-09-22_13-25,Wystan,prowl,"looking for a fight near (1516, 1038, 0)",1,1,0.75,0.49,0.72,0.68,1.00,1.00,1.00,1.00,1.00,1.00,1.00,anybody's work,1.00,1,2,band,expected-nothing,"is expected to pay -0.1/min here, against a claim of 7.5",,,,,near,0.49
2026-09-22,13:37:58,2026-09-22_13-25,Lysa,mine,digging IronOre (0 swings),2,2,0.78,0.98,0.27,0.88,1.00,1.00,1.00,1.00,1.25,1.00,1.30,its own trade,1.00,2,3,prowl,expected-nothing,"is expected to pay -0.1/min here, against a claim of 2.0",unload,2,,,new,0.27
2026-09-22,13:39:49,2026-09-22_13-25,Torvin,mine,digging GoldOre (0 swings),5,5,0.88,0.96,0.60,0.92,1.00,1.00,1.00,1.00,1.00,1.00,1.30,its own trade,1.00,4,4,,,,band,3,,,new,0.60
2026-09-22,13:41:45,2026-09-22_13-25,Yarrow,acquire,buying HarmScroll,13,15,0.84,0.43,1.00,0.99,1.00,1.00,1.00,1.00,1.00,1.00,1.00,anybody's work,1.00,4,4,,,,unload,2,,,near,0.43
2026-09-22,13:44:08,2026-09-22_13-25,Kestrel,peddle,taking 1 Kryss to Gorman,209,223,0.94,0.95,0.80,0.95,1.00,1.00,1.00,1.00,1.00,1.00,1.00,anybody's work,1.00,3,4,inscribe,outlay,costs 100gp and it has 71gp,restock,11,,,new,0.80
2026-09-22,13:46:06,2026-09-22_13-25,Dain,restock,after 2 LesserCurePotion,12,12,0.99,1.00,1.00,0.97,1.00,1.00,1.00,1.00,1.00,1.00,1.00,anybody's work,1.00,2,2,,,,prowl,6,,,room,0.97
2026-09-22,13:47:59,2026-09-22_13-25,Elspeth,peddle,taking 1 Fireball Scroll to Rance,103,145,0.71,0.33,0.57,0.98,1.00,1.00,1.00,1.00,1.00,1.00,1.00,anybody's work,1.00,7,7,,,,rescue,89,,,near,0.33
2026-09-22,13:50:14,2026-09-22_13-25,Edda,sew,after Leather,271,209,1.00,1.00,1.00,0.99,1.00,1.00,1.00,1.00,1.00,1.00,1.30,its own trade,1.00,4,4,,,,mine,199,,,room,0.99
2026-09-22,13:52:25,2026-09-22_13-25,Edda Ashdown,prowl,"looking for a fight near (1854, 1182, 0)",3,7,0.50,0.39,1.00,0.79,1.00,0.10,1.00,1.00,1.00,1.00,1.00,anybody's work,1.00,1,2,restock,outlay,costs 110gp and it has 1gp,,,,,purse,0.10
2026-09-22,13:54:29,2026-09-22_13-25,Torvin,mine,digging AgapiteOre (0 swings),7,7,0.81,0.85,0.45,0.89,1.00,1.00,1.00,1.00,1.00,1.00,1.30,its own trade,1.00,2,3,prowl,expected-nothing,"is expected to pay -39.3/min here, against a claim of 2.0",unload,3,,,new,0.45
2026-09-22,13:56:43,2026-09-22_13-25,Wynn,prowl,"looking for a fight near (952, 1874, 0)",1,1,0.89,0.74,1.00,0.77,1.00,1.00,1.00,1.00,1.00,1.00,1.00,anybody's work,1.00,1,1,,,,,,,,near,0.74
2026-09-22,13:58:54,2026-09-22_13-25,Merrick Ashdown,prowl,"looking for a fight near (1508, 1079, 0)",2,2,0.83,0.49,0.84,0.92,1.00,1.00,1.00,1.00,1.00,1.00,1.00,anybody's work,1.00,1,1,,,,,,,,near,0.49
2026-09-22,14:02:08,2026-09-22_13-25,Bryn,restock,after 1 Pickaxe,10,12,0.86,0.51,0.75,0.99,1.00,1.00,1.00,1.00,1.25,1.00,1.00,anybody's work,1.00,2,2,,,,prowl,1,,,near,0.51
2026-09-22,14:04:21,2026-09-22_14-02,Marek,restock,after 13 SulfurousAsh,12,12,1.00,1.00,1.00,1.00,1.00,1.00,1.00,1.00,1.00,1.00,1.00,anybody's work,1.00,2,2,,,,prowl,0,,,none,1.00
2026-09-22,14:06:36,2026-09-22_14-02,Quill,herbs,"out to the woods near (1439, 1450, 0)",29,35,0.84,0.65,0.67,0.95,1.00,1.00,1.00,1.00,1.00,1.00,1.00,anybody's work,1.00,3,3,,,,mine,12,,,near,0.65
2026-09-22,14:08:37,2026-09-22_14-02,Kelda,prowl,"looking for a fight near (1812, 1055, 0)",2,3,0.74,0.49,0.72,0.62,1.00,1.00,1.00,1.00,1.00,1.00,1.00,anybody's work,1.00,1,1,,,,,,,,near,0.49
2026-09-22,14:10:43,2026-09-22_14-02,Hale Ashdown,prowl,"looking for a fight near (1284, 1500, 0)",5,7,0.76,0.58,1.00,0.68,1.00,0.64,1.00,1.00,1.00,1.00,1.00,anybody's work,1.00,1,2,restock,outlay,costs 45gp and it has 29gp,,,,,near,0.58
2026-09-22,14:12:38,2026-09-22_14-02,Doran Ashdown,prowl,"looking for a fight near (1615, 996, 0)",1,1,0.77,0.43,1.00,0.62,1.00,1.00,1.00,1.00,1.00,1.00,1.00,anybody's work,1.00,1,1,,,,,,,,near,0.43
2026-09-22,14:14:41,2026-09-22_14-02,Garrow,peddle,taking 2 Lesser Cure Potion to Delano,78,91,0.86,0.54,1.00,0.89,1.00,1.00,1.00,1.00,1.00,1.00,1.00,anybody's work,1.00,2,2,,,,prowl,1,,,near,0.54
2026-09-22,14:16:21,2026-09-22_14-02,Calla Ashdown,restock,after 5 Nightshade,10,12,0.85,1.00,0.46,0.99,1.00,1.00,1.00,1.00,1.00,1.00,1.00,anybody's work,1.00,1,2,prowl,expected-nothing,"is expected to pay -8.5/min here, against a claim of 2.0",,,,,new,0.46
2026-09-22,14:18:21,2026-09-22_14-02,Selwyn,unload,taking a full pack to the counter,4,5,0.79,0.60,0.55,0.95,1.00,1.00,1.00,1.00,1.00,1.00,1.00,anybody's work,1.00,2,2,,,,prowl,3,,,new,0.55
2026-09-22,14:20:10,2026-09-22_14-02,Aric,prowl,"looking for a fight near (1038, 1970, 0)",1,1,0.74,0.38,0.86,0.69,1.00,1.00,1.00,1.00,1.00,1.00,1.00,anybody's work,1.00,1,1,,,,,,,,near,0.38
2026-09-22,14:22:07,2026-09-22_14-02,Gwendra,prowl,"looking for a fight near (1446, 1470, 0)",1,2,0.56,0.39,0.78,0.72,1.00,0.25,1.00,1.00,1.00,1.00,1.00,anybody's work,1.00,1,2,restock,outlay,costs 63gp and it has 16gp,,,,,purse,0.25
2026-09-22,14:24:18,2026-09-22_14-02,Joss,acquire,buying HarmScroll,16,17,0.97,0.86,1.00,0.98,1.00,1.00,1.00,1.00,1.00,1.00,1.00,anybody's work,1.00,3,3,,,,prowl,5,,,near,0.86
2026-09-22,14:26:10,2026-09-22_14-02,Kerrin,unload,taking a full pack to the counter,6,8,0.85,0.78,0.59,0.97,1.00,1.00,1.00,1.00,1.00,1.00,1.00,anybody's work,1.00,3,3,,,,mine,4,,,new,0.59
2026-09-22,14:28:41,2026-09-22_14-02,Ilsa Ashdown,prowl,"looking for a fight near (1701, 1970, 0)",4,5,0.77,0.44,1.00,0.62,1.00,1.00,1.00,1.00,1.00,1.00,1.00,anybody's work,1.00,1,1,,,,,,,,near,0.44
2026-09-22,14:30:36,2026-09-22_14-02,Hale,peddle,taking 1 Leather Chest to Glennys,182,252,0.72,0.93,0.24,0.90,1.00,1.00,1.00,1.00,1.00,1.00,1.00,anybody's work,1.00,4,6,unload,expected-nothing,"is expected to pay -10.9/min here, against a claim of 7.5",mine,33,,,new,0.24
2026-09-22,14:32:22,2026-09-22_14-02,Vesna,prowl,"looking for a fight near (1413, 1389, 0)",1,1,0.87,0.81,1.00,0.61,1.00,1.00,1.00,1.00,1.00,1.00,1.00,anybody's work,1.00,1,1,,,,,,,,room,0.61
2026-09-22,14:33:40,2026-09-22_14-02,Joss Ashdown,hunt,after Fecckik,96,60,1.22,0.92,1.00,1.00,1.00,1.00,1.00,3.00,1.00,1.00,1.30,its own trade,1.00,1,1,,,,,,,,near,0.92
2026-09-22,14:37:16,2026-09-22_14-02,Vance,mine,digging DullCopperOre (0 swings),78,65,0.93,0.97,0.76,0.94,1.00,1.00,1.00,1.00,1.00,1.00,1.30,its own trade,1.00,3,3,,,,prowl,8,,,new,0.76
2026-09-22,14:40:04,2026-09-22_14-02,Talia,unload,taking a full pack to the counter,15,19,0.80,0.45,0.80,0.93,1.00,1.00,1.00,1.00,1.00,1.00,1.00,anybody's work,1.00,1,1,,,,,,,,near,0.45
2026-09-22,14:41:47,2026-09-22_14-02,Isolde,prowl,"looking for a fight near (1499, 1888, 0)",0,0,0.74,0.40,1.00,0.81,1.00,1.00,1.00,1.00,0.70,1.00,1.00,anybody's work,1.00,1,2,reclaim,deaths-keep-out,"lies in or beside ground where 2.6 bots have died lately, against 2.0 that keep ordinary work out",,,,,near,0.40
2026-09-22,14:43:33,2026-09-22_14-02,Delwyn,acquire,buying HarmScroll,29,31,0.94,0.99,0.74,1.00,1.00,1.00,1.00,1.00,1.00,1.00,1.00,anybody's work,1.00,2,2,,,,prowl,1,,,new,0.74
2026-09-22,14:45:41,2026-09-22_14-02,Emrys,prowl,"looking for a fight near (1332, 1425, 4)",0,0,0.93,0.71,1.00,0.77,1.00,1.00,1.00,1.00,1.25,1.00,1.00,anybody's work,1.00,1,1,,,,,,,,near,0.71
2026-09-22,14:47:33,2026-09-22_14-02,Torvin,peddle,taking 32 Iron Ingot to Like,276,310,0.89,0.85,0.67,0.99,1.00,1.00,1.00,1.00,1.00,1.00,1.00,anybody's work,1.00,3,3,,,,mine,39,,,new,0.67
2026-09-22,14:49:30,2026-09-22_14-02,Ysolt,drill-in,"going to the training field, 60gp in hand",340,264,0.99,0.98,1.00,0.98,1.00,1.00,1.00,1.00,1.00,1.00,1.30,its own trade,1.00,2,2,,,,prowl,1,,,tie,0.98
2026-09-22,14:51:37,2026-09-22_14-02,Bryn,sew,after Leather,226,196,0.89,1.00,0.55,1.00,1.00,1.00,1.00,1.00,1.00,1.00,1.30,its own trade,1.00,5,5,,,,mine,136,,,new,0.55
2026-09-22,14:53:53,2026-09-22_14-02,Ilsa,prowl,"looking for a fight near (1822, 1507, 0)",1,1,0.52,0.44,0.96,0.71,1.00,0.19,1.00,1.00,0.70,1.00,1.00,anybody's work,1.00,1,3,restock,outlay,costs 57gp and it has 19gp,,,,,purse,0.19
2026-09-22,14:55:54,2026-09-22_14-02,Otho,restock,after 20 BlackPearl,9,12,0.78,1.00,1.00,0.97,1.00,0.42,1.00,1.00,0.70,1.00,1.00,anybody's work,1.00,1,2,brew,outlay,costs 100gp and it has 42gp,,,,,purse,0.42
2026-09-22,14:57:58,2026-09-22_14-02,Garrow,peddle,taking 1 Spiders Silk to Delano,109,120,0.91,0.65,1.00,0.95,1.00,1.00,1.00,1.00,1.00,1.00,1.00,anybody's work,1.00,2,2,,,,prowl,10,,,near,0.65
2026-09-22,15:00:07,2026-09-22_14-02,Elspeth,restock,after 20 SulfurousAsh,12,12,0.99,1.00,1.00,0.97,1.00,1.00,1.00,1.00,1.00,1.00,1.00,anybody's work,1.00,2,2,,,,prowl,2,,,room,0.97
2026-09-22,15:02:24,2026-09-22_14-02,Quenna,prowl,"looking for a fight near (1299, 1410, 0)",1,2,0.71,0.42,0.97,0.63,1.00,1.00,1.00,1.00,0.70,1.00,1.00,anybody's work,1.00,1,1,,,,,,,,near,0.42
2026-09-22,15:04:49,2026-09-22_14-02,Kerrin,mine,digging BronzeOre (0 swings),60,53,0.87,0.93,0.61,0.87,1.00,1.00,1.00,1.00,1.00,1.00,1.30,its own trade,1.00,4,4,,,,unload,50,,,new,0.61
2026-09-22,15:08:14,2026-09-22_14-02,Edda,restock,after 1 SewingKit,10,12,0.84,0.59,0.58,1.00,1.00,1.00,1.00,1.00,1.25,1.00,1.00,anybody's work,1.00,3,3,,,,mine,7,,,new,0.58
2026-09-22,15:11:06,2026-09-22_15-10,Doran Ashdown,order,ordering 1 Katana,371,372,1.00,1.00,1.00,0.98,1.00,1.00,1.00,1.00,1.00,1.00,1.00,anybody's work,1.00,1,1,,,,,,,,room,0.98
2026-09-22,15:13:05,2026-09-22_15-10,Wynn,prowl,"looking for a fight near (1725, 1015, 0)",1,1,0.81,0.43,1.00,0.80,1.00,1.00,1.00,1.00,1.00,1.00,1.00,anybody's work,1.00,1,1,,,,,,,,near,0.43
2026-09-22,15:15:28,2026-09-22_15-10,Cassia,restock,after 40 Arrow,10,12,0.80,0.26,1.00,0.99,1.00,1.00,1.00,1.00,1.25,1.00,1.00,anybody's work,1.00,3,3,,,,glean,8,,,near,0.26
2026-09-22,15:17:40,2026-09-22_15-10,Bertram,prowl,"looking for a fight near (1446, 1226, 0)",1,1,0.82,0.52,1.00,0.72,1.00,1.00,1.00,1.00,1.00,1.00,1.00,anybody's work,1.00,1,1,,,,,,,,near,0.52
2026-09-22,15:19:57,2026-09-22_15-10,Cassia,prowl,"looking for a fight near (1404, 1269, 0)",16,22,0.73,0.50,1.00,0.58,1.00,1.00,1.00,1.00,0.70,1.00,1.00,anybody's work,1.00,1,1,,,,,,,,near,0.50
2026-09-22,15:22:04,2026-09-22_15-10,Harlan,peddle,taking 5 Nightshade to Vaughn,176,211,0.83,0.52,0.83,0.91,1.00,1.00,1.00,1.00,1.00,1.00,1.00,anybody's work,1.00,2,3,restock,outlay,costs 100gp and it has 65gp,prowl,0,,,near,0.52
2026-09-22,15:24:20,2026-09-22_15-10,Bryn Ashdown,acquire,asking for EnergyBoltScroll at 71gp,120,124,0.96,1.00,0.84,0.99,1.00,1.00,1.00,1.00,1.00,1.00,1.00,anybody's work,1.00,3,3,,,,peddle,79,,,new,0.84
2026-09-22,15:25:46,2026-09-22_15-10,Kestrel,herbs,"out to the woods near (1244, 1451, 0)",47,53,0.90,0.74,0.78,1.00,1.00,1.00,1.00,1.00,1.00,1.00,1.00,anybody's work,1.00,2,5,restock,outlay,costs 90gp and it has 3gp,unload,2,,,near,0.74
2026-09-22,15:27:57,2026-09-22_15-10,Jarek,prowl,"looking for a fight near (1450, 1381, 0)",2,3,0.71,0.40,1.00,0.67,1.00,1.00,1.00,1.00,0.70,1.00,1.00,anybody's work,1.00,1,1,,,,,,,,near,0.40
2026-09-22,15:30:16,2026-09-22_15-10,Dain,unload,taking a full pack to the counter,11,21,0.55,0.82,0.64,0.93,1.00,0.10,1.00,1.00,1.00,1.00,1.00,anybody's work,1.00,2,3,restock,outlay,costs 60gp and it has 0gp,prowl,1,,,purse,0.10
2026-09-22,15:32:01,2026-09-22_15-10,Nessa,peddle,taking 24 Iron Ingot to Gus,239,278,0.86,0.75,0.66,0.95,1.00,1.00,1.00,1.00,1.00,1.00,1.00,anybody's work,1.00,6,6,,,,mine,42,,,new,0.66
2026-09-22,15:34:15,2026-09-22_15-10,Quill,mine,digging IronOre (0 swings),82,72,0.87,0.89,0.68,0.83,1.00,1.00,1.00,1.00,1.00,1.00,1.30,its own trade,1.00,3,3,,,,unload,16,,,new,0.68
2026-09-22,15:36:19,2026-09-22_15-10,Hale,sew,after Leather,109,131,0.64,1.00,0.11,0.99,1.00,1.00,1.00,1.00,1.00,1.00,1.30,its own trade,1.00,2,4,unload,expected-nothing,"is expected to pay -32.9/min here, against a claim of 31.1",mine,23,,,new,0.11
2026-09-22,15:38:24,2026-09-22_15-10,Vesna,prowl,"looking for a fight near (1376, 1312, 0)",3,4,0.75,0.74,0.68,0.67,1.00,1.00,1.00,1.00,0.70,1.00,1.00,anybody's work,1.00,1,1,,,,,,,,room,0.67
2026-09-22,15:40:52,2026-09-22_15-10,Selwyn,prowl,"looking for a fight near (1376, 1312, 0)",2,3,0.72,0.50,0.87,0.62,1.00,1.00,1.00,1.00,0.70,1.00,1.00,anybody's work,1.00,1,1,,,,,,,,near,0.50
2026-09-22,15:43:01,2026-09-22_15-10,Piers,herbs,"out to the woods near (1292, 1357, 0)",19,22,0.89,0.81,1.00,1.00,1.00,1.00,1.00,1.00,0.70,1.00,1.00,anybody's work,1.00,2,3,reclaim,deaths-close,"lies in or beside ground where 3.8 bots have died lately, against 3.0 that close it to everything but running",restock,11,,,ground,0.70
2026-09-22,15:48:26,2026-09-22_15-48,Edda,order,ordering 20 IronIngot,293,324,0.91,1.00,0.61,0.80,1.00,1.00,1.00,1.00,1.25,1.00,1.00,anybody's work,1.00,6,6,,,,sew,209,,,new,0.61
2026-09-22,15:50:10,2026-09-22_15-48,Wystan,acquire,buying HarmScroll,80,85,0.94,0.99,0.74,0.99,1.00,1.00,1.00,1.00,1.00,1.00,1.00,anybody's work,1.00,3,3,,,,unload,7,,,new,0.74
2026-09-22,15:52:20,2026-09-22_15-48,Yarrow,forage,after reagents lying about,7,7,0.99,0.96,1.00,1.00,1.00,1.00,1.00,1.00,1.00,1.00,1.00,anybody's work,1.00,3,3,,,,unload,6,,,near,0.96
2026-09-22,15:54:36,2026-09-22_15-48,Orin Ashdown,prowl,"looking for a fight near (1188, 1356, 0)",9,13,0.71,0.40,0.67,0.68,1.00,1.00,1.00,1.00,1.00,1.00,1.00,anybody's work,1.00,1,1,,,,,,,,near,0.40
2026-09-22,15:56:52,2026-09-22_15-48,Oswin,prowl,"looking for a fight near (990, 1356, 0)",1,1,0.78,0.43,1.00,0.68,1.00,1.00,1.00,1.00,1.00,1.00,1.00,anybody's work,1.00,1,1,,,,,,,,near,0.43
2026-09-22,15:58:14,2026-09-22_15-48,Hale,forge,off to a forge to make VikingSword,148,240,0.48,1.00,0.02,0.99,1.00,1.00,1.00,1.00,1.00,1.00,1.30,its own trade,1.00,3,5,unload,expected-nothing,"is expected to pay -37.4/min here, against a claim of 15.3",restock,11,,,new,0.02
2026-09-22,16:00:15,2026-09-22_15-48,Ulwin,rescue,Talia is being set upon by a brown bear,18,15,0.92,0.92,1.00,1.00,1.00,1.00,1.00,1.00,0.70,1.00,1.30,its own trade,1.00,2,2,,,,prowl,1,,,ground,0.70
2026-09-22,16:02:25,2026-09-22_15-48,Faron Ashdown,prowl,"looking for a fight near (1283, 1923, 0)",1,1,0.85,0.58,1.00,0.75,1.00,1.00,1.00,1.00,1.00,1.00,1.00,anybody's work,1.00,1,1,,,,,,,,near,0.58
2026-09-22,16:04:32,2026-09-22_15-48,Edda Ashdown,prowl,"looking for a fight near (1470, 1904, 0)",1,1,0.72,0.74,1.00,0.69,1.00,0.53,1.00,1.00,0.70,1.00,1.00,anybody's work,1.00,1,2,restock,outlay,costs 30gp and it has 16gp,,,,,purse,0.53
2026-09-22,16:06:24,2026-09-22_15-48,Elspeth,hunt,after a pig,169,107,1.21,0.90,1.00,0.96,1.00,1.00,1.00,3.00,1.00,1.00,1.30,its own trade,1.00,2,3,inscribe,outlay,costs 100gp and it has 71gp,restock,11,,,near,0.90
2026-09-22,16:08:20,2026-09-22_15-48,Nessa,peddle,taking 1 Leather Bustier Arms to Glennys,90,101,0.90,0.75,0.83,0.94,1.00,1.00,1.00,1.00,1.00,1.00,1.00,anybody's work,1.00,3,4,prowl,expected-nothing,"is expected to pay -31.8/min here, against a claim of 2.0",mine,78,,,near,0.75
2026-09-22,16:10:12,2026-09-22_15-48,Calla,fletch,fletching (0 arrows in 0 attempts),120,158,0.58,1.00,0.67,1.00,1.00,0.10,1.00,1.00,1.00,1.00,1.30,its own trade,1.00,3,4,sew,outlay,costs 76gp and it has 3gp,mine,33,,,purse,0.10
2026-09-22,16:12:37,2026-09-22_15-48,Kelda,hunt,after a cougar,244,192,0.98,0.93,1.00,0.97,1.00,1.00,1.00,1.00,1.00,1.00,1.30,its own trade,1.00,1,1,,,,,,,,near,0.93
2026-09-22,16:15:09,2026-09-22_15-48,Garrow,prowl,"looking for a fight near (1276, 1427, 0)",5,6,0.79,0.39,1.00,0.80,1.00,1.00,1.00,1.00,1.00,1.00,1.00,anybody's work,1.00,1,1,,,,,,,,near,0.39
2026-09-22,16:16:16,2026-09-22_15-48,Harlan,supply,to Akello for 20 Bandage,232,260,0.89,0.58,1.00,0.98,1.00,1.00,1.00,1.00,1.00,1.00,1.00,anybody's work,1.00,3,4,prowl,expected-nothing,"is expected to pay -29.2/min here, against a claim of 2.0",restock,12,,,near,0.58
2026-09-22,16:17:50,2026-09-22_15-48,Ivo,peddle,taking 6 Lesser Cure Potion to Delano,102,127,0.80,0.56,0.61,0.98,1.00,1.00,1.00,1.00,1.00,1.00,1.00,anybody's work,1.00,2,4,inscribe,outlay,costs 100gp and it has 56gp,restock,11,,,near,0.56
2026-09-22,16:19:56,2026-09-22_15-48,Leofric,inscribe,after paper,124,122,0.78,0.77,0.44,0.98,1.00,0.89,1.00,1.00,1.00,1.00,1.30,its own trade,1.00,1,3,restock,outlay,costs 150gp and it has 133gp,,,,,new,0.44
2026-09-22,16:24:25,2026-09-22_15-48,Gerda Ashdown,peddle,taking 1 Thigh Boots to Athena,179,242,0.74,0.45,0.52,0.97,1.00,1.00,1.00,1.00,1.00,1.00,1.00,anybody's work,1.00,1,2,prowl,expected-nothing,"is expected to pay -65.1/min here, against a claim of 2.0",,,,,near,0.45
2026-09-22,16:26:39,2026-09-22_15-48,Quenna,restock,after 1 Arrow,11,12,0.94,1.00,0.74,0.98,1.00,1.00,1.00,1.00,1.00,1.00,1.00,anybody's work,1.00,2,2,,,,prowl,1,,,new,0.74
2026-09-22,16:28:30,2026-09-22_15-48,Gwendra,prowl,"looking for a fight near (1633, 1391, 0)",1,1,0.49,0.40,0.95,0.72,1.00,0.10,1.00,1.00,1.00,1.00,1.00,anybody's work,1.00,1,3,restock,outlay,costs 75gp and it has 4gp,,,,,purse,0.10
2026-09-22,16:30:22,2026-09-22_15-48,Rhiannon,peddle,taking 1 Lesser Heal Potion to Delano,94,103,0.91,0.90,0.72,0.98,1.00,1.00,1.00,1.00,1.00,1.00,1.00,anybody's work,1.00,5,5,,,,escort,58,,,new,0.72
2026-09-22,16:32:32,2026-09-22_15-48,Harlan,prowl,"looking for a fight near (1519, 981, 0)",11,21,0.52,0.47,1.00,0.81,1.00,0.10,1.00,1.00,1.00,1.00,1.00,anybody's work,1.00,1,3,restock,outlay,costs 42gp and it has 0gp,,,,,purse,0.10
2026-09-22,16:34:58,2026-09-22_15-48,Joss Ashdown,prowl,"looking for a fight near (1708, 1434, 0)",18,24,0.73,0.42,1.00,0.71,1.00,1.00,1.00,1.00,0.70,1.00,1.00,anybody's work,1.00,1,1,,,,,,,,near,0.42
2026-09-22,16:37:08,2026-09-22_15-48,Faron Ashdown,unload,taking a full pack to the counter,5,6,0.82,0.65,0.60,0.95,1.00,1.00,1.00,1.00,1.00,1.00,1.00,anybody's work,1.00,2,2,,,,prowl,1,,,new,0.60
2026-09-22,16:38:58,2026-09-22_15-48,Corwin,prowl,"looking for a fight near (1783, 1565, 7)",0,0,0.86,0.68,1.00,0.70,1.00,1.00,1.00,1.00,1.00,1.00,1.00,anybody's work,1.00,1,1,,,,,,,,near,0.68
2026-09-22,16:40:51,2026-09-22_15-48,Otho,brew,after 20 Bottle to brew with,448,345,1.00,1.00,1.00,0.99,1.00,1.00,1.00,1.00,1.00,1.00,1.30,its own trade,1.00,2,2,,,,restock,11,dropped,brew,room,0.99
2026-09-22,16:42:42,2026-09-22_15-48,Pell,prowl,"looking for a fight near (1896, 1113, 0)",4,5,0.75,0.38,1.00,0.63,1.00,1.00,1.00,1.00,1.00,1.00,1.00,anybody's work,1.00,1,1,,,,,,,,near,0.38
2026-09-22,16:44:34,2026-09-22_15-48,Talia,rescue,Piers is being set upon by an ogre,178,138,0.99,0.98,1.00,0.97,1.00,1.00,1.00,1.00,1.00,1.00,1.30,its own trade,1.00,2,3,prowl,expected-nothing,"is expected to pay -0.4/min here, against a claim of 2.0",unload,9,,,room,0.97
2026-09-22,16:46:35,2026-09-22_15-48,Gwendra,prowl,"looking for a fight near (1542, 1066, 0)",14,26,0.54,0.45,0.69,0.72,1.00,0.21,1.00,1.00,1.00,1.00,1.00,anybody's work,1.00,1,3,restock,outlay,costs 72gp and it has 21gp,,,,,purse,0.21
2026-09-22,16:48:36,2026-09-22_15-48,Ulwin,prowl,"looking for a fight near (1840, 1059, 0)",3,4,0.78,0.39,1.00,0.74,1.00,1.00,1.00,1.00,1.00,1.00,1.00,anybody's work,1.00,1,1,,,,,,,,near,0.39
2026-09-22,16:50:41,2026-09-22_15-48,Perri Ashdown,prowl,"looking for a fight near (1376, 1312, 0)",4,4,0.83,0.39,1.00,0.83,1.00,1.00,1.00,1.00,1.25,1.00,1.00,anybody's work,1.00,1,1,,,,,,,,near,0.39
2026-09-22,16:54:25,2026-09-22_15-48,Merrick,mine,digging DullCopperOre (0 swings),1,2,0.54,0.96,0.04,0.89,1.00,1.00,1.00,1.00,1.25,1.00,1.30,its own trade,1.00,1,1,,,,,,,,new,0.04
2026-09-22,16:54:49,2026-09-22_15-48,Merrick,mine,digging DullCopperOre (0 swings),1,2,0.40,0.96,0.01,0.91,1.00,1.00,1.00,1.00,1.25,1.00,1.30,its own trade,1.00,1,1,,,,,,,,new,0.01
2026-09-22,16:55:12,2026-09-22_15-48,Merrick,mine,digging CopperOre (0 swings),1,2,0.43,0.97,0.01,0.88,1.00,1.00,1.00,1.00,1.25,1.00,1.30,its own trade,1.00,1,1,,,,,,,,new,0.01
2026-09-22,16:55:35,2026-09-22_15-48,Merrick,mine,digging CopperOre (0 swings),1,2,0.37,0.97,0.01,0.92,1.00,1.00,1.00,1.00,1.25,1.00,1.30,its own trade,1.00,1,1,,,,,,,,new,0.01
2026-09-22,16:57:36,2026-09-22_16-56,Perri,mine,digging BronzeOre (0 swings),79,76,0.80,0.91,0.41,0.89,1.00,1.00,1.00,1.00,1.00,1.00,1.30,its own trade,1.00,2,2,,,,prowl,28,,,new,0.41
2026-09-22,16:59:45,2026-09-22_16-56,Calla,forge,off to a forge,630,555,0.87,0.99,0.51,0.99,1.00,1.00,1.00,1.00,1.00,1.00,1.30,its own trade,1.00,5,5,,,,mine,96,,,new,0.51
2026-09-22,17:02:15,2026-09-22_16-56,Alden,prowl,"looking for a fight near (1797, 1487, 0)",1,2,0.61,0.42,1.00,0.71,1.00,0.22,1.00,1.00,1.25,1.00,1.00,anybody's work,1.00,1,3,restock,outlay,costs 22gp and it has 9gp,,,,,purse,0.22
2026-09-22,17:04:37,2026-09-22_16-56,Gerda Ashdown,prowl,"looking for a fight near (1240, 1436, 0)",1,1,0.83,0.69,0.81,0.71,1.00,1.00,1.00,1.00,1.00,1.00,1.00,anybody's work,1.00,1,1,,,,,,,,near,0.69
2026-09-22,17:07:01,2026-09-22_16-56,Brannoc,hunt,after Wedachek,213,134,1.22,0.95,1.00,0.95,1.00,1.00,1.00,3.00,1.00,1.00,1.30,its own trade,1.00,1,1,,,,,,,,tie,0.95
2026-09-22,17:08:59,2026-09-22_16-56,Nessa Ashdown,band,calling a company against a corpser,8,8,0.98,0.89,1.00,1.00,1.00,1.00,1.00,1.00,1.00,1.00,1.00,anybody's work,1.00,3,3,,,,prowl,8,put down,unload,near,0.89
2026-09-22,17:10:51,2026-09-22_16-56,Marek,restock,after 1 Ginseng,9,12,0.72,1.00,0.44,0.99,1.00,0.44,1.00,1.00,1.00,1.00,1.00,anybody's work,1.00,2,3,inscribe,outlay,costs 100gp and it has 44gp,prowl,0,,,tie,0.44
2026-09-22,17:13:04,2026-09-22_16-56,Kestrel,prowl,"looking for a fight near (1374, 1470, 10)",3,5,0.68,0.44,1.00,0.77,1.00,0.41,1.00,1.00,1.00,1.00,1.00,anybody's work,1.00,1,3,restock,outlay,costs 150gp and it has 62gp,,,,,purse,0.41
2026-09-22,17:15:16,2026-09-22_16-56,Delwyn,prowl,"looking for a fight near (1226, 1925, 0)",2,2,0.80,0.40,1.00,0.81,1.00,1.00,1.00,1.00,1.00,1.00,1.00,anybody's work,1.00,1,1,,,,,,,,near,0.40
2026-09-22,17:17:04,2026-09-22_16-56,Bryn Ashdown,supply,to Like for 3 Pickaxe,229,260,0.88,0.53,1.00,1.00,1.00,1.00,1.00,1.00,1.00,1.00,1.00,anybody's work,1.00,2,3,prowl,expected-nothing,"is expected to pay -13.8/min here, against a claim of 3.2",restock,10,,,near,0.53
2026-09-22,17:19:02,2026-09-22_16-56,Alden,peddle,taking 35 Arrow to Hanne,45,59,0.75,0.89,0.29,0.96,1.00,1.00,1.00,1.00,1.00,1.00,1.00,anybody's work,1.00,3,4,sew,outlay,costs 40gp and it has 38gp,restock,11,,,new,0.29
2026-09-22,17:21:31,2026-09-22_16-56,Corwin,prowl,"looking for a fight near (1564, 1903, 0)",2,3,0.74,0.46,1.00,0.71,1.00,1.00,1.00,1.00,0.70,1.00,1.00,anybody's work,1.00,1,1,,,,,,,,near,0.46
2026-09-22,17:24:12,2026-09-22_16-56,Gwendra,prowl,"looking for a fight near (1895, 1110, 0)",1,1,0.51,0.40,1.00,0.82,1.00,0.11,1.00,1.00,1.00,1.00,1.00,anybody's work,1.00,1,3,restock,outlay,costs 75gp and it has 11gp,,,,,purse,0.11
2026-09-22,17:26:48,2026-09-22_16-56,Wynn,prowl,"looking for a fight near (1890, 1217, 0)",1,1,0.76,0.44,0.74,0.76,1.00,1.00,1.00,1.00,1.00,1.00,1.00,anybody's work,1.00,1,1,,,,,,,,near,0.44
2026-09-22,17:29:25,2026-09-22_16-56,Vance,mine,digging CopperOre (0 swings),8,8,0.83,0.98,0.37,0.89,1.00,1.00,1.00,1.00,1.25,1.00,1.30,its own trade,1.00,4,4,,,,unload,3,,,new,0.37
2026-09-22,17:33:23,2026-09-22_16-56,Ulla,mine,digging CopperOre (0 swings),5,5,0.74,0.98,0.20,0.90,1.00,1.00,1.00,1.00,1.25,1.00,1.30,its own trade,1.00,1,2,prowl,expected-nothing,"is expected to pay -20.7/min here, against a claim of 12.2",,,,,new,0.20
2026-09-22,17:35:01,2026-09-22_16-56,Calla,sew,after Leather,106,99,0.82,1.00,0.39,0.96,1.00,1.00,1.00,1.00,1.00,1.00,1.30,its own trade,1.00,4,6,unload,expected-nothing,"is expected to pay -5.0/min here, against a claim of 18.0",acquire,59,,,new,0.39
2026-09-22,17:37:33,2026-09-22_16-56,Ilsa,peddle,taking 7 Fireball Scroll to Rance,213,248,0.86,0.89,0.55,0.96,1.00,1.00,1.00,1.00,1.00,1.00,1.00,anybody's work,1.00,2,5,restock,outlay,costs 180gp and it has 26gp,unload,6,,,new,0.55
2026-09-22,17:39:51,2026-09-22_16-56,Aric,prowl,"looking for a fight near (1376, 1440, 10)",3,4,0.81,0.53,0.87,0.77,1.00,1.00,1.00,1.00,1.00,1.00,1.00,anybody's work,1.00,1,1,,,,,,,,near,0.53
2026-09-22,17:42:28,2026-09-22_16-56,Wystan,prowl,"looking for a fight near (1500, 1952, 0)",2,3,0.77,0.45,1.00,0.87,1.00,1.00,1.00,1.00,0.70,1.00,1.00,anybody's work,1.00,1,1,,,,,,,,near,0.45
2026-09-22,17:44:48,2026-09-22_16-56,Orin Ashdown,forage,after reagents lying about,5,5,0.98,0.92,1.00,1.00,1.00,1.00,1.00,1.00,1.00,1.00,1.00,anybody's work,1.00,2,2,,,,prowl,2,,,near,0.92
2026-09-22,17:46:47,2026-09-22_16-56,Brannoc,prowl,"looking for a fight near (1280, 1343, 0)",1,1,0.93,0.74,0.92,0.81,1.00,1.00,1.00,1.00,1.25,1.00,1.00,anybody's work,1.00,1,1,,,,,,,,near,0.74
2026-09-22,17:49:34,2026-09-22_16-56,Kelda,peddle,taking 1 Lesser Explosion Potion to Vaughn,125,147,0.85,0.45,1.00,0.98,1.00,1.00,1.00,1.00,1.00,1.00,1.00,anybody's work,1.00,2,2,,,,hunt,66,,,near,0.45
2026-09-22,17:52:15,2026-09-22_16-56,Corwin,hunt,after Vitchak,125,94,1.02,0.93,1.00,0.95,1.00,1.00,1.00,1.00,1.25,1.00,1.30,its own trade,1.00,2,2,,,,unload,20,,,near,0.93
2026-09-22,17:54:42,2026-09-22_16-56,Torvin,chop,"out to the woods near (1420, 1860)",359,325,0.85,0.99,0.49,0.91,1.00,1.00,1.00,1.00,1.00,1.00,1.30,its own trade,1.00,4,5,prowl,expected-nothing,"is expected to pay -13.2/min here, against a claim of 2.0",peddle,69,,,new,0.49
2026-09-22,17:56:49,2026-09-22_16-56,Sable,chop,"out to the woods near (1808, 1452)",230,240,0.74,1.00,0.20,0.88,1.00,1.00,1.00,1.00,1.25,1.00,1.30,its own trade,1.00,5,5,,,,mine,35,,,new,0.20
2026-09-22,17:58:59,2026-09-22_16-56,Merrick Ashdown,prowl,"looking for a fight near (1056, 2016, 0)",3,3,0.81,0.45,0.80,0.98,1.00,1.00,1.00,1.00,1.00,1.00,1.00,anybody's work,1.00,1,1,,,,,,,,near,0.45
2026-09-22,18:02:17,2026-09-22_16-56,Orin Ashdown,prowl,"looking for a fight near (1887, 1017, 0)",3,3,0.86,0.50,1.00,0.97,1.00,1.00,1.00,1.00,1.00,1.00,1.00,anybody's work,1.00,1,1,,,,,,,,near,0.50
2026-09-22,18:04:14,2026-09-22_16-56,Brannoc,prowl,"looking for a fight near (800, 1376, 0)",4,5,0.84,0.69,0.79,0.79,1.00,1.00,1.00,1.00,1.00,1.00,1.00,anybody's work,1.00,1,1,,,,,,,,near,0.69
2026-09-22,18:06:37,2026-09-22_18-06,Nessa,delve,calling a party for the Orc Caves: 0 of 5 gathered,100,111,0.90,0.88,0.67,1.00,1.00,1.00,1.00,1.00,1.00,1.00,1.00,anybody's work,1.00,5,5,,,,unload,36,,,new,0.67
2026-09-22,18:08:12,2026-09-22_18-06,Ulla,unload,taking a full pack to the counter,11,13,0.79,0.70,0.54,0.82,1.00,1.00,1.00,1.00,1.00,1.00,1.00,anybody's work,1.00,3,3,,,,mine,10,,,new,0.54
2026-09-22,18:10:17,2026-09-22_18-06,Vesna,prowl,"looking for a fight near (1504, 2080, 0)",1,2,0.83,0.63,0.75,0.83,1.00,1.00,1.00,1.00,1.00,1.00,1.00,anybody's work,1.00,1,1,,,,,,,,near,0.63
2026-09-22,18:12:17,2026-09-22_18-06,Vance,mine,digging BronzeOre (0 swings),83,75,0.85,0.94,0.53,0.89,1.00,1.00,1.00,1.00,1.00,1.00,1.30,its own trade,1.00,3,3,,,,prowl,7,,,new,0.53
2026-09-22,18:14:43,2026-09-22_18-06,Edda,mine,digging DullCopperOre (0 swings),92,88,0.80,0.80,0.81,0.89,1.00,0.57,1.00,1.00,1.00,1.00,1.30,its own trade,1.00,1,4,sew,outlay,costs 40gp and it has 23gp,,,,,purse,0.57
2026-09-22,18:17:06,2026-09-22_18-06,Edda,sew,after Leather,233,194,0.92,1.00,1.00,0.99,1.00,0.68,1.00,1.00,1.00,1.00,1.30,its own trade,1.00,3,5,fletch,outlay,costs 40gp and it has 27gp,peddle,75,,,purse,0.68
2026-09-22,18:19:31,2026-09-22_18-06,Sable,mine,digging GoldOre (0 swings),0,0,0.69,0.87,0.21,0.88,1.00,1.00,1.00,1.00,1.00,1.00,1.30,its own trade,1.00,1,1,,,,,,,,new,0.21
2026-09-22,18:21:48,2026-09-22_18-06,Dain,stake,"holding the square at 1395,1275 for The Crown",121,200,0.61,0.62,1.00,0.96,1.00,0.11,1.00,1.00,1.25,1.00,1.00,anybody's work,1.00,2,3,restock,outlay,costs 81gp and it has 9gp,prowl,5,dropped,prowl,purse,0.11
2026-09-22,18:23:55,2026-09-22_18-06,Merrick Ashdown,prowl,"looking for a fight near (1411, 997, 0)",2,2,0.81,0.48,1.00,0.74,1.00,1.00,1.00,1.00,1.00,1.00,1.00,anybody's work,1.00,1,1,,,,,,,,near,0.48
2026-09-22,18:26:26,2026-09-22_18-06,Marek,prowl,"looking for a fight near (1888, 1312, 0)",3,5,0.66,0.56,0.77,0.79,1.00,0.37,1.00,1.00,1.00,1.00,1.00,anybody's work,1.00,1,2,restock,outlay,costs 60gp and it has 22gp,,,,,purse,0.37
2026-09-22,18:28:43,2026-09-22_18-06,Talia,hunt,after a zombie,102,81,0.97,0.90,1.00,0.95,1.00,1.00,1.00,1.00,1.00,1.00,1.30,its own trade,1.00,2,2,,,,band,2,,,near,0.90
2026-09-22,18:31:07,2026-09-22_18-06,Kerrin Ashdown,prowl,"looking for a fight near (1221, 1326, 0)",1,2,0.77,0.42,0.81,0.80,1.00,1.00,1.00,1.00,1.00,1.00,1.00,anybody's work,1.00,1,1,,,,,,,,near,0.42
2026-09-22,18:33:55,2026-09-22_18-06,Ulla,mine,digging GoldOre (0 swings),12,10,0.93,0.89,0.90,0.86,1.00,1.00,1.00,1.00,1.00,1.00,1.30,its own trade,1.00,1,2,prowl,expected-nothing,"is expected to pay -8.6/min here, against a claim of 2.8",,,,,room,0.86
2026-09-22,18:35:49,2026-09-22_18-06,Cassia,prowl,"looking for a fight near (1280, 1295, 0)",3,4,0.83,0.40,1.00,0.79,1.00,1.00,1.00,1.00,1.25,1.00,1.00,anybody's work,1.00,1,1,,,,,,,,near,0.40
2026-09-22,18:38:15,2026-09-22_18-06,Wynn,unload,taking a full pack to the counter,4,5,0.72,0.45,0.45,0.97,1.00,1.00,1.00,1.00,1.00,1.00,1.00,anybody's work,1.00,1,2,prowl,expected-nothing,"is expected to pay -10.3/min here, against a claim of 2.0",,,,,tie,0.45
2026-09-22,18:43:16,2026-09-22_18-06,Merrick Ashdown,prowl,"looking for a fight near (1083, 1940, 0)",2,3,0.83,0.41,1.00,0.97,1.00,1.00,1.00,1.00,1.00,1.00,1.00,anybody's work,1.00,1,1,,,,,,,,near,0.41
2026-09-22,18:45:32,2026-09-22_18-06,Hale,forge,off to a forge,675,697,0.74,1.00,0.23,1.00,1.00,1.00,1.00,1.00,1.00,1.00,1.30,its own trade,1.00,5,6,prowl,expected-nothing,"is expected to pay -22.0/min here, against a claim of 2.0",peddle,139,,,new,0.23
2026-09-22,18:47:40,2026-09-22_18-06,Nessa Ashdown,hunt,after a goat,156,123,0.97,0.90,1.00,0.98,1.00,1.00,1.00,1.00,1.00,1.00,1.30,its own trade,1.00,2,2,,,,glean,9,,,near,0.90
2026-09-22,18:49:52,2026-09-22_18-06,Ulwin,restock,after 40 Arrow,11,12,0.94,0.73,0.83,0.99,1.00,1.00,1.00,1.00,1.25,1.00,1.00,anybody's work,1.00,3,3,,,,unload,8,,,near,0.73
2026-09-22,18:51:52,2026-09-22_18-06,Nyla,housecall,going to where Harlan was fighting,7,8,0.91,0.64,1.00,0.99,1.00,1.00,1.00,1.00,1.00,1.00,1.00,anybody's work,1.00,1,3,restock,outlay,costs 54gp and it has 29gp,,,,,near,0.64
2026-09-22,18:54:40,2026-09-22_18-06,Ilsa,prowl,"looking for a fight near (1916, 1176, 0)",1,2,0.53,0.55,1.00,0.79,1.00,0.10,1.00,1.00,1.00,1.00,1.00,anybody's work,1.00,1,3,restock,outlay,costs 210gp and it has 4gp,,,,,purse,0.10
2026-09-22,18:57:02,2026-09-22_18-06,Marek,prowl,"looking for a fight near (1589, 1883, 0)",1,1,0.62,0.57,1.00,0.77,1.00,0.21,1.00,1.00,1.00,1.00,1.00,anybody's work,1.00,1,2,restock,outlay,costs 90gp and it has 19gp,,,,,purse,0.21
2026-09-22,18:59:55,2026-09-22_18-06,Ronan,prowl,"looking for a fight near (1922, 1332, 0)",0,0,0.77,0.38,1.00,0.73,1.00,1.00,1.00,1.00,1.00,1.00,1.00,anybody's work,1.00,1,1,,,,,,,,near,0.38
2026-09-22,19:02:12,2026-09-22_18-06,Fendrel,brew,after 20 Bottle to brew with,87,67,1.00,1.00,1.00,0.99,1.00,1.00,1.00,1.00,1.00,1.00,1.30,its own trade,1.00,4,4,,,,mine,24,,,room,0.99
2026-09-22,19:04:25,2026-09-22_18-06,Jarek,prowl,"looking for a fight near (1504, 2080, 0)",12,16,0.75,0.39,0.82,0.74,1.00,1.00,1.00,1.00,1.00,1.00,1.00,anybody's work,1.00,1,1,,,,,,,,near,0.39
2026-09-22,19:06:35,2026-09-22_18-06,Alden Ashdown,prowl,"looking for a fight near (1562, 1278, 0)",9,11,0.84,0.57,1.00,0.73,1.00,1.00,1.00,1.00,1.00,1.00,1.00,anybody's work,1.00,1,1,,,,,,,,near,0.57
2026-09-22,19:09:03,2026-09-22_18-06,Doran,mine,digging CopperOre (0 swings),72,62,0.90,0.82,0.83,0.86,1.00,1.00,1.00,1.00,1.00,1.00,1.30,its own trade,1.00,3,3,,,,restock,10,,,near,0.82
2026-09-22,19:12:40,2026-09-22_18-06,Hale,peddle,taking 9 Iron Ingot to Gus,190,224,0.85,0.67,0.68,0.99,1.00,1.00,1.00,1.00,1.00,1.00,1.00,anybody's work,1.00,5,5,,,,mine,79,,,near,0.67
2026-09-22,19:14:54,2026-09-22_18-06,Lysa,mine,digging DullCopperOre (0 swings),13,11,0.90,0.96,0.56,0.88,1.00,1.00,1.00,1.00,1.25,1.00,1.30,its own trade,1.00,3,3,,,,unload,8,,,new,0.56
2026-09-22,19:16:42,2026-09-22_18-06,Calla,chop,"out to the woods near (1752, 1476)",367,278,1.02,0.99,0.88,0.99,1.00,1.00,1.00,1.00,1.25,1.00,1.30,its own trade,1.00,5,6,unload,expected-nothing,"is expected to pay -12.4/min here, against a claim of 8.8",forge,324,,,new,0.88
2026-09-22,19:18:40,2026-09-22_18-06,Alden Ashdown,unload,taking a full pack to the counter,3,4,0.79,0.61,0.54,0.95,1.00,1.00,1.00,1.00,1.00,1.00,1.00,anybody's work,1.00,1,2,prowl,expected-nothing,"is expected to pay -6.7/min here, against a claim of 2.0",,,,,new,0.54
2026-09-24,01:56:56,2026-09-24_01-56,Gerda Ashdown,acquire,asking for LightningScroll at 42gp,65,65,1.00,1.00,1.00,0.99,1.00,1.00,1.00,1.00,1.00,1.00,1.00,anybody's work,1.00,3,3,,,,herbs,44,,,room,0.99
2026-09-24,01:59:18,2026-09-24_01-56,Pell,glean,after spent Arrow,26,26,1.00,0.98,1.00,1.00,1.00,1.00,1.00,1.00,1.00,1.00,1.00,anybody's work,1.00,4,4,,,,unload,19,,,near,0.98
2026-09-24,02:02:14,2026-09-24_01-56,Ysolt,prowl,"looking for a fight near (1869, 1503, 0)",1,1,0.80,0.57,0.70,0.83,1.00,1.00,1.00,1.00,1.00,1.00,1.00,anybody's work,1.00,1,1,,,,,,,,near,0.57
2026-09-24,02:04:29,2026-09-24_01-56,Faron,scout,"raising a party for the ground at (1515, 1425)",31,40,0.77,0.93,0.41,1.00,1.00,1.00,1.00,1.00,0.70,1.00,1.00,anybody's work,1.00,4,5,prowl,expected-nothing,"is expected to pay -5.4/min here, against a claim of 5.8",drill,20,,,new,0.41
2026-09-24,02:06:35,2026-09-24_01-56,Joss Ashdown,prowl,"looking for a fight near (1866, 1182, 0)",2,3,0.77,0.41,1.00,0.66,1.00,1.00,1.00,1.00,1.00,1.00,1.00,anybody's work,1.00,1,1,,,,,,,,near,0.41
2026-09-24,02:09:29,2026-09-24_02-09,Faron,drill,"calling a class at (1460, 1500), 0 come so far",19,22,0.88,1.00,0.53,1.00,1.00,1.00,1.00,1.00,1.00,1.00,1.00,anybody's work,1.00,3,3,,,,unload,4,,,new,0.53
2026-09-24,02:11:11,2026-09-24_02-09,Perri,restock,after 1 Pickaxe,10,12,0.83,0.54,0.76,1.00,1.00,1.00,1.00,1.00,1.00,1.00,1.00,anybody's work,1.00,2,2,,,,unload,8,,,near,0.54
2026-09-24,02:13:36,2026-09-24_02-12,Joss,prowl,"looking for a fight near (1046, 1689, 0)",30,39,0.77,0.48,0.75,0.78,1.00,1.00,1.00,1.00,1.00,1.00,1.00,anybody's work,1.00,2,2,,,,unload,19,,,near,0.48
2026-09-24,02:15:56,2026-09-24_02-12,Kerrin,mine,digging CopperOre (0 swings),96,91,0.82,0.89,0.64,0.89,1.00,1.00,1.00,1.00,0.70,1.00,1.30,its own trade,1.00,4,4,,,,fletch,96,,,new,0.64
2026-09-24,02:17:53,2026-09-24_02-12,Aric,prowl,"looking for a fight near (1215, 1459, 0)",0,0,0.78,0.39,1.00,0.74,1.00,1.00,1.00,1.00,1.00,1.00,1.00,anybody's work,1.00,1,1,,,,,,,,near,0.39
2026-09-24,02:20:03,2026-09-24_02-12,Fenna,band,calling a company against a wraith,3,3,0.97,0.88,1.00,1.00,1.00,1.00,1.00,1.00,1.00,1.00,1.00,anybody's work,1.00,2,2,,,,prowl,1,,,near,0.88
2026-09-24,02:22:04,2026-09-24_02-12,Doran,order,ordering 1 BoneChest,147,147,1.00,1.00,1.00,1.00,1.00,1.00,1.00,1.00,1.00,1.00,1.00,anybody's work,1.00,4,5,prowl,expected-nothing,"is expected to pay -5.7/min here, against a claim of 2.0",acquire,29,,,none,1.00
2026-09-24,02:23:55,2026-09-24_02-12,Bryn,prowl,"looking for a fight near (1504, 2080, 0)",1,1,0.62,0.69,0.82,0.62,1.00,0.25,1.00,1.00,1.00,1.00,1.00,anybody's work,1.00,1,3,restock,outlay,costs 22gp and it has 20gp,,,,,purse,0.25
2026-09-24,02:26:10,2026-09-24_02-12,Alden,hunt,after a horse,213,159,1.03,1.00,1.00,0.95,1.00,1.00,1.00,1.00,1.25,1.00,1.30,its own trade,1.00,4,6,restock,outlay,costs 70gp and it has 28gp,peddle,187,put down,mine,room,0.95
2026-09-24,02:28:35,2026-09-24_02-12,Doran Ashdown,restock,after 5 SpidersSilk,12,12,1.00,1.00,1.00,0.98,1.00,1.00,1.00,1.00,1.00,1.00,1.00,anybody's work,1.00,2,3,prowl,expected-nothing,"is expected to pay -91.5/min here, against a claim of 2.0",unload,4,,,room,0.98
2026-09-24,02:31:28,2026-09-24_02-12,Sable,mine,digging ValoriteOre (0 swings),101,90,0.86,0.83,1.00,0.84,1.00,1.00,1.00,1.00,0.70,1.00,1.30,its own trade,1.00,3,4,prowl,expected-nothing,"is expected to pay -0.1/min here, against a claim of 8.6",herbs,20,,,ground,0.70
2026-09-24,02:34:08,2026-09-24_02-12,Corwin,prowl,"looking for a fight near (1452, 1908, 0)",2,2,0.79,0.59,1.00,0.76,1.00,1.00,1.00,1.00,0.70,1.00,1.00,anybody's work,1.00,1,1,,,,,,,,near,0.59
2026-09-24,02:36:22,2026-09-24_02-12,Rhiannon,unload,taking a full pack to the counter,0,1,0.72,0.67,1.00,0.98,1.00,0.30,1.00,1.00,1.00,1.00,1.00,anybody's work,1.00,1,2,restock,outlay,costs 10gp and it has 3gp,,,,,purse,0.30
2026-09-24,02:38:24,2026-09-24_02-12,Alden Ashdown,restock,after 60 SulfurousAsh,9,12,0.77,0.31,0.73,0.97,1.00,1.00,1.00,1.00,1.25,1.00,1.00,anybody's work,1.00,2,2,,,,prowl,1,,,near,0.31
2026-09-24,02:40:44,2026-09-24_02-12,Vesna,unload,taking a full pack to the counter,3,4,0.82,0.58,0.70,0.92,1.00,1.00,1.00,1.00,1.00,1.00,1.00,anybody's work,1.00,2,2,,,,prowl,3,,,near,0.58
2026-09-24,02:42:52,2026-09-24_02-12,Lysa,mine,digging DullCopperOre (0 swings),65,60,0.84,0.78,0.92,0.84,1.00,1.00,1.00,1.00,0.70,1.00,1.30,its own trade,1.00,3,3,,,,unload,8,,,ground,0.70
2026-09-24,02:45:06,2026-09-24_02-44,Garrow,unload,taking a full pack to the counter,62,89,0.69,0.44,0.41,0.90,1.00,1.00,1.00,1.00,1.00,1.00,1.00,anybody's work,1.00,2,2,,,,prowl,9,,,new,0.41
2026-09-24,02:47:39,2026-09-24_02-44,Calla Ashdown,rescue,hitting back at an ettin,34,26,1.00,1.00,1.00,1.00,1.00,1.00,1.00,1.00,1.00,1.00,1.30,its own trade,1.00,1,1,,,,,,,,none,1.00
2026-09-24,02:50:24,2026-09-24_02-44,Calla Ashdown,unload,taking a full pack to the counter,3,4,0.82,0.45,1.00,0.97,1.00,0.83,1.00,1.00,1.00,1.00,1.00,anybody's work,1.00,1,2,restock,outlay,costs 100gp and it has 83gp,,,,,near,0.45
2026-09-24,02:53:07,2026-09-24_02-53,Aric,cook,off to a fire to cook Ribs,62,70,0.89,0.81,1.00,0.97,1.00,1.00,1.00,1.00,0.70,1.00,1.00,anybody's work,1.00,2,2,,,,prowl,3,,,ground,0.70
2026-09-24,02:54:41,2026-09-24_02-53,Cassia,prowl,"looking for a fight near (1218, 1503, 0)",1,1,0.64,0.38,0.62,0.66,1.00,1.00,1.00,1.00,0.70,1.00,1.00,anybody's work,1.00,1,1,,,,,,,,near,0.38
2026-09-24,02:56:55,2026-09-24_02-53,Aric,hunt,after a troll,138,110,0.97,0.90,1.00,0.94,1.00,1.00,1.00,1.00,1.00,1.00,1.30,its own trade,1.00,2,2,,,,band,2,,,near,0.90
2026-09-24,02:58:47,2026-09-24_02-53,Brannoc,band,calling a company against a reaper,2,2,0.98,0.92,1.00,1.00,1.00,1.00,1.00,1.00,1.00,1.00,1.00,anybody's work,1.00,2,2,,,,prowl,1,,,near,0.92
2026-09-24,03:00:42,2026-09-24_02-53,Sable,cook,off to a fire to cook Ribs,551,537,1.03,0.99,1.00,0.92,1.00,1.00,1.00,1.00,1.25,1.00,1.00,anybody's work,1.00,5,5,,,,supply,232,,,room,0.92
2026-09-24,03:02:31,2026-09-24_02-53,Doran,mine,digging BronzeOre (0 swings),7,8,0.64,0.81,0.26,0.89,1.00,0.57,1.00,1.00,1.00,1.00,1.30,its own trade,1.00,2,3,sew,outlay,costs 80gp and it has 46gp,prowl,4,,,new,0.26
2026-09-24,03:04:41,2026-09-24_02-53,Merrick,peddle,taking 71 Iron Ingot to Gus,181,243,0.75,0.57,0.44,0.92,1.00,1.00,1.00,1.00,1.00,1.00,1.00,anybody's work,1.00,4,4,,,,mine,17,,,new,0.44
2026-09-24,03:07:02,2026-09-24_02-53,Selwyn,hunt,after a sheep,218,172,0.97,0.90,1.00,0.98,1.00,1.00,1.00,1.00,1.00,1.00,1.30,its own trade,1.00,1,1,,,,,,,,near,0.90
2026-09-24,03:09:02,2026-09-24_02-53,Ronan,cook,off to a fire to cook Ribs,100,106,0.95,0.79,1.00,0.98,1.00,1.00,1.00,1.00,1.00,1.00,1.00,anybody's work,1.00,3,3,,,,prowl,3,,,near,0.79
2026-09-24,03:11:28,2026-09-24_02-53,Nessa,mine,digging ShadowIronOre (0 swings),122,105,0.90,0.87,0.75,0.88,1.00,1.00,1.00,1.00,1.00,1.00,1.30,its own trade,1.00,2,3,prowl,expected-nothing,"is expected to pay -36.9/min here, against a claim of 2.0",unload,4,,,new,0.75
2026-09-24,03:13:53,2026-09-24_02-53,Kelda,prowl,"looking for a fight near (1895, 1062, 0)",2,2,0.90,0.82,1.00,0.74,1.00,1.00,1.00,1.00,1.00,1.00,1.00,anybody's work,1.00,1,1,,,,,,,,room,0.74
2026-09-24,03:16:07,2026-09-24_02-53,Torvin,mine,digging ShadowIronOre (0 swings),20,19,0.81,0.80,0.74,0.86,1.00,1.00,1.00,1.00,0.70,1.00,1.30,its own trade,1.00,2,3,prowl,expected-nothing,"is expected to pay -27.7/min here, against a claim of 3.8",unload,7,,,ground,0.70
2026-09-24,03:18:12,2026-09-24_02-53,Faron,cook,off to a fire to cook Ribs,79,93,0.85,0.80,0.83,0.94,1.00,1.00,1.00,1.00,0.70,1.00,1.00,anybody's work,1.00,6,6,,,,scout,35,,,ground,0.70
2026-09-24,03:20:18,2026-09-24_02-53,Merrick,mine,digging VeriteOre (0 swings),20,19,0.82,0.83,0.74,0.88,1.00,1.00,1.00,1.00,0.70,1.00,1.30,its own trade,1.00,3,3,,,,unload,6,,,ground,0.70
2026-09-24,03:22:35,2026-09-24_02-53,Torvin,mine,digging CopperOre (0 swings),2,2,0.70,0.97,0.16,0.89,1.00,1.00,1.00,1.00,1.25,1.00,1.30,its own trade,1.00,3,3,,,,prowl,1,,,new,0.16
2026-09-24,03:24:53,2026-09-24_02-53,Quill,unload,taking a full pack to the counter,6,8,0.85,0.96,0.47,0.99,1.00,1.00,1.00,1.00,1.00,1.00,1.00,anybody's work,1.00,2,3,prowl,expected-nothing,"is expected to pay -0.6/min here, against a claim of 2.0",mine,5,,,new,0.47
2026-09-24,03:28:53,2026-09-24_02-53,Lysa,hunt,after a mongbat,65,51,0.98,0.90,1.00,1.00,1.00,1.00,1.00,1.00,1.00,1.00,1.30,its own trade,1.00,4,4,,,,herbs,27,,,near,0.90
2026-09-24,03:31:35,2026-09-24_03-29,Pell,prowl,"looking for a fight near (1504, 1312, 0)",1,1,0.78,0.45,1.00,0.64,1.00,1.00,1.00,1.00,1.00,1.00,1.00,anybody's work,1.00,1,1,,,,,,,,near,0.45
2026-09-24,03:34:28,2026-09-24_03-29,Alden,mine,digging CopperOre (0 swings),7,9,0.62,0.90,0.18,0.86,1.00,0.53,1.00,1.00,1.25,1.00,1.30,its own trade,1.00,2,3,sew,outlay,costs 80gp and it has 42gp,prowl,1,,,new,0.18
2026-09-24,03:37:20,2026-09-24_03-29,Faron Ashdown,prowl,"looking for a fight near (1500, 1304, 0)",1,1,0.79,0.54,0.78,0.74,1.00,1.00,1.00,1.00,1.00,1.00,1.00,anybody's work,1.00,1,1,,,,,,,,near,0.54
2026-09-24,03:40:10,2026-09-24_03-29,Ilsa Ashdown,prowl,"looking for a fight near (944, 1591, 0)",3,4,0.84,0.57,1.00,0.72,1.00,1.00,1.00,1.00,1.00,1.00,1.00,anybody's work,1.00,1,1,,,,,,,,near,0.57
2026-09-24,03:42:31,2026-09-24_03-29,Hollis,prowl,"looking for a fight near (1509, 1053, 0)",4,5,0.80,0.43,1.00,0.74,1.00,1.00,1.00,1.00,1.00,1.00,1.00,anybody's work,1.00,1,1,,,,,,,,near,0.43
2026-09-24,03:45:44,2026-09-24_03-29,Delwyn,prowl,"looking for a fight near (1749, 1308, 0)",4,5,0.81,0.49,1.00,0.73,1.00,1.00,1.00,1.00,1.00,1.00,1.00,anybody's work,1.00,1,1,,,,,,,,near,0.49
2026-09-24,03:48:29,2026-09-24_03-29,Sable,mine,digging BronzeOre (0 swings),46,38,0.92,0.93,0.81,0.88,1.00,1.00,1.00,1.00,1.00,1.00,1.30,its own trade,1.00,2,2,,,,prowl,3,,,new,0.81
2026-09-24,03:51:33,2026-09-24_03-29,Calla Ashdown,supply,to Delano for 20 SulfurousAsh,189,260,0.73,0.73,1.00,1.00,1.00,0.27,1.00,1.00,1.00,1.00,1.00,anybody's work,1.00,2,3,restock,outlay,costs 51gp and it has 14gp,band,9,,,purse,0.27
2026-09-24,03:54:05,2026-09-24_03-29,Joss Ashdown,hunt,after a cow,155,121,0.98,0.93,1.00,0.99,1.00,1.00,1.00,1.00,1.00,1.00,1.30,its own trade,1.00,2,2,,,,glean,4,,,near,0.93
2026-09-24,03:56:55,2026-09-24_03-29,Kelda,hunt,after Ekganit,76,64,0.90,0.94,1.00,0.92,1.00,1.00,1.00,1.00,0.70,1.00,1.30,its own trade,1.00,2,2,,,,band,2,,,ground,0.70
2026-09-24,03:59:34,2026-09-24_03-29,Faron Ashdown,hunt,after a bull,101,80,0.97,0.90,1.00,0.95,1.00,1.00,1.00,1.00,1.00,1.00,1.30,its own trade,1.00,1,1,,,,,,,,near,0.90
2026-09-24,04:02:03,2026-09-24_03-29,Calla,mine,digging ValoriteOre (0 swings),163,142,0.88,0.86,1.00,0.89,1.00,1.00,1.00,1.00,0.70,1.00,1.30,its own trade,1.00,4,5,unload,expected-nothing,"is expected to pay -4.5/min here, against a claim of 11.7",peddle,62,,,ground,0.70
2026-09-24,04:05:59,2026-09-24_03-29,Marek,unload,taking a full pack to the counter,3,4,0.74,0.36,1.00,0.97,1.00,0.64,1.00,1.00,1.00,1.00,1.00,anybody's work,1.00,2,3,restock,outlay,costs 100gp and it has 64gp,prowl,1,,,near,0.36
2026-09-24,04:08:39,2026-09-24_03-29,Kerrin Ashdown,cook,off to a fire to cook Ribs,66,72,0.91,0.64,1.00,0.99,1.00,1.00,1.00,1.00,1.00,1.00,1.00,anybody's work,1.00,2,3,prowl,expected-nothing,"is expected to pay -18.9/min here, against a claim of 2.0",unload,6,,,near,0.64
2026-09-24,04:11:30,2026-09-24_03-29,Ulla,mine,digging GoldOre (0 swings),32,29,0.86,0.93,0.57,0.86,1.00,1.00,1.00,1.00,1.00,1.00,1.30,its own trade,1.00,3,3,,,,unload,2,,,new,0.57
2026-09-24,04:14:17,2026-09-24_03-29,Sable,unload,taking a full pack to the counter,8,9,0.88,0.96,0.54,0.99,1.00,1.00,1.00,1.00,1.00,1.00,1.00,anybody's work,1.00,4,4,,,,mine,6,,,new,0.54
2026-09-24,04:17:03,2026-09-24_04-15,Edda,sew,after Cloth,113,124,0.71,0.96,0.18,1.00,1.00,1.00,1.00,1.00,1.00,1.00,1.30,its own trade,1.00,4,4,,,,unload,22,,,new,0.18
2026-09-24,04:20:15,2026-09-24_04-15,Neriah,acquire,buying HarmScroll,10,10,0.93,0.99,0.74,0.97,1.00,1.00,1.00,1.00,1.00,1.00,1.00,anybody's work,1.00,2,2,,,,prowl,1,,,new,0.74
2026-09-24,04:22:54,2026-09-24_04-15,Vance,mine,digging ShadowIronOre (0 swings),275,242,0.87,0.82,0.74,0.84,1.00,1.00,1.00,1.00,1.00,1.00,1.30,its own trade,1.00,3,3,,,,unload,5,,,new,0.74
2026-09-24,04:25:53,2026-09-24_04-15,Lorcan,rescue,hitting back at an ettin,25,19,1.00,1.00,1.00,0.99,1.00,1.00,1.00,1.00,1.00,1.00,1.30,its own trade,1.00,1,1,,,,,,put down,unload,room,0.99
2026-09-24,04:28:13,2026-09-24_04-15,Doran Ashdown,hunt,after a mongbat,149,117,0.98,0.90,1.00,1.00,1.00,1.00,1.00,1.00,1.00,1.00,1.30,its own trade,1.00,1,2,restock,outlay,costs 75gp and it has 60gp,,,,,near,0.90
2026-09-24,04:31:06,2026-09-24_04-15,Nessa Ashdown,cook,off to a fire to cook Ribs,85,108,0.79,0.55,0.78,1.00,1.00,1.00,1.00,1.00,0.70,1.00,1.00,anybody's work,1.00,4,4,,,,mend,12,,,near,0.55
2026-09-24,04:34:07,2026-09-24_04-15,Merrick Ashdown,prowl,"looking for a fight near (1601, 1460, 10)",7,9,0.79,0.43,1.00,0.72,1.00,1.00,1.00,1.00,1.00,1.00,1.00,anybody's work,1.00,1,1,,,,,,,,near,0.43
2026-09-24,04:37:12,2026-09-24_04-15,Alden,hunt,after a mongbat,71,61,0.90,0.90,1.00,0.94,1.00,1.00,1.00,1.00,0.70,1.00,1.30,its own trade,1.00,3,6,restock,outlay,costs 10gp and it has 5gp,mine,15,,,ground,0.70
2026-09-24,04:40:06,2026-09-24_04-15,Marek,evict,"to Edda Ashdown, who is working our land",318,380,0.84,0.93,1.00,1.00,1.00,0.35,1.00,1.00,1.25,1.00,1.00,anybody's work,1.00,3,5,restock,outlay,costs 150gp and it has 53gp,band,14,,,purse,0.35
2026-09-24,04:42:58,2026-09-24_04-15,Alden,mine,digging GoldOre (0 swings),11,10,0.87,0.94,0.59,0.90,1.00,1.00,1.00,1.00,1.00,1.00,1.30,its own trade,1.00,2,3,prowl,expected-nothing,"is expected to pay -13.2/min here, against a claim of 2.0",unload,2,,,new,0.59
2026-09-24,04:46:18,2026-09-24_04-15,Delwyn,prowl,"looking for a fight near (1696, 1440, 0)",1,2,0.80,0.57,1.00,0.81,1.00,1.00,1.00,1.00,0.70,1.00,1.00,anybody's work,1.00,1,1,,,,,,,,near,0.57
2026-09-24,04:52:08,2026-09-24_04-15,Alden,peddle,taking 3 Kryss to Clarinda,114,156,0.73,0.65,0.33,0.98,1.00,1.00,1.00,1.00,1.00,1.00,1.00,anybody's work,1.00,4,5,prowl,expected-nothing,"is expected to pay -0.3/min here, against a claim of 2.0",pickings,65,,,new,0.33
2026-09-24,04:55:36,2026-09-24_04-15,Marek,prowl,"looking for a fight near (1750, 1479, 0)",2,2,0.71,0.52,1.00,0.75,1.00,0.64,1.00,1.00,0.70,1.00,1.00,anybody's work,1.00,1,3,restock,outlay,costs 95gp and it has 64gp,,,,,near,0.52
2026-09-24,04:59:05,2026-09-24_04-15,Nessa,mine,digging AgapiteOre (0 swings),4,4,0.70,0.93,0.20,0.90,1.00,1.00,1.00,1.00,1.00,1.00,1.30,its own trade,1.00,2,3,prowl,expected-nothing,"is expected to pay -27.0/min here, against a claim of 5.7",unload,3,,,new,0.20
2026-09-24,05:02:12,2026-09-24_05-00,Marek,prowl,"looking for a fight near (1258, 1455, 0)",2,3,0.71,0.63,1.00,0.78,1.00,0.36,1.00,1.00,1.00,1.00,1.00,anybody's work,1.00,1,2,restock,outlay,costs 39gp and it has 14gp,,,,,purse,0.36
2026-09-24,05:05:34,2026-09-24_05-00,Wystan,hunt,after a grizzly bear,264,200,1.02,0.91,1.00,0.96,1.00,1.00,1.00,1.00,1.25,1.00,1.30,its own trade,1.00,6,6,,,,stake,178,,,near,0.91
2026-09-24,05:09:14,2026-09-24_05-00,Joss Ashdown,prowl,"looking for a fight near (1486, 1044, 0)",1,1,0.77,0.47,1.00,0.58,1.00,1.00,1.00,1.00,1.00,1.00,1.00,anybody's work,1.00,1,1,,,,,,,,near,0.47
2026-09-24,05:12:40,2026-09-24_05-00,Oswin,hunt,after a hind,121,98,0.96,0.90,1.00,0.88,1.00,1.00,1.00,1.00,1.00,1.00,1.30,its own trade,1.00,2,2,,,,forage,6,,,room,0.88
2026-09-24,05:16:37,2026-09-24_05-00,Calla,peddle,taking 2 Leather Legs to Glennys,325,404,0.81,0.91,0.42,0.90,1.00,1.00,1.00,1.00,1.00,1.00,1.00,anybody's work,1.00,5,5,,,,sew,223,,,new,0.42
2026-09-24,05:19:41,2026-09-24_05-00,Aric,unload,taking a full pack to the counter,4,4,0.97,0.88,1.00,0.96,1.00,1.00,1.00,1.00,1.00,1.00,1.00,anybody's work,1.00,2,2,,,,prowl,1,,,near,0.88
2026-09-24,05:23:09,2026-09-24_05-00,Nessa,prowl,"looking for a fight near (1840, 1075, 0)",10,12,0.79,0.43,1.00,0.74,1.00,1.00,1.00,1.00,1.00,1.00,1.00,anybody's work,1.00,3,3,,,,mine,3,,,near,0.43
2026-09-24,05:26:49,2026-09-24_05-00,Kelda,prowl,"looking for a fight near (1882, 1078, 0)",1,1,0.77,0.42,0.90,0.72,1.00,1.00,1.00,1.00,1.00,1.00,1.00,anybody's work,1.00,1,1,,,,,,,,near,0.42
2026-09-24,05:31:05,2026-09-24_05-00,Neriah,stake,"holding the square at 1485,1395 for The Crown",166,200,0.83,0.68,1.00,0.84,1.00,1.00,1.00,1.00,0.70,1.00,1.00,anybody's work,1.00,1,1,,,,,,,,near,0.68
2026-09-24,05:36:21,2026-09-24_05-00,Hale,peddle,taking 5 Short Spear to Aislinn,281,298,0.94,1.00,0.82,0.90,1.00,1.00,1.00,1.00,1.00,1.00,1.00,anybody's work,1.00,5,6,prowl,expected-nothing,"is expected to pay -17.4/min here, against a claim of 6.5",mine,109,,,new,0.82
2026-09-24,05:40:40,2026-09-24_05-00,Dain,prowl,"looking for a fight near (1292, 1389, 0)",2,4,0.59,0.60,1.00,0.84,1.00,0.20,1.00,1.00,0.70,1.00,1.00,anybody's work,1.00,1,3,restock,outlay,costs 90gp and it has 20gp,,,,,purse,0.20
2026-09-24,05:45:25,2026-09-24_05-45,Oswin,prowl,"looking for a fight near (1054, 1432, 0)",1,1,0.81,0.41,1.00,0.82,1.00,1.00,1.00,1.00,1.00,1.00,1.00,anybody's work,1.00,1,1,,,,,,,,near,0.41
2026-09-24,05:49:08,2026-09-24_05-45,Calla Ashdown,prowl,"looking for a fight near (1393, 1124, 0)",1,2,0.80,0.59,0.77,0.71,1.00,1.00,1.00,1.00,1.00,1.00,1.00,anybody's work,1.00,1,1,,,,,,,,near,0.59
2026-09-24,05:52:52,2026-09-24_05-45,Yarrow,prowl,"looking for a fight near (1181, 1393, 0)",3,3,0.88,0.85,1.00,0.63,1.00,1.00,1.00,1.00,1.00,1.00,1.00,anybody's work,1.00,1,1,,,,,,,,room,0.63
2026-09-24,05:56:03,2026-09-24_05-45,Calla Ashdown,peddle,taking 32 Ginseng to Rance,63,69,0.91,0.78,0.82,0.98,1.00,1.00,1.00,1.00,1.00,1.00,1.00,anybody's work,1.00,2,2,,,,prowl,15,,,near,0.78
2026-09-24,05:59:28,2026-09-24_05-45,Nessa,mine,digging VeriteOre (0 swings),238,151,1.22,0.98,1.00,0.90,1.00,1.00,1.00,3.00,1.00,1.00,1.30,its own trade,1.00,3,3,,,,hunt,92,,,room,0.90
2026-09-24,06:03:19,2026-09-24_05-45,Calla Ashdown,hunt,after a pig,187,149,0.96,0.90,1.00,0.92,1.00,1.00,1.00,1.00,1.00,1.00,1.30,its own trade,1.00,1,1,,,,,,,,near,0.90
2026-09-24,06:06:39,2026-09-24_05-45,Faron Ashdown,hunt,after a timber wolf,336,293,0.88,0.91,0.59,0.98,1.00,1.00,1.00,1.00,1.00,1.00,1.30,its own trade,1.00,5,5,,,,peddle,74,,,new,0.59
2026-09-24,06:11:01,2026-09-24_05-45,Ilsa,hunt,after a spectre,55,100,0.92,0.97,0.75,0.92,1.00,1.00,1.00,1.00,1.00,1.00,0.60,another's trade,1.00,2,3,inscribe,outlay,costs 100gp and it has 76gp,restock,11,,,new,0.75
2026-09-24,06:14:48,2026-09-24_05-45,Neriah,cook,off to a fire to cook Ribs,92,95,0.96,0.85,1.00,0.98,1.00,1.00,1.00,1.00,1.00,1.00,1.00,anybody's work,1.00,5,5,,,,peddle,39,,,near,0.85
2026-09-24,06:19:56,2026-09-24_05-45,Emrys,acquire,buying HarmScroll,33,35,0.94,0.99,0.74,1.00,1.00,1.00,1.00,1.00,1.00,1.00,1.00,anybody's work,1.00,2,3,prowl,expected-nothing,"is expected to pay -20.0/min here, against a claim of 2.0",unload,6,,,new,0.74
2026-09-24,06:24:37,2026-09-24_05-45,Nessa Ashdown,prowl,"looking for a fight near (1888, 1312, 0)",3,4,0.79,0.39,1.00,0.76,1.00,1.00,1.00,1.00,1.00,1.00,1.00,anybody's work,1.00,1,1,,,,,,,,near,0.39
2026-09-24,06:28:38,2026-09-24_05-45,Doran Ashdown,restock,after 30 BlackPearl,10,12,0.86,0.57,0.88,0.94,1.00,1.00,1.00,1.00,1.00,1.00,1.00,anybody's work,1.00,1,2,prowl,expected-nothing,"is expected to pay -3.6/min here, against a claim of 7.4",,,,,near,0.57
2026-09-24,06:33:42,2026-09-24_06-33,Calla,order,ordering 19 IronIngot,163,169,0.97,1.00,1.00,0.84,1.00,1.00,1.00,1.00,1.00,1.00,1.00,anybody's work,1.00,4,4,,,,mine,82,,,room,0.84
2026-09-24,06:37:01,2026-09-24_06-33,Sable,mine,digging CopperOre (0 swings),11,10,0.83,0.98,0.33,0.96,1.00,1.00,1.00,1.00,1.25,1.00,1.30,its own trade,1.00,2,3,unload,expected-nothing,"is expected to pay -11.4/min here, against a claim of 10.2",prowl,2,,,new,0.33
2026-09-24,06:40:02,2026-09-24_06-33,Alden,mine,digging GoldOre (0 swings),8,7,0.80,0.95,1.00,0.92,1.00,0.53,1.00,1.00,0.70,1.00,1.30,its own trade,1.00,3,4,sew,outlay,costs 100gp and it has 53gp,unload,5,,,purse,0.53
2026-09-24,06:43:43,2026-09-24_06-33,Hale,forge,off to a forge,623,673,0.71,1.00,0.19,0.98,1.00,1.00,1.00,1.00,1.00,1.00,1.30,its own trade,1.00,3,5,unload,expected-nothing,"is expected to pay -38.3/min here, against a claim of 7.5",sew,189,,,new,0.19
2026-09-24,06:46:49,2026-09-24_06-33,Edda Ashdown,cook,off to a fire to cook Ribs,74,87,0.85,0.47,1.00,0.94,1.00,1.00,1.00,1.00,1.00,1.00,1.00,anybody's work,1.00,3,3,,,,prowl,18,,,near,0.47
2026-09-24,06:50:13,2026-09-24_06-33,Torvin Ashdown,tutor,to Bjorn to be taught Cooking,273,300,0.91,0.63,1.00,1.00,1.00,1.00,1.00,1.00,1.00,1.00,1.00,anybody's work,1.00,4,4,,,,cook,87,,,near,0.63
2026-09-24,06:54:34,2026-09-24_06-50,Piers,escort,on the way to stand by Cassia,34,45,0.59,0.94,0.76,0.98,1.00,0.10,1.00,1.00,1.00,1.00,1.30,its own trade,1.00,1,4,restock,outlay,costs 24gp and it has 0gp,,,,,purse,0.10
2026-09-24,06:58:47,2026-09-24_06-50,Ilsa Ashdown,hunt,after a timber wolf,364,292,0.96,0.94,1.00,0.86,1.00,1.00,1.00,1.00,1.00,1.00,1.30,its own trade,1.00,1,1,,,,,,,,room,0.86
2026-09-24,07:03:06,2026-09-24_06-50,Hale,mine,digging GoldOre (0 swings),78,73,0.82,0.81,0.75,0.86,1.00,1.00,1.00,1.00,0.70,1.00,1.30,its own trade,1.00,5,6,unload,expected-nothing,"is expected to pay -34.6/min here, against a claim of 13.1",cook,25,,,ground,0.70
2026-09-24,07:07:43,2026-09-24_06-50,Hale,peddle,taking 3 Dagger to Gorman,295,382,0.77,0.90,0.31,0.98,1.00,1.00,1.00,1.00,1.00,1.00,1.00,anybody's work,1.00,5,6,unload,expected-nothing,"is expected to pay -38.3/min here, against a claim of 7.5",mine,180,,,new,0.31
2026-09-24,07:12:46,2026-09-24_06-50,Joss Ashdown,hunt,after an eagle,172,142,0.93,0.96,0.74,1.00,1.00,1.00,1.00,1.00,1.00,1.00,1.30,its own trade,1.00,2,3,unload,deaths-close,"lies in or beside ground where 3.7 bots have died lately, against 3.0 that close it to everything but running",cook,16,,,new,0.74
2026-09-24,07:18:05,2026-09-24_06-50,Nessa Ashdown,unload,taking a full pack to the counter,6,6,1.00,0.98,1.00,1.00,1.00,1.00,1.00,1.00,1.00,1.00,1.00,anybody's work,1.00,2,3,reclaim,deaths-close,"lies in or beside ground where 12.9 bots have died lately, against 3.0 that close it to everything but running",prowl,1,,,near,0.98
2026-09-24,07:21:28,2026-09-24_07-19,Calla,chop,"out to the woods near (1448, 2046)",383,304,0.97,1.00,1.00,0.93,1.00,0.92,1.00,1.00,1.00,1.00,1.30,its own trade,1.00,3,4,sew,outlay,costs 100gp and it has 92gp,hunt,183,,,purse,0.92
2026-09-24,07:26:12,2026-09-24_07-19,Perri Ashdown,stake,"holding the square at 1485,1305 for The Crown",177,200,0.89,0.88,1.00,0.91,1.00,0.68,1.00,1.00,1.00,1.00,1.00,anybody's work,1.00,4,6,restock,outlay,costs 441gp and it has 300gp,order,141,,,purse,0.68
2026-09-24,07:29:56,2026-09-24_07-19,Sable,mine,digging CopperOre (0 swings),8,7,0.82,0.97,0.31,0.96,1.00,1.00,1.00,1.00,1.25,1.00,1.30,its own trade,1.00,1,3,unload,expected-nothing,"is expected to pay -8.4/min here, against a claim of 31.6",,,,,new,0.31
2026-09-24,07:32:49,2026-09-24_07-19,Cassia,order,ordering 1 LeatherCap,60,60,1.00,1.00,1.00,1.00,1.00,1.00,1.00,1.00,1.00,1.00,1.00,anybody's work,1.00,1,2,prowl,deaths-close,"lies in or beside ground where 7.8 bots have died lately, against 3.0 that close it to everything but running",,,,,none,1.00
2026-09-24,07:33:13,2026-09-24_07-19,Sable,mine,digging CopperOre (0 swings),1,2,0.47,0.98,0.02,0.92,1.00,1.00,1.00,1.00,1.25,1.00,1.30,its own trade,1.00,1,3,unload,expected-nothing,"is expected to pay -11.8/min here, against a claim of 7.5",,,,,new,0.02
2026-09-24,07:34:49,2026-09-24_07-19,Bertram,prowl,"looking for a fight near (1405, 1298, 0)",0,1,0.73,0.38,1.00,0.71,1.00,0.61,1.00,1.00,1.25,1.00,1.00,anybody's work,1.00,1,2,restock,outlay,costs 254gp and it has 155gp,,,,,near,0.38
2026-09-24,07:38:33,2026-09-24_07-19,Merrick Ashdown,acquire,buying HarmScroll,14,16,0.89,0.92,0.62,1.00,1.00,1.00,1.00,1.00,1.00,1.00,1.00,anybody's work,1.00,1,2,prowl,deaths-close,"lies in or beside ground where 7.1 bots have died lately, against 3.0 that close it to everything but running",,,,,new,0.62
2026-09-24,07:42:32,2026-09-24_07-19,Aric,hunt,after an ettin,153,120,0.98,0.90,1.00,1.00,1.00,1.00,1.00,1.00,1.00,1.00,1.30,its own trade,1.00,5,5,,,,order,121,,,near,0.90
2026-09-24,07:46:20,2026-09-24_07-19,Emrys,prowl,"looking for a fight near (1184, 1376, 0)",3,4,0.76,0.46,0.72,0.78,1.00,1.00,1.00,1.00,1.00,1.00,1.00,anybody's work,1.00,1,1,,,,,,,,near,0.46
2026-09-24,07:50:26,2026-09-24_07-19,Yarrow,acquire,buying HarmScroll,4,5,0.87,0.50,1.00,1.00,1.00,1.00,1.00,1.00,1.00,1.00,1.00,anybody's work,1.00,1,2,prowl,deaths-close,"lies in or beside ground where 5.8 bots have died lately, against 3.0 that close it to everything but running",,,,,near,0.50
2026-09-24,07:56:38,2026-09-24_07-19,Hollis,forage,after reagents lying about,3,3,0.98,0.90,1.00,1.00,1.00,1.00,1.00,1.00,1.00,1.00,1.00,anybody's work,1.00,1,3,prowl,deaths-close,"lies in or beside ground where 5.2 bots have died lately, against 3.0 that close it to everything but running",,,,,near,0.90
2026-09-24,07:59:53,2026-09-24_07-19,Merrick Ashdown,peddle,taking 1 Ribs to Caine,64,73,0.88,0.77,0.71,0.98,1.00,1.00,1.00,1.00,1.00,1.00,1.00,anybody's work,1.00,7,7,,,,unload,18,,,new,0.71
2026-09-24,08:03:37,2026-09-24_07-19,Yarrow,cook,off to a fire to cook Ribs,109,112,0.97,0.91,1.00,0.96,1.00,1.00,1.00,1.00,1.00,1.00,1.00,anybody's work,1.00,2,3,prowl,deaths-close,"lies in or beside ground where 4.6 bots have died lately, against 3.0 that close it to everything but running",unload,23,,,near,0.91
2026-09-24,08:06:39,2026-09-24_08-04,Sable Ashdown,prowl,"looking for a fight near (1848, 1452, 0)",6,7,0.80,0.43,1.00,0.78,1.00,1.00,1.00,1.00,1.00,1.00,1.00,anybody's work,1.00,1,1,,,,,,,,near,0.43
2026-09-24,08:10:06,2026-09-24_08-04,Delwyn,prowl,"looking for a fight near (1433, 1424, 0)",1,1,0.78,0.54,0.79,0.70,1.00,1.00,1.00,1.00,1.00,1.00,1.00,anybody's work,1.00,1,1,,,,,,,,near,0.54
2026-09-24,08:14:09,2026-09-24_08-04,Marek,prowl,"looking for a fight near (1760, 1248, 0)",1,2,0.69,0.55,1.00,0.70,1.00,0.40,1.00,1.00,1.00,1.00,1.00,anybody's work,1.00,1,3,restock,outlay,costs 150gp and it has 60gp,,,,,purse,0.40
2026-09-24,08:17:54,2026-09-24_08-04,Faron Ashdown,peddle,taking 10 Mandrake Root to Rance,207,226,0.91,0.99,0.74,0.86,1.00,1.00,1.00,1.00,1.00,1.00,1.00,anybody's work,1.00,5,6,prowl,expected-nothing,"is expected to pay -7.9/min here, against a claim of 2.0",unload,76,,,new,0.74
2026-09-24,08:21:02,2026-09-24_08-04,Nessa Ashdown,prowl,"looking for a fight near (1062, 1946, 0)",12,14,0.82,0.41,1.00,0.89,1.00,1.00,1.00,1.00,1.00,1.00,1.00,anybody's work,1.00,1,1,,,,,,,,near,0.41
2026-09-24,08:24:39,2026-09-24_08-04,Bertram,cook,off to a fire to cook Ribs,97,111,0.88,0.71,0.76,0.98,1.00,1.00,1.00,1.00,1.00,1.00,1.00,anybody's work,1.00,6,6,,,,peddle,87,,,near,0.71
2026-09-24,08:28:24,2026-09-24_08-04,Merrick,mine,digging ShadowIronOre (0 swings),183,147,0.96,0.94,0.90,0.96,1.00,1.00,1.00,1.00,1.00,1.00,1.30,its own trade,1.00,4,4,,,,acquire,3,,,new,0.90
2026-09-24,08:32:49,2026-09-24_08-04,Cassia,prowl,"looking for a fight near (1644, 1193, 0)",3,3,0.87,0.71,0.89,0.80,1.00,1.00,1.00,1.00,1.00,1.00,1.00,anybody's work,1.00,1,1,,,,,,,,near,0.71
2026-09-24,08:37:58,2026-09-24_08-04,Merrick Ashdown,prowl,"looking for a fight near (1618, 1355, 0)",4,4,0.92,0.75,1.00,0.90,1.00,1.00,1.00,1.00,1.00,1.00,1.00,anybody's work,1.00,2,2,,,,forage,2,,,near,0.75
2026-09-24,08:41:55,2026-09-24_08-04,Doran Ashdown,hunt,after a crow,215,172,0.96,0.94,1.00,0.89,1.00,1.00,1.00,1.00,1.00,1.00,1.30,its own trade,1.00,3,3,,,,cook,41,,,room,0.89
2026-09-24,08:45:56,2026-09-24_08-45,Emrys,rally,defending our ground: rallying to the war company of The Blade,662,700,0.95,0.69,1.00,0.87,1.00,1.00,1.00,1.00,1.25,1.00,1.00,anybody's work,1.00,4,4,,,,stake,169,put down,stake,near,0.69
2026-09-24,08:50:32,2026-09-24_08-45,Sable Ashdown,rally,defending our ground: rallying to the war company of The Ash,655,700,0.94,0.72,1.00,0.80,1.00,1.00,1.00,1.00,1.25,1.00,1.00,anybody's work,1.00,3,3,,,,stake,176,,,near,0.72
2026-09-24,08:56:29,2026-09-24_08-45,Hollis,prowl,"looking for a fight near (1389, 976, 0)",2,2,0.88,0.70,0.83,0.91,1.00,1.00,1.00,1.00,1.00,1.00,1.00,anybody's work,1.00,1,2,harrow,deaths-close,"lies in or beside ground where 5.7 bots have died lately, against 3.0 that close it to everything but running",,,,,near,0.70
2026-09-24,09:04:08,2026-09-24_08-45,Merrick Ashdown,prowl,"looking for a fight near (1657, 1087, 0)",9,11,0.83,0.39,1.00,1.00,1.00,1.00,1.00,1.00,1.00,1.00,1.00,anybody's work,1.00,1,1,,,,,,,,near,0.39
2026-09-24,09:10:45,2026-09-24_08-45,Perri Ashdown,prowl,"looking for a fight near (1847, 1015, 0)",2,2,0.80,0.40,0.84,1.00,1.00,1.00,1.00,1.00,1.00,1.00,1.00,anybody's work,1.00,1,2,harrow,deaths-close,"lies in or beside ground where 4.4 bots have died lately, against 3.0 that close it to everything but running",,,,,near,0.40
2026-09-24,09:16:19,2026-09-24_08-45,Aric,cook,off to a fire to cook Ribs,49,56,0.88,0.56,1.00,0.96,1.00,1.00,1.00,1.00,1.00,1.00,1.00,anybody's work,1.00,3,4,prowl,deaths-close,"lies in or beside ground where 4.3 bots have died lately, against 3.0 that close it to everything but running",acquire,30,,,near,0.56
2026-09-24,09:21:33,2026-09-24_08-45,Marek,inscribe,after paper,194,173,0.86,0.89,0.53,1.00,1.00,1.00,1.00,1.00,1.00,1.00,1.30,its own trade,1.00,4,5,prowl,deaths-close,"lies in or beside ground where 3.9 bots have died lately, against 3.0 that close it to everything but running",peddle,178,,,new,0.53
2026-09-24,09:24:36,2026-09-24_08-45,Vesna,prowl,"looking for a fight near (1888, 1376, 0)",1,1,0.85,0.53,1.00,0.82,1.00,1.00,1.00,1.00,1.00,1.00,1.00,anybody's work,1.00,1,1,,,,,,,,near,0.53
2026-09-24,09:28:42,2026-09-24_08-45,Calla,fletch,fletching (0 arrows in 0 attempts),175,134,1.01,1.00,0.82,1.00,1.00,1.00,1.00,1.00,1.25,1.00,1.30,its own trade,1.00,7,7,,,,order,142,,,new,0.82
2026-09-24,09:31:46,2026-09-24_09-30,Ilsa,restock,after 15 SulfurousAsh,12,12,1.00,1.00,1.00,1.00,1.00,1.00,1.00,1.00,1.00,1.00,1.00,anybody's work,1.00,3,3,,,,drill,1,,,none,1.00
2026-09-24,09:35:36,2026-09-24_09-30,Gerda Ashdown,cook,off to a fire to cook Ribs,25,47,0.53,0.47,1.00,0.92,1.00,0.10,1.00,1.00,1.00,1.00,1.00,anybody's work,1.00,3,4,restock,outlay,costs 30gp and it has 3gp,forage,5,,,purse,0.10
2026-09-24,09:39:54,2026-09-24_09-30,Isolde,cook,off to a fire to cook Ribs,54,56,0.96,0.82,1.00,0.98,1.00,1.00,1.00,1.00,1.00,1.00,1.00,anybody's work,1.00,2,3,prowl,expected-nothing,"is expected to pay -6.5/min here, against a claim of 3.5",unload,6,,,near,0.82
2026-09-24,09:44:13,2026-09-24_09-30,Gwendra,inscribe,after paper,210,172,0.94,1.00,0.74,1.00,1.00,1.00,1.00,1.00,1.00,1.00,1.30,its own trade,1.00,2,3,prowl,expected-nothing,"is expected to pay -24.1/min here, against a claim of 2.0",restock,11,,,new,0.74
2026-09-24,09:48:35,2026-09-24_09-30,Hale,forge,off to a forge,537,572,0.72,1.00,0.20,1.00,1.00,1.00,1.00,1.00,1.00,1.00,1.30,its own trade,1.00,5,5,,,,peddle,249,,,new,0.20
2026-09-24,09:52:14,2026-09-24_09-52,Doran Ashdown,herbs,"out to the woods near (1286, 1487, 0)",16,17,0.91,0.74,1.00,0.86,1.00,1.00,1.00,1.00,1.00,1.00,1.00,anybody's work,1.00,1,2,prowl,expected-nothing,"is expected to pay -4.4/min here, against a claim of 2.0",,,,,near,0.74
2026-09-24,09:57:33,2026-09-24_09-54,Marek,supply,to Delano for 20 SulfurousAsh,224,260,0.86,0.49,1.00,0.96,1.00,1.00,1.00,1.00,1.00,1.00,1.00,anybody's work,1.00,9,9,,,,acquire,176,,,near,0.49
2026-09-24,10:03:33,2026-09-24_09-54,Yarrow,prowl,"looking for a fight near (1568, 928, 0)",3,3,0.81,0.63,0.75,0.72,1.00,1.00,1.00,1.00,1.00,1.00,1.00,anybody's work,1.00,1,2,harrow,deaths-close,"lies in or beside ground where 8.1 bots have died lately, against 3.0 that close it to everything but running",,,,,near,0.63
2026-09-24,10:10:19,2026-09-24_09-54,Gwendra,inscribe,after paper,176,172,0.79,1.00,0.31,0.98,1.00,1.00,1.00,1.00,1.00,1.00,1.30,its own trade,1.00,3,3,,,,restock,10,,,new,0.31
2026-09-24,10:13:47,2026-09-24_10-13,Ysolt,prowl,"looking for a fight near (1312, 2016, 0)",1,2,0.88,0.55,1.00,0.96,1.00,1.00,1.00,1.00,1.00,1.00,1.00,anybody's work,1.00,1,1,,,,,,,,near,0.55
2026-09-24,10:18:57,2026-09-24_10-13,Ilsa Ashdown,hunt,after a dire wolf,173,139,0.96,0.90,1.00,0.89,1.00,1.00,1.00,1.00,1.00,1.00,1.30,its own trade,1.00,2,2,,,,cook,29,,,room,0.89
2026-09-24,10:22:40,2026-09-24_10-20,Hale Ashdown,restock,after 5 SpidersSilk,10,12,0.84,1.00,0.42,0.98,1.00,1.00,1.00,1.00,1.00,1.00,1.00,anybody's work,1.00,2,2,,,,prowl,3,,,new,0.42
2026-09-24,10:29:08,2026-09-24_10-20,Aric Ashdown,hunt,after Gurukk,215,171,0.97,0.91,1.00,0.93,1.00,1.00,1.00,1.00,1.00,1.00,1.30,its own trade,1.00,3,3,,,,acquire,21,dropped,acquire,near,0.91
2026-09-24,10:34:34,2026-09-24_10-20,Gwendra,restock,after 20 SulfurousAsh,10,12,0.86,0.82,0.60,0.97,1.00,1.00,1.00,1.00,1.00,1.00,1.00,anybody's work,1.00,3,3,,,,prowl,5,,,new,0.60
2026-09-24,10:40:44,2026-09-24_10-20,Yarrow Ashdown,mine,digging IronOre (0 swings),210,201,0.81,0.96,0.39,0.91,1.00,1.00,1.00,1.00,1.00,1.00,1.30,its own trade,1.00,4,4,,,,unload,7,,,new,0.39
2026-09-24,10:46:14,2026-09-24_10-20,Hale Ashdown,restock,after 20 SpidersSilk,11,12,0.93,1.00,0.74,0.94,1.00,1.00,1.00,1.00,1.00,1.00,1.00,anybody's work,1.00,3,3,,,,unload,8,,,new,0.74
2026-09-24,10:52:42,2026-09-24_10-20,Wynn Ashdown,evict,"to Calla Ashdown, who is working our land",261,380,0.69,0.93,0.35,1.00,1.00,0.38,1.00,1.00,1.25,1.00,1.00,anybody's work,1.00,4,5,acquire,outlay,costs 42gp and it has 16gp,stake,164,put down,stake,new,0.35
2026-09-24,10:58:39,2026-09-24_10-20,Elspeth,restock,after 1 ScribesPen,11,12,0.91,0.62,1.00,1.00,1.00,1.00,1.00,1.00,1.00,1.00,1.00,anybody's work,1.00,3,3,,,,unload,6,dropped,prowl,near,0.62
2026-09-24,11:01:59,2026-09-24_11-00,Joss,cook,off to a fire to cook Ribs,51,66,0.77,0.49,0.59,0.96,1.00,1.00,1.00,1.00,1.00,1.00,1.00,anybody's work,1.00,5,5,,,,rescue,37,,,near,0.49
2026-09-24,11:05:57,2026-09-24_11-00,Perri,mine,digging AgapiteOre (0 swings),116,120,0.74,0.85,0.41,0.92,1.00,1.00,1.00,1.00,0.70,1.00,1.30,its own trade,1.00,4,4,,,,cook,67,,,new,0.41
2026-09-24,11:10:55,2026-09-24_11-00,Harlan,prowl,"looking for a fight near (1735, 1061, 0)",1,2,0.50,0.42,1.00,0.73,1.00,0.10,1.00,1.00,1.00,1.00,1.00,anybody's work,1.00,1,3,restock,outlay,costs 66gp and it has 5gp,,,,,purse,0.10
2026-09-24,11:15:02,2026-09-24_11-00,Quill Ashdown,stake,"holding the square at 1425,1395 for The Ash",179,200,0.89,0.66,0.85,0.81,1.00,1.00,1.00,1.00,1.25,1.00,1.00,anybody's work,1.00,6,6,,,,mine,142,,,near,0.66
2026-09-24,11:18:50,2026-09-24_11-00,Brannoc,prowl,"looking for a fight near (1811, 1493, 0)",1,2,0.73,0.40,1.00,0.76,1.00,1.00,1.00,1.00,0.70,1.00,1.00,anybody's work,1.00,1,1,,,,,,,,near,0.40
2026-09-24,11:21:43,2026-09-24_11-00,Rhiannon,restock,after 20 SulfurousAsh,11,12,0.91,0.52,1.00,0.95,1.00,1.00,1.00,1.00,1.25,1.00,1.00,anybody's work,1.00,1,1,,,,,,,,near,0.52
2026-09-24,11:25:18,2026-09-24_11-00,Orin,restock,after 1 Pickaxe,11,12,0.90,0.58,0.81,1.00,1.00,1.00,1.00,1.00,1.25,1.00,1.00,anybody's work,1.00,1,3,unload,expected-nothing,"is expected to pay -0.8/min here, against a claim of 7.5",,,,,near,0.58
2026-09-24,11:28:36,2026-09-24_11-00,Torvin,restock,after 1 Pickaxe,12,12,0.97,0.99,0.87,0.98,1.00,1.00,1.00,1.00,1.00,1.00,1.00,anybody's work,1.00,5,5,,,,forage,5,,,new,0.87
2026-09-24,11:34:38,2026-09-24_11-00,Ivo,inscribe,after paper,117,96,0.95,0.95,0.80,1.00,1.00,1.00,1.00,1.00,1.00,1.00,1.30,its own trade,1.00,6,6,,,,peddle,68,,,new,0.80
2026-09-24,11:37:59,2026-09-24_11-00,Torvin,unload,taking a full pack to the counter,109,120,0.91,0.61,1.00,1.00,1.00,1.00,1.00,1.00,1.00,1.00,1.00,anybody's work,1.00,3,3,,,,mine,68,put down,mine,near,0.61
2026-09-24,11:41:14,2026-09-24_11-00,Kestrel,peddle,taking 1 Lockpick to Hanne,90,96,0.94,0.80,1.00,0.91,1.00,1.00,1.00,1.00,1.00,1.00,1.00,anybody's work,1.00,4,5,prowl,expected-nothing,"is expected to pay -6.7/min here, against a claim of 2.0",inscribe,69,,,near,0.80
2026-09-24,11:44:26,2026-09-24_11-00,Otho,supply,to Delano for 20 BlackPearl,244,260,0.94,0.73,1.00,0.98,1.00,1.00,1.00,1.00,1.00,1.00,1.00,anybody's work,1.00,3,3,,,,restock,12,,,near,0.73
2026-09-24,11:47:52,2026-09-24_11-00,Isolde,prowl,"looking for a fight near (1572, 1057, 0)",5,7,0.78,0.41,1.00,0.71,1.00,1.00,1.00,1.00,1.00,1.00,1.00,anybody's work,1.00,2,2,,,,forage,4,,,near,0.41
2026-09-24,11:50:38,2026-09-24_11-47,Isolde,hunt,after a pig,135,112,0.93,0.97,0.74,0.98,1.00,1.00,1.00,1.00,1.00,1.00,1.30,its own trade,1.00,1,1,,,,,,,,new,0.74
2026-09-24,11:54:22,2026-09-24_11-47,Torvin,mine,digging CopperOre (0 swings),5,5,0.70,0.98,0.15,0.90,1.00,1.00,1.00,1.00,1.25,1.00,1.30,its own trade,1.00,3,3,,,,unload,2,,,new,0.15
2026-09-24,11:58:15,2026-09-24_11-47,Talia,hunt,after an ettin,141,112,0.96,0.93,1.00,0.89,1.00,1.00,1.00,1.00,1.00,1.00,1.30,its own trade,1.00,3,3,,,,enlist,23,,,room,0.89
2026-09-24,12:02:09,2026-09-24_11-47,Kestrel,restock,after 30 SulfurousAsh,12,12,1.00,1.00,1.00,1.00,1.00,1.00,1.00,1.00,1.00,1.00,1.00,anybody's work,1.00,2,2,,,,prowl,1,,,none,1.00
2026-09-24,12:05:29,2026-09-24_11-47,Aric,cook,off to a fire to cook Ribs,60,61,0.99,0.96,1.00,0.97,1.00,1.00,1.00,1.00,1.00,1.00,1.00,anybody's work,1.00,3,3,,,,prowl,8,,,near,0.96
2026-09-24,12:08:45,2026-09-24_11-47,Edda,forge,off to a forge,846,841,0.77,0.99,0.29,0.97,1.00,1.00,1.00,1.00,1.00,1.00,1.30,its own trade,1.00,4,4,,,,mine,234,,,new,0.29
2026-09-24,12:13:01,2026-09-24_11-47,Kerrin,mine,digging DullCopperOre (0 swings),101,65,1.21,0.98,1.00,0.88,1.00,1.00,1.00,3.00,1.00,1.00,1.30,its own trade,1.00,1,2,prowl,expected-nothing,"is expected to pay -9.0/min here, against a claim of 4.3",,,,,room,0.88
2026-09-24,12:16:34,2026-09-24_11-47,Ronan,hunt,after a mongbat,111,88,0.98,0.90,1.00,0.98,1.00,1.00,1.00,1.00,1.00,1.00,1.30,its own trade,1.00,2,2,,,,glean,6,,,near,0.90
2026-09-24,12:21:29,2026-09-24_11-47,Edda,sew,after Leather,118,90,1.00,1.00,1.00,1.00,1.00,1.00,1.00,1.00,1.00,1.00,1.30,its own trade,1.00,4,4,,,,mine,91,,,none,1.00
2026-09-24,12:25:18,2026-09-24_11-47,Edda,forge,off to a forge,554,455,0.94,0.88,0.66,1.00,1.00,1.00,1.00,1.00,1.25,1.00,1.30,its own trade,1.00,7,7,,,,mine,211,,,new,0.66
2026-09-24,12:28:45,2026-09-24_11-47,Kestrel,peddle,taking 4 Magic Arrow Scroll to Rance,193,220,0.88,0.99,0.54,0.97,1.00,1.00,1.00,1.00,1.00,1.00,1.00,anybody's work,1.00,2,3,prowl,expected-nothing,"is expected to pay -13.6/min here, against a claim of 2.9",restock,11,,,new,0.54
2026-09-24,12:32:06,2026-09-24_12-31,Corwin Ashdown,prowl,"looking for a fight near (1715, 1287, 0)",2,2,0.79,0.72,1.00,0.78,1.00,0.57,1.00,1.00,1.00,1.00,1.00,anybody's work,1.00,1,3,restock,outlay,costs 69gp and it has 39gp,,,,,purse,0.57
2026-09-24,12:35:55,2026-09-24_12-31,Wynn,cook,off to a fire to cook Ribs,49,55,0.88,0.59,0.74,0.97,1.00,1.00,1.00,1.00,1.25,1.00,1.00,anybody's work,1.00,3,3,,,,unload,4,,,near,0.59
2026-09-24,12:39:20,2026-09-24_12-31,Edda,sew,after Leather,115,99,0.90,1.00,0.48,1.00,1.00,1.00,1.00,1.00,1.25,1.00,1.30,its own trade,1.00,3,4,prowl,expected-nothing,"is expected to pay -0.0/min here, against a claim of 2.4",restock,11,,,new,0.48
2026-09-24,12:42:59,2026-09-24_12-31,Doran Ashdown,hunt,after an ettin,119,95,0.97,0.91,1.00,0.93,1.00,1.00,1.00,1.00,1.00,1.00,1.30,its own trade,1.00,4,4,,,,cook,33,,,near,0.91
2026-09-24,12:46:53,2026-09-24_12-31,Vance Ashdown,hunt,after an eagle,303,240,0.97,0.90,1.00,0.97,1.00,1.00,1.00,1.00,1.00,1.00,1.30,its own trade,1.00,2,3,restock,outlay,costs 30gp and it has 14gp,stake,157,dropped,stake,near,0.90
2026-09-24,12:51:26,2026-09-24_12-31,Selwyn,prowl,"looking for a fight near (959, 1705, 0)",1,1,0.87,0.55,1.00,0.88,1.00,1.00,1.00,1.00,1.00,1.00,1.00,anybody's work,1.00,1,1,,,,,,,,near,0.55
2026-09-24,12:55:14,2026-09-24_12-31,Wynn,hunt,after a great hart,405,354,0.88,0.92,0.59,0.97,1.00,1.00,1.00,1.00,1.00,1.00,1.30,its own trade,1.00,3,3,,,,cook,50,,,new,0.59
2026-09-24,12:58:37,2026-09-24_12-31,Jarek,prowl,"looking for a fight near (1640, 1354, 0)",1,1,0.83,0.48,1.00,0.83,1.00,1.00,1.00,1.00,1.00,1.00,1.00,anybody's work,1.00,1,1,,,,,,,,near,0.48
2026-09-24,13:03:39,2026-09-24_12-31,Kerrin,restock,after 1 Pickaxe,12,12,0.98,0.90,1.00,0.98,1.00,1.00,1.00,1.00,1.00,1.00,1.00,anybody's work,1.00,2,2,,,,prowl,3,,,near,0.90
2026-09-24,13:08:31,2026-09-24_12-31,Jorunn,prowl,"looking for a fight near (1376, 800, 0)",4,7,0.59,0.38,1.00,0.89,1.00,0.22,1.00,1.00,1.00,1.00,1.00,anybody's work,1.00,1,3,restock,outlay,costs 150gp and it has 33gp,,,,,purse,0.22
2026-09-24,13:11:52,2026-09-24_12-31,Talia,glean,after spent Arrow,7,7,0.99,0.96,1.00,1.00,1.00,1.00,1.00,1.00,1.00,1.00,1.00,anybody's work,1.00,2,2,,,,prowl,3,,,near,0.96
2026-09-24,13:14:25,2026-09-24_12-31,Torvin,mine,digging AgapiteOre (0 swings),4,3,0.85,0.93,0.42,0.92,1.00,1.00,1.00,1.00,1.25,1.00,1.30,its own trade,1.00,3,3,,,,unload,2,,,new,0.42
2026-09-24,13:17:07,2026-09-24_12-31,Doran Ashdown,hunt,after Chak,322,288,0.86,0.90,0.88,0.86,1.00,1.00,1.00,1.00,0.70,1.00,1.30,its own trade,1.00,1,1,,,,,,,,ground,0.70
2026-09-24,13:19:52,2026-09-24_12-31,Wynn,prowl,"looking for a fight near (1441, 1900, 0)",1,1,0.74,0.40,1.00,0.81,1.00,1.00,1.00,1.00,0.70,1.00,1.00,anybody's work,1.00,1,1,,,,,,,,near,0.40
2026-09-24,13:23:04,2026-09-24_12-31,Ulla Ashdown,reclaim,going back for its own things,6,9,0.76,0.25,1.00,1.00,1.00,1.00,1.00,1.00,1.00,1.00,1.00,anybody's work,1.00,2,2,,,,prowl,1,,,near,0.25
2026-09-24,13:26:19,2026-09-24_13-23,Gerda Ashdown,restock,after 25 Bloodmoss,10,12,0.82,1.00,0.30,1.00,1.00,1.00,1.00,1.00,1.25,1.00,1.00,anybody's work,1.00,3,3,,,,unload,6,,,new,0.30
2026-09-24,13:30:18,2026-09-24_13-23,Delwyn,rescue,hitting back at an orc bomber,59,46,0.99,1.00,1.00,0.97,1.00,1.00,1.00,1.00,1.00,1.00,1.30,its own trade,1.00,1,1,,,,,,,,room,0.97
2026-09-24,13:34:37,2026-09-24_13-23,Gerda,mend,"mending itself (0 casts, 0 bandages, 0 bottles)",4,3,0.84,1.00,0.43,1.00,1.00,1.00,1.00,1.00,1.00,1.00,1.30,its own trade,1.00,1,1,,,,,,,,new,0.43
2026-09-24,13:38:18,2026-09-24_13-23,Lysa,peddle,taking 15 Iron Ingot to Gus,326,379,0.86,0.67,0.75,0.94,1.00,1.00,1.00,1.00,1.00,1.00,1.00,anybody's work,1.00,3,3,,,,mine,48,,,near,0.67
2026-09-24,13:42:39,2026-09-24_13-23,Bertram,prowl,"looking for a fight near (1617, 1241, 0)",9,10,0.87,0.54,1.00,0.91,1.00,1.00,1.00,1.00,1.00,1.00,1.00,anybody's work,1.00,1,1,,,,,,,,near,0.54
2026-09-24,13:46:29,2026-09-24_13-23,Kestrel,restock,after 20 SulfurousAsh,11,12,0.92,0.53,1.00,0.98,1.00,1.00,1.00,1.00,1.25,1.00,1.00,anybody's work,1.00,2,2,,,,prowl,4,,,near,0.53
2026-09-24,13:50:55,2026-09-24_13-23,Hale Ashdown,hunt,after a raven,107,85,0.97,0.90,1.00,0.93,1.00,1.00,1.00,1.00,1.00,1.00,1.30,its own trade,1.00,1,1,,,,,,,,near,0.90
2026-09-24,13:55:48,2026-09-24_13-23,Edda,sew,after Leather,200,154,1.00,1.00,1.00,1.00,1.00,1.00,1.00,1.00,1.00,1.00,1.30,its own trade,1.00,3,4,prowl,expected-nothing,"is expected to pay -17.4/min here, against a claim of 2.3",mine,182,,,none,1.00
2026-09-24,14:00:59,2026-09-24_13-23,Delwyn,prowl,"looking for a fight near (1254, 1470, 0)",3,4,0.84,0.66,1.00,0.92,1.00,1.00,1.00,1.00,0.70,1.00,1.00,anybody's work,1.00,1,1,,,,,,,,near,0.66
2026-09-24,14:04:33,2026-09-24_14-03,Gerda Ashdown,restock,after 1 Ginseng,10,12,0.83,1.00,0.59,0.97,1.00,1.00,1.00,1.00,0.70,1.00,1.00,anybody's work,1.00,2,2,,,,prowl,2,,,new,0.59
2026-09-24,14:08:07,2026-09-24_14-03,Garrow,mine,digging IronOre (0 swings),35,82,0.72,0.95,0.22,0.92,1.00,1.00,1.00,1.00,1.00,1.00,0.60,another's trade,1.00,4,4,,,,prowl,12,,,new,0.22
2026-09-24,14:11:14,2026-09-24_14-03,Talia,glean,after spent Arrow,5,5,0.98,0.89,1.00,1.00,1.00,1.00,1.00,1.00,1.00,1.00,1.00,anybody's work,1.00,2,2,,,,prowl,2,,,near,0.89
2026-09-24,14:14:59,2026-09-24_14-14,Emrys Ashdown,brew,"brewing (0 attempts, 0 made)",335,257,1.00,1.00,1.00,1.00,1.00,1.00,1.00,1.00,1.00,1.00,1.30,its own trade,1.00,5,5,,,,acquire,24,,,none,1.00
2026-09-24,14:18:00,2026-09-24_14-14,Aric Ashdown,rescue,hitting back at Farghed,51,44,0.89,1.00,0.59,0.97,1.00,1.00,1.00,1.00,1.00,1.00,1.30,its own trade,1.00,1,1,,,,,,dropped,mend,new,0.59
2026-09-24,14:21:28,2026-09-24_14-14,Fenna,acquire,buying HarmScroll,44,50,0.88,0.52,1.00,1.00,1.00,1.00,1.00,1.00,1.00,1.00,1.00,anybody's work,1.00,4,4,,,,cook,26,,,near,0.52
2026-09-24,14:25:01,2026-09-24_14-14,Garrow,stake,"holding the square at 1185,1425 for The Blade",162,200,0.81,0.73,0.82,0.83,1.00,1.00,1.00,1.00,0.70,1.00,1.00,anybody's work,1.00,4,5,unload,expected-nothing,"is expected to pay -14.7/min here, against a claim of 23.1",mine,55,,,ground,0.70
2026-09-24,14:29:07,2026-09-24_14-14,Rhiannon,housecall,going to where Gerda Ashdown was fighting,8,8,0.94,0.76,1.00,0.99,1.00,1.00,1.00,1.00,1.00,1.00,1.00,anybody's work,1.00,1,4,restock,outlay,costs 110gp and it has 14gp,,,,,near,0.76
2026-09-24,14:33:17,2026-09-24_14-14,Orin Ashdown,peddle,taking 1 Mass Dispel Scroll to Rance,92,99,0.93,0.73,1.00,0.96,1.00,1.00,1.00,1.00,1.00,1.00,1.00,anybody's work,1.00,4,4,,,,unload,34,,,near,0.73
2026-09-24,14:37:00,2026-09-24_14-14,Sable,chop,"out to the woods near (1412, 1533)",214,257,0.64,0.97,0.74,1.00,0.15,1.00,1.00,1.00,1.00,1.00,1.30,its own trade,1.00,3,3,,,,mine,40,,,safe,0.15
2026-09-24,14:40:07,2026-09-24_14-14,Talia,unload,taking a full pack to the counter,59,69,0.85,0.52,0.86,1.00,1.00,1.00,1.00,1.00,1.00,1.00,1.00,anybody's work,1.00,3,3,,,,cook,37,,,near,0.52
2026-09-24,14:43:18,2026-09-24_14-14,Ulwin,peddle,taking 1 Ribs to Tremain,126,133,0.95,0.93,0.83,0.98,1.00,1.00,1.00,1.00,1.00,1.00,1.00,anybody's work,1.00,2,2,,,,prowl,1,,,new,0.83
2026-09-24,14:47:12,2026-09-24_14-47,Edda,order,ordering 20 IronIngot,408,446,0.92,1.00,0.74,0.87,1.00,1.00,1.00,1.00,1.00,1.00,1.00,anybody's work,1.00,5,6,prowl,expected-nothing,"is expected to pay -42.1/min here, against a claim of 6.4",sew,80,,,new,0.74
2026-09-24,14:49:29,2026-09-24_14-47,Perri,mine,digging CopperOre (0 swings),67,72,0.71,0.87,0.35,0.86,1.00,1.00,1.00,1.00,0.70,1.00,1.30,its own trade,1.00,4,4,,,,herbs,24,,,new,0.35
2026-09-24,14:52:32,2026-09-24_14-47,Vance Ashdown,stake,"holding the square at 1275,1425 for The Lantern",154,200,0.77,0.52,1.00,0.91,1.00,0.57,1.00,1.00,1.00,1.00,1.00,anybody's work,1.00,1,3,restock,outlay,costs 100gp and it has 57gp,,,,,near,0.52
2026-09-24,14:56:01,2026-09-24_14-47,Yarrow,prowl,"looking for a fight near (1646, 1390, 0)",3,4,0.72,0.47,0.57,0.72,1.00,1.00,1.00,1.00,1.00,1.00,1.00,anybody's work,1.00,1,1,,,,,,,,near,0.47
2026-09-24,14:59:36,2026-09-24_14-47,Kestrel,peddle,taking 3 Garlic to Alim,468,528,0.89,0.70,0.83,0.94,1.00,1.00,1.00,1.00,1.00,1.00,1.00,anybody's work,1.00,2,4,restock,outlay,costs 75gp and it has 37gp,hunt,128,,,near,0.70
2026-09-24,15:02:32,2026-09-24_14-47,Oswin,prowl,"looking for a fight near (1303, 1256, 0)",2,3,0.87,0.60,1.00,0.81,1.00,1.00,1.00,1.00,1.00,1.00,1.00,anybody's work,1.00,1,1,,,,,,,,near,0.60
2026-09-24,15:05:18,2026-09-24_14-47,Gerda Ashdown,hunt,after a cow,210,168,0.96,0.98,0.84,0.99,1.00,1.00,1.00,1.00,1.00,1.00,1.30,its own trade,1.00,3,3,,,,cook,80,put down,unload,new,0.84
2026-09-24,15:09:01,2026-09-24_14-47,Edda,sew,after Leather,590,658,0.69,1.00,0.16,0.99,1.00,1.00,1.00,1.00,1.00,1.00,1.30,its own trade,1.00,6,6,,,,mine,101,,,new,0.16
2026-09-24,15:12:31,2026-09-24_14-47,Jarek,prowl,"looking for a fight near (1474, 1966, 0)",2,3,0.75,0.42,1.00,0.81,1.00,1.00,1.00,1.00,0.70,1.00,1.00,anybody's work,1.00,1,1,,,,,,,,near,0.42
2026-09-24,15:15:58,2026-09-24_14-47,Selwyn,prowl,"looking for a fight near (1287, 1342, 0)",6,7,0.79,0.41,0.77,0.79,1.00,1.00,1.00,1.00,1.25,1.00,1.00,anybody's work,1.00,1,1,,,,,,,,near,0.41
2026-09-24,15:19:46,2026-09-24_14-47,Hale,forge,off to a forge,711,708,0.77,1.00,0.28,1.00,1.00,1.00,1.00,1.00,1.00,1.00,1.30,its own trade,1.00,5,5,,,,mine,86,,,new,0.28
2026-09-24,15:24:17,2026-09-24_14-47,Kestrel,restock,after 20 SulfurousAsh,10,12,0.87,0.53,0.78,0.99,1.00,1.00,1.00,1.00,1.25,1.00,1.00,anybody's work,1.00,3,3,,,,acquire,4,,,near,0.53
2026-09-24,15:29:13,2026-09-24_14-47,Hale,peddle,taking 7 Short Spear to Gorman,396,446,0.89,0.99,0.59,0.94,1.00,1.00,1.00,1.00,1.00,1.00,1.00,anybody's work,1.00,6,7,acquire,expected-nothing,"is expected to pay -36.8/min here, against a claim of 6.1",order,152,,,new,0.59
2026-09-24,15:33:15,2026-09-24_15-31,Calla,sew,after Cloth,355,309,0.88,0.90,0.60,1.00,1.00,1.00,1.00,1.00,1.00,1.00,1.30,its own trade,1.00,4,4,,,,mine,58,,,new,0.60
2026-09-24,15:37:05,2026-09-24_15-31,Leofric,herbs,"out to the woods near (1272, 1339, 0)",24,27,0.86,0.72,1.00,0.95,1.00,1.00,1.00,1.00,0.70,1.00,1.00,anybody's work,1.00,3,3,,,,restock,12,,,ground,0.70
2026-09-24,15:40:33,2026-09-24_15-31,Neriah,prowl,"looking for a fight near (1806, 1517, 0)",1,1,0.82,0.69,1.00,0.79,1.00,1.00,1.00,1.00,0.70,1.00,1.00,anybody's work,1.00,1,1,,,,,,,,near,0.69
2026-09-24,15:44:34,2026-09-24_15-31,Doran,peddle,taking 3 Mace to Gorman,347,421,0.82,0.99,0.39,0.98,1.00,1.00,1.00,1.00,1.00,1.00,1.00,anybody's work,1.00,6,6,,,,mine,88,,,new,0.39
2026-09-24,15:48:49,2026-09-24_15-31,Edda Ashdown,restock,after 3 Nightshade,12,12,0.99,1.00,1.00,0.97,1.00,1.00,1.00,1.00,1.00,1.00,1.00,anybody's work,1.00,2,3,prowl,expected-nothing,"is expected to pay -22.1/min here, against a claim of 2.0",unload,4,,,room,0.97
2026-09-24,15:53:48,2026-09-24_15-31,Kestrel,hunt,after a mongbat,164,124,1.02,0.90,1.00,0.96,1.00,1.00,1.00,1.00,1.25,1.00,1.30,its own trade,1.00,1,3,restock,outlay,costs 72gp and it has 31gp,,,,,near,0.90
2026-09-24,15:58:00,2026-09-24_15-31,Quill,mine,digging BronzeOre (0 swings),76,71,0.83,0.80,0.60,0.81,1.00,1.00,1.00,1.00,1.00,1.00,1.30,its own trade,1.00,4,5,prowl,expected-nothing,"is expected to pay -3.3/min here, against a claim of 2.0",fletch,49,,,new,0.60
2026-09-24,16:01:45,2026-09-24_15-31,Ulwin,peddle,taking 3 Ruby to Abigail,73,80,0.92,0.68,1.00,0.98,1.00,1.00,1.00,1.00,1.00,1.00,1.00,anybody's work,1.00,3,3,,,,band,5,,,near,0.68
2026-09-24,16:08:28,2026-09-24_15-31,Sable,mine,digging GoldOre (0 swings),52,42,0.95,0.91,1.00,0.83,1.00,1.00,1.00,1.00,1.00,1.00,1.30,its own trade,1.00,2,2,,,,unload,10,,,room,0.83
2026-09-24,16:12:11,2026-09-24_15-31,Gerda Ashdown,prowl,"looking for a fight near (1424, 1356, 0)",2,3,0.81,0.58,1.00,0.86,1.00,1.00,1.00,1.00,0.70,1.00,1.00,anybody's work,1.00,1,1,,,,,,,,near,0.58
2026-09-24,16:15:51,2026-09-24_16-14,Oswin,unload,taking a full pack to the counter,5,6,0.82,0.64,0.63,0.94,1.00,1.00,1.00,1.00,1.00,1.00,1.00,anybody's work,1.00,2,3,prowl,expected-nothing,"is expected to pay -2.5/min here, against a claim of 2.0",glean,4,,,new,0.63
2026-09-24,16:19:45,2026-09-24_16-14,Yarrow Ashdown,mine,digging ShadowIronOre (0 swings),297,286,0.80,0.83,0.66,0.85,1.00,1.00,1.00,1.00,0.70,1.00,1.30,its own trade,1.00,5,5,,,,stake,173,,,new,0.66
2026-09-24,16:23:31,2026-09-24_16-14,Ulla,mine,digging CopperOre (0 swings),34,31,0.87,0.97,0.60,0.86,1.00,1.00,1.00,1.00,1.00,1.00,1.30,its own trade,1.00,3,3,,,,prowl,11,,,new,0.60
2026-09-24,16:26:32,2026-09-24_16-14,Perri,hunt,after a black bear,169,124,1.04,0.98,1.00,1.00,1.00,1.00,1.00,1.00,1.25,1.00,1.30,its own trade,1.00,4,4,,,,peddle,126,put down,peddle,near,0.98
2026-09-24,16:30:05,2026-09-24_16-14,Rowan Ashdown,evict,"to Jorunn, who is working our land",392,380,1.03,0.93,1.00,1.00,1.00,1.00,1.00,1.00,1.25,1.00,1.00,anybody's work,1.00,8,8,,,,stake,181,dropped,stake,near,0.93
2026-09-24,16:33:18,2026-09-24_16-14,Delwyn Ashdown,stake,"holding the square at 1155,1575 for The Lantern",179,200,0.90,0.74,1.00,0.78,1.00,1.00,1.00,1.00,1.00,1.00,1.00,anybody's work,1.00,7,7,,,,mine,163,,,near,0.74
2026-09-24,16:37:03,2026-09-24_16-14,Hollis,prowl,"looking for a fight near (1871, 1560, 0)",4,4,0.92,0.74,1.00,0.91,1.00,1.00,1.00,1.00,1.00,1.00,1.00,anybody's work,1.00,2,2,,,,band,2,,,near,0.74
2026-09-24,16:40:04,2026-09-24_16-14,Harlan,restock,after 20 SulfurousAsh,10,12,0.84,0.50,0.65,1.00,1.00,1.00,1.00,1.00,1.25,1.00,1.00,anybody's work,1.00,1,2,prowl,expected-nothing,"is expected to pay -8.6/min here, against a claim of 9.0",,,,,near,0.50
2026-09-24,16:43:34,2026-09-24_16-14,Harlan,inscribe,after paper,114,89,0.99,0.94,1.00,1.00,1.00,1.00,1.00,1.00,1.00,1.00,1.30,its own trade,1.00,4,4,,,,peddle,68,,,near,0.94
2026-09-24,16:48:34,2026-09-24_16-14,Hollis,cook,off to a fire to cook Ribs,46,52,0.90,0.58,1.00,1.00,1.00,1.00,1.00,1.00,1.00,1.00,1.00,anybody's work,1.00,3,3,,,,unload,11,,,near,0.58
2026-09-24,16:52:27,2026-09-24_16-14,Calla,cook,off to a fire to cook Ribs,66,67,0.98,0.96,1.00,0.95,1.00,1.00,1.00,1.00,1.00,1.00,1.00,anybody's work,1.00,6,7,fletch,expected-nothing,"is expected to pay -1.3/min here, against a claim of 58.1",sew,34,,,room,0.95
2026-09-24,16:56:10,2026-09-24_16-14,Selwyn,cook,off to a fire to cook Ribs,78,88,0.88,0.62,0.88,0.97,1.00,1.00,1.00,1.00,1.00,1.00,1.00,anybody's work,1.00,3,3,,,,unload,16,,,near,0.62
2026-09-24,16:59:48,2026-09-24_16-14,Edda,sew,after Leather,198,189,0.81,1.00,0.35,0.97,1.00,1.00,1.00,1.00,1.00,1.00,1.30,its own trade,1.00,6,7,prowl,expected-nothing,"is expected to pay -19.0/min here, against a claim of 2.0",mine,98,,,new,0.35
2026-09-24,17:03:18,2026-09-24_17-03,Garrow Ashdown,herbs,"out to the woods near (1295, 1415, 0)",27,30,0.89,0.91,1.00,0.88,1.00,1.00,1.00,1.00,0.70,1.00,1.00,anybody's work,1.00,3,3,,,,restock,11,,,ground,0.70
2026-09-24,17:06:50,2026-09-24_17-03,Hale Ashdown,hunt,after a magpie,110,87,0.97,0.90,1.00,0.97,1.00,1.00,1.00,1.00,1.00,1.00,1.30,its own trade,1.00,1,2,restock,outlay,costs 90gp and it has 68gp,,,,,near,0.90
2026-09-24,17:10:06,2026-09-24_17-03,Perri Ashdown,hunt,after a grey wolf,242,207,0.90,0.90,1.00,0.94,1.00,1.00,1.00,1.00,0.70,1.00,1.30,its own trade,1.00,1,1,,,,,,,,ground,0.70
2026-09-24,17:13:54,2026-09-24_17-03,Perri Ashdown,cook,off to a fire to cook Ribs,77,87,0.89,0.56,1.00,0.98,1.00,1.00,1.00,1.00,1.00,1.00,1.00,anybody's work,1.00,6,6,,,,rescue,34,,,near,0.56
2026-09-24,17:17:58,2026-09-24_17-03,Talia,prowl,"looking for a fight near (1506, 1327, 0)",8,9,0.83,0.62,1.00,0.90,1.00,1.00,1.00,1.00,0.70,1.00,1.00,anybody's work,1.00,3,3,,,,glean,6,,,near,0.62
2026-09-24,17:22:23,2026-09-24_17-03,Talia,hunt,after a grey wolf,119,94,0.97,0.90,1.00,0.97,1.00,1.00,1.00,1.00,1.00,1.00,1.30,its own trade,1.00,1,1,,,,,,,,near,0.90
2026-09-24,17:25:47,2026-09-24_17-03,Calla Ashdown,prowl,"looking for a fight near (1199, 1449, 0)",1,1,0.57,0.53,1.00,0.91,1.00,0.10,1.00,1.00,1.25,1.00,1.00,anybody's work,1.00,1,2,restock,outlay,costs 150gp and it has 10gp,,,,,purse,0.10
2026-09-24,17:29:49,2026-09-24_17-03,Merrick,mine,digging IronOre (0 swings),82,65,0.98,0.98,0.28,0.86,1.00,1.00,1.00,3.00,1.25,1.00,1.30,its own trade,1.00,4,4,,,,herbs,18,,,new,0.28
2026-09-24,17:33:28,2026-09-24_17-03,Merrick Ashdown,cook,off to a fire to cook Ribs,43,46,0.93,0.58,1.00,0.97,1.00,1.00,1.00,1.00,1.25,1.00,1.00,anybody's work,1.00,3,3,,,,unload,7,,,near,0.58
2026-09-24,17:37:33,2026-09-24_17-03,Bertram,cook,off to a fire to cook CookedBird,105,111,0.95,0.84,0.93,0.99,1.00,1.00,1.00,1.00,1.00,1.00,1.00,anybody's work,1.00,3,3,,,,glean,4,,,near,0.84
2026-09-24,17:43:18,2026-09-24_17-03,Hollis,cook,off to a fire to cook Ribs,46,53,0.86,0.66,0.72,0.98,1.00,1.00,1.00,1.00,1.00,1.00,1.00,anybody's work,1.00,3,3,,,,unload,42,,,near,0.66
2026-09-24,17:49:56,2026-09-24_17-03,Oswin,rally,rallying to the war company of The Needle,342,400,0.86,0.73,1.00,0.63,1.00,1.00,1.00,1.00,1.00,1.00,1.00,anybody's work,1.00,2,2,,,,prowl,1,,,room,0.63
2026-09-24,17:55:14,2026-09-24_17-03,Neriah,unload,taking a full pack to the counter,10,11,0.93,0.91,0.79,1.00,1.00,1.00,1.00,1.00,1.00,1.00,1.00,anybody's work,1.00,1,2,prowl,expected-nothing,"is expected to pay -5.2/min here, against a claim of 2.0",,,,,new,0.79
2026-09-24,18:01:22,2026-09-24_17-03,Piers,mend,"mending Garrow Ashdown (0 casts, 0 bandages, 0 bottles)",36,28,0.99,0.97,1.00,1.00,1.00,1.00,1.00,1.00,1.00,1.00,1.30,its own trade,1.00,3,3,,,,herbs,24,,,near,0.97
2026-09-24,18:04:46,2026-09-24_17-03,Alden,sew,after Leather,200,175,0.88,1.00,0.54,0.99,1.00,1.00,1.00,1.00,1.00,1.00,1.30,its own trade,1.00,4,6,mine,deaths-keep-out,"lies in or beside ground where 2.9 bots have died lately, against 2.0 that keep ordinary work out",peddle,158,,,new,0.54
2026-09-24,18:06:44,2026-09-24_18-06,Hale Ashdown,harrow,"calling for volunteers to harrow (1515, 1305), where 8 have died: 0 of 6 gathered, 0 called",39,38,1.03,0.99,1.00,0.93,1.00,1.00,1.00,1.00,1.25,1.00,1.00,anybody's work,1.00,4,4,,,,acquire,39,,,room,0.93
2026-09-24,18:11:48,2026-09-24_18-06,Sable,mine,digging GoldOre (0 swings),3,3,0.75,0.94,0.30,0.87,1.00,1.00,1.00,1.00,1.00,1.00,1.30,its own trade,1.00,3,3,,,,unload,3,,,new,0.30
2026-09-24,18:15:55,2026-09-24_18-06,Hollis Ashdown,hunt,after Azhug,114,90,0.97,0.94,1.00,0.93,1.00,1.00,1.00,1.00,1.00,1.00,1.30,its own trade,1.00,2,2,,,,order,81,,,room,0.93
2026-09-24,18:21:51,2026-09-24_18-06,Merrick,hunt,after a zombie,144,91,1.22,0.98,1.00,0.93,1.00,1.00,1.00,3.00,1.00,1.00,1.30,its own trade,1.00,2,2,,,,mine,40,put down,mine,room,0.93
2026-09-24,18:28:30,2026-09-24_18-06,Edda,mine,digging VeriteOre (0 swings),62,52,0.91,0.80,1.00,0.79,1.00,1.00,1.00,1.00,1.00,1.00,1.30,its own trade,1.00,7,7,,,,unload,25,,,room,0.79
2026-09-24,18:32:35,2026-09-24_18-32,Hale,mine,digging GoldOre (0 swings),34,27,0.97,0.90,1.00,0.96,1.00,1.00,1.00,1.00,1.00,1.00,1.30,its own trade,1.00,5,6,prowl,expected-nothing,"is expected to pay -20.6/min here, against a claim of 12.5",cook,33,,,near,0.90
2026-09-24,18:34:57,2026-09-24_18-32,Gwendra,prowl,"looking for a fight near (1504, 992, 0)",6,8,0.72,0.38,1.00,0.79,1.00,0.64,1.00,1.00,1.00,1.00,1.00,anybody's work,1.00,1,2,restock,outlay,costs 66gp and it has 42gp,,,,,near,0.38
2026-09-24,18:37:32,2026-09-24_18-32,Emrys,order,ordering 1 LeatherSkirt,172,165,1.05,1.00,1.00,1.00,1.00,1.00,1.00,1.00,1.25,1.00,1.00,anybody's work,1.00,1,1,,,,,,,,none,1.00
2026-09-24,18:40:40,2026-09-24_18-32,Selwyn,hunt,after a panther,178,139,0.98,0.96,1.00,0.96,1.00,1.00,1.00,1.00,1.00,1.00,1.30,its own trade,1.00,1,1,,,,,,,,tie,0.96
2026-09-24,18:43:14,2026-09-24_18-32,Emrys,rescue,hitting back at an ettin,33,26,1.00,1.00,1.00,0.99,1.00,1.00,1.00,1.00,1.00,1.00,1.30,its own trade,1.00,1,1,,,,,,,,room,0.99
2026-09-24,18:46:08,2026-09-24_18-32,Ulla,mine,digging DullCopperOre (0 swings),10,11,0.70,0.96,0.16,0.89,1.00,1.00,1.00,1.00,1.25,1.00,1.30,its own trade,1.00,3,3,,,,unload,4,,,new,0.16
2026-09-24,18:49:10,2026-09-24_18-32,Faron Ashdown,prowl,"looking for a fight near (1217, 1430, 0)",5,7,0.67,0.47,1.00,0.91,1.00,0.44,1.00,1.00,0.70,1.00,1.00,anybody's work,1.00,1,2,restock,outlay,costs 125gp and it has 55gp,,,,,purse,0.44
2026-09-24,18:52:20,2026-09-24_18-32,Oswin,prowl,"looking for a fight near (1653, 1080, 0)",11,14,0.81,0.41,1.00,0.87,1.00,1.00,1.00,1.00,1.00,1.00,1.00,anybody's work,1.00,1,1,,,,,,,,near,0.41
2026-09-24,18:55:53,2026-09-24_18-32,Hollis,prowl,"looking for a fight near (928, 1760, 0)",3,3,0.76,0.38,0.83,0.80,1.00,1.00,1.00,1.00,1.00,1.00,1.00,anybody's work,1.00,1,1,,,,,,,,near,0.38
2026-09-24,19:00:15,2026-09-24_18-32,Kerrin Ashdown,hunt,after a panther,175,140,0.96,0.90,1.00,0.90,1.00,1.00,1.00,1.00,1.00,1.00,1.30,its own trade,1.00,1,1,,,,,,,,tie,0.90
2026-09-24,19:04:43,2026-09-24_18-32,Calla,sew,after Leather,88,87,0.78,1.00,0.29,0.99,1.00,1.00,1.00,1.00,1.00,1.00,1.30,its own trade,1.00,6,6,,,,acquire,28,,,new,0.29
2026-09-24,19:09:28,2026-09-24_18-32,Delwyn,prowl,"looking for a fight near (1773, 1446, 0)",3,3,0.87,0.84,1.00,0.83,1.00,1.00,1.00,1.00,0.70,1.00,1.00,anybody's work,1.00,1,1,,,,,,,,ground,0.70
2026-09-24,19:12:52,2026-09-24_18-32,Merrick,mine,digging ShadowIronOre (0 swings),69,56,0.95,0.84,1.00,0.90,1.00,1.00,1.00,1.00,1.00,1.00,1.30,its own trade,1.00,2,2,,,,prowl,1,,,near,0.84
2026-09-24,19:15:45,2026-09-24_18-32,Kerrin,order,ordering 1 LeatherArms,165,165,1.00,1.00,1.00,1.00,1.00,1.00,1.00,1.00,1.00,1.00,1.00,anybody's work,1.00,4,5,prowl,expected-nothing,"is expected to pay -0.9/min here, against a claim of 2.0",mine,37,,,none,1.00
2026-09-24,19:19:26,2026-09-24_18-32,Edda Ashdown,cook,off to a fire to cook Ribs,50,56,0.89,0.64,0.89,0.97,1.00,1.00,1.00,1.00,1.00,1.00,1.00,anybody's work,1.00,6,6,,,,herbs,40,,,near,0.64
2026-09-24,19:22:44,2026-09-24_18-32,Kerrin Ashdown,peddle,taking 1 Pitchfork to Aislinn,121,133,0.91,0.62,1.00,0.98,1.00,1.00,1.00,1.00,1.00,1.00,1.00,anybody's work,1.00,2,2,,,,prowl,2,,,near,0.62
2026-09-24,19:25:56,2026-09-24_18-32,Lysa Ashdown,prowl,"looking for a fight near (1402, 980, 0)",1,1,0.78,0.38,1.00,0.73,1.00,1.00,1.00,1.00,1.00,1.00,1.00,anybody's work,1.00,1,1,,,,,,,,near,0.38
2026-09-24,19:29:22,2026-09-24_18-32,Ilsa Ashdown,prowl,"looking for a fight near (1212, 1452, 0)",4,6,0.74,0.54,1.00,0.80,1.00,0.75,1.00,1.00,0.70,1.00,1.00,anybody's work,1.00,1,2,restock,outlay,costs 420gp and it has 316gp,,,,,near,0.54
2026-09-24,19:32:25,2026-09-24_18-32,Alden,peddle,taking 2 Iron Ingot to Gus,70,83,0.84,0.75,0.58,0.97,1.00,1.00,1.00,1.00,1.00,1.00,1.00,anybody's work,1.00,4,5,sew,outlay,costs 100gp and it has 65gp,unload,33,,,new,0.58
2026-09-24,19:37:28,2026-09-24_18-32,Sable Ashdown,prowl,"looking for a fight near (1305, 1525, 0)",1,1,0.82,0.38,0.78,0.99,1.00,1.00,1.00,1.00,1.25,1.00,1.00,anybody's work,1.00,1,1,,,,,,,,near,0.38
2026-09-24,19:41:53,2026-09-24_18-32,Calla,sew,after Leather,162,139,0.90,1.00,0.47,0.99,1.00,1.00,1.00,1.00,1.25,1.00,1.30,its own trade,1.00,4,5,prowl,expected-nothing,"is expected to pay -17.7/min here, against a claim of 6.2",acquire,34,,,new,0.47
2026-09-24,19:44:48,2026-09-24_18-32,Nessa,mine,digging BronzeOre (0 swings),34,29,0.90,0.95,1.00,0.90,1.00,1.00,1.00,1.00,0.70,1.00,1.30,its own trade,1.00,3,3,,,,unload,9,,,ground,0.70
2026-09-24,19:48:25,2026-09-24_18-32,Faron Ashdown,prowl,"looking for a fight near (1037, 1967, 0)",1,1,0.78,0.39,1.00,0.75,1.00,1.00,1.00,1.00,1.00,1.00,1.00,anybody's work,1.00,1,1,,,,,,,,near,0.39
2026-09-24,19:52:02,2026-09-24_18-32,Lysa Ashdown,prowl,"looking for a fight near (1187, 1364, 0)",7,9,0.80,0.42,1.00,0.78,1.00,1.00,1.00,1.00,1.00,1.00,1.00,anybody's work,1.00,1,1,,,,,,,,near,0.42
2026-09-24,19:55:44,2026-09-24_18-32,Neriah,prowl,"looking for a fight near (1620, 1470, 19)",1,1,0.83,0.58,0.94,0.73,1.00,1.00,1.00,1.00,1.00,1.00,1.00,anybody's work,1.00,1,1,,,,,,,,near,0.58
2026-09-24,19:59:16,2026-09-24_18-32,Nessa,herbs,"out to the woods near (1385, 1406, 0)",31,37,0.83,0.55,1.00,1.00,1.00,1.00,1.00,1.00,0.70,1.00,1.00,anybody's work,1.00,4,4,,,,mine,23,,,near,0.55
2026-09-24,20:02:15,2026-09-24_20-01,Bertram,prowl,"looking for a fight near (1699, 1282, 0)",2,3,0.81,0.40,1.00,0.86,1.00,1.00,1.00,1.00,1.00,1.00,1.00,anybody's work,1.00,1,1,,,,,,,,near,0.40
2026-09-24,20:05:16,2026-09-24_20-01,Ilsa Ashdown,prowl,"looking for a fight near (967, 1663, 0)",6,7,0.87,0.75,1.00,0.68,1.00,1.00,1.00,1.00,1.00,1.00,1.00,anybody's work,1.00,1,1,,,,,,,,room,0.68
2026-09-24,20:08:01,2026-09-24_20-06,Perri Ashdown,prowl,"looking for a fight near (1376, 1312, 0)",5,6,0.83,0.56,1.00,0.69,1.00,1.00,1.00,1.00,1.00,1.00,1.00,anybody's work,1.00,1,1,,,,,,,,near,0.56
2026-09-24,20:11:01,2026-09-24_20-06,Kelda Ashdown,acquire,buying HarmScroll,44,50,0.87,0.50,1.00,0.99,1.00,1.00,1.00,1.00,1.00,1.00,1.00,anybody's work,1.00,2,2,,,,prowl,1,,,near,0.50
2026-09-24,20:14:11,2026-09-24_20-06,Calla,sew,after Leather,211,212,0.77,1.00,0.27,1.00,1.00,1.00,1.00,1.00,1.00,1.00,1.30,its own trade,1.00,4,4,,,,mine,88,,,new,0.27
2026-09-24,20:17:40,2026-09-24_20-06,Alden,restock,after 1 SmithHammer,140,180,0.78,0.52,1.00,0.98,1.00,0.55,1.00,1.00,1.00,1.00,1.00,anybody's work,1.00,3,5,sew,outlay,costs 40gp and it has 33gp,band,4,,,near,0.52
2026-09-24,20:21:07,2026-09-24_20-06,Calla,peddle,taking 1 Leather Gloves to Devon,225,255,0.89,0.74,0.76,0.97,1.00,1.00,1.00,1.00,1.00,1.00,1.00,anybody's work,1.00,5,6,mine,expected-nothing,"is expected to pay -3.2/min here, against a claim of 95.6",acquire,38,,,near,0.74
2026-09-24,20:24:31,2026-09-24_20-06,Merrick,mine,digging CopperOre (0 swings),180,133,1.05,0.95,0.47,0.93,1.00,1.00,1.00,3.00,1.00,1.00,1.30,its own trade,1.00,5,5,,,,peddle,62,,,new,0.47
2026-09-24,20:27:27,2026-09-24_20-06,Sable Ashdown,restock,after 12 Bandage,11,12,0.91,0.63,1.00,1.00,1.00,1.00,1.00,1.00,1.00,1.00,1.00,anybody's work,1.00,1,2,prowl,expected-nothing,"is expected to pay -3.1/min here, against a claim of 2.7",,,,,near,0.63
2026-09-24,20:31:07,2026-09-24_20-06,Yarrow,unload,taking a full pack to the counter,2,3,0.73,0.47,0.46,0.97,1.00,1.00,1.00,1.00,1.00,1.00,1.00,anybody's work,1.00,1,2,prowl,expected-nothing,"is expected to pay -22.2/min here, against a claim of 2.0",,,,,new,0.46
2026-09-24,20:34:00,2026-09-24_20-06,Calla,sew,after Leather,154,145,0.81,1.00,0.36,1.00,1.00,1.00,1.00,1.00,1.00,1.00,1.30,its own trade,1.00,5,6,unload,expected-nothing,"is expected to pay -21.0/min here, against a claim of 7.5",peddle,145,,,new,0.36
2026-09-24,20:37:35,2026-09-24_20-06,Quill,chop,"out to the woods near (1376, 1536)",97,78,0.96,0.83,1.00,1.00,1.00,1.00,1.00,1.00,1.00,1.00,1.30,its own trade,1.00,5,5,,,,mine,83,,,near,0.83
2026-09-24,20:41:58,2026-09-24_20-06,Lysa Ashdown,peddle,taking 2 Ribs to Bogart,167,173,0.96,0.89,1.00,0.92,1.00,1.00,1.00,1.00,1.00,1.00,1.00,anybody's work,1.00,2,2,,,,prowl,1,,,near,0.89
2026-09-24,20:44:47,2026-09-24_20-06,Calla,sew,after Leather,79,64,0.95,1.00,0.62,0.98,1.00,1.00,1.00,1.00,1.25,1.00,1.30,its own trade,1.00,5,5,,,,cook,52,,,new,0.62
2026-09-24,20:48:23,2026-09-24_20-06,Gwendra,prowl,"looking for a fight near (1354, 1405, 0)",2,3,0.66,0.42,1.00,0.68,1.00,0.61,1.00,1.00,0.70,1.00,1.00,anybody's work,1.00,1,3,restock,outlay,costs 145gp and it has 88gp,,,,,near,0.42
2026-09-24,20:52:06,2026-09-24_20-06,Kerrin Ashdown,prowl,"looking for a fight near (1504, 1952, 0)",1,1,0.68,0.45,0.67,0.71,1.00,1.00,1.00,1.00,0.70,1.00,1.00,anybody's work,1.00,1,1,,,,,,,,near,0.45
2026-09-24,20:55:23,2026-09-24_20-06,Bertram,prowl,"looking for a fight near (1355, 1278, 0)",1,2,0.85,0.61,1.00,0.70,1.00,1.00,1.00,1.00,1.00,1.00,1.00,anybody's work,1.00,1,1,,,,,,,,near,0.61
2026-09-24,20:58:46,2026-09-24_20-06,Hollis,prowl,"looking for a fight near (1280, 1407, 0)",2,2,0.76,0.40,1.00,0.88,1.00,1.00,1.00,1.00,0.70,1.00,1.00,anybody's work,1.00,1,1,,,,,,,,near,0.40
2026-09-24,21:02:14,2026-09-24_20-06,Gwendra,peddle,taking 1 Ribs to Tremain,151,163,0.93,0.96,0.74,0.97,1.00,1.00,1.00,1.00,1.00,1.00,1.00,anybody's work,1.00,2,3,prowl,expected-nothing,"is expected to pay -23.6/min here, against a claim of 4.6",restock,11,,,new,0.74
2026-09-24,21:05:24,2026-09-24_20-06,Cassia,cook,off to a fire to cook Ribs,51,61,0.84,0.55,0.76,1.00,1.00,1.00,1.00,1.00,1.00,1.00,1.00,anybody's work,1.00,4,4,,,,hunt,33,,,near,0.55
2026-09-24,21:10:07,2026-09-24_20-06,Ivo,restock,after 24 SulfurousAsh,10,12,0.86,0.99,0.50,0.97,1.00,1.00,1.00,1.00,1.00,1.00,1.00,anybody's work,1.00,1,1,,,,,,,,new,0.50
2026-09-24,21:13:43,2026-09-24_20-06,Aric,stake,"holding the square at 1275,1425 for The Blade",179,200,0.89,0.56,1.00,0.81,1.00,1.00,1.00,1.00,1.25,1.00,1.00,anybody's work,1.00,1,2,prowl,expected-nothing,"is expected to pay -5.6/min here, against a claim of 2.0",,,,,near,0.56
2026-09-24,21:17:06,2026-09-24_20-06,Hale,sew,after Leather,193,149,1.00,1.00,1.00,0.98,1.00,1.00,1.00,1.00,1.00,1.00,1.30,its own trade,1.00,4,5,acquire,expected-nothing,"is expected to pay -29.1/min here, against a claim of 3.0",mine,36,,,room,0.98
2026-09-25,06:18:21,2026-09-25_06-17,Marek,order,ordering 1 LeatherChest,163,163,1.00,1.00,1.00,1.00,1.00,1.00,1.00,1.00,1.00,1.00,1.00,anybody's work,1.00,2,3,prowl,expected-nothing,"is expected to pay -5.2/min here, against a claim of 3.1",restock,11,,,none,1.00
2026-09-25,06:20:05,2026-09-25_06-17,Fenna,cook,off to a fire to cook Ribs,100,116,0.86,0.66,0.76,0.96,1.00,1.00,1.00,1.00,1.00,1.00,1.00,anybody's work,1.00,3,3,,,,unload,10,,,near,0.66
2026-09-25,06:22:18,2026-09-25_06-17,Alden,sew,after Leather,194,162,0.92,1.00,0.54,0.99,1.00,1.00,1.00,1.00,1.25,1.00,1.30,its own trade,1.00,5,5,,,,fletch,80,,,new,0.54
2026-09-25,06:24:13,2026-09-25_06-17,Quenna,prowl,"looking for a fight near (1825, 1103, 0)",1,1,0.79,0.49,1.00,0.65,1.00,1.00,1.00,1.00,1.00,1.00,1.00,anybody's work,1.00,1,1,,,,,,,,near,0.49
2026-09-25,06:26:04,2026-09-25_06-17,Calla,sew,after Leather,175,150,0.90,1.00,0.47,0.99,1.00,1.00,1.00,1.00,1.25,1.00,1.30,its own trade,1.00,2,4,mine,expected-nothing,"is expected to pay -17.8/min here, against a claim of 65.9",fletch,75,,,new,0.47
2026-09-25,06:28:02,2026-09-25_06-17,Alden,prowl,"looking for a fight near (1370, 1951, 0)",1,2,0.49,0.41,1.00,0.67,1.00,0.10,1.00,1.00,1.00,1.00,1.00,anybody's work,1.00,1,3,restock,outlay,costs 11gp and it has 2gp,,,,,purse,0.10
2026-09-25,06:29:54,2026-09-25_06-29,Delwyn Ashdown,mine,digging ShadowIronOre (0 swings),103,116,0.68,0.94,0.39,0.90,1.00,0.64,1.00,1.00,0.70,1.00,1.30,its own trade,1.00,4,6,sew,outlay,costs 96gp and it has 61gp,pickings,64,,,new,0.39
2026-09-25,06:32:07,2026-09-25_06-29,Wynn,prowl,"looking for a fight near (1504, 2080, 0)",9,11,0.82,0.50,1.00,0.73,1.00,1.00,1.00,1.00,1.00,1.00,1.00,anybody's work,1.00,1,1,,,,,,,,near,0.50
2026-09-25,06:34:22,2026-09-25_06-29,Hale Ashdown,hunt,after a bull,117,93,0.97,0.90,1.00,0.94,1.00,1.00,1.00,1.00,1.00,1.00,1.30,its own trade,1.00,1,1,,,,,,,,near,0.90
2026-09-25,06:36:47,2026-09-25_06-29,Kelda,prowl,"looking for a fight near (1504, 2080, 0)",20,27,0.72,0.45,0.65,0.67,1.00,1.00,1.00,1.00,1.00,1.00,1.00,anybody's work,1.00,2,2,,,,forage,7,,,near,0.45
2026-09-25,06:39:02,2026-09-25_06-29,Joss,prowl,"looking for a fight near (1546, 996, 0)",3,3,0.83,0.47,1.00,0.83,1.00,1.00,1.00,1.00,1.00,1.00,1.00,anybody's work,1.00,1,1,,,,,,,,near,0.47
2026-09-25,06:40:58,2026-09-25_06-29,Faron Ashdown,prowl,"looking for a fight near (1504, 2080, 0)",6,7,0.80,0.43,1.00,0.75,1.00,1.00,1.00,1.00,1.00,1.00,1.00,anybody's work,1.00,1,1,,,,,,,,near,0.43
2026-09-25,06:42:33,2026-09-25_06-29,Corwin Ashdown,restock,after 22 SulfurousAsh,11,12,0.88,0.55,1.00,0.97,1.00,1.00,1.00,1.00,1.00,1.00,1.00,anybody's work,1.00,1,1,,,,,,,,near,0.55
2026-09-25,06:44:28,2026-09-25_06-29,Alden,forge,off to a forge to make WarFork,303,286,0.82,1.00,0.29,1.00,1.00,1.00,1.00,1.00,1.25,1.00,1.30,its own trade,1.00,4,6,restock,outlay,costs 21gp and it has 8gp,mine,18,,,new,0.29
2026-09-25,06:45:06,2026-09-25_06-29,Alden,forge,off to a forge to make WarFork,141,239,0.45,1.00,0.02,1.00,1.00,1.00,1.00,1.00,1.25,1.00,1.30,its own trade,1.00,4,6,restock,outlay,costs 21gp and it has 8gp,mine,22,,,new,0.02
2026-09-25,06:47:39,2026-09-25_06-29,Selwyn,prowl,"looking for a fight near (1056, 1952, 0)",2,2,0.81,0.60,0.77,0.76,1.00,1.00,1.00,1.00,1.00,1.00,1.00,anybody's work,1.00,1,1,,,,,,,,near,0.60
2026-09-25,06:48:42,2026-09-25_06-29,Alden,forge,off to a forge to make WarFork,154,239,0.50,1.00,0.03,1.00,1.00,1.00,1.00,1.00,1.00,1.00,1.30,its own trade,1.00,5,5,,,,mine,67,,,new,0.03
2026-09-25,06:49:18,2026-09-25_06-29,Alden,forge,off to a forge to make WarFork,126,240,0.40,1.00,0.01,0.99,1.00,1.00,1.00,1.00,1.00,1.00,1.30,its own trade,1.00,5,5,,,,mine,77,,,new,0.01
2026-09-25,06:50:04,2026-09-25_06-29,Alden,forge,off to a forge to make WarFork,115,239,0.37,1.00,0.01,1.00,1.00,1.00,1.00,1.00,1.00,1.00,1.30,its own trade,1.00,5,6,prowl,expected-nothing,"is expected to pay -10.2/min here, against a claim of 2.0",mine,17,,,new,0.01
2026-09-25,06:50:43,2026-09-25_06-29,Alden,forge,off to a forge to make WarFork,108,241,0.34,1.00,0.00,0.99,1.00,1.00,1.00,1.00,1.00,1.00,1.30,its own trade,1.00,6,6,,,,mine,69,,,new,0.00
2026-09-25,06:51:57,2026-09-25_06-29,Alden,forge,off to a forge to make WarFork,141,239,0.45,1.00,0.02,0.99,1.00,1.00,1.00,1.00,1.25,1.00,1.30,its own trade,1.00,5,5,,,,mine,18,,,new,0.02
2026-09-25,06:53:08,2026-09-25_06-29,Gerda Ashdown,prowl,"looking for a fight near (1452, 1908, 0)",4,4,0.85,0.65,0.77,0.71,1.00,1.00,1.00,1.00,1.25,1.00,1.00,anybody's work,1.00,1,1,,,,,,,,near,0.65
2026-09-25,06:54:04,2026-09-25_06-29,Alden,forge,off to a forge to make WarFork,145,277,0.40,1.00,0.01,0.98,1.00,1.00,1.00,1.00,1.25,1.00,1.30,its own trade,1.00,7,7,,,,peddle,92,,,new,0.01
2026-09-25,06:54:40,2026-09-25_06-29,Alden,forge,off to a forge to make WarFork,133,275,0.37,1.00,0.01,0.99,1.00,1.00,1.00,1.00,1.25,1.00,1.30,its own trade,1.00,7,7,,,,peddle,94,,,new,0.01
2026-09-25,06:55:15,2026-09-25_06-29,Isolde,hunt,after a cougar,343,271,0.97,0.90,1.00,0.97,1.00,1.00,1.00,1.00,1.00,1.00,1.30,its own trade,1.00,1,1,,,,,,,,near,0.90
2026-09-25,06:55:50,2026-09-25_06-29,Alden,forge,off to a forge to make WarFork,121,275,0.34,1.00,0.00,0.99,1.00,1.00,1.00,1.00,1.25,1.00,1.30,its own trade,1.00,6,7,prowl,expected-nothing,"is expected to pay -10.2/min here, against a claim of 2.0",peddle,94,,,new,0.00
2026-09-25,06:56:33,2026-09-25_06-29,Alden,forge,off to a forge to make WarFork,117,275,0.33,1.00,0.00,0.99,1.00,1.00,1.00,1.00,1.25,1.00,1.30,its own trade,1.00,7,7,,,,peddle,85,,,new,0.00
2026-09-25,06:57:19,2026-09-25_06-29,Edda,forge,off to a forge to make WarFork,154,275,0.43,1.00,0.02,0.98,1.00,1.00,1.00,1.00,1.00,1.00,1.30,its own trade,1.00,7,7,,,,sew,103,,,new,0.02
2026-09-25,06:57:43,2026-09-25_06-29,Edda,forge,off to a forge to make WarFork,141,275,0.40,1.00,0.01,0.99,1.00,1.00,1.00,1.00,1.00,1.00,1.30,its own trade,1.00,7,7,,,,sew,104,,,new,0.01
2026-09-25,06:58:11,2026-09-25_06-29,Faron Ashdown,band,calling a company against a bog thing,4,4,0.97,0.87,1.00,1.00,1.00,1.00,1.00,1.00,1.00,1.00,1.00,anybody's work,1.00,2,2,,,,prowl,1,met,prowl,near,0.87
2026-09-25,06:58:33,2026-09-25_06-29,Alden,forge,off to a forge to make WarFork,118,275,0.33,1.00,0.00,0.99,1.00,1.00,1.00,1.00,1.00,1.00,1.30,its own trade,1.00,6,6,,,,mine,37,,,new,0.00
2026-09-25,06:59:04,2026-09-25_06-29,Brannoc,prowl,"looking for a fight near (1909, 1261, 0)",9,11,0.82,0.47,1.00,0.79,1.00,1.00,1.00,1.00,1.00,1.00,1.00,anybody's work,1.00,1,1,,,,,,,,near,0.47
2026-09-25,07:00:05,2026-09-25_06-29,Alden,forge,off to a forge to make WarFork,113,275,0.32,1.00,0.00,1.00,1.00,1.00,1.00,1.00,1.00,1.00,1.30,its own trade,1.00,6,6,,,,acquire,47,,,new,0.00
2026-09-25,07:00:35,2026-09-25_06-29,Alden,forge,off to a forge to make WarFork,110,275,0.31,1.00,0.00,0.99,1.00,1.00,1.00,1.00,1.00,1.00,1.30,its own trade,1.00,6,6,,,,mine,86,,,new,0.00
2026-09-25,07:01:17,2026-09-25_06-29,Alden,forge,off to a forge to make WarFork,107,275,0.30,1.00,0.00,1.00,1.00,1.00,1.00,1.00,1.00,1.00,1.30,its own trade,1.00,5,5,,,,mine,54,,,new,0.00
2026-09-25,07:01:59,2026-09-25_06-29,Alden,forge,off to a forge to make WarFork,104,275,0.29,1.00,0.00,1.00,1.00,1.00,1.00,1.00,1.00,1.00,1.30,its own trade,1.00,5,5,,,,mine,83,,,new,0.00
2026-09-25,07:02:41,2026-09-25_06-29,Perri,hunt,after a grizzly bear,136,107,0.98,0.90,1.00,0.99,1.00,1.00,1.00,1.00,1.00,1.00,1.30,its own trade,1.00,3,3,,,,mine,11,,,near,0.90
2026-09-25,07:05:10,2026-09-25_07-04,Bertram,unload,taking a full pack to the counter,6,9,0.72,0.41,0.51,0.93,1.00,1.00,1.00,1.00,1.00,1.00,1.00,anybody's work,1.00,2,3,prowl,expected-nothing,"is expected to pay -10.2/min here, against a claim of 2.0",forage,4,,,near,0.41
2026-09-25,07:07:26,2026-09-25_07-04,Leofric,hunt,after a cougar,104,82,0.97,0.90,1.00,0.97,1.00,1.00,1.00,1.00,1.00,1.00,1.30,its own trade,1.00,1,3,restock,outlay,costs 60gp and it has 20gp,,,,,near,0.90
2026-09-25,07:09:37,2026-09-25_07-04,Alden,prowl,"looking for a fight near (1430, 1446, 0)",3,7,0.52,0.57,1.00,0.66,1.00,0.10,1.00,1.00,1.00,1.00,1.00,anybody's work,1.00,2,4,restock,outlay,costs 22gp and it has 1gp,unload,2,,,purse,0.10
2026-09-25,07:12:11,2026-09-25_07-04,Lorcan Ashdown,prowl,"looking for a fight near (1886, 1382, 0)",6,8,0.71,0.38,0.81,0.62,1.00,0.96,1.00,1.00,1.00,1.00,1.00,anybody's work,1.00,1,2,restock,outlay,costs 55gp and it has 53gp,,,dropped,mend,near,0.38
2026-09-25,07:14:23,2026-09-25_07-04,Aric,hunt,after a black bear,239,187,0.98,0.93,1.00,1.00,1.00,1.00,1.00,1.00,1.00,1.00,1.30,its own trade,1.00,1,1,,,,,,,,near,0.93
2026-09-25,07:16:16,2026-09-25_07-04,Rowan Ashdown,order,ordering 20 IronIngot,433,433,1.00,1.00,1.00,1.00,1.00,1.00,1.00,1.00,1.00,1.00,1.00,anybody's work,1.00,6,6,,,,peddle,185,,,none,1.00
2026-09-25,07:18:06,2026-09-25_07-04,Edda,fletch,after 20 Log for arrows,125,103,0.93,1.00,0.69,1.00,1.00,1.00,1.00,1.00,1.00,1.00,1.30,its own trade,1.00,5,5,,,,mine,71,,,new,0.69
2026-09-25,07:20:11,2026-09-25_07-04,Alden,restock,after 1 Pickaxe,169,180,0.94,0.99,0.59,0.99,1.00,1.00,1.00,1.00,1.25,1.00,1.00,anybody's work,1.00,3,4,prowl,expected-nothing,"is expected to pay -12.1/min here, against a claim of 2.0",mine,15,,,new,0.59
2026-09-25,07:22:36,2026-09-25_07-04,Corwin Ashdown,prowl,"looking for a fight near (1480, 1870, 0)",0,1,0.46,0.45,1.00,0.68,1.00,0.10,1.00,1.00,0.70,1.00,1.00,anybody's work,1.00,1,3,restock,outlay,costs 150gp and it has 10gp,,,,,purse,0.10
2026-09-25,07:25:06,2026-09-25_07-04,Corwin Ashdown,prowl,"looking for a fight near (1184, 1376, 0)",2,3,0.59,0.40,0.79,0.61,1.00,0.35,1.00,1.00,1.00,1.00,1.00,anybody's work,1.00,1,2,restock,outlay,costs 150gp and it has 53gp,,,,,purse,0.35
2026-09-25,07:27:43,2026-09-25_07-04,Vance,mine,digging GoldOre (0 swings),12,9,1.06,0.93,0.55,0.88,1.00,1.00,1.00,3.00,1.00,1.00,1.30,its own trade,1.00,2,3,prowl,expected-nothing,"is expected to pay -7.4/min here, against a claim of 2.0",unload,3,,,new,0.55
2026-09-25,07:29:48,2026-09-25_07-04,Emrys,prowl,"looking for a fight near (1453, 1350, 0)",16,20,0.80,0.39,1.00,0.82,1.00,1.00,1.00,1.00,1.00,1.00,1.00,anybody's work,1.00,1,1,,,,,,,,near,0.39
2026-09-25,07:32:16,2026-09-25_07-04,Hale Ashdown,acquire,buying AgilityScroll,3,3,0.80,0.99,0.32,1.00,1.00,1.00,1.00,1.00,1.00,1.00,1.00,anybody's work,1.00,1,2,prowl,expected-nothing,"is expected to pay -3.1/min here, against a claim of 2.0",,,,,new,0.32
2026-09-25,07:35:01,2026-09-25_07-04,Alden,mine,digging ShadowIronOre (0 swings),15,11,1.00,0.96,0.32,0.89,1.00,1.00,1.00,3.00,1.25,1.00,1.30,its own trade,1.00,4,4,,,,restock,10,,,new,0.32
2026-09-25,07:39:33,2026-09-25_07-04,Ilsa,acquire,asking for ChainLightningScroll at 72gp,68,74,0.92,1.00,1.00,1.00,1.00,0.65,1.00,1.00,1.00,1.00,1.00,anybody's work,1.00,3,4,restock,outlay,costs 168gp and it has 109gp,herbs,56,,,purse,0.65
2026-09-25,07:41:54,2026-09-25_07-04,Jorunn,hunt,after a crossbill,110,86,0.98,0.95,1.00,0.96,1.00,1.00,1.00,1.00,1.00,1.00,1.30,its own trade,1.00,7,7,,,,cook,45,,,near,0.95
2026-09-25,07:43:49,2026-09-25_07-04,Emrys,prowl,"looking for a fight near (1871, 1372, 0)",3,4,0.88,0.83,1.00,0.63,1.00,1.00,1.00,1.00,1.00,1.00,1.00,anybody's work,1.00,1,1,,,,,,,,room,0.63
2026-09-25,07:45:53,2026-09-25_07-04,Marek,restock,after 11 SulfurousAsh,12,12,0.99,1.00,1.00,0.96,1.00,1.00,1.00,1.00,1.00,1.00,1.00,anybody's work,1.00,2,3,prowl,expected-nothing,"is expected to pay -16.3/min here, against a claim of 4.2",band,2,,,room,0.96
2026-09-25,07:48:03,2026-09-25_07-04,Vesna,prowl,"looking for a fight near (1827, 1017, 0)",0,0,0.75,0.38,1.00,0.63,1.00,1.00,1.00,1.00,1.00,1.00,1.00,anybody's work,1.00,1,1,,,,,,,,near,0.38
2026-09-25,07:50:35,2026-09-25_07-04,Kerrin,supply,to Delano for 20 Garlic,241,260,0.93,0.69,1.00,1.00,1.00,1.00,1.00,1.00,1.00,1.00,1.00,anybody's work,1.00,5,6,prowl,expected-nothing,"is expected to pay -3.7/min here, against a claim of 4.6",restock,163,,,near,0.69
2026-09-25,07:52:43,2026-09-25_07-04,Ronan,prowl,"looking for a fight near (2004, 948, 0)",2,3,0.81,0.61,1.00,0.58,1.00,1.00,1.00,1.00,1.00,1.00,1.00,anybody's work,1.00,1,1,,,,,,,,room,0.58
2026-09-25,07:54:59,2026-09-25_07-04,Calla Ashdown,restock,after 60 SulfurousAsh,11,12,0.91,0.50,1.00,0.99,1.00,1.00,1.00,1.00,1.25,1.00,1.00,anybody's work,1.00,2,3,prowl,expected-nothing,"is expected to pay -0.6/min here, against a claim of 2.8",unload,5,,,near,0.50
2026-09-25,07:57:11,2026-09-25_07-56,Vance,mine,digging GoldOre (0 swings),160,153,0.81,0.95,0.58,0.88,1.00,1.00,1.00,1.00,0.70,1.00,1.30,its own trade,1.00,3,3,,,,unload,18,,,new,0.58
2026-09-25,07:58:55,2026-09-25_07-56,Alden Ashdown,prowl,"looking for a fight near (1312, 1376, 0)",2,2,0.80,0.85,0.75,0.74,1.00,1.00,1.00,1.00,0.70,1.00,1.00,anybody's work,1.00,1,1,,,,,,,,ground,0.70
2026-09-25,08:01:38,2026-09-25_07-56,Bryn Ashdown,prowl,"looking for a fight near (1226, 1537, 0)",1,1,0.75,0.51,1.00,0.65,1.00,1.00,1.00,1.00,0.70,1.00,1.00,anybody's work,1.00,1,1,,,,,,,,near,0.51
2026-09-25,08:04:10,2026-09-25_07-56,Merrick,mine,digging ShadowIronOre (0 swings),28,28,0.77,0.84,0.38,0.84,1.00,1.00,1.00,1.00,1.00,1.00,1.30,its own trade,1.00,3,3,,,,forage,4,,,new,0.38
2026-09-25,08:06:59,2026-09-25_07-56,Pell,prowl,"looking for a fight near (1762, 1509, 0)",2,2,0.70,0.40,1.00,0.60,1.00,1.00,1.00,1.00,0.70,1.00,1.00,anybody's work,1.00,1,1,,,,,,,,near,0.40
2026-09-25,08:09:26,2026-09-25_07-56,Kestrel,prowl,"looking for a fight near (1237, 1294, 0)",2,3,0.76,0.80,0.83,0.69,1.00,0.55,1.00,1.00,1.00,1.00,1.00,anybody's work,1.00,1,5,reclaim,becalmed,"is 180 tiles off, and a walk of 209 from about here closed nothing 22s ago",,,,,purse,0.55
2026-09-25,08:12:03,2026-09-25_07-56,Quill Ashdown,peddle,taking 18 Iron Ingot to Like,468,548,0.85,0.84,0.58,0.93,1.00,1.00,1.00,1.00,1.00,1.00,1.00,anybody's work,1.00,3,3,,,,restock,11,,,new,0.58
2026-09-25,08:14:36,2026-09-25_07-56,Calla,fletch,fletching (0 arrows in 0 attempts),313,263,0.92,1.00,0.64,1.00,1.00,1.00,1.00,1.00,1.00,1.00,1.30,its own trade,1.00,8,8,,,,peddle,276,,,new,0.64
2026-09-25,08:16:54,2026-09-25_07-56,Maeve Ashdown,mine,digging IronOre (0 swings),91,141,1.08,0.82,1.00,0.85,1.00,1.00,1.00,3.00,0.70,1.00,0.60,another's trade,1.00,2,2,,,,restock,12,,,ground,0.70
2026-09-25,08:18:54,2026-09-25_07-56,Yarrow,peddle,taking 1 Raw Bird to Iman,63,72,0.88,0.56,1.00,0.96,1.00,1.00,1.00,1.00,1.00,1.00,1.00,anybody's work,1.00,2,3,prowl,expected-nothing,"is expected to pay -11.7/min here, against a claim of 2.0",acquire,20,,,near,0.56
2026-09-25,08:20:57,2026-09-25_07-56,Pell,prowl,"looking for a fight near (1274, 1296, 0)",5,7,0.72,0.49,0.87,0.67,1.00,1.00,1.00,1.00,0.70,1.00,1.00,anybody's work,1.00,1,1,,,,,,,,near,0.49
2026-09-25,08:23:15,2026-09-25_07-56,Gerda Ashdown,order,ordering 1 LeatherCap,104,104,1.00,1.00,1.00,1.00,1.00,1.00,1.00,1.00,1.00,1.00,1.00,anybody's work,1.00,2,2,,,,prowl,1,,,none,1.00
2026-09-25,08:24:21,2026-09-25_07-56,Rowan Ashdown,forge,off to a forge to make VikingSword,146,239,0.47,1.00,0.02,1.00,1.00,1.00,1.00,1.00,1.00,1.00,1.30,its own trade,1.00,6,7,restock,outlay,costs 22gp and it has 0gp,peddle,130,,,new,0.02
2026-09-25,08:27:29,2026-09-25_07-56,Lorcan Ashdown,prowl,"looking for a fight near (1477, 986, 0)",1,1,0.53,0.51,0.91,0.89,1.00,0.10,1.00,1.00,1.00,1.00,1.00,anybody's work,1.00,1,2,restock,outlay,costs 66gp and it has 2gp,,,,,purse,0.10
2026-09-25,08:31:39,2026-09-25_07-56,Maeve Ashdown,brew,"brewing (0 attempts, 0 made)",180,138,1.00,1.00,1.00,1.00,1.00,1.00,1.00,1.00,1.00,1.00,1.30,its own trade,1.00,5,5,,,,mine,47,,,none,1.00
2026-09-25,08:34:10,2026-09-25_07-56,Lorcan,prowl,"looking for a fight near (1770, 1281, 0)",1,1,0.78,0.39,1.00,0.73,1.00,1.00,1.00,1.00,1.00,1.00,1.00,anybody's work,1.00,1,1,,,,,,,,near,0.39
2026-09-25,08:36:53,2026-09-25_07-56,Maeve Ashdown,rescue,hitting back at an orcish lord,36,60,1.00,1.00,1.00,0.99,1.00,1.00,1.00,1.00,1.00,1.00,0.60,another's trade,1.00,1,1,,,,,,put down,mine,room,0.99
2026-09-25,08:39:20,2026-09-25_07-56,Yarrow Ashdown,mine,digging DullCopperOre (0 swings),120,134,0.69,0.90,0.95,0.85,1.00,0.30,1.00,1.00,0.70,1.00,1.30,its own trade,1.00,4,5,fletch,outlay,costs 40gp and it has 12gp,cook,112,,,purse,0.30
2026-09-25,08:41:37,2026-09-25_07-56,Fendrel,restock,after 29 SulfurousAsh,11,12,0.95,0.80,1.00,0.95,1.00,1.00,1.00,1.00,1.00,1.00,1.00,anybody's work,1.00,2,2,,,,prowl,1,,,near,0.80
2026-09-25,08:44:00,2026-09-25_07-56,Marek,inscribe,after paper,129,105,0.95,0.94,0.83,1.00,1.00,1.00,1.00,1.00,1.00,1.00,1.30,its own trade,1.00,2,2,,,,restock,11,,,new,0.83
2026-09-25,08:46:35,2026-09-25_08-44,Bryn Ashdown,unload,taking a full pack to the counter,5,8,0.67,0.43,0.76,0.95,1.00,0.43,1.00,1.00,1.00,1.00,1.00,anybody's work,1.00,2,3,restock,outlay,costs 51gp and it has 22gp,prowl,5,,,tie,0.43
2026-09-25,08:49:10,2026-09-25_08-44,Aric Ashdown,prowl,"looking for a fight near (1851, 1352, 0)",11,14,0.80,0.51,1.00,0.63,1.00,1.00,1.00,1.00,1.00,1.00,1.00,anybody's work,1.00,1,1,,,,,,,,near,0.51
2026-09-25,08:52:09,2026-09-25_08-44,Fenna,hunt,after a black bear,74,58,0.98,0.95,1.00,0.98,1.00,1.00,1.00,1.00,1.00,1.00,1.30,its own trade,1.00,1,1,,,,,,,,near,0.95
2026-09-25,08:54:59,2026-09-25_08-44,Fenna,unload,taking a full pack to the counter,11,13,0.84,0.71,0.60,0.97,1.00,1.00,1.00,1.00,1.00,1.00,1.00,anybody's work,1.00,2,2,,,,prowl,2,,,new,0.60
2026-09-25,08:56:55,2026-09-25_08-44,Edda,peddle,taking 11 Short Spear to Gus,244,273,0.90,0.97,0.66,0.90,1.00,1.00,1.00,1.00,1.00,1.00,1.00,anybody's work,1.00,3,5,fletch,expected-nothing,"is expected to pay -7.6/min here, against a claim of 58.6",restock,172,,,new,0.66
2026-09-25,08:59:41,2026-09-25_08-44,Bryn Ashdown,prowl,"looking for a fight near (1824, 1504, 0)",24,31,0.78,0.64,0.56,0.64,1.00,1.00,1.00,1.00,1.25,1.00,1.00,anybody's work,1.00,5,5,,,,cook,23,,,new,0.56
2026-09-25,09:02:25,2026-09-25_08-44,Lorcan,unload,taking a full pack to the counter,3,4,0.86,0.84,0.58,0.99,1.00,1.00,1.00,1.00,1.00,1.00,1.00,anybody's work,1.00,1,2,prowl,expected-nothing,"is expected to pay -1.4/min here, against a claim of 2.3",,,,,new,0.58
2026-09-25,09:05:21,2026-09-25_08-44,Lorcan Ashdown,hunt,after a brown bear,128,81,1.21,0.91,1.00,0.96,1.00,1.00,1.00,3.00,1.00,1.00,1.30,its own trade,1.00,1,2,restock,outlay,costs 63gp and it has 22gp,,,,,near,0.91
2026-09-25,09:08:13,2026-09-25_08-44,Hale Ashdown,rescue,Kestrel is being set upon by a harpy,84,65,1.00,0.98,1.00,1.00,1.00,1.00,1.00,1.00,1.00,1.00,1.30,its own trade,1.00,2,2,,,,mend,16,,,near,0.98
2026-09-25,09:11:41,2026-09-25_08-44,Kestrel,prowl,"looking for a fight near (1752, 1039, 0)",1,1,0.77,0.46,1.00,0.68,1.00,0.86,1.00,1.00,1.00,1.00,1.00,anybody's work,1.00,1,2,restock,outlay,costs 150gp and it has 129gp,,,,,near,0.46
2026-09-25,09:17:10,2026-09-25_08-44,Oswin Ashdown,mine,digging IronOre (0 swings),89,95,0.72,0.90,0.73,0.86,1.00,0.50,1.00,1.00,0.70,1.00,1.30,its own trade,1.00,2,4,sew,outlay,costs 40gp and it has 20gp,fletch,2,,,purse,0.50
2026-09-25,09:22:04,2026-09-25_08-44,Gerda Ashdown,cook,off to a fire to cook Ribs,27,30,0.91,0.64,1.00,0.97,1.00,1.00,1.00,1.00,1.00,1.00,1.00,anybody's work,1.00,4,4,,,,restock,10,,,near,0.64
2026-09-25,09:25:26,2026-09-25_08-44,Marek,restock,after 5 Garlic,8,12,0.67,1.00,0.59,0.99,1.00,0.24,1.00,1.00,1.00,1.00,1.00,anybody's work,1.00,2,3,inscribe,outlay,costs 100gp and it has 24gp,prowl,1,,,purse,0.24
2026-09-25,09:28:36,2026-09-25_08-44,Kestrel,prowl,"looking for a fight near (1262, 1940, 0)",2,4,0.55,0.58,1.00,0.60,1.00,0.15,1.00,1.00,1.00,1.00,1.00,anybody's work,1.00,1,3,restock,outlay,costs 90gp and it has 15gp,,,,,purse,0.15
2026-09-25,09:31:52,2026-09-25_08-44,Jorunn,brew,"brewing (0 attempts, 0 made)",231,283,0.63,1.00,1.00,0.99,1.00,0.10,1.00,1.00,1.00,1.00,1.30,its own trade,1.00,2,4,restock,outlay,costs 90gp and it has 0gp,prowl,2,,,purse,0.10
2026-09-25,09:34:30,2026-09-25_08-44,Isolde Ashdown,prowl,"looking for a fight near (1591, 1488, 35)",2,3,0.77,0.40,1.00,0.66,1.00,1.00,1.00,1.00,1.00,1.00,1.00,anybody's work,1.00,1,1,,,,,,,,near,0.40
2026-09-25,09:37:26,2026-09-25_08-44,Aric Ashdown,prowl,"looking for a fight near (1399, 1489, 10)",20,26,0.76,0.42,1.00,0.60,1.00,1.00,1.00,1.00,1.00,1.00,1.00,anybody's work,1.00,1,1,,,,,,,,near,0.42
2026-09-25,09:40:14,2026-09-25_08-44,Kestrel,peddle,taking 5 Fireball Scroll to Alim,248,251,0.99,0.99,1.00,0.96,1.00,1.00,1.00,1.00,1.00,1.00,1.00,anybody's work,1.00,2,3,restock,outlay,costs 100gp and it has 11gp,prowl,2,,,room,0.96
2026-09-25,09:43:22,2026-09-25_08-44,Aric Ashdown,prowl,"looking for a fight near (1510, 1937, 0)",1,1,0.71,0.38,1.00,0.71,1.00,1.00,1.00,1.00,0.70,1.00,1.00,anybody's work,1.00,1,1,,,,,,,,near,0.38
2026-09-25,09:48:46,2026-09-25_08-44,Hollis Ashdown,hunt,after a boar,190,160,0.91,0.90,1.00,1.00,1.00,1.00,1.00,1.00,0.70,1.00,1.30,its own trade,1.00,1,1,,,,,,,,ground,0.70
2026-09-25,09:53:12,2026-09-25_08-44,Doran Ashdown,rescue,hitting back at a spectre,30,24,0.99,0.98,1.00,0.98,1.00,1.00,1.00,1.00,1.00,1.00,1.30,its own trade,1.00,1,1,,,,,,,,tie,0.98
2026-09-25,09:56:40,2026-09-25_08-44,Emrys,hunt,after Etckuki,114,89,0.99,0.99,1.00,0.95,1.00,1.00,1.00,1.00,1.00,1.00,1.30,its own trade,1.00,1,1,,,,,,,,room,0.95
2026-09-25,09:59:48,2026-09-25_08-44,Kerrin,mine,digging ShadowIronOre (0 swings),81,67,0.93,0.84,0.92,0.90,1.00,1.00,1.00,1.00,1.00,1.00,1.30,its own trade,1.00,3,3,,,,restock,12,,,near,0.84
2026-09-25,10:02:53,2026-09-25_08-44,Ilsa,prowl,"looking for a fight near (1519, 1286, 0)",279,405,0.69,0.42,0.83,0.62,1.00,1.00,1.00,1.00,0.70,1.00,1.00,anybody's work,1.00,3,3,,,,brew,132,,,near,0.42
2026-09-25,10:05:53,2026-09-25_08-44,Garrow,prowl,"looking for a fight near (1206, 1472, 0)",1,2,0.70,0.42,0.95,0.61,1.00,1.00,1.00,1.00,0.70,1.00,1.00,anybody's work,1.00,1,1,,,,,,,,near,0.42
2026-09-25,10:08:54,2026-09-25_08-44,Jorunn,restock,after 2 LesserHealPotion,11,12,0.94,1.00,0.74,0.99,1.00,1.00,1.00,1.00,1.00,1.00,1.00,anybody's work,1.00,1,1,,,,,,,,new,0.74
2026-09-25,10:12:01,2026-09-25_08-44,Isolde,stake,"holding the square at 1455,1395 for The Crown",166,200,0.83,0.60,1.00,0.93,1.00,1.00,1.00,1.00,0.70,1.00,1.00,anybody's work,1.00,1,1,,,,,,,,near,0.60
2026-09-25,10:15:04,2026-09-25_08-44,Aric,prowl,"looking for a fight near (864, 1824, 0)",2,3,0.76,0.40,0.81,0.81,1.00,1.00,1.00,1.00,1.00,1.00,1.00,anybody's work,1.00,1,1,,,,,,,,near,0.40
2026-09-25,10:18:29,2026-09-25_08-44,Doran Ashdown,prowl,"looking for a fight near (1844, 1073, 0)",9,11,0.81,0.42,0.90,0.93,1.00,1.00,1.00,1.00,1.00,1.00,1.00,anybody's work,1.00,2,2,,,,band,2,,,near,0.42
2026-09-25,10:19:14,2026-09-25_08-44,Edda,forge,off to a forge to make WarFork,145,275,0.40,1.00,0.01,1.00,1.00,1.00,1.00,1.00,1.00,1.00,1.30,its own trade,1.00,4,5,prowl,expected-nothing,"is expected to pay -11.8/min here, against a claim of 5.2",mine,42,,,new,0.01
2026-09-25,10:19:58,2026-09-25_08-44,Edda,forge,off to a forge to make WarFork,129,275,0.36,1.00,0.01,1.00,1.00,1.00,1.00,1.00,1.00,1.00,1.30,its own trade,1.00,4,5,prowl,expected-nothing,"is expected to pay -12.7/min here, against a claim of 2.5",mine,70,,,new,0.01
2026-09-25,10:20:42,2026-09-25_08-44,Edda,forge,off to a forge to make WarFork,121,275,0.34,1.00,0.00,1.00,1.00,1.00,1.00,1.00,1.00,1.00,1.30,its own trade,1.00,4,5,prowl,expected-nothing,"is expected to pay -12.9/min here, against a claim of 2.0",mine,69,,,new,0.00
2026-09-25,10:23:10,2026-09-25_08-44,Doran Ashdown,prowl,"looking for a fight near (1880, 1316, 0)",4,5,0.80,0.43,1.00,0.76,1.00,1.00,1.00,1.00,1.00,1.00,1.00,anybody's work,1.00,1,1,,,,,,,,near,0.43
2026-09-25,10:26:18,2026-09-25_08-44,Perri Ashdown,unload,taking a full pack to the counter,5,5,0.94,0.80,0.93,1.00,1.00,1.00,1.00,1.00,1.00,1.00,1.00,anybody's work,1.00,1,2,prowl,expected-nothing,"is expected to pay -10.1/min here, against a claim of 2.2",,,,,near,0.80
2026-09-25,10:27:13,2026-09-25_08-44,Edda,forge,off to a forge to make WarFork,118,275,0.33,1.00,0.00,0.97,1.00,1.00,1.00,1.00,1.00,1.00,1.30,its own trade,1.00,4,5,prowl,expected-nothing,"is expected to pay -10.2/min here, against a claim of 2.0",mine,49,,,new,0.00
2026-09-25,10:27:51,2026-09-25_08-44,Edda,forge,off to a forge to make WarFork,130,315,0.32,1.00,0.00,0.98,1.00,1.00,1.00,1.00,1.00,1.00,1.30,its own trade,1.00,4,5,prowl,expected-nothing,"is expected to pay -5.8/min here, against a claim of 15.2",mine,73,,,new,0.00
2026-09-25,10:28:31,2026-09-25_08-44,Edda,forge,off to a forge to make WarFork,126,315,0.31,1.00,0.00,1.00,1.00,1.00,1.00,1.00,1.00,1.00,1.30,its own trade,1.00,4,5,prowl,expected-nothing,"is expected to pay -10.2/min here, against a claim of 2.0",mine,111,,,new,0.00
2026-09-25,10:30:14,2026-09-25_08-44,Bertram,prowl,"looking for a fight near (1761, 1114, 0)",7,9,0.80,0.45,1.00,0.74,1.00,1.00,1.00,1.00,1.00,1.00,1.00,anybody's work,1.00,2,2,,,,unload,3,,,near,0.45
2026-09-25,10:31:16,2026-09-25_08-44,Edda,forge,off to a forge to make WarFork,122,315,0.30,1.00,0.00,1.00,1.00,1.00,1.00,1.00,1.00,1.00,1.30,its own trade,1.00,5,5,,,,mine,62,,,new,0.00
2026-09-25,10:33:22,2026-09-25_08-44,Edda,forge,off to a forge to make WarFork,248,315,0.61,1.00,0.08,0.99,1.00,1.00,1.00,1.00,1.00,1.00,1.30,its own trade,1.00,4,4,,,,mine,80,,,new,0.08
2026-09-25,10:34:02,2026-09-25_08-44,Edda,forge,off to a forge to make WarFork,171,315,0.42,1.00,0.01,0.99,1.00,1.00,1.00,1.00,1.00,1.00,1.30,its own trade,1.00,4,4,,,,mine,75,,,new,0.01
2026-09-25,10:34:40,2026-09-25_08-44,Edda,forge,off to a forge to make WarFork,153,315,0.37,1.00,0.01,1.00,1.00,1.00,1.00,1.00,1.00,1.00,1.30,its own trade,1.00,4,4,,,,mine,63,,,new,0.01
2026-09-25,10:35:22,2026-09-25_08-44,Edda,forge,off to a forge to make WarFork,141,315,0.35,1.00,0.00,1.00,1.00,1.00,1.00,1.00,1.00,1.00,1.30,its own trade,1.00,3,3,,,,mine,61,,,new,0.00
2026-09-25,10:36:01,2026-09-25_08-44,Edda,forge,off to a forge to make WarFork,134,315,0.33,1.00,0.00,1.00,1.00,1.00,1.00,1.00,1.00,1.00,1.30,its own trade,1.00,4,4,,,,mine,61,,,new,0.00
2026-09-25,10:36:42,2026-09-25_08-44,Edda,forge,off to a forge to make WarFork,129,315,0.31,1.00,0.00,0.99,1.00,1.00,1.00,1.00,1.00,1.00,1.30,its own trade,1.00,4,4,,,,mine,65,,,new,0.00
2026-09-25,10:37:22,2026-09-25_08-44,Faron Ashdown,prowl,"looking for a fight near (1888, 1504, 0)",2,3,0.78,0.40,1.00,0.71,1.00,1.00,1.00,1.00,1.00,1.00,1.00,anybody's work,1.00,1,1,,,,,,,,near,0.40
2026-09-25,10:38:05,2026-09-25_08-44,Edda,forge,off to a forge to make WarFork,138,358,0.30,1.00,0.00,1.00,1.00,1.00,1.00,1.00,1.00,1.00,1.30,its own trade,1.00,4,4,,,,mine,61,,,new,0.00
2026-09-25,10:38:45,2026-09-25_08-44,Delwyn,rescue,hitting back at a reaper,20,16,1.00,1.00,1.00,1.00,1.00,1.00,1.00,1.00,1.00,1.00,1.30,its own trade,1.00,1,1,,,,,,met,prowl,none,1.00
2026-09-25,10:39:26,2026-09-25_08-44,Edda,forge,off to a forge to make WarFork,132,358,0.28,1.00,0.00,0.99,1.00,1.00,1.00,1.00,1.00,1.00,1.30,its own trade,1.00,5,5,,,,mine,66,,,new,0.00
2026-09-25,10:40:06,2026-09-25_08-44,Edda,forge,off to a forge to make WarFork,129,358,0.28,1.00,0.00,0.99,1.00,1.00,1.00,1.00,1.00,1.00,1.30,its own trade,1.00,6,6,,,,mine,63,,,new,0.00
2026-09-25,10:40:48,2026-09-25_08-44,Edda,forge,off to a forge to make WarFork,128,358,0.27,1.00,0.00,1.00,1.00,1.00,1.00,1.00,1.00,1.00,1.30,its own trade,1.00,5,6,unload,expected-nothing,"is expected to pay -16.5/min here, against a claim of 7.5",mine,73,,,new,0.00
2026-09-25,10:41:28,2026-09-25_08-44,Edda,forge,off to a forge to make WarFork,126,358,0.27,1.00,0.00,1.00,1.00,1.00,1.00,1.00,1.00,1.00,1.30,its own trade,1.00,5,6,unload,expected-nothing,"is expected to pay -7.2/min here, against a claim of 7.5",mine,61,,,new,0.00
2026-09-25,10:42:09,2026-09-25_08-44,Faron Ashdown,peddle,taking 1 Strength Potion to Delano,103,116,0.88,0.79,0.77,0.89,1.00,1.00,1.00,1.00,1.00,1.00,1.00,anybody's work,1.00,3,3,,,,forage,2,,,new,0.77
2026-09-25,10:42:50,2026-09-25_08-44,Aric,rescue,Talia is being set upon by a troll,12,9,0.99,0.94,1.00,1.00,1.00,1.00,1.00,1.00,1.00,1.00,1.30,its own trade,1.00,2,2,,,,prowl,2,,,near,0.94
2026-09-25,10:45:38,2026-09-25_08-44,Kestrel,inscribe,after paper,134,119,0.86,1.00,0.50,0.97,1.00,1.00,1.00,1.00,1.00,1.00,1.30,its own trade,1.00,4,4,,,,peddle,74,,,new,0.50
2026-09-25,10:51:28,2026-09-25_08-44,Vance,peddle,taking 13 Iron Ingot to Like,683,879,0.78,0.84,0.36,0.93,1.00,1.00,1.00,1.00,1.00,1.00,1.00,anybody's work,1.00,4,4,,,,herbs,44,,,new,0.36
2026-09-25,10:52:42,2026-09-25_08-44,Edda,forge,off to a forge to make WarFork,150,410,0.28,1.00,0.00,1.00,1.00,1.00,1.00,1.00,1.00,1.00,1.30,its own trade,1.00,5,5,,,,mine,20,,,new,0.00
2026-09-25,10:53:24,2026-09-25_08-44,Isolde Ashdown,prowl,"looking for a fight near (940, 1721, 0)",1,1,0.78,0.38,1.00,0.78,1.00,1.00,1.00,1.00,1.00,1.00,1.00,anybody's work,1.00,1,1,,,,,,,,near,0.38
2026-09-25,10:54:06,2026-09-25_08-44,Edda,forge,off to a forge to make WarFork,146,411,0.27,1.00,0.00,1.00,1.00,1.00,1.00,1.00,1.00,1.00,1.30,its own trade,1.00,4,4,,,,mine,21,,,new,0.00
2026-09-25,10:54:49,2026-09-25_08-44,Edda,forge,off to a forge to make WarFork,143,410,0.27,1.00,0.00,1.00,1.00,1.00,1.00,1.00,1.00,1.00,1.30,its own trade,1.00,5,5,,,,mine,21,,,new,0.00
2026-09-25,10:55:30,2026-09-25_08-44,Edda,forge,off to a forge to make WarFork,141,410,0.27,1.00,0.00,1.00,1.00,1.00,1.00,1.00,1.00,1.00,1.30,its own trade,1.00,5,5,,,,mine,20,,,new,0.00
2026-09-25,10:56:15,2026-09-25_08-44,Edda,forge,off to a forge to make WarFork,140,410,0.26,1.00,0.00,1.00,1.00,1.00,1.00,1.00,1.00,1.00,1.30,its own trade,1.00,4,4,,,,mine,20,,,new,0.00
2026-09-25,10:56:55,2026-09-25_08-44,Aric,prowl,"looking for a fight near (1754, 1002, 0)",1,2,0.80,0.41,1.00,0.78,1.00,1.00,1.00,1.00,1.00,1.00,1.00,anybody's work,1.00,1,1,,,,,,,,near,0.41
2026-09-25,10:57:35,2026-09-25_08-44,Edda,forge,off to a forge to make WarFork,137,410,0.26,1.00,0.00,1.00,1.00,1.00,1.00,1.00,1.00,1.00,1.30,its own trade,1.00,5,5,,,,mine,69,,,new,0.00
2026-09-25,10:58:17,2026-09-25_08-44,Edda,forge,off to a forge to make WarFork,136,410,0.25,1.00,0.00,1.00,1.00,1.00,1.00,1.00,1.00,1.00,1.30,its own trade,1.00,5,5,,,,mine,70,,,new,0.00
2026-09-25,10:58:59,2026-09-25_08-44,Edda,forge,off to a forge to make WarFork,154,469,0.25,1.00,0.00,1.00,1.00,1.00,1.00,1.00,1.00,1.00,1.30,its own trade,1.00,5,5,,,,mine,59,,,new,0.00
2026-09-25,10:59:43,2026-09-25_08-44,Edda,forge,off to a forge to make WarFork,153,469,0.25,1.00,0.00,1.00,1.00,1.00,1.00,1.00,1.00,1.00,1.30,its own trade,1.00,4,5,prowl,expected-nothing,"is expected to pay -4.4/min here, against a claim of 13.4",mine,69,,,new,0.00
2026-09-25,11:00:26,2026-09-25_08-44,Ilsa,restock,after 5 BlackPearl,7,12,0.58,1.00,0.22,0.97,1.00,0.31,1.00,1.00,1.00,1.00,1.00,anybody's work,1.00,2,3,inscribe,outlay,costs 100gp and it has 31gp,prowl,1,,,new,0.22
2026-09-25,11:01:08,2026-09-25_08-44,Edda,forge,off to a forge to make WarFork,150,469,0.25,1.00,0.00,0.99,1.00,1.00,1.00,1.00,1.00,1.00,1.30,its own trade,1.00,4,5,prowl,expected-nothing,"is expected to pay -8.2/min here, against a claim of 2.0",mine,65,,,new,0.00
2026-09-25,11:01:51,2026-09-25_08-44,Edda,forge,off to a forge to make WarFork,147,460,0.25,1.00,0.00,1.00,1.00,1.00,1.00,1.00,1.00,1.00,1.30,its own trade,1.00,5,5,,,,mine,60,,,new,0.00
2026-09-25,11:02:35,2026-09-25_08-44,Edda,forge,off to a forge to make WarFork,149,469,0.24,1.00,0.00,1.00,1.00,1.00,1.00,1.00,1.00,1.00,1.30,its own trade,1.00,5,5,,,,mine,71,,,new,0.00
2026-09-25,11:03:20,2026-09-25_08-44,Edda,forge,off to a forge to make WarFork,148,469,0.24,1.00,0.00,1.00,1.00,1.00,1.00,1.00,1.00,1.00,1.30,its own trade,1.00,5,5,,,,mine,67,,,new,0.00
2026-09-25,11:04:00,2026-09-25_08-44,Edda,forge,off to a forge to make WarFork,147,469,0.24,1.00,0.00,1.00,1.00,1.00,1.00,1.00,1.00,1.00,1.30,its own trade,1.00,5,5,,,,mine,78,,,new,0.00
2026-09-25,11:04:39,2026-09-25_08-44,Edda,forge,off to a forge to make WarFork,146,469,0.24,1.00,0.00,1.00,1.00,1.00,1.00,1.00,1.00,1.00,1.30,its own trade,1.00,5,5,,,,mine,62,,,new,0.00
2026-09-25,11:05:19,2026-09-25_08-44,Edda,forge,off to a forge to make WarFork,146,469,0.24,1.00,0.00,1.00,1.00,1.00,1.00,1.00,1.00,1.00,1.30,its own trade,1.00,4,5,prowl,expected-nothing,"is expected to pay -7.5/min here, against a claim of 4.3",mine,73,,,new,0.00
2026-09-25,11:05:59,2026-09-25_08-44,Perri,mine,digging BronzeOre (0 swings),48,48,0.78,0.85,0.38,0.91,1.00,1.00,1.00,1.00,1.00,1.00,1.30,its own trade,1.00,2,2,,,,unload,0,,,new,0.38
2026-09-25,11:06:41,2026-09-25_08-44,Edda,forge,off to a forge to make WarFork,145,469,0.24,1.00,0.00,1.00,1.00,1.00,1.00,1.00,1.00,1.00,1.30,its own trade,1.00,5,5,,,,mine,69,,,new,0.00
2026-09-25,11:07:21,2026-09-25_08-44,Edda,forge,off to a forge to make WarFork,144,469,0.24,1.00,0.00,1.00,1.00,1.00,1.00,1.00,1.00,1.00,1.30,its own trade,1.00,5,5,,,,mine,60,,,new,0.00
2026-09-25,11:08:01,2026-09-25_08-44,Edda,forge,off to a forge to make WarFork,143,469,0.24,1.00,0.00,1.00,1.00,1.00,1.00,1.00,1.00,1.00,1.30,its own trade,1.00,6,6,,,,cook,62,,,new,0.00
2026-09-25,11:08:42,2026-09-25_08-44,Edda,forge,off to a forge to make WarFork,163,536,0.23,1.00,0.00,1.00,1.00,1.00,1.00,1.00,1.00,1.00,1.30,its own trade,1.00,5,6,prowl,expected-nothing,"is expected to pay -20.7/min here, against a claim of 6.6",mine,63,,,new,0.00
2026-09-25,11:09:25,2026-09-25_08-44,Edda,forge,off to a forge to make WarFork,163,536,0.23,1.00,0.00,1.00,1.00,1.00,1.00,1.00,1.00,1.00,1.30,its own trade,1.00,6,6,,,,cook,66,,,new,0.00
2026-09-25,11:10:06,2026-09-25_08-44,Edda,forge,off to a forge to make WarFork,162,536,0.23,1.00,0.00,1.00,1.00,1.00,1.00,1.00,1.00,1.00,1.30,its own trade,1.00,5,6,prowl,expected-nothing,"is expected to pay -1.2/min here, against a claim of 17.3",mine,72,,,new,0.00
2026-09-25,11:10:47,2026-09-25_08-44,Corwin Ashdown,inscribe,after paper,387,322,0.92,0.74,1.00,1.00,1.00,0.91,1.00,1.00,1.00,1.00,1.30,its own trade,1.00,2,3,acquire,outlay,costs 284gp and it has 258gp,restock,12,,,near,0.74
2026-09-25,11:11:28,2026-09-25_08-44,Edda,forge,off to a forge to make WarFork,290,536,0.42,0.93,0.01,1.00,1.00,1.00,1.00,1.00,1.00,1.00,1.30,its own trade,1.00,6,6,,,,cook,60,,,new,0.01
2026-09-25,11:12:08,2026-09-25_08-44,Edda,forge,off to a forge to make WarFork,257,536,0.37,0.93,0.01,1.00,1.00,1.00,1.00,1.00,1.00,1.00,1.30,its own trade,1.00,6,6,,,,mine,71,,,new,0.01
2026-09-25,11:12:50,2026-09-25_08-44,Hollis Ashdown,unload,taking a full pack to the counter,15,18,0.88,0.54,1.00,0.97,1.00,1.00,1.00,1.00,1.00,1.00,1.00,anybody's work,1.00,3,3,,,,prowl,3,,,near,0.54
2026-09-25,11:13:32,2026-09-25_08-44,Edda,forge,off to a forge to make WarFork,164,537,0.24,1.00,0.00,1.00,1.00,1.00,1.00,1.00,1.00,1.00,1.30,its own trade,1.00,6,6,,,,mine,64,,,new,0.00
2026-09-25,11:14:13,2026-09-25_08-44,Edda,forge,off to a forge to make WarFork,164,536,0.23,1.00,0.00,1.00,1.00,1.00,1.00,1.00,1.00,1.00,1.30,its own trade,1.00,6,6,,,,mine,71,,,new,0.00
2026-09-25,11:14:55,2026-09-25_08-44,Isolde Ashdown,cook,off to a fire to cook Ribs,51,55,0.93,0.71,1.00,1.00,1.00,1.00,1.00,1.00,1.00,1.00,1.00,anybody's work,1.00,2,2,,,,unload,4,,,near,0.71
2026-09-25,11:15:39,2026-09-25_08-44,Edda,forge,off to a forge to make WarFork,162,536,0.23,1.00,0.00,1.00,1.00,1.00,1.00,1.00,1.00,1.00,1.30,its own trade,1.00,6,6,,,,mine,65,,,new,0.00
2026-09-25,11:16:22,2026-09-25_08-44,Edda,forge,off to a forge to make WarFork,161,536,0.23,1.00,0.00,0.99,1.00,1.00,1.00,1.00,1.00,1.00,1.30,its own trade,1.00,6,6,,,,mine,72,,,new,0.00
2026-09-25,11:17:06,2026-09-25_08-44,Edda,forge,off to a forge to make WarFork,161,536,0.23,1.00,0.00,1.00,1.00,1.00,1.00,1.00,1.00,1.00,1.30,its own trade,1.00,5,6,prowl,expected-nothing,"is expected to pay -0.1/min here, against a claim of 2.0",mine,64,,,new,0.00
2026-09-25,11:17:52,2026-09-25_08-44,Vance Ashdown,restock,after 17 BlackPearl,9,12,0.77,0.40,0.73,1.00,1.00,0.94,1.00,1.00,1.00,1.00,1.00,anybody's work,1.00,1,2,acquire,outlay,costs 284gp and it has 268gp,,,,,near,0.40
2026-09-25,11:18:39,2026-09-25_08-44,Edda,forge,off to a forge to make WarFork,184,615,0.23,1.00,0.00,1.00,1.00,1.00,1.00,1.00,1.00,1.00,1.30,its own trade,1.00,6,6,,,,mine,60,,,new,0.00
2026-09-25,11:19:25,2026-09-25_08-44,Edda,forge,off to a forge to make WarFork,183,615,0.23,1.00,0.00,0.99,1.00,1.00,1.00,1.00,1.00,1.00,1.30,its own trade,1.00,6,6,,,,mine,71,,,new,0.00
2026-09-25,11:20:12,2026-09-25_08-44,Edda,forge,off to a forge to make WarFork,183,615,0.23,1.00,0.00,0.99,1.00,1.00,1.00,1.00,1.00,1.00,1.30,its own trade,1.00,6,6,,,,mine,71,,,new,0.00
2026-09-25,11:20:59,2026-09-25_08-44,Edda,forge,off to a forge to make WarFork,288,615,0.36,0.93,0.01,1.00,1.00,1.00,1.00,1.00,1.00,1.00,1.30,its own trade,1.00,6,6,,,,mine,74,,,new,0.01
2026-09-25,11:21:44,2026-09-25_08-44,Edda,forge,off to a forge to make WarFork,267,615,0.33,0.93,0.00,1.00,1.00,1.00,1.00,1.00,1.00,1.00,1.30,its own trade,1.00,6,6,,,,mine,65,,,new,0.00
2026-09-25,11:22:28,2026-09-25_08-44,Edda,forge,off to a forge to make WarFork,253,615,0.32,0.93,0.00,0.99,1.00,1.00,1.00,1.00,1.00,1.00,1.30,its own trade,1.00,6,6,,,,cook,45,,,new,0.00
2026-09-25,11:23:11,2026-09-25_08-44,Rowan Ashdown,mine,digging CopperOre (0 swings),106,95,0.86,0.88,0.56,0.93,1.00,1.00,1.00,1.00,1.00,1.00,1.30,its own trade,1.00,2,3,prowl,expected-nothing,"is expected to pay -19.2/min here, against a claim of 42.4",restock,11,,,new,0.56
2026-09-25,11:23:54,2026-09-25_08-44,Edda,forge,off to a forge to make WarFork,185,615,0.23,1.00,0.00,1.00,1.00,1.00,1.00,1.00,1.00,1.00,1.30,its own trade,1.00,6,6,,,,mine,58,,,new,0.00
2026-09-25,11:24:36,2026-09-25_08-44,Edda,forge,off to a forge to make WarFork,185,615,0.23,1.00,0.00,1.00,1.00,1.00,1.00,1.00,1.00,1.00,1.30,its own trade,1.00,6,6,,,,mine,69,,,new,0.00
2026-09-25,11:25:16,2026-09-25_08-44,Yarrow,rescue,Delwyn is being set upon by Dugarod,16,12,0.98,0.94,1.00,0.99,1.00,1.00,1.00,1.00,1.00,1.00,1.30,its own trade,1.00,2,3,band,expected-nothing,"is expected to pay -1.8/min here, against a claim of 7.5",prowl,6,,,near,0.94
2026-09-25,11:25:57,2026-09-25_08-44,Edda,forge,off to a forge to make WarFork,184,615,0.23,1.00,0.00,1.00,1.00,1.00,1.00,1.00,1.00,1.00,1.30,its own trade,1.00,6,6,,,,mine,71,,,new,0.00
2026-09-25,11:26:39,2026-09-25_08-44,Edda,forge,off to a forge to make WarFork,183,615,0.23,1.00,0.00,0.99,1.00,1.00,1.00,1.00,1.00,1.00,1.30,its own trade,1.00,6,6,,,,mine,71,,,new,0.00
2026-09-25,11:27:20,2026-09-25_08-44,Edda,forge,off to a forge to make WarFork,183,615,0.23,1.00,0.00,1.00,1.00,1.00,1.00,1.00,1.00,1.00,1.30,its own trade,1.00,6,6,,,,mine,65,,,new,0.00
2026-09-25,11:28:01,2026-09-25_08-44,Wynn,prowl,"looking for a fight near (1237, 1518, 0)",2,2,0.84,0.81,1.00,0.73,1.00,1.00,1.00,1.00,0.70,1.00,1.00,anybody's work,1.00,1,1,,,,,,,,ground,0.70
2026-09-25,11:28:43,2026-09-25_08-44,Edda,forge,off to a forge to make WarFork,209,706,0.23,1.00,0.00,1.00,1.00,1.00,1.00,1.00,1.00,1.00,1.30,its own trade,1.00,6,6,,,,mine,67,,,new,0.00
2026-09-25,11:29:25,2026-09-25_08-44,Edda,forge,off to a forge to make WarFork,207,706,0.23,1.00,0.00,0.97,1.00,1.00,1.00,1.00,1.00,1.00,1.30,its own trade,1.00,6,6,,,,mine,73,,,new,0.00
2026-09-25,11:30:06,2026-09-25_08-44,Edda,forge,off to a forge to make WarFork,207,706,0.23,1.00,0.00,0.99,1.00,1.00,1.00,1.00,1.00,1.00,1.30,its own trade,1.00,6,6,,,,mine,73,,,new,0.00
2026-09-25,11:30:49,2026-09-25_08-44,Edda,forge,off to a forge to make WarFork,307,706,0.33,0.93,0.00,1.00,1.00,1.00,1.00,1.00,1.00,1.00,1.30,its own trade,1.00,6,6,,,,mine,75,,,new,0.00
2026-09-25,11:31:31,2026-09-25_08-44,Edda,forge,off to a forge to make WarFork,293,706,0.32,0.93,0.00,1.00,1.00,1.00,1.00,1.00,1.00,1.00,1.30,its own trade,1.00,5,6,prowl,expected-nothing,"is expected to pay -5.3/min here, against a claim of 5.1",mine,72,,,new,0.00
2026-09-25,11:32:13,2026-09-25_08-44,Edda,forge,off to a forge to make WarFork,282,706,0.31,0.93,0.00,1.00,1.00,1.00,1.00,1.00,1.00,1.00,1.30,its own trade,1.00,6,6,,,,mine,77,,,new,0.00
2026-09-25,11:32:54,2026-09-25_08-44,Edda,forge,off to a forge to make WarFork,211,706,0.23,1.00,0.00,1.00,1.00,1.00,1.00,1.00,1.00,1.00,1.30,its own trade,1.00,6,6,,,,mine,75,,,new,0.00
2026-09-25,11:33:36,2026-09-25_08-44,Orin Ashdown,prowl,"looking for a fight near (1275, 1420, 0)",3,4,0.74,0.47,1.00,0.66,1.00,1.00,1.00,1.00,0.70,1.00,1.00,anybody's work,1.00,1,1,,,,,,,,near,0.47
2026-09-25,11:34:19,2026-09-25_08-44,Orin Ashdown,prowl,"looking for a fight near (1434, 1261, 0)",1,2,0.88,0.67,1.00,0.63,1.00,1.00,1.00,1.00,1.25,1.00,1.00,anybody's work,1.00,1,1,,,,,,,,room,0.63
2026-09-25,11:35:01,2026-09-25_08-44,Edda,forge,off to a forge to make WarFork,210,706,0.23,1.00,0.00,1.00,1.00,1.00,1.00,1.00,1.00,1.00,1.30,its own trade,1.00,5,6,prowl,expected-nothing,"is expected to pay -27.9/min here, against a claim of 2.8",mine,73,,,new,0.00
2026-09-25,11:35:44,2026-09-25_08-44,Edda,forge,off to a forge to make WarFork,209,706,0.23,1.00,0.00,1.00,1.00,1.00,1.00,1.00,1.00,1.00,1.30,its own trade,1.00,6,6,,,,mine,63,,,new,0.00
2026-09-25,11:36:24,2026-09-25_08-44,Edda,forge,off to a forge to make WarFork,209,706,0.23,1.00,0.00,1.00,1.00,1.00,1.00,1.00,1.00,1.00,1.30,its own trade,1.00,6,6,,,,cook,55,,,new,0.00
2026-09-25,11:37:07,2026-09-25_08-44,Talia,unload,taking a full pack to the counter,11,13,0.86,0.55,0.85,1.00,1.00,1.00,1.00,1.00,1.00,1.00,1.00,anybody's work,1.00,3,3,,,,glean,9,,,near,0.55
2026-09-25,11:37:47,2026-09-25_08-44,Edda,forge,off to a forge to make WarFork,208,706,0.23,1.00,0.00,1.00,1.00,1.00,1.00,1.00,1.00,1.00,1.30,its own trade,1.00,6,6,,,,mine,72,,,new,0.00
2026-09-25,11:38:29,2026-09-25_08-44,Edda,forge,off to a forge to make WarFork,237,809,0.23,1.00,0.00,0.99,1.00,1.00,1.00,1.00,1.00,1.00,1.30,its own trade,1.00,6,6,,,,mine,61,,,new,0.00
2026-09-25,11:39:09,2026-09-25_08-44,Isolde Ashdown,restock,after 83 Arrow,10,12,0.80,0.33,1.00,0.99,1.00,1.00,1.00,1.00,1.00,1.00,1.00,anybody's work,1.00,2,2,,,,prowl,5,,,near,0.33
2026-09-25,11:39:52,2026-09-25_08-44,Edda,forge,off to a forge to make WarFork,237,809,0.23,1.00,0.00,1.00,1.00,1.00,1.00,1.00,1.00,1.00,1.30,its own trade,1.00,6,6,,,,cook,50,,,new,0.00
2026-09-25,11:40:38,2026-09-25_08-44,Edda,forge,off to a forge to make WarFork,237,809,0.22,1.00,0.00,1.00,1.00,1.00,1.00,1.00,1.00,1.00,1.30,its own trade,1.00,6,6,,,,cook,50,,,new,0.00
2026-09-25,11:41:21,2026-09-25_08-44,Edda,forge,off to a forge to make WarFork,328,809,0.31,0.93,0.00,1.00,1.00,1.00,1.00,1.00,1.00,1.00,1.30,its own trade,1.00,6,6,,,,cook,49,,,new,0.00
2026-09-25,11:42:05,2026-09-25_08-44,Edda,forge,off to a forge to make WarFork,316,809,0.30,0.93,0.00,0.99,1.00,1.00,1.00,1.00,1.00,1.00,1.30,its own trade,1.00,6,6,,,,cook,48,,,new,0.00
2026-09-25,11:42:48,2026-09-25_08-44,Edda,forge,off to a forge to make WarFork,308,809,0.29,0.93,0.00,1.00,1.00,1.00,1.00,1.00,1.00,1.00,1.30,its own trade,1.00,6,6,,,,cook,44,,,new,0.00
2026-09-25,11:43:31,2026-09-25_08-44,Nessa Ashdown,prowl,"looking for a fight near (992, 1952, 0)",40,51,0.79,0.39,1.00,0.77,1.00,1.00,1.00,1.00,1.00,1.00,1.00,anybody's work,1.00,5,5,,,,cook,40,,,near,0.39
2026-09-25,11:44:11,2026-09-25_08-44,Edda,forge,off to a forge to make WarFork,240,809,0.23,1.00,0.00,1.00,1.00,1.00,1.00,1.00,1.00,1.00,1.30,its own trade,1.00,6,6,,,,mine,60,,,new,0.00
2026-09-25,11:44:54,2026-09-25_08-44,Edda,forge,off to a forge to make WarFork,239,809,0.23,1.00,0.00,1.00,1.00,1.00,1.00,1.00,1.00,1.00,1.30,its own trade,1.00,6,6,,,,mine,65,,,new,0.00
2026-09-25,11:45:39,2026-09-25_08-44,Edda,forge,off to a forge to make WarFork,238,809,0.23,1.00,0.00,0.98,1.00,1.00,1.00,1.00,1.00,1.00,1.30,its own trade,1.00,6,6,,,,mine,72,,,new,0.00
2026-09-25,11:46:27,2026-09-25_08-44,Edda,forge,off to a forge to make WarFork,239,809,0.23,1.00,0.00,1.00,1.00,1.00,1.00,1.00,1.00,1.00,1.30,its own trade,1.00,7,7,,,,mine,77,,,new,0.00
2026-09-25,11:47:11,2026-09-25_08-44,Edda,forge,off to a forge to make WarFork,238,809,0.23,1.00,0.00,1.00,1.00,1.00,1.00,1.00,1.00,1.00,1.30,its own trade,1.00,6,6,,,,mine,74,,,new,0.00
2026-09-25,11:47:59,2026-09-25_08-44,Edda,forge,off to a forge to make WarFork,238,809,0.23,1.00,0.00,1.00,1.00,1.00,1.00,1.00,1.00,1.00,1.30,its own trade,1.00,6,6,,,,mine,72,,,new,0.00
2026-09-25,11:53:51,2026-09-25_08-44,Kerrin,hunt,after a zombie,110,86,0.98,0.94,1.00,0.97,1.00,1.00,1.00,1.00,1.00,1.00,1.30,its own trade,1.00,4,4,,,,mine,103,,,near,0.94
2026-09-25,11:57:40,2026-09-25_08-44,Otho,restock,after 5 Ginseng,8,12,0.68,1.00,1.00,0.97,1.00,0.15,1.00,1.00,1.00,1.00,1.00,anybody's work,1.00,1,3,brew,outlay,costs 100gp and it has 15gp,,,,,purse,0.15
2026-09-25,12:01:34,2026-09-25_08-44,Faron Ashdown,prowl,"looking for a fight near (1468, 1262, 0)",40,48,0.85,0.62,0.85,0.83,1.00,1.00,1.00,1.00,1.00,1.00,1.00,anybody's work,1.00,1,1,,,,,,,,near,0.62
2026-09-25,12:04:53,2026-09-25_08-44,Yarrow,hunt,after a pig,128,80,1.23,0.97,1.00,0.96,1.00,1.00,1.00,3.00,1.00,1.00,1.30,its own trade,1.00,1,1,,,,,,,,room,0.96
2026-09-25,12:08:30,2026-09-25_08-44,Corwin Ashdown,unload,taking a full pack to the counter,20,28,0.70,0.56,0.95,0.97,1.00,0.33,1.00,1.00,1.00,1.00,1.00,anybody's work,1.00,3,4,restock,outlay,costs 60gp and it has 20gp,cook,19,,,purse,0.33
2026-09-25,12:12:06,2026-09-25_08-44,Nessa,mine,digging AgapiteOre (0 swings),56,55,0.78,0.84,0.55,0.86,1.00,1.00,1.00,1.00,0.70,1.00,1.30,its own trade,1.00,2,2,,,,prowl,4,,,new,0.55
2026-09-25,12:15:44,2026-09-25_08-44,Marek,evict,"to Edda Ashdown, who is working our land",320,380,0.84,0.93,1.00,1.00,1.00,0.37,1.00,1.00,1.25,1.00,1.00,anybody's work,1.00,4,5,restock,outlay,costs 150gp and it has 55gp,brew,120,put down,stake,purse,0.37
2026-09-25,12:19:32,2026-09-25_08-44,Merrick Ashdown,hunt,after a cougar,461,387,0.92,0.94,0.74,0.94,1.00,1.00,1.00,1.00,1.00,1.00,1.30,its own trade,1.00,4,5,band,expected-nothing,"is expected to pay -1.8/min here, against a claim of 7.5",acquire,42,,,new,0.74
2026-09-25,12:23:41,2026-09-25_08-44,Emrys,prowl,"looking for a fight near (1527, 1285, 0)",1,2,0.76,0.43,1.00,0.82,1.00,1.00,1.00,1.00,0.70,1.00,1.00,anybody's work,1.00,1,1,,,,,,,,near,0.43
2026-09-25,12:27:14,2026-09-25_08-44,Doran Ashdown,prowl,"looking for a fight near (1224, 1322, 0)",10,12,0.89,0.68,1.00,0.80,1.00,1.00,1.00,1.00,1.00,1.00,1.00,anybody's work,1.00,1,1,,,,,,,,near,0.68
2026-09-25,12:30:14,2026-09-25_08-44,Nessa Ashdown,prowl,"looking for a fight near (1377, 1454, 10)",5,6,0.88,0.71,1.00,0.73,1.00,1.00,1.00,1.00,1.00,1.00,1.00,anybody's work,1.00,1,1,,,,,,,,near,0.71
2026-09-25,12:33:41,2026-09-25_08-44,Maeve,unload,taking a full pack to the counter,8,8,0.93,0.91,0.80,0.98,1.00,1.00,1.00,1.00,1.00,1.00,1.00,anybody's work,1.00,1,1,,,,,,,,new,0.80
2026-09-25,12:36:55,2026-09-25_08-44,Maeve,prowl,"looking for a fight near (1682, 1285, 0)",1,1,0.76,0.41,0.91,0.69,1.00,1.00,1.00,1.00,1.00,1.00,1.00,anybody's work,1.00,1,1,,,,,,,,near,0.41
2026-09-25,12:39:41,2026-09-25_08-44,Yarrow,prowl,"looking for a fight near (1379, 1489, 10)",1,1,0.93,0.84,0.94,0.87,1.00,1.00,1.00,1.00,1.00,1.00,1.00,anybody's work,1.00,1,1,,,,,,,,near,0.84
2026-09-25,12:43:08,2026-09-25_08-44,Marek,prowl,"looking for a fight near (1760, 1504, 0)",5,8,0.65,0.52,1.00,0.78,1.00,0.39,1.00,1.00,0.70,1.00,1.00,anybody's work,1.00,1,3,restock,outlay,costs 40gp and it has 39gp,,,,,purse,0.39
2026-09-25,12:46:21,2026-09-25_08-44,Joss Ashdown,prowl,"looking for a fight near (1754, 1538, 6)",6,8,0.75,0.46,1.00,0.73,1.00,1.00,1.00,1.00,0.70,1.00,1.00,anybody's work,1.00,1,1,,,,,,,,near,0.46
2026-09-25,12:50:22,2026-09-25_08-44,Aric,prowl,"looking for a fight near (1899, 1297, 0)",1,1,0.87,0.60,1.00,0.85,1.00,1.00,1.00,1.00,1.00,1.00,1.00,anybody's work,1.00,1,1,,,,,,,,near,0.60
2026-09-25,12:53:45,2026-09-25_08-44,Merrick Ashdown,prowl,"looking for a fight near (1771, 1145, 0)",9,12,0.80,0.42,1.00,0.79,1.00,1.00,1.00,1.00,1.00,1.00,1.00,anybody's work,1.00,1,1,,,,,,,,near,0.42
2026-09-25,12:57:30,2026-09-25_08-44,Edda Ashdown,hunt,after a cow,223,175,0.98,0.90,1.00,1.00,1.00,1.00,1.00,1.00,1.00,1.00,1.30,its own trade,1.00,1,2,acquire,outlay,costs 991gp and it has 128gp,,,,,near,0.90
2026-09-25,13:00:47,2026-09-25_08-44,Edda Ashdown,stake,"holding the square at 1515,1275 for The Crown",174,200,0.87,0.77,1.00,0.92,1.00,1.00,1.00,1.00,0.70,1.00,1.00,anybody's work,1.00,2,2,,,,hunt,93,,,ground,0.70
2026-09-25,13:04:32,2026-09-25_08-44,Nessa Ashdown,hunt,after a troll,100,79,0.97,0.91,1.00,0.94,1.00,1.00,1.00,1.00,1.00,1.00,1.30,its own trade,1.00,4,4,,,,cook,42,,,near,0.91
2026-09-25,13:08:29,2026-09-25_08-44,Maeve,prowl,"looking for a fight near (1557, 1889, 0)",3,3,0.87,0.61,1.00,0.81,1.00,1.00,1.00,1.00,1.00,1.00,1.00,anybody's work,1.00,1,1,,,,,,,,near,0.61
2026-09-25,13:12:55,2026-09-25_08-44,Quenna Ashdown,cook,off to a fire to cook Ribs,40,42,0.95,0.78,1.00,1.00,1.00,1.00,1.00,1.00,1.00,1.00,1.00,anybody's work,1.00,3,3,,,,prowl,3,,,near,0.78
2026-09-25,13:16:49,2026-09-25_08-44,Joss Ashdown,prowl,"looking for a fight near (1190, 1537, 0)",4,5,0.73,0.42,1.00,0.71,1.00,1.00,1.00,1.00,0.70,1.00,1.00,anybody's work,1.00,1,1,,,,,,,,near,0.42
2026-09-25,13:20:59,2026-09-25_08-44,Yarrow,prowl,"looking for a fight near (1603, 1486, 31)",54,62,0.88,0.67,1.00,0.79,1.00,1.00,1.00,1.00,1.00,1.00,1.00,anybody's work,1.00,1,1,,,,,,,,near,0.67
2026-09-25,13:24:52,2026-09-25_08-44,Piers,restock,after 18 Bloodmoss,9,12,0.72,1.00,0.19,0.97,1.00,1.00,1.00,1.00,1.00,1.00,1.00,anybody's work,1.00,1,1,,,,,,,,new,0.19
2026-09-25,13:29:11,2026-09-25_08-44,Gwendra,hunt,after a pig,215,169,0.98,0.90,1.00,1.00,1.00,1.00,1.00,1.00,1.00,1.00,1.30,its own trade,1.00,1,3,restock,outlay,costs 150gp and it has 37gp,,,,,near,0.90
2026-09-25,13:33:19,2026-09-25_08-44,Yarrow,prowl,"looking for a fight near (1273, 1446, 0)",5,6,0.83,0.39,1.00,0.82,1.00,1.00,1.00,1.00,1.25,1.00,1.00,anybody's work,1.00,1,1,,,,,,,,near,0.39
2026-09-25,13:37:13,2026-09-25_08-44,Merrick Ashdown,hunt,after a cow,169,107,1.22,0.90,1.00,0.98,1.00,1.00,1.00,3.00,1.00,1.00,1.30,its own trade,1.00,1,1,,,,,,,,near,0.90
2026-09-25,13:40:54,2026-09-25_08-44,Oswin Ashdown,stake,"holding the square at 1365,1365 for The Anchor",182,200,0.91,0.80,1.00,0.79,1.00,1.00,1.00,1.00,1.00,1.00,1.00,anybody's work,1.00,7,7,,,,peddle,135,,,room,0.79
2026-09-25,13:45:02,2026-09-25_08-44,Gerda Ashdown,prowl,"looking for a fight near (1651, 1086, 0)",5,5,0.89,0.64,1.00,0.87,1.00,1.00,1.00,1.00,1.00,1.00,1.00,anybody's work,1.00,1,1,,,,,,,,near,0.64
2026-09-25,13:48:16,2026-09-25_08-44,Ivo,restock,after 5 BlackPearl,7,12,0.61,1.00,0.42,0.97,1.00,0.22,1.00,1.00,1.00,1.00,1.00,anybody's work,1.00,2,3,acquire,outlay,costs 1730gp and it has 372gp,prowl,1,,,purse,0.22
2026-09-25,13:53:01,2026-09-25_08-44,Joss,prowl,"looking for a fight near (1303, 1385, 0)",2,3,0.83,0.60,1.00,0.96,1.00,1.00,1.00,1.00,0.70,1.00,1.00,anybody's work,1.00,1,1,,,,,,,,near,0.60
2026-09-25,13:57:26,2026-09-25_08-44,Harlan,hunt,after Derthag,695,479,1.12,0.98,0.59,1.00,1.00,1.00,1.00,3.00,1.00,1.00,1.30,its own trade,1.00,4,5,acquire,outlay,costs 1989gp and it has 348gp,unload,335,,,new,0.59
2026-09-25,14:00:43,2026-09-25_08-44,Emrys Ashdown,acquire,asking for ArchProtectionScroll at 42gp,367,352,1.04,1.00,0.99,1.00,1.00,1.00,1.00,1.00,1.25,1.00,1.00,anybody's work,1.00,5,5,,,,peddle,192,dropped,stake,new,0.99
2026-09-25,14:04:14,2026-09-25_08-44,Calla Ashdown,unload,taking a full pack to the counter,174,206,0.85,0.57,0.81,0.95,1.00,1.00,1.00,1.00,1.00,1.00,1.00,anybody's work,1.00,2,3,prowl,expected-nothing,"is expected to pay -19.1/min here, against a claim of 2.0",cook,20,,,near,0.57
2026-09-25,14:08:35,2026-09-25_08-44,Kerrin,restock,after 1 Pickaxe,153,180,0.85,0.57,0.80,0.96,1.00,1.00,1.00,1.00,1.00,1.00,1.00,anybody's work,1.00,2,3,prowl,expected-nothing,"is expected to pay -159.7/min here, against a claim of 15.3",mine,93,,,near,0.57
2026-09-25,14:12:57,2026-09-25_08-44,Ilsa,inscribe,after paper,264,271,0.75,1.00,0.24,1.00,1.00,1.00,1.00,1.00,1.00,1.00,1.30,its own trade,1.00,5,7,prowl,expected-nothing,"is expected to pay -22.8/min here, against a claim of 2.0",unload,197,,,new,0.24
2026-09-25,14:16:06,2026-09-25_08-44,Harlan,restock,after 20 SulfurousAsh,8,12,0.69,1.00,0.74,0.99,1.00,0.21,1.00,1.00,1.00,1.00,1.00,anybody's work,1.00,2,3,acquire,outlay,costs 2287gp and it has 477gp,prowl,5,,,purse,0.21
2026-09-25,14:18:55,2026-09-25_08-44,Doran,forge,off to a forge,547,527,0.80,1.00,0.33,0.99,1.00,1.00,1.00,1.00,1.00,1.00,1.30,its own trade,1.00,5,5,,,,mine,182,,,new,0.33
2026-09-25,14:22:14,2026-09-25_08-44,Hale,mine,digging BronzeOre (0 swings),170,146,0.90,0.88,0.74,0.89,1.00,1.00,1.00,1.00,1.00,1.00,1.30,its own trade,1.00,3,4,unload,expected-nothing,"is expected to pay -394.2/min here, against a claim of 64.5",restock,12,,,new,0.74
2026-09-25,14:25:23,2026-09-25_08-44,Ivo,prowl,"looking for a fight near (1213, 1530, 0)",15,31,0.47,0.53,0.76,0.83,1.00,0.10,1.00,1.00,0.70,1.00,1.00,anybody's work,1.00,1,4,restock,outlay,costs 8gp and it has 4gp,,,,,purse,0.10
2026-09-25,14:29:10,2026-09-25_08-44,Faron Ashdown,prowl,"looking for a fight near (1760, 1504, 0)",126,180,0.70,0.41,0.63,0.92,1.00,1.00,1.00,1.00,0.70,1.00,1.00,anybody's work,1.00,2,2,,,,herbs,15,,,near,0.41
2026-09-25,14:32:08,2026-09-25_08-44,Rowan Ashdown,fletch,after 17 Log for arrows,346,290,0.92,1.00,0.65,1.00,1.00,1.00,1.00,1.00,1.00,1.00,1.30,its own trade,1.00,5,5,,,,sew,240,,,new,0.65
2026-09-25,14:35:11,2026-09-25_08-44,Edda Ashdown,hunt,after a grizzly bear,311,255,0.94,0.98,0.74,1.00,1.00,1.00,1.00,1.00,1.00,1.00,1.30,its own trade,1.00,4,5,acquire,outlay,costs 3024gp and it has 301gp,unload,42,,,new,0.74
2026-09-25,14:38:55,2026-09-25_08-44,Pell Ashdown,peddle,taking 1 Thigh Boots to Athena,119,139,0.86,0.56,0.83,0.99,1.00,1.00,1.00,1.00,1.00,1.00,1.00,anybody's work,1.00,4,5,inscribe,outlay,costs 100gp and it has 66gp,band,14,,,near,0.56
2026-09-25,14:42:44,2026-09-25_08-44,Doran,forge,off to a forge,377,334,0.87,0.80,0.63,0.99,1.00,1.00,1.00,1.00,1.00,1.00,1.30,its own trade,1.00,5,5,,,,mine,136,,,new,0.63
2026-09-25,14:46:03,2026-09-25_08-44,Dain,stake,"holding the square at 1365,1365 for The Crown",157,200,0.79,0.88,1.00,0.79,1.00,0.62,1.00,1.00,0.70,1.00,1.00,anybody's work,1.00,5,6,restock,outlay,costs 100gp and it has 62gp,peddle,101,,,purse,0.62
2026-09-25,14:49:44,2026-09-25_08-44,Merrick Ashdown,prowl,"looking for a fight near (1625, 1324, 0)",11,12,0.89,0.61,1.00,0.93,1.00,1.00,1.00,1.00,1.00,1.00,1.00,anybody's work,1.00,1,1,,,,,,,,near,0.61
2026-09-25,14:53:11,2026-09-25_08-44,Quill,mine,digging DullCopperOre (0 swings),209,181,0.89,0.90,0.95,0.92,1.00,1.00,1.00,1.00,0.70,1.00,1.30,its own trade,1.00,7,7,,,,restock,154,,,ground,0.70
2026-09-25,14:56:29,2026-09-25_08-44,Nessa,cook,off to a fire to cook Ribs,79,80,1.00,1.00,1.00,0.99,1.00,1.00,1.00,1.00,1.00,1.00,1.00,anybody's work,1.00,4,5,prowl,expected-nothing,"is expected to pay -0.7/min here, against a claim of 7.6",herbs,33,,,room,0.99
2026-09-25,15:01:02,2026-09-25_08-44,Talia,peddle,taking 7 Ribs to Bogart,172,177,0.97,0.91,1.00,0.96,1.00,1.00,1.00,1.00,1.00,1.00,1.00,anybody's work,1.00,2,3,prowl,expected-nothing,"is expected to pay -22.9/min here, against a claim of 2.0",acquire,69,,,near,0.91
2026-09-25,15:04:24,2026-09-25_08-44,Talia Ashdown,evict,"to Jarek Ashdown, who is working our land",357,380,0.94,0.93,0.62,1.00,1.00,1.00,1.00,1.00,1.25,1.00,1.00,anybody's work,1.00,3,3,,,,hunt,102,put down,stake,new,0.62
2026-09-25,15:07:34,2026-09-25_08-44,Emrys,homeward,going home,5,5,0.93,0.57,1.00,1.00,1.00,1.00,1.00,1.00,1.25,1.00,1.00,anybody's work,1.00,1,2,prowl,expected-nothing,"is expected to pay -12.0/min here, against a claim of 3.3",,,,,near,0.57
2026-09-25,15:11:28,2026-09-25_08-44,Ilsa,prowl,"looking for a fight near (1407, 1100, 0)",0,1,0.67,0.43,1.00,0.93,1.00,0.33,1.00,1.00,1.00,1.00,1.00,anybody's work,1.00,1,3,restock,outlay,costs 150gp and it has 49gp,,,,,purse,0.33
2026-09-25,15:15:27,2026-09-25_08-44,Corwin Ashdown,peddle,taking 4 Fireball Scroll to Rance,157,179,0.87,0.99,0.53,0.96,1.00,1.00,1.00,1.00,1.00,1.00,1.00,anybody's work,1.00,4,5,prowl,expected-nothing,"is expected to pay -3.5/min here, against a claim of 2.0",unload,75,,,new,0.53
2026-09-25,15:18:54,2026-09-25_15-18,Ulla,errand,"looking for Wisp near (1232, 2093), 0 of 1 down",57,54,0.82,0.36,1.00,1.00,1.00,1.00,1.00,1.00,1.00,1.00,1.30,its own trade,1.00,4,5,prowl,expected-nothing,"is expected to pay -2.7/min here, against a claim of 2.0",herbs,23,,,near,0.36
2026-09-25,15:21:02,2026-09-25_15-18,Edda Ashdown,restock,after 21 SulfurousAsh,10,12,0.83,1.00,0.59,0.99,1.00,1.00,1.00,1.00,0.70,1.00,1.00,anybody's work,1.00,1,2,prowl,expected-nothing,"is expected to pay -11.1/min here, against a claim of 22.0",,,,,new,0.59
2026-09-25,15:23:54,2026-09-25_15-18,Rhiannon,herbs,"out to the woods near (1247, 1419, 0)",27,33,0.80,0.47,1.00,1.00,1.00,1.00,1.00,1.00,0.70,1.00,1.00,anybody's work,1.00,3,5,brew,outlay,costs 100gp and it has 26gp,restock,9,,,near,0.47
2026-09-25,15:27:48,2026-09-25_15-18,Ysolt,prowl,"looking for a fight near (1777, 1118, 0)",1,1,0.79,0.38,1.00,0.79,1.00,1.00,1.00,1.00,1.00,1.00,1.00,anybody's work,1.00,1,1,,,,,,,,near,0.38
2026-09-25,15:31:24,2026-09-25_15-18,Ilsa,restock,after 42 SulfurousAsh,12,12,1.00,1.00,1.00,1.00,1.00,1.00,1.00,1.00,1.00,1.00,1.00,anybody's work,1.00,2,2,,,,prowl,1,,,none,1.00
2026-09-25,15:35:06,2026-09-25_15-35,Emrys,prowl,"looking for a fight near (1042, 1451, 0)",0,0,0.76,0.41,0.74,0.81,1.00,1.00,1.00,1.00,1.00,1.00,1.00,anybody's work,1.00,1,1,,,,,,,,near,0.41
2026-09-25,15:37:41,2026-09-25_15-35,Piers,housecall,going to where Merrick Ashdown was fighting,7,8,0.89,0.83,1.00,0.99,1.00,1.00,1.00,1.00,0.70,1.00,1.00,anybody's work,1.00,1,4,restock,outlay,costs 10gp and it has 3gp,,,,,ground,0.70
2026-09-25,15:40:29,2026-09-25_15-35,Kerrin Ashdown,prowl,"looking for a fight near (1312, 1312, 0)",3,4,0.76,0.67,0.66,0.84,1.00,1.00,1.00,1.00,0.70,1.00,1.00,anybody's work,1.00,1,1,,,,,,,,new,0.66
2026-09-25,15:44:23,2026-09-25_15-35,Selwyn,prowl,"looking for a fight near (1322, 1358, 0)",6,8,0.85,0.78,1.00,0.79,1.00,1.00,1.00,1.00,0.70,1.00,1.00,anybody's work,1.00,1,1,,,,,,,,ground,0.70
2026-09-25,15:48:11,2026-09-25_15-35,Harlan,restock,after 1 LesserCurePotion,12,12,1.00,1.00,1.00,0.99,1.00,1.00,1.00,1.00,1.00,1.00,1.00,anybody's work,1.00,2,2,,,,prowl,1,,,room,0.99
2026-09-25,15:52:16,2026-09-25_15-35,Calla Ashdown,restock,after 1 SpidersSilk,11,12,0.90,1.00,0.59,0.99,1.00,1.00,1.00,1.00,1.00,1.00,1.00,anybody's work,1.00,2,2,,,,prowl,3,,,new,0.59
2026-09-25,15:55:49,2026-09-25_15-35,Doran Ashdown,prowl,"looking for a fight near (1298, 1420, 0)",1,1,0.76,0.46,1.00,0.76,1.00,1.00,1.00,1.00,0.70,1.00,1.00,anybody's work,1.00,1,1,,,,,,,,near,0.46
2026-09-25,15:58:36,2026-09-25_15-35,Alden,order,ordering 20 IronIngot,360,372,0.97,1.00,0.85,1.00,1.00,1.00,1.00,1.00,1.00,1.00,1.00,anybody's work,1.00,6,7,prowl,expected-nothing,"is expected to pay -41.0/min here, against a claim of 2.0",mine,115,,,new,0.85
2026-09-25,16:02:22,2026-09-25_15-35,Selwyn,acquire,buying HarmScroll,4,4,0.91,0.83,0.74,1.00,1.00,1.00,1.00,1.00,1.00,1.00,1.00,anybody's work,1.00,2,3,prowl,expected-nothing,"is expected to pay -38.9/min here, against a claim of 3.6",unload,2,,,new,0.74
2026-09-25,16:06:24,2026-09-25_16-05,Kerrin,mine,digging CopperOre (0 swings),103,96,0.83,0.86,0.50,0.92,1.00,1.00,1.00,1.00,1.00,1.00,1.30,its own trade,1.00,3,3,,,,herbs,76,,,new,0.50
2026-09-25,16:11:42,2026-09-25_16-05,Delwyn Ashdown,mine,digging BronzeOre (0 swings),137,127,0.83,0.93,0.48,0.86,1.00,1.00,1.00,1.00,1.00,1.00,1.30,its own trade,1.00,3,4,prowl,expected-nothing,"is expected to pay -26.0/min here, against a claim of 2.2",herbs,51,,,new,0.48
2026-09-25,16:15:21,2026-09-25_16-05,Hollis,prowl,"looking for a fight near (2016, 608, 0)",4,5,0.77,0.38,0.82,0.90,1.00,1.00,1.00,1.00,1.00,1.00,1.00,anybody's work,1.00,1,1,,,,,,,,near,0.38
2026-09-25,16:18:14,2026-09-25_16-05,Calla Ashdown,acquire,buying TelekinesisScroll,2,3,0.74,0.99,0.22,1.00,1.00,1.00,1.00,1.00,1.00,1.00,1.00,anybody's work,1.00,1,2,prowl,expected-nothing,"is expected to pay -1.2/min here, against a claim of 2.3",,,,,new,0.22
2026-09-25,16:22:30,2026-09-25_16-05,Fenna,hunt,after a cougar,220,164,1.03,0.93,1.00,0.99,1.00,1.00,1.00,1.00,1.25,1.00,1.30,its own trade,1.00,4,4,,,,stake,164,,,near,0.93
2026-09-25,16:26:44,2026-09-25_16-05,Kelda,rescue,hitting back at Gomoku,194,152,0.98,1.00,1.00,0.93,1.00,1.00,1.00,1.00,1.00,1.00,1.30,its own trade,1.00,1,1,,,,,,,,room,0.93
2026-09-25,16:30:49,2026-09-25_16-05,Garrow Ashdown,hunt,after a cow,106,83,0.98,0.92,1.00,0.99,1.00,1.00,1.00,1.00,1.00,1.00,1.30,its own trade,1.00,3,5,restock,outlay,costs 30gp and it has 13gp,cook,60,,,near,0.92
2026-09-25,16:35:07,2026-09-25_16-05,Yarrow Ashdown,mine,digging VeriteOre (0 swings),113,101,0.86,0.92,0.56,0.88,1.00,1.00,1.00,1.00,1.00,1.00,1.30,its own trade,1.00,3,3,,,,prowl,4,,,new,0.56
2026-09-25,16:40:59,2026-09-25_16-05,Wynn Ashdown,brew,after 20 Bottle to brew with,199,146,1.05,1.00,1.00,1.00,1.00,1.00,1.00,1.00,1.25,1.00,1.30,its own trade,1.00,6,6,,,,peddle,87,,,none,1.00
2026-09-25,16:44:17,2026-09-25_16-05,Ulla,peddle,taking 18 Iron Ingot to Like,196,263,0.75,0.84,0.28,0.97,1.00,1.00,1.00,1.00,1.00,1.00,1.00,anybody's work,1.00,3,5,mine,expected-nothing,"is expected to pay -7.0/min here, against a claim of 38.9",cook,62,,,new,0.28
2026-09-25,16:48:56,2026-09-25_16-05,Delwyn Ashdown,supply,to Delano for 20 SulfurousAsh,237,260,0.91,0.64,1.00,0.98,1.00,1.00,1.00,1.00,1.00,1.00,1.00,anybody's work,1.00,8,8,,,,hunt,211,,,near,0.64
2026-09-25,16:52:32,2026-09-25_16-51,Kerrin Ashdown,hunt,after a cougar,167,131,0.98,0.97,1.00,0.92,1.00,1.00,1.00,1.00,1.00,1.00,1.30,its own trade,1.00,3,3,,,,unload,45,,,room,0.92
2026-09-25,16:57:15,2026-09-25_16-51,Calla,fletch,fletching (0 arrows in 0 attempts),120,101,0.92,1.00,0.67,1.00,1.00,1.00,1.00,1.00,1.00,1.00,1.30,its own trade,1.00,4,5,prowl,expected-nothing,"is expected to pay -8.7/min here, against a claim of 2.0",mine,52,,,new,0.67
2026-09-25,17:01:24,2026-09-25_16-58,Bryn Ashdown,acquire,asking for CurseScroll at 42gp,181,182,1.00,1.00,1.00,0.99,1.00,1.00,1.00,1.00,1.00,1.00,1.00,anybody's work,1.00,2,2,,,,restock,12,,,room,0.99
2026-09-25,17:05:16,2026-09-25_16-58,Gerda Ashdown,restock,after 18 BlackPearl,11,12,0.89,0.57,1.00,1.00,1.00,1.00,1.00,1.00,1.00,1.00,1.00,anybody's work,1.00,1,3,prowl,expected-nothing,"is expected to pay -131.0/min here, against a claim of 2.6",,,,,near,0.57
2026-09-25,17:08:39,2026-09-25_16-58,Torvin,mine,digging BronzeOre (0 swings),117,106,0.85,0.93,0.53,0.89,1.00,1.00,1.00,1.00,1.00,1.00,1.30,its own trade,1.00,4,5,prowl,expected-nothing,"is expected to pay -0.6/min here, against a claim of 5.1",cook,66,,,new,0.53
2026-09-25,17:11:40,2026-09-25_16-58,Edda,mine,digging ShadowIronOre (0 swings),96,85,0.87,0.92,0.84,0.91,1.00,1.00,1.00,1.00,0.70,1.00,1.30,its own trade,1.00,6,6,,,,cook,76,,,ground,0.70
2026-09-25,17:14:11,2026-09-25_16-58,Alden Ashdown,pickings,going through an orcish mage,186,199,0.93,0.95,0.74,1.00,1.00,1.00,1.00,1.00,1.00,1.00,1.00,anybody's work,1.00,1,2,peddle,dungeon-edge,is on the island and this bot is underground,,,,,new,0.74
2026-09-25,17:16:50,2026-09-25_16-58,Ysolt,hunt,after an ettin,219,182,0.92,0.94,0.74,0.96,1.00,1.00,1.00,1.00,1.00,1.00,1.30,its own trade,1.00,2,2,,,,restock,12,,,new,0.74
2026-09-25,17:18:06,2026-09-25_16-58,Orin Ashdown,prowl,"looking for a fight near (1638, 1411, 0)",3,3,0.85,0.62,0.87,0.83,1.00,1.00,1.00,1.00,1.00,1.00,1.00,anybody's work,1.00,1,1,,,,,,,,near,0.62
2026-09-25,17:19:56,2026-09-25_16-58,Lorcan,pickings,going through an orcish mage,317,318,1.00,0.99,1.00,1.00,1.00,1.00,1.00,1.00,1.00,1.00,1.00,anybody's work,1.00,1,2,homeward,dungeon-edge,is on the island and this bot is underground,,,,,near,0.99
2026-09-25,17:22:18,2026-09-25_16-58,Alden,sew,after Leather,118,103,0.88,1.00,0.53,1.00,1.00,1.00,1.00,1.00,1.00,1.00,1.30,its own trade,1.00,5,5,,,,mine,87,,,new,0.53
2026-09-25,17:24:47,2026-09-25_16-58,Marek,evict,"to Talia Ashdown, who is working our land",223,380,0.59,0.98,0.30,1.00,1.00,0.19,1.00,1.00,1.25,1.00,1.00,anybody's work,1.00,3,4,inscribe,outlay,costs 100gp and it has 19gp,mend,20,,,purse,0.19
2026-09-25,17:27:34,2026-09-25_17-27,Bryn Ashdown,rally,rallying to the war company of The Hammer,321,400,0.80,0.99,0.74,0.65,1.00,1.00,1.00,1.00,0.70,1.00,1.00,anybody's work,1.00,5,6,prowl,expected-nothing,"is expected to pay -15.0/min here, against a claim of 2.0",mine,34,,,room,0.65
2026-09-25,17:32:03,2026-09-25_17-31,Faron Ashdown,rally,rallying to the war company of The Needle,305,400,0.76,0.52,1.00,0.70,1.00,1.00,1.00,1.00,0.70,1.00,1.00,anybody's work,1.00,4,4,,,,acquire,172,,,near,0.52
2026-09-26,01:12:41,2026-09-26_01-08,Kelda,mend,"mending Ronan (0 casts, 0 bandages, 0 bottles)",156,124,0.97,0.92,1.00,0.93,1.00,1.00,1.00,1.00,1.00,1.00,1.30,its own trade,1.00,3,3,,,,acquire,16,,,near,0.92
2026-09-26,01:18:27,2026-09-26_01-08,Cassia,acquire,buying HarmScroll off the market,12,12,1.00,1.00,1.00,0.98,1.00,1.00,1.00,1.00,1.00,1.00,1.00,anybody's work,1.00,2,2,,,,prowl,6,,,room,0.98
2026-09-26,01:24:42,2026-09-26_01-08,Talia,peddle,taking 1 Mortar Pestle to Vaughn,29,33,0.87,0.52,1.00,0.95,1.00,1.00,1.00,1.00,1.00,1.00,1.00,anybody's work,1.00,5,5,,,,forage,16,,,near,0.52
2026-09-26,01:29:21,2026-09-26_01-08,Delwyn,restock,after 79 Arrow,11,12,0.91,0.63,1.00,0.96,1.00,1.00,1.00,1.00,1.00,1.00,1.00,anybody's work,1.00,2,3,acquire,expected-nothing,"is expected to pay -8.7/min here, against a claim of 5.9",prowl,4,,,near,0.63
2026-09-26,01:34:56,2026-09-26_01-08,Sable,hunt,after Ththes,306,194,1.21,0.95,1.00,0.91,1.00,1.00,1.00,3.00,1.00,1.00,1.30,its own trade,1.00,1,1,,,,,,,,room,0.91
2026-09-26,01:40:13,2026-09-26_01-35,Gerda,herbs,"out to the woods near (1276, 1495, 0)",24,26,0.93,0.75,1.00,0.95,1.00,1.00,1.00,1.00,1.00,1.00,1.00,anybody's work,1.00,4,4,,,,restock,12,,,near,0.75
2026-09-26,01:44:28,2026-09-26_01-42,Yarrow,cook,off to a fire to cook Ribs,59,77,0.77,0.39,0.76,0.93,1.00,1.00,1.00,1.00,1.00,1.00,1.00,anybody's work,1.00,3,3,,,,mend,24,,,near,0.39
2026-09-26,01:48:16,2026-09-26_01-48,Delwyn,hunt,after a great hart,286,227,0.97,0.95,1.00,0.91,1.00,1.00,1.00,1.00,1.00,1.00,1.30,its own trade,1.00,3,3,,,,glean,10,,,room,0.91
2026-09-26,01:53:14,2026-09-26_01-48,Bertram,hunt,after a horse,355,282,0.97,0.91,1.00,0.94,1.00,1.00,1.00,1.00,1.00,1.00,1.30,its own trade,1.00,3,4,restock,outlay,costs 182gp and it has 143gp,forage,12,,,near,0.91
2026-09-26,01:59:26,2026-09-26_01-55,Aric,prowl,"looking for a fight near (1823, 1407, 0)",8,9,0.84,0.45,1.00,0.94,1.00,1.00,1.00,1.00,1.00,1.00,1.00,anybody's work,1.00,1,1,,,,,,,,near,0.45
2026-09-26,02:05:12,2026-09-26_01-55,Ulwin,restock,after 1 LesserHealPotion,9,12,0.76,1.00,0.27,0.96,1.00,1.00,1.00,1.00,1.00,1.00,1.00,anybody's work,1.00,2,2,,,,prowl,3,,,new,0.27
2026-09-26,02:10:16,2026-09-26_02-05,Kelda,enlist,"falling in with company 1, 4 of them",11,11,0.99,1.00,1.00,0.96,1.00,1.00,1.00,1.00,1.00,1.00,1.00,anybody's work,1.00,1,1,,,,,,,,room,0.96
2026-09-26,02:16:05,2026-09-26_02-10,Selwyn,flee,getting away,333,333,1.00,1.00,1.00,1.00,1.00,1.00,1.00,1.00,1.00,1.00,1.00,anybody's work,1.00,1,1,,,,,,,,none,1.00
2026-09-26,02:21:07,2026-09-26_02-20,Hollis,flee,getting away,176,176,1.00,1.00,1.00,1.00,1.00,1.00,1.00,1.00,1.00,1.00,1.00,anybody's work,1.00,1,1,,,,,,dropped,glean,none,1.00
2026-09-26,02:28:29,2026-09-26_02-25,Alden,mine,digging IronOre (0 swings),155,206,0.58,0.85,0.28,0.82,1.00,0.33,1.00,1.00,1.00,1.00,1.30,its own trade,1.00,2,3,sew,outlay,costs 100gp and it has 33gp,prowl,2,,,new,0.28
2026-09-26,02:34:36,2026-09-26_02-33,Quill,rescue,hitting back at a spectre,254,209,0.94,1.00,0.75,0.96,1.00,1.00,1.00,1.00,1.00,1.00,1.30,its own trade,1.00,1,1,,,,,,put down,cook,new,0.75
2026-09-26,02:42:08,2026-09-26_02-42,Neriah,herbs,"out to the woods near (1429, 1488, 0)",20,21,0.94,0.80,1.00,0.94,1.00,1.00,1.00,1.00,1.00,1.00,1.00,anybody's work,1.00,2,2,,,,restock,10,,,near,0.80
2026-09-26,02:51:01,2026-09-26_02-42,Vesna,brew,"brewing (0 attempts, 0 made)",223,372,1.00,1.00,1.00,1.00,1.00,1.00,1.00,1.00,1.00,1.00,0.60,another's trade,1.00,7,7,,,,cook,67,,,none,1.00
2026-09-26,02:59:26,2026-09-26_02-42,Fenna,acquire,asking for HarmScroll at 25gp,108,109,0.99,1.00,1.00,0.97,1.00,1.00,1.00,1.00,1.00,1.00,1.00,anybody's work,1.00,1,2,glean,deaths-keep-out,"lies in or beside ground where 2.6 bots have died lately, against 2.0 that keep ordinary work out",,,,,room,0.97
2026-09-26,03:08:03,2026-09-26_02-42,Ronan,pickings,going through Chichoki,293,297,0.99,0.94,1.00,1.00,1.00,1.00,1.00,1.00,1.00,1.00,1.00,anybody's work,1.00,4,4,,,,peddle,96,,,near,0.94
2026-09-26,03:15:24,2026-09-26_02-42,Wystan,acquire,buying HarmScroll,5,7,0.66,0.49,0.41,0.98,1.00,0.67,1.00,1.00,1.00,1.00,1.00,anybody's work,1.00,1,2,restock,outlay,costs 750gp and it has 506gp,,,,,new,0.41
2026-09-26,03:21:48,2026-09-26_02-42,Brannoc,unload,taking a full pack to the counter,3,4,0.89,0.61,0.95,1.00,1.00,1.00,1.00,1.00,1.00,1.00,1.00,anybody's work,1.00,2,2,,,,prowl,1,,,near,0.61
2026-09-26,03:28:20,2026-09-26_03-26,Faron,mine,digging GoldOre (0 swings),177,146,0.93,0.88,1.00,0.79,1.00,1.00,1.00,1.00,1.00,1.00,1.30,its own trade,1.00,3,4,unload,expected-nothing,"is expected to pay -3.1/min here, against a claim of 7.5",restock,11,,,room,0.79
2026-09-26,03:40:54,2026-09-26_03-26,Orin,mine,digging DullCopperOre (0 swings),150,146,0.79,0.82,0.51,0.73,1.00,1.00,1.00,1.00,1.00,1.00,1.30,its own trade,1.00,5,5,,,,acquire,35,,,new,0.51
2026-09-26,03:50:27,2026-09-26_03-45,Hollis,order,ordering 1 LeatherSkirt,186,195,0.95,1.00,0.78,1.00,1.00,1.00,1.00,1.00,1.00,1.00,1.00,anybody's work,1.00,2,3,restock,outlay,costs 300gp and it has 189gp,prowl,1,,,new,0.78
2026-09-26,04:01:21,2026-09-26_03-45,Joss,mine,digging DullCopperOre (0 swings),131,112,0.91,0.87,1.00,0.70,1.00,1.00,1.00,1.00,1.00,1.00,1.30,its own trade,1.00,5,5,,,,acquire,11,,,room,0.70
2026-09-26,04:09:32,2026-09-26_04-07,Rowan,rescue,hitting back at an orcish lord,965,799,0.93,0.99,0.74,0.94,1.00,1.00,1.00,1.00,1.00,1.00,1.30,its own trade,1.00,1,1,,,,,,dropped,rescue,new,0.74
2026-09-26,04:18:59,2026-09-26_04-15,Hollis,prowl,"looking for a fight near (1248, 1440, 0)",1,1,0.72,0.61,1.00,0.96,1.00,0.32,1.00,1.00,1.00,1.00,1.00,anybody's work,1.00,1,2,restock,outlay,costs 100gp and it has 32gp,,,,,purse,0.32
2026-09-26,04:30:20,2026-09-26_04-26,Cassia,prowl,"looking for a fight near (1413, 1451, 9)",1,1,0.71,0.56,1.00,0.90,1.00,0.34,1.00,1.00,1.00,1.00,1.00,anybody's work,1.00,1,2,restock,outlay,costs 250gp and it has 86gp,,,,,purse,0.34
2026-09-26,04:40:57,2026-09-26_04-31,Brannoc,hunt,after a cougar,106,86,0.95,0.96,1.00,0.79,1.00,1.00,1.00,1.00,1.00,1.00,1.30,its own trade,1.00,2,3,restock,outlay,costs 228gp and it has 52gp,unload,3,,,room,0.79
2026-09-26,04:51:34,2026-09-26_04-31,Joss,restock,after 1 Pickaxe,175,180,0.97,0.86,1.00,1.00,1.00,1.00,1.00,1.00,1.00,1.00,1.00,anybody's work,1.00,4,4,,,,mine,149,,,near,0.86
2026-09-26,05:02:49,2026-09-26_04-57,Ulla,mine,digging CopperOre (0 swings),22,49,0.73,0.92,0.34,0.69,1.00,1.00,1.00,1.00,1.00,1.00,0.60,another's trade,1.00,4,4,,,,restock,10,,,new,0.34
2026-09-26,05:13:07,2026-09-26_04-57,Hollis,hunt,after Vorgarag,253,201,0.97,0.92,1.00,0.92,1.00,1.00,1.00,1.00,1.00,1.00,1.30,its own trade,1.00,4,4,,,,cook,26,,,tie,0.92
2026-09-26,05:33:17,2026-09-26_04-57,Gwendra,restock,after 1 Pickaxe,10,12,0.87,0.51,1.00,1.00,1.00,1.00,1.00,1.00,1.00,1.00,1.00,anybody's work,1.00,2,2,,,,unload,6,,,near,0.51
2026-09-26,05:50:16,2026-09-26_04-57,Rowan,hunt,after Thals,161,126,0.98,0.92,1.00,1.00,1.00,1.00,1.00,1.00,1.00,1.00,1.30,its own trade,1.00,3,3,,,,cook,92,,,near,0.92
2026-09-26,06:04:28,2026-09-26_04-57,Cassia,flee,getting away,331,333,0.99,1.00,0.97,1.00,1.00,1.00,1.00,1.00,1.00,1.00,1.00,anybody's work,1.00,1,1,,,,,,put down,stake,new,0.97
2026-09-26,06:24:10,2026-09-26_04-57,Alden,forge,off to a forge,459,390,0.91,0.80,0.76,1.00,1.00,1.00,1.00,1.00,1.00,1.00,1.30,its own trade,1.00,7,7,,,,sew,270,,,new,0.76
2026-09-26,06:40:48,2026-09-26_04-57,Joss,herbs,"out to the woods near (1310, 1343, 0)",23,26,0.89,0.57,1.00,0.96,1.00,1.00,1.00,1.00,1.00,1.00,1.00,anybody's work,1.00,4,4,,,,unload,19,,,near,0.57
2026-09-26,06:53:29,2026-09-26_04-57,Ilsa,mine,digging CopperOre (0 swings),193,153,0.97,0.89,0.99,0.77,1.00,1.00,1.00,1.00,1.25,1.00,1.30,its own trade,1.00,2,2,,,,prowl,3,,,room,0.77
2026-09-26,07:04:27,2026-09-26_04-57,Gwendra,chop,"out to the woods near (1608, 1395)",418,415,0.77,0.99,0.34,0.83,1.00,1.00,1.00,1.00,1.00,1.00,1.30,its own trade,1.00,5,5,,,,peddle,209,,,new,0.34
2026-09-26,07:11:06,2026-09-26_04-57,Fendrel,chop,"out to the woods near (1404, 1491)",354,312,0.87,1.00,0.62,0.82,1.00,1.00,1.00,1.00,1.00,1.00,1.30,its own trade,1.00,4,4,,,,mine,173,,,new,0.62
2026-09-26,07:16:58,2026-09-26_04-57,Lysa,chop,"out to the woods near (1404, 1464)",602,630,0.73,0.99,0.28,0.78,1.00,1.00,1.00,1.00,1.00,1.00,1.30,its own trade,1.00,7,7,,,,mine,153,,,new,0.28
2026-09-26,07:23:06,2026-09-26_04-57,Nessa,chop,"out to the woods near (1416, 1461)",253,205,0.95,0.99,1.00,0.78,1.00,1.00,1.00,1.00,1.00,1.00,1.30,its own trade,1.00,8,8,,,,mine,119,,,room,0.78
2026-09-26,07:31:24,2026-09-26_04-57,Lysa,chop,"out to the woods near (1410, 1448)",314,351,0.69,0.99,0.21,0.73,1.00,1.00,1.00,1.00,1.00,1.00,1.30,its own trade,1.00,8,8,,,,mine,216,,,new,0.21
2026-09-26,07:38:15,2026-09-26_04-57,Dain,peddle,taking 1 Ruby to Ellis,161,180,0.89,0.99,0.59,0.96,1.00,1.00,1.00,1.00,1.00,1.00,1.00,anybody's work,1.00,5,5,,,,cook,41,,,new,0.59
2026-09-26,07:43:59,2026-09-26_04-57,Wystan,supply,to Pierce for 17 SkinningKnife,235,260,0.90,0.62,1.00,0.96,1.00,1.00,1.00,1.00,1.00,1.00,1.00,anybody's work,1.00,6,6,,,,peddle,128,,,near,0.62
2026-09-26,07:49:45,2026-09-26_04-57,Calla,sew,after Leather,207,290,0.55,1.00,0.16,1.00,1.00,0.31,1.00,1.00,1.00,1.00,1.30,its own trade,1.00,5,7,restock,outlay,costs 100gp and it has 31gp,peddle,101,,,new,0.16
2026-09-26,07:56:01,2026-09-26_04-57,Fendrel,chop,"out to the woods near (1369, 1537)",279,273,0.79,0.82,0.46,0.79,1.00,1.00,1.00,1.00,1.00,1.00,1.30,its own trade,1.00,8,8,,,,peddle,253,,,new,0.46
2026-09-26,08:02:52,2026-09-26_04-57,Brannoc,glean,after spent Arrow,22,25,0.90,0.99,0.59,1.00,1.00,1.00,1.00,1.00,1.00,1.00,1.00,anybody's work,1.00,1,1,,,,,,,,new,0.59
2026-09-26,08:10:08,2026-09-26_04-57,Bryn,chop,"out to the woods near (1396, 1527)",530,539,0.76,1.00,0.31,0.80,1.00,1.00,1.00,1.00,1.00,1.00,1.30,its own trade,1.00,4,4,,,,peddle,206,,,new,0.31
2026-09-26,08:16:50,2026-09-26_04-57,Hollis,peddle,taking 1 Bloodmoss to Vaughn,59,63,0.94,0.86,0.94,0.89,1.00,1.00,1.00,1.00,1.00,1.00,1.00,anybody's work,1.00,2,2,,,,restock,11,,,near,0.86
2026-09-26,08:24:31,2026-09-26_04-57,Lysa,chop,"out to the woods near (1736, 1482)",250,312,0.62,0.99,0.10,0.70,1.00,1.00,1.00,1.00,1.25,1.00,1.30,its own trade,1.00,5,5,,,,mine,113,,,new,0.10
2026-09-26,08:30:12,2026-09-26_04-57,Merrick,chop,"out to the woods near (1416, 1860)",887,949,0.72,0.99,0.24,0.82,1.00,1.00,1.00,1.00,1.00,1.00,1.30,its own trade,1.00,6,6,,,,mine,95,,,new,0.24
2026-09-26,08:35:33,2026-09-26_04-57,Ulla,flee,getting away,51,71,0.72,1.00,0.19,1.00,1.00,1.00,1.00,1.00,1.00,1.00,1.00,anybody's work,1.00,1,1,,,,,,,,new,0.19
2026-09-26,08:41:55,2026-09-26_04-57,Gwendra,chop,"out to the woods near (1340, 1518)",404,577,0.54,0.99,0.06,0.81,1.00,1.00,1.00,1.00,1.00,1.00,1.30,its own trade,1.00,5,5,,,,hunt,214,,,new,0.06
2026-09-26,08:47:28,2026-09-26_04-57,Bryn,peddle,taking 260 Log to Bernadette,479,598,0.80,0.99,0.33,1.00,1.00,1.00,1.00,1.00,1.00,1.00,1.00,anybody's work,1.00,5,5,,,,acquire,63,,,new,0.33
2026-09-26,08:53:43,2026-09-26_04-57,Wystan,prowl,"looking for a fight near (1619, 1340, 0)",12,15,0.84,0.56,0.77,0.96,1.00,1.00,1.00,1.00,1.00,1.00,1.00,anybody's work,1.00,1,1,,,,,,,,near,0.56
2026-09-26,08:59:39,2026-09-26_04-57,Orin,herbs,"out to the woods near (1304, 1491, 0)",67,71,0.95,0.78,1.00,1.00,1.00,1.00,1.00,1.00,1.00,1.00,1.00,anybody's work,1.00,7,7,,,,peddle,67,,,near,0.78
2026-09-26,09:09:45,2026-09-26_04-57,Bryn,chop,"out to the woods near (1388, 1521)",412,469,0.68,0.99,0.16,0.87,1.00,1.00,1.00,1.00,1.00,1.00,1.30,its own trade,1.00,5,5,,,,peddle,253,,,new,0.16
2026-09-26,09:17:32,2026-09-26_04-57,Faron,peddle,taking 5 Dagger to Gorman,146,176,0.83,0.89,0.45,0.96,1.00,1.00,1.00,1.00,1.00,1.00,1.00,anybody's work,1.00,4,4,,,,mine,75,,,new,0.45
2026-09-26,09:23:51,2026-09-26_04-57,Brannoc,prowl,"looking for a fight near (1843, 1527, 0)",1,1,0.91,0.73,0.97,0.88,1.00,1.00,1.00,1.00,1.00,1.00,1.00,anybody's work,1.00,1,1,,,,,,,,near,0.73
2026-09-26,09:29:58,2026-09-26_04-57,Brannoc,homeward,going home,5,5,0.92,0.65,1.00,1.00,1.00,1.00,1.00,1.00,1.00,1.00,1.00,anybody's work,1.00,1,1,,,,,,,,near,0.65
2026-09-26,09:35:42,2026-09-26_04-57,Lysa,hunt,after a harpy,182,117,1.20,0.98,1.00,0.84,1.00,1.00,1.00,3.00,1.00,1.00,1.30,its own trade,1.00,6,6,,,,cook,108,,,room,0.84
2026-09-26,09:41:42,2026-09-26_04-57,Dain,peddle,taking 1 Beverage Bottle to Odon,114,121,0.94,0.87,1.00,0.86,1.00,1.00,1.00,1.00,1.00,1.00,1.00,anybody's work,1.00,5,5,,,,acquire,57,,,room,0.86
2026-09-26,09:48:15,2026-09-26_04-57,Aric,hunt,after Eektuk,198,149,1.03,0.97,1.00,0.94,1.00,1.00,1.00,1.00,1.25,1.00,1.30,its own trade,1.00,1,1,,,,,,,,room,0.94
2026-09-26,09:57:28,2026-09-26_04-57,Lysa,chop,"out to the woods near (1732, 1479)",348,417,0.64,0.99,0.12,0.75,1.00,1.00,1.00,1.00,1.25,1.00,1.30,its own trade,1.00,8,8,,,,stake,206,,,new,0.12
2026-09-26,10:05:58,2026-09-26_04-57,Corwin,peddle,taking 6 Mandrake Root to Wynona,110,113,0.97,0.90,1.00,0.93,1.00,1.00,1.00,1.00,1.00,1.00,1.00,anybody's work,1.00,2,3,restock,outlay,costs 300gp and it has 182gp,prowl,1,,,near,0.90
2026-09-26,10:16:14,2026-09-26_04-57,Lysa,chop,"out to the woods near (1704, 1482)",668,749,0.69,0.99,0.15,1.00,1.00,1.00,1.00,1.00,1.00,1.00,1.30,its own trade,1.00,4,4,,,,mine,157,,,new,0.15
2026-09-26,10:23:23,2026-09-26_04-57,Torvin,chop,"out to the woods near (1368, 1533)",172,305,0.94,1.00,0.74,1.00,1.00,1.00,1.00,1.00,1.00,1.00,0.60,another's trade,1.00,2,3,prowl,expected-nothing,"is expected to pay -47.5/min here, against a claim of 2.0",peddle,118,,,new,0.74
2026-09-26,10:33:51,2026-09-26_04-57,Gwendra,unload,taking a full pack to the counter,88,120,0.73,0.61,0.37,0.94,1.00,1.00,1.00,1.00,1.00,1.00,1.00,anybody's work,1.00,5,5,,,,peddle,67,put down,stake,new,0.37
2026-09-26,10:41:11,2026-09-26_10-41,Neriah,acquire,asking for LightningScroll at 42gp,286,291,0.98,1.00,1.00,0.92,1.00,1.00,1.00,1.00,1.00,1.00,1.00,anybody's work,1.00,6,6,,,,inscribe,245,,,room,0.92
2026-09-26,10:47:41,2026-09-26_10-41,Dain,cook,off to a fire to cook Ribs,70,83,0.84,0.63,0.76,0.90,1.00,1.00,1.00,1.00,1.00,1.00,1.00,anybody's work,1.00,4,4,,,,prowl,56,,,near,0.63
2026-09-26,10:52:03,2026-09-26_10-41,Ivo,rally,defending our ground: rallying to the war company of The Lantern,629,700,0.90,0.86,1.00,0.82,1.00,0.66,1.00,1.00,1.25,1.00,1.00,anybody's work,1.00,3,4,restock,outlay,costs 100gp and it has 66gp,stake,176,dropped,prowl,purse,0.66
2026-09-26,11:01:03,2026-09-26_10-41,Ivo,rally,defending our ground: rallying to the war company of The Lantern,409,700,0.58,0.97,0.70,0.54,0.15,1.00,1.00,1.00,1.25,1.00,1.00,anybody's work,1.00,7,7,,,,stake,191,,,safe,0.15
2026-09-26,11:05:04,2026-09-26_10-41,Alden,forge,off to a forge to make RingmailGloves,630,530,0.91,0.95,0.68,1.00,1.00,1.00,1.00,1.00,1.00,1.00,1.30,its own trade,1.00,3,4,prowl,expected-nothing,"is expected to pay -27.0/min here, against a claim of 4.2",restock,11,,,new,0.68
2026-09-26,11:12:08,2026-09-26_10-41,Harlan,stake,"holding the square at 1275,1545 for The Lantern",206,200,1.03,0.99,1.00,0.94,1.00,1.00,1.00,1.00,1.25,1.00,1.00,anybody's work,1.00,2,3,unload,expected-nothing,"is expected to pay -8.4/min here, against a claim of 7.5",restock,11,,,room,0.94
2026-09-26,11:22:40,2026-09-26_10-41,Vance,flee,getting away,167,167,1.00,1.00,1.00,1.00,1.00,1.00,1.00,1.00,1.00,1.00,1.00,anybody's work,1.00,1,1,,,,,,put down,peddle,none,1.00
2026-09-26,11:29:07,2026-09-26_10-41,Jarek,flee,getting away,323,333,0.97,1.00,0.86,1.00,1.00,1.00,1.00,1.00,1.00,1.00,1.00,anybody's work,1.00,1,1,,,,,,,,new,0.86
2026-09-26,11:38:19,2026-09-26_10-41,Alden,mine,digging CopperOre (0 swings),175,142,0.95,0.86,1.00,0.90,1.00,1.00,1.00,1.00,1.00,1.00,1.30,its own trade,1.00,2,3,prowl,expected-nothing,"is expected to pay -10.1/min here, against a claim of 2.0",restock,162,,,near,0.86
2026-09-26,11:44:36,2026-09-26_10-41,Gwendra,chop,"out to the woods near (1192, 1536)",496,368,1.04,0.99,1.00,0.96,1.00,1.00,1.00,1.00,1.25,1.00,1.30,its own trade,1.00,8,9,prowl,expected-nothing,"is expected to pay -4.9/min here, against a claim of 2.0",evict,392,dropped,stake,room,0.96
2026-09-26,11:49:02,2026-09-26_11-45,Wynn,chop,"out to the woods near (1960, 1293)",153,303,0.84,0.99,0.43,0.98,1.00,1.00,1.00,1.00,1.00,1.00,0.60,another's trade,1.00,4,4,,,,unload,92,,,new,0.43
2026-09-26,11:54:38,2026-09-26_11-45,Jorunn,forage,after reagents lying about,10,10,0.98,0.90,1.00,1.00,1.00,1.00,1.00,1.00,1.00,1.00,1.00,anybody's work,1.00,2,3,prowl,expected-nothing,"is expected to pay -4.9/min here, against a claim of 2.0",restock,9,,,near,0.90
2026-09-26,12:01:27,2026-09-26_11-45,Torvin,hunt,after a black bear,287,214,1.03,0.91,0.44,0.98,1.00,1.00,1.00,3.00,1.00,1.00,1.30,its own trade,1.00,5,5,,,,cook,52,,,new,0.44
2026-09-26,12:07:16,2026-09-26_11-45,Hale,acquire,buying HarmScroll,50,52,0.96,0.83,1.00,1.00,1.00,1.00,1.00,1.00,1.00,1.00,1.00,anybody's work,1.00,5,5,,,,peddle,41,,,near,0.83
2026-09-26,12:18:36,2026-09-26_11-45,Jorunn,hunt,after a brown bear,113,72,1.22,0.90,1.00,0.98,1.00,1.00,1.00,3.00,1.00,1.00,1.30,its own trade,1.00,3,3,,,,cook,56,,,near,0.90
2026-09-26,12:30:29,2026-09-26_11-45,Torvin,pickings,going through an orcish mage,232,258,0.90,0.80,0.74,1.00,1.00,1.00,1.00,1.00,1.00,1.00,1.00,anybody's work,1.00,1,2,peddle,dungeon-edge,is on the island and this bot is underground,,,,,new,0.74
2026-09-26,12:44:47,2026-09-26_11-45,Isolde,supply,to Sabra for 17 SkinningKnife,230,260,0.88,0.58,1.00,0.94,1.00,1.00,1.00,1.00,1.00,1.00,1.00,anybody's work,1.00,5,5,,,,hunt,217,,,near,0.58
2026-09-26,12:57:59,2026-09-26_11-45,Quenna,peddle,taking 16 Spiders Silk to Vaughn,139,152,0.92,0.99,0.70,0.94,1.00,1.00,1.00,1.00,1.00,1.00,1.00,anybody's work,1.00,3,3,,,,escort,52,,,new,0.70
2026-09-26,13:05:40,2026-09-26_11-45,Ronan,restock,after 60 SulfurousAsh,11,12,0.88,0.71,0.58,1.00,1.00,1.00,1.00,1.00,1.25,1.00,1.00,anybody's work,1.00,3,3,,,,prowl,8,,,new,0.58
2026-09-26,13:12:13,2026-09-26_13-10,Doran,prowl,"looking for a fight near (1255, 1430, 0)",2,3,0.84,0.43,1.00,0.98,1.00,1.00,1.00,1.00,1.00,1.00,1.00,anybody's work,1.00,1,2,drill,expected-nothing,"is expected to pay -12.5/min here, against a claim of 8.8",,,,,near,0.43
2026-09-26,13:17:07,2026-09-26_13-16,Isolde,acquire,asking for EnergyBoltScroll at 62gp,221,235,0.94,1.00,0.59,1.00,1.00,1.00,1.00,1.00,1.25,1.00,1.00,anybody's work,1.00,5,5,,,,unload,76,,,new,0.59
2026-09-26,13:20:46,2026-09-26_13-16,Kelda,pickings,going through a mongbat,135,150,0.90,0.97,0.61,1.00,1.00,1.00,1.00,1.00,1.00,1.00,1.00,anybody's work,1.00,4,6,restock,outlay,costs 36gp and it has 19gp,unload,46,,,new,0.61
2026-09-26,13:25:47,2026-09-26_13-16,Perri,mend,"mending itself (0 casts, 0 bandages, 0 bottles)",45,35,1.00,1.00,1.00,0.98,1.00,1.00,1.00,1.00,1.00,1.00,1.30,its own trade,1.00,1,1,,,,,,,,room,0.98
2026-09-26,13:30:58,2026-09-26_13-16,Nyla,peddle,taking 79 Iron Ingot to Gus,484,534,0.91,0.67,1.00,0.92,1.00,1.00,1.00,1.00,1.00,1.00,1.00,anybody's work,1.00,5,5,,,,mine,210,,,near,0.67
2026-09-26,13:34:52,2026-09-26_13-16,Garrow,unload,taking a full pack to the counter,146,164,0.89,0.80,0.73,0.96,1.00,1.00,1.00,1.00,1.00,1.00,1.00,anybody's work,1.00,2,2,,,,prowl,1,,,new,0.73
2026-09-26,13:40:25,2026-09-26_13-16,Talia,ward,"to Ysolt, who is hunting our land",217,300,0.72,0.89,0.22,1.00,1.00,1.00,1.00,1.00,1.00,1.00,1.00,anybody's work,1.00,3,3,,,,restock,162,,,new,0.22
2026-09-26,13:44:57,2026-09-26_13-16,Neriah,stake,"holding the square at 1335,1425 for The Crown",103,200,0.51,0.92,0.39,0.96,0.15,1.00,1.00,1.00,0.70,1.00,1.00,anybody's work,1.00,2,3,prowl,expected-nothing,"is expected to pay -9.5/min here, against a claim of 3.8",restock,12,,,safe,0.15
2026-09-26,13:48:46,2026-09-26_13-16,Aric,order,ordering 1 ChainLegs,236,236,1.00,1.00,1.00,1.00,1.00,1.00,1.00,1.00,1.00,1.00,1.00,anybody's work,1.00,2,2,,,,unload,46,,,none,1.00
2026-09-26,13:52:26,2026-09-26_13-16,Emrys,prowl,"looking for a fight near (1332, 1428, 5)",3,4,0.80,0.54,0.94,0.90,1.00,1.00,1.00,1.00,0.70,1.00,1.00,anybody's work,1.00,1,1,,,,,,,,near,0.54
2026-09-26,13:56:56,2026-09-26_13-16,Quenna,ward,"to Lorcan, who is hunting our land",209,300,0.70,0.84,0.19,1.00,1.00,1.00,1.00,1.00,1.00,1.00,1.00,anybody's work,1.00,3,4,restock,deaths-keep-out,"lies in or beside ground where 2.8 bots have died lately, against 2.0 that keep ordinary work out",herbs,64,,,new,0.19
2026-09-26,14:07:08,2026-09-26_14-05,Kelda,cook,off to a fire to cook Ribs,152,173,0.88,0.82,1.00,0.98,1.00,0.64,1.00,1.00,1.00,1.00,1.00,anybody's work,1.00,5,7,inscribe,outlay,costs 100gp and it has 64gp,restock,120,,,purse,0.64
2026-09-26,14:12:14,2026-09-26_14-11,Quill,rally,defending our ground: rallying to the war company of The Blade,679,700,0.97,0.85,1.00,0.81,1.00,1.00,1.00,1.00,1.25,1.00,1.00,anybody's work,1.00,4,5,prowl,expected-nothing,"is expected to pay -13.8/min here, against a claim of 2.0",unload,41,dropped,restock,room,0.81
2026-09-26,14:21:26,2026-09-26_14-11,Sable,flee,getting away,168,168,1.00,1.00,1.00,1.00,1.00,1.00,1.00,1.00,1.00,1.00,1.00,anybody's work,1.00,1,1,,,,,,,,none,1.00
2026-09-26,14:26:42,2026-09-26_14-25,Quill,rally,defending our ground: rallying to the war company of The Blade,676,700,0.97,0.92,1.00,0.91,1.00,1.00,1.00,1.00,1.00,1.00,1.00,anybody's work,1.00,3,4,prowl,expected-nothing,"is expected to pay -10.9/min here, against a claim of 2.0",stake,171,dropped,restock,room,0.91
2026-09-26,14:32:39,2026-09-26_14-32,Oswin,mend,"mending itself (0 casts, 0 bandages, 0 bottles)",23,28,0.62,1.00,1.00,0.95,1.00,0.10,1.00,1.00,1.00,1.00,1.30,its own trade,1.00,3,6,restock,outlay,costs 75gp and it has 6gp,herbs,19,,,purse,0.10
2026-09-26,14:36:38,2026-09-26_14-32,Calla,mine,digging BronzeOre (0 swings),107,142,0.58,0.93,0.75,0.95,1.00,0.10,1.00,1.00,1.00,1.00,1.30,its own trade,1.00,2,5,restock,outlay,costs 11gp and it has 4gp,prowl,1,,,purse,0.10
2026-09-26,14:41:23,2026-09-26_14-32,Merrick,mine,digging ShadowIronOre (0 swings),150,124,0.93,0.83,1.00,0.84,1.00,1.00,1.00,1.00,1.00,1.00,1.30,its own trade,1.00,4,4,,,,herbs,61,,,near,0.83
2026-09-26,14:45:35,2026-09-26_14-32,Jorunn,restock,after 1 Skillet,10,12,0.85,0.66,0.76,0.90,1.00,1.00,1.00,1.00,1.00,1.00,1.00,anybody's work,1.00,1,1,,,,,,,,near,0.66
2026-09-26,14:49:22,2026-09-26_14-32,Ulwin,cook,off to a fire to cook Ribs,29,41,0.70,0.85,1.00,0.97,1.00,0.20,1.00,1.00,1.00,1.00,1.00,anybody's work,1.00,4,5,restock,outlay,costs 100gp and it has 20gp,unload,5,,,purse,0.20
2026-09-26,14:54:22,2026-09-26_14-32,Ulwin,hunt,after a bull,93,74,0.96,0.91,1.00,0.89,1.00,1.00,1.00,1.00,1.00,1.00,1.30,its own trade,1.00,3,3,,,,cook,18,,,room,0.89
2026-09-26,14:58:49,2026-09-26_14-32,Rowan,mend,"mending Maeve (0 casts, 0 bandages, 0 bottles)",48,40,0.92,0.96,0.74,0.95,1.00,1.00,1.00,1.00,1.00,1.00,1.30,its own trade,1.00,1,5,unload,becalmed,"is 234 tiles off, and a walk of 120 from about here closed nothing 503s ago",,,,,new,0.74
2026-09-26,15:04:58,2026-09-26_14-32,Ronan,prowl,"looking for a fight near (1664, 1285, 0)",2,2,0.87,0.55,1.00,0.92,1.00,1.00,1.00,1.00,1.00,1.00,1.00,anybody's work,1.00,1,1,,,,,,,,near,0.55
2026-09-26,15:12:26,2026-09-26_14-32,Kelda,forage,after reagents lying about,9,10,0.95,0.78,1.00,1.00,1.00,1.00,1.00,1.00,1.00,1.00,1.00,anybody's work,1.00,1,2,prowl,expected-nothing,"is expected to pay -5.9/min here, against a claim of 9.9",,,dropped,prowl,near,0.78
2026-09-26,15:18:37,2026-09-26_15-18,Kelda,acquire,asking for EnergyBoltScroll at 62gp,167,169,0.99,1.00,1.00,0.96,1.00,1.00,1.00,1.00,1.00,1.00,1.00,anybody's work,1.00,6,6,,,,restock,145,,,room,0.96
2026-09-26,15:25:28,2026-09-26_15-18,Piers,flee,getting away,164,167,0.99,1.00,1.00,0.93,1.00,1.00,1.00,1.00,1.00,1.00,1.00,anybody's work,1.00,1,1,,,,,,,,room,0.93
