session,kind,opened,raised,filled,lowered,given_up,highest_offer_gp,highest_offer_at,put_down_gp,paid_on_fill_gp,taken_back_gp
2026-09-18_00-08,RawRibs,78,0,6,2,0,3,2026-09-18T00:08:23,4644,27,0
2026-09-18_00-08,LeatherChest,27,0,0,0,0,96,2026-09-18T00:08:54,2592,0,0
2026-09-18_00-08,LeatherBustierArms,29,0,0,0,0,48,2026-09-18T00:08:49,1392,0,0
2026-09-18_00-08,IronIngot,5,0,15,10,0,8,2026-09-18T00:08:24,800,541,0
2026-09-18_00-08,MindBlastScroll,10,0,0,0,0,52,2026-09-18T00:08:25,520,0,0
2026-09-18_00-08,Leather,6,0,9,3,0,6,2026-09-18T00:08:23,510,235,0
2026-09-18_00-08,Feather,5,0,2,0,0,3,2026-09-18T00:08:23,300,30,0
2026-09-18_00-08,Log,5,0,8,3,0,3,2026-09-18T00:09:23,300,120,0
2026-09-18_00-08,EnergyBoltScroll,3,0,0,0,0,62,2026-09-18T00:11:35,186,0,0
2026-09-18_00-08,LightningScroll,3,0,0,0,0,42,2026-09-18T00:10:04,126,0,0
2026-09-18_00-08,LeatherLegs,1,0,0,0,0,80,2026-09-18T00:11:05,80,0,0
2026-09-18_00-08,LeatherSkirt,1,0,0,0,0,48,2026-09-18T00:11:21,48,0,0
2026-09-18_00-08,GreaterHealScroll,1,0,0,0,0,42,2026-09-18T00:11:44,42,0,0
2026-09-18_00-12,RawRibs,88,0,33,15,0,3,2026-09-18T00:12:33,5193,201,0
2026-09-18_00-12,LeatherChest,23,0,0,0,0,96,2026-09-18T00:12:59,2208,0,0
2026-09-18_00-12,LeatherBustierArms,30,0,0,0,0,48,2026-09-18T00:12:59,1440,0,0
2026-09-18_00-12,IronIngot,5,0,17,12,0,8,2026-09-18T00:12:33,800,570,0
2026-09-18_00-12,MindBlastScroll,13,0,0,0,0,52,2026-09-18T00:12:34,676,0,0
2026-09-18_00-12,RingmailChest,2,0,0,0,0,216,2026-09-18T00:18:30,432,0,0
2026-09-18_00-12,GreaterHealScroll,9,0,0,0,0,42,2026-09-18T00:15:18,378,0,0
2026-09-18_00-12,Leather,5,0,14,9,0,6,2026-09-18T00:12:33,342,303,0
2026-09-18_00-12,Feather,5,0,15,10,0,3,2026-09-18T00:12:33,300,200,0
2026-09-18_00-12,Log,5,0,8,3,0,3,2026-09-18T00:13:33,300,120,0
2026-09-18_00-12,LightningScroll,7,0,0,0,0,42,2026-09-18T00:14:22,294,0,0
2026-09-18_00-12,EnergyBoltScroll,4,0,0,0,0,62,2026-09-18T00:12:34,248,0,0
2026-09-18_00-12,ChainLegs,1,0,0,0,0,216,2026-09-18T00:14:26,216,0,0
2026-09-18_00-12,LeatherSkirt,4,0,0,0,0,48,2026-09-18T00:16:53,192,0,0
2026-09-18_00-12,LeatherLegs,2,0,0,0,0,80,2026-09-18T00:14:42,160,0,0
2026-09-18_00-12,BladeSpiritsScroll,1,0,0,0,0,52,2026-09-18T00:16:35,52,0,0
2026-09-18_00-21,RawRibs,74,0,0,0,0,3,2026-09-18T00:21:05,4440,0,0
2026-09-18_00-21,Feather,5,0,0,0,0,3,2026-09-18T00:21:05,300,0,0
2026-09-18_00-21,Leather,1,0,0,0,0,6,2026-09-18T00:21:05,120,0,0
2026-09-18_00-29,RawRibs,499,172,1216,581,0,4,2026-09-18T00:40:08,28331,6885,0
2026-09-18_00-29,LeatherChest,50,177,30,0,15,217,2026-09-18T01:32:38,9202,5922,2195
2026-09-18_00-29,ChainLegs,16,70,4,0,1,496,2026-09-18T01:37:08,7808,1984,432
2026-09-18_00-29,LeatherBustierArms,37,173,2,0,10,124,2026-09-18T01:42:08,3949,188,805
2026-09-18_00-29,LeatherSkirt,27,106,0,0,3,124,2026-09-18T01:42:08,2857,0,217
2026-09-18_00-29,MindBlastScroll,28,81,0,0,15,133,2026-09-18T01:41:08,2685,0,1075
2026-09-18_00-29,EnergyBoltScroll,17,25,0,0,10,139,2026-09-18T01:31:38,2032,0,1059
2026-09-18_00-29,LeatherLegs,12,47,0,0,1,181,2026-09-18T01:38:38,2027,0,105
2026-09-18_00-29,IronIngot,10,0,25,18,0,8,2026-09-18T00:29:43,1356,828,0
2026-09-18_00-29,Leather,22,0,91,35,0,6,2026-09-18T00:29:43,1249,1013,0
2026-09-18_00-29,ArchCureScroll,10,45,0,0,0,94,2026-09-18T01:37:08,940,0,0
2026-09-18_00-29,Feather,26,14,79,26,0,3,2026-09-18T00:29:42,877,686,0
2026-09-18_00-29,GreaterHealScroll,11,24,4,0,1,94,2026-09-18T01:35:08,716,174,82
2026-09-18_00-29,LeatherArms,16,9,0,0,0,36,2026-09-18T01:40:08,556,0,0
2026-09-18_00-29,Log,14,0,50,16,0,3,2026-09-18T00:30:42,554,429,0
2026-09-18_00-29,LightningScroll,9,0,7,0,0,45,2026-09-18T01:28:40,381,297,0
2026-09-18_00-29,ChainChest,1,0,1,0,0,240,2026-09-18T01:05:58,240,240,0
2026-09-18_00-29,PlateLegs,1,0,0,0,0,240,2026-09-18T01:38:53,240,0,0
2026-09-18_00-29,BladeSpiritsScroll,1,7,0,0,0,133,2026-09-18T01:41:08,133,0,0
2026-09-18_00-29,LeatherGloves,2,0,0,0,0,24,2026-09-18T01:34:56,48,0,0
2026-09-18_00-29,ProtectionScroll,1,0,0,0,0,22,2026-09-18T01:43:05,22,0,0
2026-09-18_00-29,LeatherCap,1,0,1,0,0,20,2026-09-18T01:41:09,20,20,0
2026-09-18_01-45,RawRibs,76,0,1,0,0,3,2026-09-18T01:45:16,4515,3,0
2026-09-18_01-45,LeatherChest,19,0,0,0,0,96,2026-09-18T01:45:42,1824,0,0
2026-09-18_01-45,RingmailChest,5,0,0,0,0,216,2026-09-18T01:46:40,1080,0,0
2026-09-18_01-45,MindBlastScroll,13,0,0,0,0,52,2026-09-18T01:45:17,676,0,0
2026-09-18_01-45,LeatherBustierArms,13,0,0,0,0,48,2026-09-18T01:45:42,624,0,0
2026-09-18_01-45,IronIngot,3,0,14,11,0,8,2026-09-18T01:45:17,480,430,0
2026-09-18_01-45,Leather,4,0,0,0,0,6,2026-09-18T01:45:16,480,0,0
2026-09-18_01-45,Feather,5,0,3,0,0,3,2026-09-18T01:45:16,300,45,0
2026-09-18_01-45,Log,5,0,7,2,0,3,2026-09-18T01:46:16,258,105,0
2026-09-18_01-45,LightningScroll,6,0,0,0,0,42,2026-09-18T01:47:03,252,0,0
2026-09-18_01-45,LeatherCap,9,0,0,0,0,20,2026-09-18T01:46:51,180,0,0
2026-09-18_01-45,GreaterHealScroll,3,0,0,0,0,42,2026-09-18T01:47:00,126,0,0
2026-09-18_01-45,EnergyBoltScroll,1,0,0,0,0,62,2026-09-18T01:47:29,62,0,0
2026-09-18_01-48,RawRibs,80,0,5,2,0,3,2026-09-18T01:48:33,4734,27,0
2026-09-18_01-48,LeatherChest,37,0,0,0,0,96,2026-09-18T01:49:00,3552,0,0
2026-09-18_01-48,LeatherBustierArms,22,0,0,0,0,48,2026-09-18T01:48:59,1056,0,0
2026-09-18_01-48,IronIngot,5,0,16,12,0,8,2026-09-18T01:48:34,800,544,0
2026-09-18_01-48,MindBlastScroll,10,0,0,0,0,52,2026-09-18T01:48:34,520,0,0
2026-09-18_01-48,Leather,4,0,10,6,0,6,2026-09-18T01:48:33,390,279,0
2026-09-18_01-48,Feather,5,0,2,0,0,3,2026-09-18T01:48:33,300,30,0
2026-09-18_01-48,Log,5,0,0,0,0,3,2026-09-18T01:49:33,300,0,0
2026-09-18_01-48,GreaterHealScroll,6,0,0,0,0,42,2026-09-18T01:52:27,252,0,0
2026-09-18_01-48,ChainLegs,1,0,0,0,0,216,2026-09-18T01:51:01,216,0,0
2026-09-18_01-48,LightningScroll,4,0,3,0,0,42,2026-09-18T01:48:52,168,126,0
2026-09-18_01-48,LeatherSkirt,3,0,0,0,0,48,2026-09-18T01:51:02,144,0,0
2026-09-18_01-48,EnergyBoltScroll,2,0,0,0,0,62,2026-09-18T01:51:54,124,0,0
2026-09-18_01-48,LeatherLegs,1,0,0,0,0,80,2026-09-18T01:52:55,80,0,0
2026-09-18_01-53,RawRibs,420,156,1070,482,0,4,2026-09-18T02:03:58,20880,5469,0
2026-09-18_01-53,LeatherChest,53,193,39,0,13,217,2026-09-18T02:59:58,9382,7455,1738
2026-09-18_01-53,ChainLegs,15,53,1,0,3,496,2026-09-18T03:00:58,6679,432,919
2026-09-18_01-53,LeatherBustierArms,35,170,5,0,9,124,2026-09-18T03:04:58,3529,484,713
2026-09-18_01-53,LeatherLegs,21,89,2,0,1,181,2026-09-18T03:01:58,3373,184,92
2026-09-18_01-53,LeatherSkirt,24,103,0,0,1,108,2026-09-18T02:57:28,2463,0,63
2026-09-18_01-53,MindBlastScroll,23,80,1,0,10,133,2026-09-18T03:04:58,2352,88,804
2026-09-18_01-53,EnergyBoltScroll,14,38,0,0,2,139,2026-09-18T02:55:58,1860,0,192
2026-09-18_01-53,ArchProtectionScroll,18,55,0,0,5,94,2026-09-18T03:03:58,1423,0,309
2026-09-18_01-53,LeatherArms,24,21,0,0,0,62,2026-09-18T03:00:58,1376,0,0
2026-09-18_01-53,IronIngot,9,0,24,15,0,8,2026-09-18T01:53:33,1188,819,0
2026-09-18_01-53,Leather,10,0,32,22,0,6,2026-09-18T01:53:32,842,721,0
2026-09-18_01-53,ArchCureScroll,14,11,3,0,0,67,2026-09-18T03:03:58,685,130,0
2026-09-18_01-53,Feather,22,5,60,14,0,3,2026-09-18T01:53:32,626,469,0
2026-09-18_01-53,LightningScroll,14,2,9,0,0,48,2026-09-18T02:19:58,600,390,0
2026-09-18_01-53,GreaterHealScroll,11,0,4,0,0,42,2026-09-18T01:55:14,462,168,0
2026-09-18_01-53,ChainChest,1,3,0,0,0,364,2026-09-18T03:03:58,364,0,0
2026-09-18_01-53,Log,7,0,20,9,0,3,2026-09-18T01:54:32,339,234,0
2026-09-18_01-53,CopperIngot,2,0,9,7,0,8,2026-09-18T02:50:25,320,279,0
2026-09-18_01-53,PlateLegs,1,0,0,0,0,240,2026-09-18T02:57:45,240,0,0
2026-09-18_01-53,RingmailLegs,1,0,0,0,0,192,2026-09-18T03:04:31,192,0,0
2026-09-18_01-53,LeatherGloves,4,1,0,0,0,27,2026-09-18T03:03:28,99,0,0
2026-09-18_01-53,DispelFieldScroll,1,4,0,0,0,88,2026-09-18T02:58:58,88,0,0
2026-09-18_01-53,BladeSpiritsScroll,1,0,1,0,0,52,2026-09-18T02:06:06,52,52,0
2026-09-18_03-05,RawRibs,794,317,2123,914,0,4,2026-09-18T03:16:13,38699,10373,0
2026-09-18_03-05,ChainLegs,25,155,1,0,15,1314,2026-09-18T05:26:43,24129,1143,12903
2026-09-18_03-05,LeatherChest,71,374,33,0,34,497,2026-09-18T05:10:43,22105,10009,10108
2026-09-18_03-05,LeatherBustierArms,35,222,3,0,23,284,2026-09-18T05:21:13,6565,533,3647
2026-09-18_03-05,LeatherLegs,22,108,3,0,16,478,2026-09-18T05:27:43,6369,912,4147
2026-09-18_03-05,LightningScroll,39,146,2,0,22,247,2026-09-18T05:20:43,6082,205,2883
2026-09-18_03-05,MindBlastScroll,28,157,1,0,18,302,2026-09-18T05:20:43,6021,174,3129
2026-09-18_03-05,LeatherSkirt,19,174,0,0,5,284,2026-09-18T05:26:13,4188,0,845
2026-09-18_03-05,EnergyBoltScroll,22,65,0,0,17,276,2026-09-18T05:16:13,3948,0,2568
2026-09-18_03-05,IronIngot,37,0,138,86,0,8,2026-09-18T03:05:48,3516,2896,0
2026-09-18_03-05,LeatherArms,19,92,0,0,3,159,2026-09-18T05:26:43,2653,0,349
2026-09-18_03-05,Leather,33,0,116,65,0,6,2026-09-18T03:05:48,2026,1744,0
2026-09-18_03-05,RingmailChest,8,0,0,0,0,216,2026-09-18T05:20:28,1728,0,0
2026-09-18_03-05,Feather,33,19,120,29,0,4,2026-09-18T03:16:13,1209,937,0
2026-09-18_03-05,PlateChest,1,10,0,0,0,1200,2026-09-18T05:25:13,1200,0,0
2026-09-18_03-05,RingmailLegs,5,3,1,0,0,289,2026-09-18T04:46:13,1057,289,0
2026-09-18_03-05,ResurrectionScroll,7,16,1,0,5,187,2026-09-18T04:30:43,1016,108,784
2026-09-18_03-05,ChainChest,3,3,0,0,0,276,2026-09-18T05:21:13,828,0,0
2026-09-18_03-05,Bolt,3,9,11,5,0,4,2026-09-18T05:27:43,761,34,0
2026-09-18_03-05,Log,17,0,61,20,0,3,2026-09-18T03:06:47,627,507,0
2026-09-18_03-05,ArchCureScroll,18,136,0,0,6,42,2026-09-18T05:25:13,569,0,100
2026-09-18_03-05,RingmailArms,3,0,3,0,0,168,2026-09-18T04:16:12,504,504,0
2026-09-18_03-05,PlateLegs,2,0,1,0,0,240,2026-09-18T05:12:08,480,240,0
2026-09-18_03-05,GreaterHealScroll,11,0,4,0,0,42,2026-09-18T03:07:33,462,168,0
2026-09-18_03-05,BladeSpiritsScroll,3,11,0,0,2,133,2026-09-18T04:21:13,273,0,221
2026-09-18_03-05,RingmailGloves,2,0,2,0,0,120,2026-09-18T05:25:01,240,240,0
2026-09-18_03-05,LeatherGloves,3,7,0,0,0,59,2026-09-18T05:23:13,170,0,0
2026-09-18_03-05,PlateGorget,1,0,0,0,0,120,2026-09-18T05:26:38,120,0,0
2026-09-18_03-05,LeatherCap,5,0,5,0,0,20,2026-09-18T05:20:30,100,100,0
2026-09-18_03-05,ArchProtectionScroll,1,0,1,0,0,42,2026-09-18T03:11:57,42,42,0
2026-09-18_03-05,ShadowIronIngot,1,0,5,1,0,2,2026-09-18T04:16:52,40,27,0
2026-09-18_05-28,RawRibs,446,137,991,525,0,4,2026-09-18T05:39:06,26589,6184,0
2026-09-18_05-28,LeatherChest,37,144,19,0,9,189,2026-09-18T06:19:36,6558,3591,1266
2026-09-18_05-28,LeatherBustierArms,36,171,1,0,3,108,2026-09-18T06:29:37,3375,94,231
2026-09-18_05-28,ChainLegs,7,24,0,0,0,432,2026-09-18T06:28:06,2744,0,0
2026-09-18_05-28,LeatherSkirt,26,98,0,0,1,94,2026-09-18T06:22:36,2348,0,82
2026-09-18_05-28,LeatherLegs,13,44,2,0,2,158,2026-09-18T06:22:36,1800,238,240
2026-09-18_05-28,EnergyBoltScroll,14,54,0,0,2,121,2026-09-18T06:22:06,1651,0,199
2026-09-18_05-28,MindBlastScroll,16,59,0,0,2,116,2026-09-18T06:29:37,1573,0,144
2026-09-18_05-28,LightningScroll,19,82,0,0,1,82,2026-09-18T06:22:06,1528,0,72
2026-09-18_05-28,Leather,13,0,49,36,0,6,2026-09-18T05:28:41,1259,1088,0
2026-09-18_05-28,ArchProtectionScroll,12,42,0,0,3,82,2026-09-18T06:25:06,901,0,183
2026-09-18_05-28,Feather,20,10,60,19,0,3,2026-09-18T05:28:41,671,516,0
2026-09-18_05-28,IronIngot,7,0,18,12,0,8,2026-09-18T05:39:29,554,375,0
2026-09-18_05-28,LeatherArms,9,8,0,0,0,54,2026-09-18T06:20:36,486,0,0
2026-09-18_05-28,GreaterHealScroll,8,1,4,0,1,55,2026-09-18T06:14:36,355,168,55
2026-09-18_05-28,Log,5,0,18,10,0,3,2026-09-18T05:29:41,300,215,0
2026-09-18_05-28,HarmScroll,6,0,5,0,0,39,2026-09-18T06:13:54,206,174,0
2026-09-18_05-28,RingmailLegs,1,0,0,0,0,192,2026-09-18T06:28:58,192,0,0
2026-09-18_05-28,RingmailArms,1,0,0,0,0,168,2026-09-18T06:29:44,168,0,0
2026-09-18_05-28,BladeSpiritsScroll,2,4,0,0,1,88,2026-09-18T06:20:36,140,0,52
2026-09-18_05-28,LeatherCap,1,0,1,0,0,20,2026-09-18T06:28:57,20,20,0
2026-09-18_06-30,RawRibs,1262,557,3200,1440,0,5,2026-09-18T06:51:47,55331,13755,0
2026-09-18_06-30,LeatherChest,72,429,2,0,61,2002,2026-09-18T10:20:47,49459,1621,32126
2026-09-18_06-30,ChainLegs,26,140,3,0,19,4013,2026-09-18T10:20:47,39733,3968,24340
2026-09-18_06-30,LeatherBustierArms,77,514,1,0,65,991,2026-09-18T10:18:47,29469,430,18668
2026-09-18_06-30,LeatherSkirt,57,413,0,0,41,991,2026-09-18T10:21:17,27546,0,12731
2026-09-18_06-30,EnergyBoltScroll,35,127,0,0,33,963,2026-09-18T10:22:47,12652,0,10851
2026-09-18_06-30,GreaterHealScroll,39,100,3,0,33,430,2026-09-18T09:35:17,9940,846,8192
2026-09-18_06-30,LeatherLegs,19,101,1,0,17,1120,2026-09-18T10:16:17,8734,549,7065
2026-09-18_06-30,ArchProtectionScroll,27,131,0,0,21,750,2026-09-18T10:18:47,8666,0,4263
2026-09-18_06-30,MindBlastScroll,37,148,2,0,29,604,2026-09-18T09:37:47,6545,692,5441
2026-09-18_06-30,IronIngot,62,0,242,113,0,8,2026-09-18T06:30:52,4186,3393,0
2026-09-18_06-30,LeatherArms,13,95,1,0,1,276,2026-09-18T10:18:47,3143,159,128
2026-09-18_06-30,Arrow,11,18,33,6,0,4,2026-09-18T10:24:47,2651,227,0
2026-09-18_06-30,Leather,52,0,200,60,0,6,2026-09-18T06:30:51,2356,1954,0
2026-09-18_06-30,Feather,55,42,199,52,0,3,2026-09-18T06:30:51,1807,1557,0
2026-09-18_06-30,ChainChest,3,18,0,0,2,838,2026-09-18T08:53:17,1754,0,1202
2026-09-18_06-30,RingmailChest,5,13,5,0,0,496,2026-09-18T10:21:47,1599,1599,0
2026-09-18_06-30,Log,15,0,52,19,0,3,2026-09-18T06:31:51,572,451,0
2026-09-18_06-30,LeatherGloves,6,37,0,0,0,88,2026-09-18T10:20:47,495,0,0
2026-09-18_06-30,CopperIngot,3,0,9,6,0,8,2026-09-18T07:35:16,480,288,0
2026-09-18_06-30,HarmScroll,6,13,2,0,0,133,2026-09-18T08:52:17,347,44,0
2026-09-18_06-30,LightningScroll,6,0,3,0,0,42,2026-09-18T06:32:04,252,126,0
2026-09-18_06-30,LeatherCap,15,0,15,0,0,20,2026-09-18T06:33:21,212,212,0
2026-09-18_06-30,BladeSpiritsScroll,1,11,1,0,0,208,2026-09-18T08:28:47,208,208,0
2026-09-18_06-30,DispelFieldScroll,1,10,0,0,0,200,2026-09-18T10:21:47,200,0,0
2026-09-18_06-30,PlateGorget,1,3,0,0,0,181,2026-09-18T10:23:17,181,0,0
2026-09-18_06-30,RingmailArms,1,0,1,0,0,168,2026-09-18T09:20:18,168,168,0
2026-09-18_06-30,Bolt,1,0,0,0,0,2,2026-09-18T10:22:49,162,0,0
2026-09-18_06-30,ArchCureScroll,1,3,0,0,0,63,2026-09-18T10:18:47,63,0,0
2026-09-18_06-30,ShadowIronIngot,1,0,5,1,0,2,2026-09-18T08:46:26,40,30,0
2026-09-18_10-25,RawRibs,87,0,15,7,0,3,2026-09-18T10:25:50,5115,54,0
2026-09-18_10-25,LeatherChest,23,0,0,0,0,96,2026-09-18T10:26:19,2208,0,0
2026-09-18_10-25,RingmailChest,7,0,0,0,0,216,2026-09-18T10:26:26,1512,0,0
2026-09-18_10-25,LeatherBustierArms,23,0,0,0,0,48,2026-09-18T10:26:19,1104,0,0
2026-09-18_10-25,MindBlastScroll,10,0,0,0,0,52,2026-09-18T10:25:52,520,0,0
2026-09-18_10-25,LightningScroll,12,0,0,0,0,42,2026-09-18T10:28:55,504,0,0
2026-09-18_10-25,IronIngot,3,0,14,11,0,8,2026-09-18T10:25:51,480,414,0
2026-09-18_10-25,Log,6,0,24,11,0,3,2026-09-18T10:26:50,337,254,0
2026-09-18_10-25,GreaterHealScroll,8,0,1,0,0,42,2026-09-18T10:28:26,336,42,0
2026-09-18_10-25,EnergyBoltScroll,5,0,0,0,0,62,2026-09-18T10:25:52,310,0,0
2026-09-18_10-25,Feather,5,0,3,0,0,3,2026-09-18T10:25:50,300,45,0
2026-09-18_10-25,Leather,4,0,11,7,0,6,2026-09-18T10:25:50,294,278,0
2026-09-18_10-25,LeatherSkirt,6,0,0,0,0,48,2026-09-18T10:29:31,288,0,0
2026-09-18_10-25,ChainChest,1,0,0,0,0,240,2026-09-18T10:26:18,240,0,0
2026-09-18_10-25,LeatherLegs,3,0,0,0,0,80,2026-09-18T10:30:22,240,0,0
2026-09-18_10-25,LeatherCap,11,0,7,0,0,20,2026-09-18T10:26:26,220,140,0
2026-09-18_10-25,ArchProtectionScroll,4,0,0,0,0,42,2026-09-18T10:31:27,168,0,0
2026-09-18_10-25,BladeSpiritsScroll,1,0,0,0,0,52,2026-09-18T10:25:51,52,0,0
2026-09-18_10-33,RawRibs,94,0,23,11,0,3,2026-09-18T10:33:23,5472,114,0
2026-09-18_10-33,LeatherChest,34,0,0,0,0,96,2026-09-18T10:33:52,3264,0,0
2026-09-18_10-33,LeatherBustierArms,32,0,0,0,0,48,2026-09-18T10:33:54,1536,0,0
2026-09-18_10-33,IronIngot,5,0,24,19,0,8,2026-09-18T10:33:23,800,702,0
2026-09-18_10-33,MindBlastScroll,13,0,1,0,0,52,2026-09-18T10:33:24,676,52,0
2026-09-18_10-33,LeatherLegs,6,0,0,0,0,80,2026-09-18T10:36:28,480,0,0
2026-09-18_10-33,HarmScroll,21,0,0,0,0,22,2026-09-18T10:39:04,462,0,0
2026-09-18_10-33,GreaterHealScroll,10,0,0,0,0,42,2026-09-18T10:35:55,420,0,0
2026-09-18_10-33,Leather,5,0,13,8,0,6,2026-09-18T10:33:23,318,296,0
2026-09-18_10-33,Feather,5,0,15,10,0,3,2026-09-18T10:33:22,300,200,0
2026-09-18_10-33,Log,5,0,19,10,0,3,2026-09-18T10:34:23,279,216,0
2026-09-18_10-33,ChainChest,1,0,0,0,0,240,2026-09-18T10:33:51,240,0,0
2026-09-18_10-33,LeatherSkirt,4,0,0,0,0,48,2026-09-18T10:37:51,192,0,0
2026-09-18_10-33,EnergyBoltScroll,1,0,0,0,0,62,2026-09-18T10:34:24,62,0,0
2026-09-18_10-33,BladeSpiritsScroll,1,0,0,0,0,52,2026-09-18T10:37:39,52,0,0
2026-09-18_10-33,LightningScroll,1,0,1,0,0,42,2026-09-18T10:34:55,42,42,0
2026-09-18_10-41,RawRibs,96,0,35,17,0,3,2026-09-18T10:41:27,5646,216,0
2026-09-18_10-41,LeatherChest,25,0,0,0,0,96,2026-09-18T10:41:55,2400,0,0
2026-09-18_10-41,LeatherBustierArms,41,0,0,0,0,48,2026-09-18T10:41:55,1968,0,0
2026-09-18_10-41,MindBlastScroll,14,0,0,0,0,52,2026-09-18T10:41:28,728,0,0
2026-09-18_10-41,IronIngot,4,0,17,13,0,8,2026-09-18T10:41:27,640,578,0
2026-09-18_10-41,LeatherSkirt,10,0,0,0,0,48,2026-09-18T10:43:50,480,0,0
2026-09-18_10-41,GreaterHealScroll,9,0,5,0,0,42,2026-09-18T10:43:13,378,210,0
2026-09-18_10-41,HarmScroll,17,0,0,0,0,22,2026-09-18T10:47:45,374,0,0
2026-09-18_10-41,Log,7,0,16,8,0,3,2026-09-18T10:42:26,336,187,0
2026-09-18_10-41,Feather,6,0,18,10,0,3,2026-09-18T10:41:26,320,215,0
2026-09-18_10-41,LightningScroll,7,0,0,0,0,42,2026-09-18T10:42:18,294,0,0
2026-09-18_10-41,ChainChest,1,0,0,0,0,240,2026-09-18T10:41:54,240,0,0
2026-09-18_10-41,ChainLegs,1,0,0,0,0,216,2026-09-18T10:49:06,216,0,0
2026-09-18_10-41,LeatherLegs,2,0,0,0,0,80,2026-09-18T10:44:41,160,0,0
2026-09-18_10-41,EnergyBoltScroll,2,0,0,0,0,62,2026-09-18T10:44:01,124,0,0
2026-09-18_10-41,Leather,1,0,4,3,0,6,2026-09-18T10:41:27,120,105,0
2026-09-18_10-41,BladeSpiritsScroll,1,0,0,0,0,52,2026-09-18T10:47:29,52,0,0
2026-09-18_10-50,RawRibs,80,0,7,3,0,3,2026-09-18T10:50:16,4800,36,0
2026-09-18_10-50,LeatherChest,31,0,0,0,0,96,2026-09-18T10:50:44,2976,0,0
2026-09-18_10-50,LeatherBustierArms,33,0,0,0,0,48,2026-09-18T10:50:43,1584,0,0
2026-09-18_10-50,IronIngot,5,0,14,9,0,8,2026-09-18T10:50:16,800,525,0
2026-09-18_10-50,MindBlastScroll,13,0,0,0,0,52,2026-09-18T10:50:17,676,0,0
2026-09-18_10-50,Leather,6,0,16,10,0,6,2026-09-18T10:50:16,516,396,0
2026-09-18_10-50,GreaterHealScroll,8,0,1,0,0,42,2026-09-18T10:52:42,336,42,0
2026-09-18_10-50,Feather,5,0,11,6,0,3,2026-09-18T10:50:15,300,160,0
2026-09-18_10-50,Log,5,0,18,9,0,3,2026-09-18T10:51:15,300,210,0
2026-09-18_10-50,LightningScroll,4,0,0,0,0,42,2026-09-18T10:52:25,168,0,0
2026-09-18_10-50,LeatherLegs,2,0,0,0,0,80,2026-09-18T10:52:44,160,0,0
2026-09-18_10-50,LeatherSkirt,2,0,0,0,0,48,2026-09-18T10:53:24,96,0,0
2026-09-18_10-50,EnergyBoltScroll,1,0,0,0,0,62,2026-09-18T10:52:15,62,0,0
2026-09-18_10-50,ArchProtectionScroll,1,0,0,0,0,42,2026-09-18T10:54:57,42,0,0
2026-09-18_10-55,RawRibs,80,0,9,3,0,3,2026-09-18T10:55:48,4680,33,0
2026-09-18_10-55,LeatherChest,30,0,0,0,0,96,2026-09-18T10:56:17,2880,0,0
2026-09-18_10-55,LeatherBustierArms,25,0,0,0,0,48,2026-09-18T10:56:16,1200,0,0
2026-09-18_10-55,IronIngot,5,0,19,15,0,8,2026-09-18T10:55:48,800,565,0
2026-09-18_10-55,MindBlastScroll,15,0,0,0,0,52,2026-09-18T10:55:49,780,0,0
2026-09-18_10-55,Feather,5,0,14,9,0,3,2026-09-18T10:55:48,300,190,0
2026-09-18_10-55,Log,5,0,6,1,0,3,2026-09-18T10:56:48,300,90,0
2026-09-18_10-55,Leather,5,0,10,5,0,6,2026-09-18T10:55:48,252,231,0
2026-09-18_10-55,ChainLegs,1,0,0,0,0,216,2026-09-18T11:00:13,216,0,0
2026-09-18_10-55,GreaterHealScroll,5,0,0,0,0,42,2026-09-18T10:58:20,210,0,0
2026-09-18_10-55,LeatherLegs,2,0,0,0,0,80,2026-09-18T10:58:08,160,0,0
2026-09-18_10-55,LightningScroll,3,0,0,0,0,42,2026-09-18T10:59:26,126,0,0
2026-09-18_10-55,LeatherSkirt,2,0,0,0,0,48,2026-09-18T10:59:48,96,0,0
2026-09-18_10-55,EnergyBoltScroll,1,0,0,0,0,62,2026-09-18T10:55:49,62,0,0
2026-09-18_11-00,RawRibs,78,0,3,1,0,3,2026-09-18T11:00:48,4680,9,0
2026-09-18_11-00,LeatherChest,26,0,0,0,0,96,2026-09-18T11:01:19,2496,0,0
2026-09-18_11-00,LeatherBustierArms,37,0,0,0,0,48,2026-09-18T11:01:17,1776,0,0
2026-09-18_11-00,IronIngot,5,0,15,10,0,8,2026-09-18T11:00:48,800,506,0
2026-09-18_11-00,MindBlastScroll,10,0,0,0,0,52,2026-09-18T11:00:49,520,0,0
2026-09-18_11-00,Leather,5,0,1,0,0,6,2026-09-18T11:00:48,468,30,0
2026-09-18_11-00,Feather,5,0,4,1,0,3,2026-09-18T11:00:48,300,60,0
2026-09-18_11-00,Log,5,0,0,0,0,3,2026-09-18T11:01:48,300,0,0
2026-09-18_11-00,GreaterHealScroll,6,0,0,0,0,42,2026-09-18T11:03:46,252,0,0
2026-09-18_11-00,ChainChest,1,0,0,0,0,240,2026-09-18T11:01:17,240,0,0
2026-09-18_11-00,ChainLegs,1,0,0,0,0,216,2026-09-18T11:03:18,216,0,0
2026-09-18_11-00,LightningScroll,4,0,2,0,0,42,2026-09-18T11:01:16,168,84,0
2026-09-18_11-00,BladeSpiritsScroll,1,0,0,0,0,52,2026-09-18T11:04:05,52,0,0
2026-09-18_11-00,LeatherSkirt,1,0,0,0,0,48,2026-09-18T11:02:43,48,0,0
2026-09-18_11-04,RawRibs,242,65,432,226,0,4,2026-09-18T11:15:10,16561,3282,0
2026-09-18_11-04,LeatherChest,41,72,19,0,3,126,2026-09-18T11:25:40,5074,2394,302
2026-09-18_11-04,ChainLegs,9,4,0,0,0,248,2026-09-18T11:23:40,2232,0,0
2026-09-18_11-04,LeatherBustierArms,30,52,0,0,2,63,2026-09-18T11:25:40,1860,0,96
2026-09-18_11-04,MindBlastScroll,18,29,0,0,1,67,2026-09-18T11:25:10,1191,0,52
2026-09-18_11-04,LeatherSkirt,18,20,0,0,0,63,2026-09-18T11:27:10,1094,0,0
2026-09-18_11-04,EnergyBoltScroll,13,13,0,0,2,81,2026-09-18T11:26:10,1014,0,133
2026-09-18_11-04,Leather,11,0,37,26,0,6,2026-09-18T11:04:44,986,836,0
2026-09-18_11-04,LightningScroll,18,27,0,0,1,55,2026-09-18T11:27:10,969,0,48
2026-09-18_11-04,IronIngot,5,0,15,11,0,8,2026-09-18T11:04:45,800,476,0
2026-09-18_11-04,LeatherLegs,8,9,1,0,0,105,2026-09-18T11:28:10,788,105,0
2026-09-18_11-04,ArchProtectionScroll,12,13,0,0,1,55,2026-09-18T11:29:10,598,0,42
2026-09-18_11-04,Feather,9,3,23,10,0,3,2026-09-18T11:04:44,390,250,0
2026-09-18_11-04,ChainChest,1,2,0,0,0,317,2026-09-18T11:25:40,317,0,0
2026-09-18_11-04,Log,6,0,21,10,0,3,2026-09-18T11:05:44,315,240,0
2026-09-18_11-04,LeatherArms,6,0,1,0,0,32,2026-09-18T11:21:08,192,32,0
2026-09-18_11-04,CopperIngot,1,0,4,3,0,8,2026-09-18T11:30:05,160,145,0
2026-09-18_11-04,BladeSpiritsScroll,1,2,0,0,0,67,2026-09-18T11:29:10,67,0,0
2026-09-18_11-04,GreaterHealScroll,1,0,1,0,0,42,2026-09-18T11:07:49,42,42,0
2026-09-18_11-04,LeatherGloves,1,0,0,0,0,24,2026-09-18T11:31:25,24,0,0
2026-09-18_11-32,RawRibs,80,0,7,3,0,3,2026-09-18T11:32:54,4710,36,0
2026-09-18_11-32,LeatherChest,39,0,0,0,0,96,2026-09-18T11:33:23,3744,0,0
2026-09-18_11-32,LeatherBustierArms,33,0,0,0,0,48,2026-09-18T11:33:22,1584,0,0
2026-09-18_11-32,IronIngot,5,0,21,16,0,8,2026-09-18T11:32:55,800,721,0
2026-09-18_11-32,MindBlastScroll,10,0,0,0,0,52,2026-09-18T11:34:02,520,0,0
2026-09-18_11-32,GreaterHealScroll,9,0,3,0,0,42,2026-09-18T11:34:48,378,126,0
2026-09-18_11-32,LightningScroll,8,0,0,0,0,42,2026-09-18T11:34:40,336,0,0
2026-09-18_11-32,Feather,5,0,0,0,0,3,2026-09-18T11:32:54,300,0,0
2026-09-18_11-32,Log,6,0,17,9,0,3,2026-09-18T11:33:54,236,185,0
2026-09-18_11-32,LeatherLegs,2,0,0,0,0,80,2026-09-18T11:35:30,160,0,0
2026-09-18_11-32,EnergyBoltScroll,2,0,0,0,0,62,2026-09-18T11:34:37,124,0,0
2026-09-18_11-32,Leather,1,0,2,1,0,6,2026-09-18T11:32:54,120,60,0
2026-09-18_11-32,ArchProtectionScroll,2,0,0,0,0,42,2026-09-18T11:37:12,84,0,0
2026-09-18_11-38,RawRibs,177,59,251,122,0,4,2026-09-18T11:49:25,12710,2056,0
2026-09-18_11-38,LeatherChest,46,61,3,0,7,126,2026-09-18T12:00:25,5408,302,714
2026-09-18_11-38,LeatherBustierArms,34,49,1,0,1,63,2026-09-18T12:00:25,2033,48,48
2026-09-18_11-38,ChainLegs,7,3,2,0,0,248,2026-09-18T11:53:25,1672,496,0
2026-09-18_11-38,LeatherLegs,13,8,0,0,0,105,2026-09-18T12:01:55,1209,0,0
2026-09-18_11-38,LeatherSkirt,22,13,0,0,0,55,2026-09-18T11:52:55,1203,0,0
2026-09-18_11-38,MindBlastScroll,19,17,0,0,4,67,2026-09-18T11:59:25,1171,0,222
2026-09-18_11-38,Leather,13,0,38,24,0,6,2026-09-18T11:39:00,1062,885,0
2026-09-18_11-38,EnergyBoltScroll,12,3,0,0,0,71,2026-09-18T11:56:25,807,0,0
2026-09-18_11-38,IronIngot,5,0,15,11,0,8,2026-09-18T11:39:01,800,526,0
2026-09-18_11-38,GreaterHealScroll,12,4,6,0,0,48,2026-09-18T11:55:25,528,252,0
2026-09-18_11-38,Feather,10,0,26,10,0,3,2026-09-18T11:39:00,400,255,0
2026-09-18_11-38,ArchProtectionScroll,8,6,0,0,1,48,2026-09-18T11:56:25,378,0,42
2026-09-18_11-38,Log,6,0,22,10,0,3,2026-09-18T11:40:00,340,240,0
2026-09-18_11-38,HarmScroll,11,2,4,0,0,25,2026-09-18T12:01:25,251,88,0
2026-09-18_11-38,LeatherArms,4,2,0,0,0,36,2026-09-18T11:53:25,144,0,0
2026-09-18_11-38,BladeSpiritsScroll,1,1,0,0,0,59,2026-09-18T11:53:55,59,0,0
2026-09-18_11-38,LightningScroll,1,0,1,0,0,42,2026-09-18T11:40:59,42,42,0
2026-09-18_12-02,RawRibs,80,0,5,0,0,3,2026-09-18T12:02:36,4734,15,0
2026-09-18_12-02,LeatherChest,32,0,1,0,0,96,2026-09-18T12:03:05,3072,96,0
2026-09-18_12-02,LeatherBustierArms,31,0,0,0,0,48,2026-09-18T12:03:04,1488,0,0
2026-09-18_12-02,IronIngot,5,0,22,17,0,8,2026-09-18T12:02:36,800,709,0
2026-09-18_12-02,MindBlastScroll,12,0,0,0,0,52,2026-09-18T12:02:37,624,0,0
2026-09-18_12-02,GreaterHealScroll,8,0,0,0,0,42,2026-09-18T12:04:29,336,0,0
2026-09-18_12-02,Feather,5,0,4,0,0,3,2026-09-18T12:02:35,300,60,0
2026-09-18_12-02,Leather,3,0,7,4,0,6,2026-09-18T12:02:36,270,194,0
2026-09-18_12-02,Log,5,0,0,0,0,3,2026-09-18T12:03:35,258,0,0
2026-09-18_12-02,LightningScroll,6,0,0,0,0,42,2026-09-18T12:04:19,252,0,0
2026-09-18_12-02,ChainLegs,1,0,0,0,0,216,2026-09-18T12:05:38,216,0,0
2026-09-18_12-02,EnergyBoltScroll,3,0,0,0,0,62,2026-09-18T12:04:58,186,0,0
2026-09-18_12-02,LeatherSkirt,3,0,0,0,0,48,2026-09-18T12:06:27,144,0,0
2026-09-18_12-07,RawRibs,362,110,753,387,0,4,2026-09-18T12:17:39,20318,5113,0
2026-09-18_12-07,LeatherChest,40,124,0,0,7,165,2026-09-18T12:48:09,6277,0,874
2026-09-18_12-07,ChainLegs,11,23,0,0,0,376,2026-09-18T12:56:39,3646,0,0
2026-09-18_12-07,LeatherBustierArms,35,113,0,0,5,82,2026-09-18T12:48:09,2760,0,300
2026-09-18_12-07,HarmScroll,25,41,0,0,0,92,2026-09-18T12:50:09,2228,0,0
2026-09-18_12-07,LeatherSkirt,22,66,0,0,1,82,2026-09-18T12:50:09,1727,0,55
2026-09-18_12-07,EnergyBoltScroll,16,41,0,0,4,106,2026-09-18T12:47:39,1620,0,348
2026-09-18_12-07,IronIngot,11,0,33,24,0,8,2026-09-18T12:07:14,1582,1065,0
2026-09-18_12-07,MindBlastScroll,19,54,0,0,3,88,2026-09-18T12:47:39,1568,0,171
2026-09-18_12-07,ArchCureScroll,19,49,0,0,2,72,2026-09-18T12:54:39,1255,0,103
2026-09-18_12-07,LeatherLegs,9,28,0,0,0,138,2026-09-18T12:51:39,1170,0,0
2026-09-18_12-07,Leather,7,0,23,16,0,6,2026-09-18T12:07:14,600,526,0
2026-09-18_12-07,Feather,16,9,41,16,0,3,2026-09-18T12:07:13,542,393,0
2026-09-18_12-07,Log,9,0,28,12,0,3,2026-09-18T12:08:13,390,290,0
2026-09-18_12-07,GreaterHealScroll,9,0,2,0,0,42,2026-09-18T12:10:50,378,84,0
2026-09-18_12-07,RingmailChest,1,4,0,0,0,376,2026-09-18T12:54:39,376,0,0
2026-09-18_12-07,RingmailLegs,1,4,0,0,0,332,2026-09-18T12:55:09,332,0,0
2026-09-18_12-07,LightningScroll,4,0,1,0,0,42,2026-09-18T12:09:45,168,42,0
2026-09-18_12-07,BladeSpiritsScroll,1,4,0,0,0,88,2026-09-18T12:47:39,88,0,0
2026-09-18_12-07,LeatherArms,1,3,0,0,0,47,2026-09-18T12:50:09,47,0,0
2026-09-18_12-57,RawRibs,211,61,328,162,0,4,2026-09-18T13:07:59,14956,2553,0
2026-09-18_12-57,LeatherChest,34,60,0,0,1,126,2026-09-18T13:18:59,4204,0,110
2026-09-18_12-57,LeatherBustierArms,39,54,0,0,3,63,2026-09-18T13:18:59,2372,0,144
2026-09-18_12-57,IronIngot,10,0,39,29,0,8,2026-09-18T12:57:35,1376,1163,0
2026-09-18_12-57,ChainLegs,5,3,0,0,0,285,2026-09-18T13:23:59,1277,0,0
2026-09-18_12-57,LeatherSkirt,20,26,0,0,1,63,2026-09-18T13:19:59,1220,0,55
2026-09-18_12-57,MindBlastScroll,18,29,0,0,0,67,2026-09-18T13:17:59,1198,0,0
2026-09-18_12-57,LeatherLegs,11,13,0,0,1,105,2026-09-18T13:21:29,1077,0,92
2026-09-18_12-57,Leather,11,0,41,30,0,6,2026-09-18T12:57:34,960,850,0
2026-09-18_12-57,EnergyBoltScroll,12,14,0,0,1,81,2026-09-18T13:17:59,942,0,71
2026-09-18_12-57,RingmailChest,4,2,0,0,0,248,2026-09-18T13:24:29,928,0,0
2026-09-18_12-57,Feather,12,3,32,13,0,3,2026-09-18T12:57:34,490,315,0
2026-09-18_12-57,ArchProtectionScroll,9,11,0,0,0,55,2026-09-18T13:23:59,446,0,0
2026-09-18_12-57,GreaterHealScroll,10,1,3,0,0,55,2026-09-18T13:16:29,433,126,0
2026-09-18_12-57,Log,9,0,34,12,0,3,2026-09-18T12:58:34,336,287,0
2026-09-18_12-57,LightningScroll,5,0,4,0,0,42,2026-09-18T12:59:31,210,168,0
2026-09-18_12-57,BladeSpiritsScroll,1,2,0,0,0,67,2026-09-18T13:17:59,67,0,0
2026-09-18_12-57,LeatherCap,3,0,3,0,0,20,2026-09-18T13:14:19,60,60,0
2026-09-18_13-25,RawRibs,88,0,23,11,0,3,2026-09-18T13:25:47,5238,174,0
2026-09-18_13-25,LeatherChest,31,0,0,0,0,96,2026-09-18T13:26:16,2976,0,0
2026-09-18_13-25,LeatherBustierArms,32,0,0,0,0,48,2026-09-18T13:26:15,1536,0,0
2026-09-18_13-25,IronIngot,4,0,19,15,0,8,2026-09-18T13:25:48,640,562,0
2026-09-18_13-25,MindBlastScroll,12,0,0,0,0,52,2026-09-18T13:25:49,624,0,0
2026-09-18_13-25,LeatherSkirt,10,0,0,0,0,48,2026-09-18T13:28:45,480,0,0
2026-09-18_13-25,GreaterHealScroll,11,0,2,0,0,42,2026-09-18T13:27:41,462,84,0
2026-09-18_13-25,ChainLegs,2,0,0,0,0,216,2026-09-18T13:31:39,432,0,0
2026-09-18_13-25,Leather,3,0,13,10,0,6,2026-09-18T13:25:47,330,288,0
2026-09-18_13-25,Log,7,0,22,11,0,3,2026-09-18T13:26:47,317,238,0
2026-09-18_13-25,Feather,5,0,15,10,0,3,2026-09-18T13:25:47,300,200,0
2026-09-18_13-25,LightningScroll,5,0,0,0,0,42,2026-09-18T13:27:06,210,0,0
2026-09-18_13-25,HarmScroll,8,0,0,0,0,22,2026-09-18T13:32:21,176,0,0
2026-09-18_13-25,LeatherLegs,2,0,0,0,0,80,2026-09-18T13:29:26,160,0,0
2026-09-18_13-25,ArchProtectionScroll,2,0,0,0,0,42,2026-09-18T13:31:37,84,0,0
2026-09-18_13-25,BladeSpiritsScroll,1,0,0,0,0,52,2026-09-18T13:32:44,52,0,0
2026-09-18_13-33,RawRibs,225,71,386,194,0,4,2026-09-18T13:44:10,16544,3166,0
2026-09-18_13-33,LeatherChest,42,77,0,0,1,126,2026-09-18T13:55:10,5214,0,96
2026-09-18_13-33,ChainLegs,12,5,0,0,0,248,2026-09-18T13:53:10,2880,0,0
2026-09-18_13-33,LeatherBustierArms,24,45,0,0,0,63,2026-09-18T13:55:10,1504,0,0
2026-09-18_13-33,MindBlastScroll,17,30,0,0,1,67,2026-09-18T13:54:10,1124,0,52
2026-09-18_13-33,IronIngot,8,0,39,21,0,8,2026-09-18T13:33:45,920,788,0
2026-09-18_13-33,LeatherLegs,8,9,0,0,0,105,2026-09-18T13:58:40,801,0,0
2026-09-18_13-33,LightningScroll,15,16,0,0,0,55,2026-09-18T13:58:10,776,0,0
2026-09-18_13-33,EnergyBoltScroll,9,6,0,0,4,81,2026-09-18T13:54:10,689,0,284
2026-09-18_13-33,LeatherSkirt,11,12,0,0,0,63,2026-09-18T13:58:10,645,0,0
2026-09-18_13-33,GreaterHealScroll,10,20,0,0,0,55,2026-09-18T13:56:40,550,0,0
2026-09-18_13-33,Feather,16,6,35,11,0,3,2026-09-18T13:33:44,500,360,0
2026-09-18_13-33,Leather,8,0,26,15,0,6,2026-09-18T13:33:44,466,380,0
2026-09-18_13-33,Log,9,0,26,14,0,3,2026-09-18T13:34:44,456,297,0
2026-09-18_13-33,HarmScroll,18,16,0,0,0,25,2026-09-18T13:55:10,450,0,0
2026-09-18_13-33,ChainChest,1,1,0,0,0,276,2026-09-18T13:53:40,276,0,0
2026-09-18_13-33,DispelFieldScroll,1,1,0,0,0,59,2026-09-18T14:00:40,59,0,0
2026-09-18_13-33,BladeSpiritsScroll,1,0,1,0,0,52,2026-09-18T13:44:17,52,52,0
2026-09-18_13-33,ArchCureScroll,1,1,0,0,0,48,2026-09-18T13:57:40,48,0,0
2026-09-18_14-02,RawRibs,267,69,440,217,0,4,2026-09-18T14:12:35,19440,4021,0
2026-09-18_14-02,LeatherChest,37,75,9,0,4,144,2026-09-18T14:34:05,4778,990,458
2026-09-18_14-02,ChainLegs,13,10,0,0,0,285,2026-09-18T14:26:05,3705,0,0
2026-09-18_14-02,LeatherBustierArms,42,93,3,0,4,72,2026-09-18T14:34:05,2794,165,207
2026-09-18_14-02,LeatherSkirt,20,20,0,0,0,63,2026-09-18T14:26:05,1260,0,0
2026-09-18_14-02,IronIngot,8,0,30,22,0,8,2026-09-18T14:02:10,1024,917,0
2026-09-18_14-02,LightningScroll,18,32,0,0,0,63,2026-09-18T14:35:05,998,0,0
2026-09-18_14-02,HarmScroll,22,20,14,0,0,28,2026-09-18T14:34:35,750,353,0
2026-09-18_14-02,EnergyBoltScroll,10,13,0,0,0,81,2026-09-18T14:34:05,740,0,0
2026-09-18_14-02,MindBlastScroll,11,15,0,0,0,67,2026-09-18T14:28:05,689,0,0
2026-09-18_14-02,GreaterHealScroll,11,29,0,0,0,63,2026-09-18T14:35:05,661,0,0
2026-09-18_14-02,LeatherLegs,5,7,2,0,0,105,2026-09-18T14:34:05,486,184,0
2026-09-18_14-02,Feather,13,2,32,10,0,3,2026-09-18T14:02:09,480,285,0
2026-09-18_14-02,Log,13,0,45,10,0,3,2026-09-18T14:03:09,405,340,0
2026-09-18_14-02,Leather,7,0,21,11,0,6,2026-09-18T14:02:10,342,300,0
2026-09-18_14-02,ChainChest,1,2,1,0,0,317,2026-09-18T14:23:35,317,317,0
2026-09-18_14-02,LeatherArms,7,3,0,0,0,36,2026-09-18T14:32:05,240,0,0
2026-09-18_14-02,BladeSpiritsScroll,1,2,0,0,0,67,2026-09-18T14:27:35,67,0,0
2026-09-18_14-02,LeatherGloves,1,0,0,0,0,24,2026-09-18T14:26:48,24,0,0
2026-09-18_14-35,RawRibs,309,39,615,328,0,4,2026-09-18T14:46:14,16378,3750,0
2026-09-18_14-35,LeatherChest,46,65,32,0,4,144,2026-09-18T15:07:14,5550,3760,398
2026-09-18_14-35,ChainLegs,11,16,0,0,3,327,2026-09-18T15:10:44,3244,0,712
2026-09-18_14-35,LeatherLegs,21,42,1,0,2,120,2026-09-18T15:10:44,2347,92,185
2026-09-18_14-35,LeatherBustierArms,34,87,5,0,2,72,2026-09-18T15:06:44,2331,291,96
2026-09-18_14-35,LeatherSkirt,26,53,0,0,2,72,2026-09-18T15:08:44,1821,0,111
2026-09-18_14-35,MindBlastScroll,18,36,0,0,3,77,2026-09-18T15:08:14,1333,0,178
2026-09-18_14-35,EnergyBoltScroll,14,20,0,0,3,93,2026-09-18T15:09:14,1203,0,204
2026-09-18_14-35,IronIngot,8,0,34,26,0,8,2026-09-18T14:35:49,1105,975,0
2026-09-18_14-35,LightningScroll,18,18,9,0,0,66,2026-09-18T15:15:14,917,387,0
2026-09-18_14-35,LeatherArms,19,27,1,0,0,47,2026-09-18T15:15:44,780,36,0
2026-09-18_14-35,Leather,17,1,57,21,0,6,2026-09-18T14:35:48,777,613,0
2026-09-18_14-35,Feather,15,8,47,21,0,3,2026-09-18T14:35:48,635,470,0
2026-09-18_14-35,ArchProtectionScroll,11,19,0,0,1,63,2026-09-18T15:12:14,622,0,48
2026-09-18_14-35,ArchCureScroll,10,7,5,0,0,62,2026-09-18T15:08:14,520,210,0
2026-09-18_14-35,GreaterHealScroll,8,0,3,0,0,42,2026-09-18T14:37:39,336,126,0
2026-09-18_14-35,Log,7,0,20,11,0,3,2026-09-18T14:36:48,303,240,0
2026-09-18_14-35,DispelFieldScroll,1,2,0,0,0,67,2026-09-18T15:06:14,67,0,0
2026-09-18_14-35,BladeSpiritsScroll,1,0,1,0,0,52,2026-09-18T14:42:43,52,52,0
2026-09-18_14-35,LeatherGloves,2,1,0,0,0,27,2026-09-18T15:14:14,51,0,0
2026-09-18_15-16,RawRibs,117,46,85,40,0,4,2026-09-18T15:26:37,7928,624,0
2026-09-18_15-16,LeatherChest,40,35,0,0,4,110,2026-09-18T15:27:07,4344,0,384
2026-09-18_15-16,LeatherBustierArms,37,32,0,0,3,55,2026-09-18T15:27:07,2007,0,144
2026-09-18_15-16,IronIngot,5,0,24,19,0,8,2026-09-18T15:16:13,800,709,0
2026-09-18_15-16,MindBlastScroll,12,6,0,0,0,59,2026-09-18T15:27:37,701,0,0
2026-09-18_15-16,HarmScroll,27,16,0,0,0,25,2026-09-18T15:31:37,642,0,0
2026-09-18_15-16,EnergyBoltScroll,9,0,0,0,0,62,2026-09-18T15:29:04,558,0,0
2026-09-18_15-16,LeatherSkirt,9,5,0,0,0,55,2026-09-18T15:30:07,467,0,0
2026-09-18_15-16,ChainLegs,2,1,0,0,1,248,2026-09-18T15:30:37,464,0,216
2026-09-18_15-16,LeatherLegs,5,4,0,0,0,92,2026-09-18T15:29:07,460,0,0
2026-09-18_15-16,ArchProtectionScroll,10,2,0,0,1,48,2026-09-18T15:31:37,444,0,42
2026-09-18_15-16,GreaterHealScroll,10,0,4,0,0,43,2026-09-18T15:25:43,421,168,0
2026-09-18_15-16,Feather,10,3,21,10,0,3,2026-09-18T15:16:12,391,245,0
2026-09-18_15-16,Log,9,0,28,12,0,3,2026-09-18T15:17:12,346,265,0
2026-09-18_15-16,Leather,4,0,13,9,0,6,2026-09-18T15:16:12,304,249,0
2026-09-18_15-16,LightningScroll,2,0,2,0,0,42,2026-09-18T15:18:21,84,84,0
2026-09-18_15-16,BladeSpiritsScroll,1,0,0,0,0,52,2026-09-18T15:23:20,52,0,0
2026-09-18_15-33,RawRibs,580,206,1307,645,0,4,2026-09-18T15:43:39,30592,7770,0
2026-09-18_15-33,LeatherBustierArms,54,306,3,0,15,142,2026-09-18T16:56:09,6520,312,1144
2026-09-18_15-33,LeatherChest,34,128,26,0,8,217,2026-09-18T16:37:09,6097,5054,1043
2026-09-18_15-33,LeatherSkirt,33,218,0,0,2,142,2026-09-18T16:59:09,4460,0,202
2026-09-18_15-33,ChainLegs,7,44,3,0,0,655,2026-09-18T17:02:39,4001,1721,0
2026-09-18_15-33,LightningScroll,26,123,0,0,9,124,2026-09-18T16:56:09,2885,0,777
2026-09-18_15-33,MindBlastScroll,18,111,0,0,4,174,2026-09-18T17:04:09,2589,0,395
2026-09-18_15-33,EnergyBoltScroll,14,54,0,0,6,159,2026-09-18T16:57:09,1751,0,479
2026-09-18_15-33,LeatherLegs,12,28,9,0,3,181,2026-09-18T16:46:09,1720,1370,350
2026-09-18_15-33,ArchProtectionScroll,16,72,1,0,7,124,2026-09-18T16:59:09,1678,108,610
2026-09-18_15-33,IronIngot,20,0,77,42,0,8,2026-09-18T15:33:14,1650,1400,0
2026-09-18_15-33,HarmScroll,25,125,0,0,0,54,2026-09-18T16:59:09,1640,0,0
2026-09-18_15-33,Leather,26,0,99,37,0,6,2026-09-18T15:33:13,1231,984,0
2026-09-18_15-33,LeatherArms,14,29,2,0,0,93,2026-09-18T17:04:09,1121,125,0
2026-09-18_15-33,Feather,26,21,79,25,0,3,2026-09-18T15:33:13,913,698,0
2026-09-18_15-33,ChainChest,1,5,1,0,0,480,2026-09-18T16:32:09,480,480,0
2026-09-18_15-33,Log,10,0,35,15,0,3,2026-09-18T15:34:13,398,330,0
2026-09-18_15-33,PlateGorget,2,0,2,0,0,120,2026-09-18T16:53:35,240,240,0
2026-09-18_15-33,LeatherGloves,7,8,0,0,0,35,2026-09-18T16:57:09,237,0,0
2026-09-18_15-33,GreaterHealScroll,5,0,2,0,0,42,2026-09-18T15:35:06,210,84,0
2026-09-18_15-33,DispelFieldScroll,1,8,0,0,0,152,2026-09-18T17:02:39,152,0,0
2026-09-18_15-33,ResurrectionScroll,1,0,0,0,0,82,2026-09-18T16:56:08,82,0,0
2026-09-18_15-33,CopperIngot,1,0,6,1,0,2,2026-09-18T16:58:39,40,29,0
2026-09-18_15-33,LeatherCap,2,0,2,0,0,20,2026-09-18T16:46:56,40,40,0
2026-09-18_17-05,RawRibs,88,0,16,8,0,3,2026-09-18T17:05:48,5244,117,0
2026-09-18_17-05,LeatherChest,34,0,1,0,0,96,2026-09-18T17:06:17,3264,96,0
2026-09-18_17-05,LeatherBustierArms,33,0,1,0,0,48,2026-09-18T17:06:16,1584,48,0
2026-09-18_17-05,IronIngot,3,0,13,10,0,8,2026-09-18T17:05:49,480,424,0
2026-09-18_17-05,MindBlastScroll,9,0,0,0,0,52,2026-09-18T17:05:49,468,0,0
2026-09-18_17-05,GreaterHealScroll,11,0,0,0,0,42,2026-09-18T17:08:24,462,0,0
2026-09-18_17-05,Leather,4,0,16,12,0,6,2026-09-18T17:05:48,411,332,0
2026-09-18_17-05,LeatherLegs,4,0,0,0,0,80,2026-09-18T17:08:56,320,0,0
2026-09-18_17-05,Feather,5,0,9,4,0,3,2026-09-18T17:05:47,300,135,0
2026-09-18_17-05,Log,6,0,22,11,0,3,2026-09-18T17:06:47,298,237,0
2026-09-18_17-05,LightningScroll,5,0,0,0,0,42,2026-09-18T17:08:01,210,0,0
2026-09-18_17-05,LeatherSkirt,4,0,0,0,0,48,2026-09-18T17:08:46,192,0,0
2026-09-18_17-05,BladeSpiritsScroll,1,0,0,0,0,52,2026-09-18T17:10:06,52,0,0
2026-09-18_17-13,RawRibs,99,54,36,16,0,4,2026-09-18T17:23:35,6847,277,0
2026-09-18_17-13,LeatherChest,33,26,0,0,1,110,2026-09-18T17:24:05,3532,0,96
2026-09-18_17-13,LeatherBustierArms,34,30,0,0,0,55,2026-09-18T17:24:05,1849,0,0
2026-09-18_17-13,IronIngot,6,0,26,20,0,8,2026-09-18T17:13:10,891,802,0
2026-09-18_17-13,MindBlastScroll,14,12,0,0,1,59,2026-09-18T17:23:35,819,0,52
2026-09-18_17-13,LightningScroll,16,4,1,0,0,48,2026-09-18T17:24:35,732,48,0
2026-09-18_17-13,EnergyBoltScroll,7,4,0,0,1,71,2026-09-18T17:26:05,479,0,62
2026-09-18_17-13,LeatherSkirt,9,0,0,0,0,48,2026-09-18T17:18:21,432,0,0
2026-09-18_17-13,GreaterHealScroll,10,0,1,0,0,42,2026-09-18T17:15:01,420,42,0
2026-09-18_17-13,LeatherLegs,5,0,0,0,0,80,2026-09-18T17:18:40,400,0,0
2026-09-18_17-13,Log,10,0,26,13,0,3,2026-09-18T17:14:09,305,260,0
2026-09-18_17-13,Feather,5,0,16,10,0,3,2026-09-18T17:13:09,300,205,0
2026-09-18_17-13,ChainChest,1,1,1,0,0,276,2026-09-18T17:24:05,276,276,0
2026-09-18_17-13,ArchCureScroll,6,0,2,0,0,42,2026-09-18T17:19:46,252,84,0
2026-09-18_17-13,ArchProtectionScroll,6,0,0,0,0,42,2026-09-18T17:20:37,252,0,0
2026-09-18_17-13,ChainLegs,1,0,0,0,0,216,2026-09-18T17:22:05,216,0,0
2026-09-18_17-13,Leather,2,0,7,5,0,6,2026-09-18T17:13:09,168,150,0
2026-09-18_17-13,BladeSpiritsScroll,1,0,0,0,0,52,2026-09-18T17:22:09,52,0,0
2026-09-18_17-13,LeatherArms,1,0,0,0,0,32,2026-09-18T17:26:10,32,0,0
2026-09-18_17-27,RawRibs,279,64,545,291,0,4,2026-09-18T17:38:26,19618,4459,0
2026-09-18_17-27,LeatherChest,42,76,1,0,1,126,2026-09-18T17:49:26,5246,96,110
2026-09-18_17-27,ChainLegs,10,2,6,0,1,248,2026-09-18T17:45:26,2416,1488,216
2026-09-18_17-27,LeatherBustierArms,33,59,0,0,0,63,2026-09-18T17:49:26,2079,0,0
2026-09-18_17-27,LeatherSkirt,26,35,0,0,0,63,2026-09-18T17:52:26,1550,0,0
2026-09-18_17-27,IronIngot,8,0,23,17,0,8,2026-09-18T17:28:01,1144,670,0
2026-09-18_17-27,MindBlastScroll,17,27,0,0,5,77,2026-09-18T17:58:26,1136,0,282
2026-09-18_17-27,Leather,11,0,43,27,0,6,2026-09-18T17:28:01,1028,894,0
2026-09-18_17-27,LeatherLegs,10,16,0,0,0,105,2026-09-18T17:53:56,1024,0,0
2026-09-18_17-27,EnergyBoltScroll,12,13,0,0,0,81,2026-09-18T17:51:56,932,0,0
2026-09-18_17-27,ArchProtectionScroll,12,11,0,0,2,55,2026-09-18T17:56:56,578,0,84
2026-09-18_17-27,GreaterHealScroll,10,1,1,0,0,57,2026-09-18T17:51:26,435,42,0
2026-09-18_17-27,Feather,9,2,27,12,0,3,2026-09-18T17:28:00,397,280,0
2026-09-18_17-27,Log,6,0,24,10,0,3,2026-09-18T17:29:00,320,245,0
2026-09-18_17-27,LeatherArms,6,2,0,0,0,36,2026-09-18T17:52:56,208,0,0
2026-09-18_17-27,LightningScroll,4,0,4,0,0,42,2026-09-18T17:30:29,168,168,0
2026-09-18_17-27,BladeSpiritsScroll,1,2,0,0,0,67,2026-09-18T17:54:56,67,0,0
2026-09-18_17-59,RawRibs,87,0,22,11,0,3,2026-09-18T17:59:43,5130,102,0
2026-09-18_17-59,LeatherChest,34,0,1,0,0,96,2026-09-18T18:00:11,3264,96,0
2026-09-18_17-59,LeatherBustierArms,31,0,0,0,0,48,2026-09-18T18:00:13,1488,0,0
2026-09-18_17-59,IronIngot,5,0,22,17,0,8,2026-09-18T17:59:44,800,716,0
2026-09-18_17-59,MindBlastScroll,13,0,0,0,0,52,2026-09-18T17:59:44,676,0,0
2026-09-18_17-59,GreaterHealScroll,11,0,0,0,0,42,2026-09-18T18:02:37,462,0,0
2026-09-18_17-59,ChainLegs,2,0,0,0,0,216,2026-09-18T18:02:22,432,0,0
2026-09-18_17-59,Feather,5,0,15,10,0,3,2026-09-18T17:59:43,300,200,0
2026-09-18_17-59,LightningScroll,7,0,0,0,0,42,2026-09-18T18:02:19,294,0,0
2026-09-18_17-59,Leather,4,0,12,8,0,6,2026-09-18T17:59:43,284,211,0
2026-09-18_17-59,LeatherLegs,3,0,0,0,0,80,2026-09-18T18:03:48,240,0,0
2026-09-18_17-59,Log,5,0,8,3,0,3,2026-09-18T18:00:43,237,111,0
2026-09-18_17-59,LeatherSkirt,3,0,0,0,0,48,2026-09-18T18:02:30,144,0,0
2026-09-18_17-59,EnergyBoltScroll,1,0,0,0,0,62,2026-09-18T18:06:36,62,0,0
2026-09-18_17-59,BladeSpiritsScroll,1,0,0,0,0,52,2026-09-18T18:04:50,52,0,0
2026-09-18_18-07,RawRibs,309,60,583,305,0,4,2026-09-18T18:18:02,21460,4509,0
2026-09-18_18-07,LeatherChest,39,86,0,0,5,144,2026-09-18T18:39:32,5286,0,480
2026-09-18_18-07,LeatherBustierArms,39,103,0,0,3,72,2026-09-18T18:39:32,2704,0,166
2026-09-18_18-07,ChainLegs,7,7,0,0,0,285,2026-09-18T18:35:02,1847,0,0
2026-09-18_18-07,LeatherSkirt,27,39,0,0,0,63,2026-09-18T18:35:02,1645,0,0
2026-09-18_18-07,MindBlastScroll,16,38,0,0,1,77,2026-09-18T18:38:02,1182,0,67
2026-09-18_18-07,IronIngot,9,0,34,25,0,8,2026-09-18T18:07:37,1169,1059,0
2026-09-18_18-07,LeatherLegs,11,16,0,0,0,105,2026-09-18T18:33:02,1116,0,0
2026-09-18_18-07,LightningScroll,18,37,0,0,1,63,2026-09-18T18:41:02,1031,0,48
2026-09-18_18-07,EnergyBoltScroll,10,11,0,0,1,81,2026-09-18T18:40:32,720,0,71
2026-09-18_18-07,ArchProtectionScroll,10,16,0,0,2,55,2026-09-18T18:38:02,522,0,96
2026-09-18_18-07,Leather,8,0,31,16,0,6,2026-09-18T18:07:37,512,427,0
2026-09-18_18-07,Feather,14,4,33,14,0,3,2026-09-18T18:07:36,496,335,0
2026-09-18_18-07,Log,12,0,37,17,0,3,2026-09-18T18:08:36,407,336,0
2026-09-18_18-07,GreaterHealScroll,8,2,3,0,0,59,2026-09-18T18:40:32,353,126,0
2026-09-18_18-07,BladeSpiritsScroll,1,2,0,0,0,67,2026-09-18T18:35:02,67,0,0
2026-09-18_18-41,RawRibs,170,67,223,107,0,4,2026-09-18T18:52:29,12144,1848,0
2026-09-18_18-41,LeatherChest,35,33,0,0,1,110,2026-09-18T18:52:59,3836,0,96
2026-09-18_18-41,LeatherBustierArms,42,38,0,0,2,55,2026-09-18T18:52:59,2296,0,96
2026-09-18_18-41,ChainLegs,5,1,0,0,0,248,2026-09-18T19:02:29,1112,0,0
2026-09-18_18-41,LeatherSkirt,20,8,0,0,0,55,2026-09-18T18:54:59,1065,0,0
2026-09-18_18-41,MindBlastScroll,18,14,0,0,0,59,2026-09-18T18:53:29,1062,0,0
2026-09-18_18-41,LeatherLegs,11,4,0,0,0,92,2026-09-18T18:55:59,976,0,0
2026-09-18_18-41,EnergyBoltScroll,12,3,0,0,0,71,2026-09-18T18:54:59,843,0,0
2026-09-18_18-41,IronIngot,5,0,25,20,0,8,2026-09-18T18:42:04,800,696,0
2026-09-18_18-41,LightningScroll,12,0,6,0,0,42,2026-09-18T18:43:58,504,252,0
2026-09-18_18-41,ArchProtectionScroll,10,3,0,0,0,48,2026-09-18T18:57:59,450,0,0
2026-09-18_18-41,Feather,9,2,22,10,0,3,2026-09-18T18:42:03,370,245,0
2026-09-18_18-41,ArchCureScroll,8,0,6,0,0,44,2026-09-18T18:56:07,338,252,0
2026-09-18_18-41,GreaterHealScroll,7,0,2,0,0,42,2026-09-18T18:43:56,294,84,0
2026-09-18_18-41,Leather,6,0,16,8,0,6,2026-09-18T18:42:04,253,228,0
2026-09-18_18-41,Log,5,0,12,8,0,3,2026-09-18T18:43:03,195,144,0
2026-09-18_18-41,BladeSpiritsScroll,1,1,0,0,0,59,2026-09-18T19:00:59,59,0,0
2026-09-18_19-03,RawRibs,89,0,19,9,0,3,2026-09-18T19:03:20,5139,129,0
2026-09-18_19-03,LeatherChest,35,0,0,0,0,96,2026-09-18T19:03:47,3360,0,0
2026-09-18_19-03,LeatherBustierArms,29,0,0,0,0,48,2026-09-18T19:03:48,1392,0,0
2026-09-18_19-03,IronIngot,5,0,24,19,0,8,2026-09-18T19:03:20,800,702,0
2026-09-18_19-03,MindBlastScroll,8,0,0,0,0,52,2026-09-18T19:03:21,416,0,0
2026-09-18_19-03,Feather,5,0,0,0,0,3,2026-09-18T19:03:20,300,0,0
2026-09-18_19-03,GreaterHealScroll,7,0,3,0,0,42,2026-09-18T19:05:53,294,126,0
2026-09-18_19-03,LeatherLegs,3,0,0,0,0,80,2026-09-18T19:06:59,240,0,0
2026-09-18_19-03,LeatherSkirt,5,0,0,0,0,48,2026-09-18T19:05:34,240,0,0
2026-09-18_19-03,LightningScroll,5,0,0,0,0,42,2026-09-18T19:05:51,210,0,0
2026-09-18_19-03,Log,5,0,0,0,0,3,2026-09-18T19:04:20,195,0,0
2026-09-18_19-03,Leather,1,0,4,3,0,6,2026-09-18T19:03:20,120,105,0
2026-09-18_19-03,EnergyBoltScroll,1,0,0,0,0,62,2026-09-18T19:05:30,62,0,0
2026-09-18_19-03,ArchProtectionScroll,1,0,0,0,0,42,2026-09-18T19:08:24,42,0,0
2026-09-18_19-09,RawRibs,85,0,12,4,0,3,2026-09-18T19:09:28,4989,87,0
2026-09-18_19-09,LeatherChest,36,0,0,0,0,96,2026-09-18T19:09:57,3456,0,0
2026-09-18_19-09,LeatherBustierArms,32,0,0,0,0,48,2026-09-18T19:09:58,1536,0,0
2026-09-18_19-09,IronIngot,5,0,24,19,0,8,2026-09-18T19:09:28,800,698,0
2026-09-18_19-09,MindBlastScroll,11,0,0,0,0,52,2026-09-18T19:09:29,572,0,0
2026-09-18_19-09,GreaterHealScroll,9,0,4,0,0,42,2026-09-18T19:12:35,378,168,0
2026-09-18_19-09,LeatherLegs,4,0,0,0,0,80,2026-09-18T19:11:32,320,0,0
2026-09-18_19-09,Feather,5,0,11,6,0,3,2026-09-18T19:09:28,300,160,0
2026-09-18_19-09,Log,5,0,13,6,0,3,2026-09-18T19:10:28,258,165,0
2026-09-18_19-09,Leather,2,0,6,4,0,6,2026-09-18T19:09:28,155,140,0
2026-09-18_19-09,LeatherSkirt,3,0,0,0,0,48,2026-09-18T19:15:39,144,0,0
2026-09-18_19-09,ArchProtectionScroll,3,0,0,0,0,42,2026-09-18T19:14:24,126,0,0
2026-09-18_19-09,LightningScroll,2,0,2,0,0,42,2026-09-18T19:11:44,84,84,0
2026-09-18_19-09,BladeSpiritsScroll,1,0,0,0,0,52,2026-09-18T19:16:30,52,0,0
2026-09-18_19-17,RawRibs,81,0,7,3,0,3,2026-09-18T19:17:32,4692,63,0
2026-09-18_19-17,LeatherChest,28,0,0,0,0,96,2026-09-18T19:17:59,2688,0,0
2026-09-18_19-17,LeatherBustierArms,36,0,0,0,0,48,2026-09-18T19:18:01,1728,0,0
2026-09-18_19-17,IronIngot,5,0,23,18,0,8,2026-09-18T19:17:33,800,708,0
2026-09-18_19-17,MindBlastScroll,11,0,0,0,0,52,2026-09-18T19:18:04,572,0,0
2026-09-18_19-17,GreaterHealScroll,10,0,0,0,0,42,2026-09-18T19:20:48,420,0,0
2026-09-18_19-17,Feather,5,0,15,10,0,3,2026-09-18T19:17:32,300,200,0
2026-09-18_19-17,ChainLegs,1,0,0,0,0,216,2026-09-18T19:24:03,216,0,0
2026-09-18_19-17,Leather,2,0,7,5,0,6,2026-09-18T19:17:32,186,170,0
2026-09-18_19-17,Log,4,0,7,3,0,3,2026-09-18T19:18:32,156,105,0
2026-09-18_19-17,LightningScroll,3,0,3,0,0,42,2026-09-18T19:18:56,126,126,0
2026-09-18_19-17,BladeSpiritsScroll,1,0,0,0,0,52,2026-09-18T19:22:52,52,0,0
2026-09-18_19-17,LeatherSkirt,1,0,0,0,0,48,2026-09-18T19:22:10,48,0,0
2026-09-18_19-25,RawRibs,92,0,37,17,0,3,2026-09-18T19:25:14,5496,192,0
2026-09-18_19-25,LeatherChest,23,0,1,0,0,96,2026-09-18T19:25:42,2208,96,0
2026-09-18_19-25,LeatherBustierArms,42,0,0,0,0,48,2026-09-18T19:25:40,2016,0,0
2026-09-18_19-25,MindBlastScroll,16,0,0,0,0,52,2026-09-18T19:25:15,832,0,0
2026-09-18_19-25,IronIngot,5,0,18,13,0,8,2026-09-18T19:25:14,800,571,0
2026-09-18_19-25,Leather,6,0,18,12,0,6,2026-09-18T19:25:14,480,406,0
2026-09-18_19-25,LeatherSkirt,10,0,0,0,0,48,2026-09-18T19:28:12,480,0,0
2026-09-18_19-25,ChainLegs,2,0,0,0,0,216,2026-09-18T19:30:52,432,0,0
2026-09-18_19-25,LightningScroll,8,0,0,0,0,42,2026-09-18T19:26:37,336,0,0
2026-09-18_19-25,Feather,5,0,16,10,0,3,2026-09-18T19:25:13,300,205,0
2026-09-18_19-25,Log,5,0,19,10,0,3,2026-09-18T19:26:13,300,220,0
2026-09-18_19-25,GreaterHealScroll,4,0,3,0,0,42,2026-09-18T19:26:55,168,126,0
2026-09-18_19-25,LeatherLegs,2,0,0,0,0,80,2026-09-18T19:29:49,160,0,0
2026-09-18_19-25,BladeSpiritsScroll,1,0,0,0,0,52,2026-09-18T19:31:13,52,0,0
2026-09-18_19-25,ArchProtectionScroll,1,0,0,0,0,42,2026-09-18T19:33:38,42,0,0
2026-09-18_19-34,RawRibs,96,0,25,12,0,3,2026-09-18T19:34:58,5472,147,0
2026-09-18_19-34,LeatherChest,23,0,0,0,0,96,2026-09-18T19:35:28,2208,0,0
2026-09-18_19-34,LeatherBustierArms,34,0,0,0,0,48,2026-09-18T19:35:24,1632,0,0
2026-09-18_19-34,MindBlastScroll,17,0,0,0,0,52,2026-09-18T19:34:59,884,0,0
2026-09-18_19-34,IronIngot,4,0,17,13,0,8,2026-09-18T19:34:58,640,577,0
2026-09-18_19-34,LeatherSkirt,11,0,0,0,0,48,2026-09-18T19:38:13,528,0,0
2026-09-18_19-34,GreaterHealScroll,8,0,0,0,0,42,2026-09-18T19:38:43,336,0,0
2026-09-18_19-34,Feather,5,0,15,10,0,3,2026-09-18T19:34:57,300,200,0
2026-09-18_19-34,Leather,3,0,11,8,0,6,2026-09-18T19:34:58,264,225,0
2026-09-18_19-34,LeatherLegs,3,0,0,0,0,80,2026-09-18T19:40:37,240,0,0
2026-09-18_19-34,ChainLegs,1,0,1,0,0,216,2026-09-18T19:38:12,216,216,0
2026-09-18_19-34,Log,5,0,15,8,0,3,2026-09-18T19:35:57,216,167,0
2026-09-18_19-34,LightningScroll,4,0,0,0,0,42,2026-09-18T19:37:35,168,0,0
2026-09-18_19-34,EnergyBoltScroll,2,0,0,0,0,62,2026-09-18T19:34:59,124,0,0
2026-09-18_19-34,BladeSpiritsScroll,1,0,1,0,0,52,2026-09-18T19:40:04,52,52,0
2026-09-18_20-02,RawRibs,203,52,434,223,0,3,2026-09-18T20:03:05,8953,1824,0
2026-09-18_20-02,LeatherBustierArms,46,99,1,0,2,72,2026-09-18T20:34:00,3073,55,111
2026-09-18_20-02,LeatherChest,22,33,13,0,1,144,2026-09-18T20:35:30,2698,1558,96
2026-09-18_20-02,LeatherSkirt,29,61,0,0,0,72,2026-09-18T20:34:00,1944,0,0
2026-09-18_20-02,LightningScroll,17,42,0,0,0,63,2026-09-18T20:33:30,1007,0,0
2026-09-18_20-02,ChainLegs,4,2,0,0,0,248,2026-09-18T20:28:00,928,0,0
2026-09-18_20-02,LeatherLegs,8,15,0,0,0,120,2026-09-18T20:36:00,855,0,0
2026-09-18_20-02,GreaterHealScroll,14,20,0,0,4,63,2026-09-18T20:35:30,757,0,199
2026-09-18_20-02,LeatherArms,9,8,0,0,0,41,2026-09-18T20:27:00,369,0,0
2026-09-18_20-02,EnergyBoltScroll,4,5,0,0,0,81,2026-09-18T20:33:30,314,0,0
2026-09-18_20-02,Leather,5,0,15,10,0,4,2026-09-18T20:20:07,260,210,0
2026-09-18_20-02,Feather,9,1,15,3,0,3,2026-09-18T20:17:06,179,110,0
2026-09-18_20-02,Log,2,0,8,4,0,3,2026-09-18T20:25:07,120,90,0
2026-09-18_20-02,DispelFieldScroll,1,3,0,0,0,77,2026-09-18T20:33:30,77,0,0
2026-09-18_20-02,LeatherGloves,2,1,0,0,0,27,2026-09-18T20:32:00,54,0,0
2026-09-18_20-02,MindBlastScroll,4,5,0,0,0,12,2026-09-18T20:36:00,45,0,0
2026-09-18_20-02,IronIngot,1,0,4,1,0,2,2026-09-18T20:25:27,40,30,0
2026-09-18_20-37,RawRibs,21,0,0,0,0,3,2026-09-18T20:37:36,1227,0,0
2026-09-18_20-37,LightningScroll,7,0,0,0,0,42,2026-09-18T20:37:38,294,0,0
2026-09-18_20-37,Feather,2,0,0,0,0,3,2026-09-18T20:37:36,120,0,0
2026-09-18_20-37,Leather,1,0,0,0,0,6,2026-09-18T20:37:36,120,0,0
2026-09-18_20-37,DispelFieldScroll,1,0,0,0,0,52,2026-09-18T20:37:37,52,0,0
2026-09-18_20-38,RawRibs,77,0,4,0,0,3,2026-09-18T20:38:20,4533,60,0
2026-09-18_20-38,LeatherChest,40,0,0,0,0,96,2026-09-18T20:38:50,3840,0,0
2026-09-18_20-38,LeatherBustierArms,25,0,0,0,0,48,2026-09-18T20:38:49,1200,0,0
2026-09-18_20-38,IronIngot,5,0,18,13,0,8,2026-09-18T20:38:20,800,580,0
2026-09-18_20-38,Log,7,0,19,10,0,3,2026-09-18T20:39:19,328,217,0
2026-09-18_20-38,MindBlastScroll,6,0,0,0,0,52,2026-09-18T20:38:21,312,0,0
2026-09-18_20-38,Feather,5,0,0,0,0,3,2026-09-18T20:38:19,300,0,0
2026-09-18_20-38,Leather,3,0,5,2,0,6,2026-09-18T20:38:20,270,150,0
2026-09-18_20-38,ChainLegs,1,0,0,0,0,216,2026-09-18T20:41:38,216,0,0
2026-09-18_20-38,EnergyBoltScroll,1,0,0,0,0,62,2026-09-18T20:38:21,62,0,0
2026-09-18_20-38,BladeSpiritsScroll,1,0,0,0,0,52,2026-09-18T20:38:20,52,0,0
2026-09-18_20-38,LeatherSkirt,1,0,0,0,0,48,2026-09-18T20:41:28,48,0,0
2026-09-18_20-38,LightningScroll,1,0,0,0,0,42,2026-09-18T20:41:32,42,0,0
2026-09-18_20-42,RawRibs,74,0,0,0,0,3,2026-09-18T20:42:57,4404,0,0
2026-09-18_20-42,MindBlastScroll,2,0,0,0,0,52,2026-09-18T20:42:59,104,0,0
2026-09-18_20-42,Feather,1,0,0,0,0,3,2026-09-18T20:42:57,18,0,0
2026-09-18_20-43,RawRibs,77,0,6,2,0,3,2026-09-18T20:43:32,4620,90,0
2026-09-18_20-43,LeatherChest,27,0,0,0,0,96,2026-09-18T20:44:03,2592,0,0
2026-09-18_20-43,LeatherBustierArms,21,0,0,0,0,48,2026-09-18T20:44:00,1008,0,0
2026-09-18_20-43,Leather,7,0,9,5,0,6,2026-09-18T20:43:32,730,255,0
2026-09-18_20-43,IronIngot,2,0,8,6,0,8,2026-09-18T20:43:33,320,290,0
2026-09-18_20-43,Feather,5,0,0,0,0,3,2026-09-18T20:43:31,300,0,0
2026-09-18_20-43,Log,5,0,16,9,0,3,2026-09-18T20:44:31,300,200,0
2026-09-18_20-43,ChainLegs,1,0,0,0,0,216,2026-09-18T20:45:10,216,0,0
2026-09-18_20-43,LeatherLegs,1,0,0,0,0,80,2026-09-18T20:44:45,80,0,0
2026-09-18_20-43,LeatherSkirt,1,0,0,0,0,48,2026-09-18T20:44:58,48,0,0
2026-09-19_14-06,RawRibs,66,0,0,0,0,3,2026-09-19T14:06:52,3960,0,0
2026-09-19_14-06,IronIngot,3,0,0,0,0,8,2026-09-19T14:06:54,416,0,0
2026-09-19_14-06,Leather,3,0,0,0,0,6,2026-09-19T14:06:52,360,0,0
2026-09-19_14-06,Feather,4,0,0,0,0,3,2026-09-19T14:06:52,240,0,0
2026-09-20_08-22,LeatherChest,61,445,6,0,49,5321,2026-09-20T13:30:33,63889,576,37306
2026-09-20_08-22,RawRibs,1313,581,4415,1421,0,4,2026-09-20T08:32:32,55224,16022,0
2026-09-20_08-22,LeatherBustierArms,68,528,2,0,52,2030,2026-09-20T13:31:33,46360,103,19157
2026-09-20_08-22,LeatherSkirt,43,402,0,0,39,2613,2026-09-20T13:30:33,32912,0,23452
2026-09-20_08-22,LeatherArms,33,299,1,0,26,1682,2026-09-20T13:30:33,23211,32,13306
2026-09-20_08-22,LightningScroll,52,242,2,0,47,1989,2026-09-20T13:31:33,20586,144,14993
2026-09-20_08-22,ChainLegs,21,29,12,0,4,3504,2026-09-20T13:25:33,19604,3554,10979
2026-09-20_08-22,Arrow,20,181,189,79,10,13,2026-09-20T12:15:03,15867,4238,4495
2026-09-20_08-22,EnergyBoltScroll,35,114,0,0,24,1268,2026-09-20T12:29:03,9585,0,8484
2026-09-20_08-22,LeatherGloves,15,121,1,0,9,917,2026-09-20T13:31:33,7101,24,2968
2026-09-20_08-22,ChainChest,10,43,6,0,1,838,2026-09-20T11:08:33,5544,3129,418
2026-09-20_08-22,LeatherLegs,17,154,3,0,11,724,2026-09-20T11:08:33,5284,252,4072
2026-09-20_08-22,PlateChest,2,18,0,0,1,3200,2026-09-20T13:31:33,4400,0,1200
2026-09-20_08-22,MindBlastScroll,12,94,1,0,10,1054,2026-09-20T12:29:03,3661,67,3542
2026-09-20_08-22,IronIngot,42,0,183,82,0,8,2026-09-20T08:22:08,2890,2344,0
2026-09-20_08-22,GreaterHealScroll,22,67,0,0,19,292,2026-09-20T11:20:03,2781,0,2485
2026-09-20_08-22,Bolt,4,52,70,39,0,7,2026-09-20T12:09:03,2761,404,0
2026-09-20_08-22,Leather,24,0,80,37,0,6,2026-09-20T08:22:07,1454,1180,0
2026-09-20_08-22,Feather,35,2,117,22,0,3,2026-09-20T08:22:06,1020,810,0
2026-09-20_08-22,PlateGorget,5,2,5,0,0,158,2026-09-20T12:50:33,638,638,0
2026-09-20_08-22,BladeSpiritsScroll,4,26,0,0,3,208,2026-09-20T11:59:33,535,0,383
2026-09-20_08-22,Log,13,0,39,11,0,3,2026-09-20T08:23:06,434,319,0
2026-09-20_08-22,DullCopperIngot,2,0,5,3,0,8,2026-09-20T10:59:16,320,135,0
2026-09-20_08-22,BronzeIngot,1,1,0,0,0,9,2026-09-20T10:40:33,180,0,0
2026-09-20_08-22,CopperIngot,1,0,0,0,0,8,2026-09-20T10:49:05,160,0,0
2026-09-20_08-22,HarmScroll,3,6,0,0,0,28,2026-09-20T13:29:33,84,0,0
2026-09-20_08-22,LeatherCap,5,0,5,0,0,20,2026-09-20T08:43:56,78,78,0
2026-09-21_18-06,RawRibs,72,0,179,92,0,3,2026-09-21T18:06:51,3537,811,0
2026-09-21_18-06,LeatherChest,24,0,0,0,0,96,2026-09-21T18:07:21,2304,0,0
2026-09-21_18-06,ChainLegs,8,0,0,0,0,216,2026-09-21T18:07:55,1728,0,0
2026-09-21_18-06,LeatherBustierArms,25,0,0,0,0,48,2026-09-21T18:07:16,1200,0,0
2026-09-21_18-06,LeatherSkirt,17,0,0,0,0,48,2026-09-21T18:07:18,816,0,0
2026-09-21_18-06,IronIngot,5,0,12,9,0,8,2026-09-21T18:06:52,732,375,0
2026-09-21_18-06,LightningScroll,16,0,0,0,0,42,2026-09-21T18:06:52,672,0,0
2026-09-21_18-06,LeatherArms,17,0,0,0,0,32,2026-09-21T18:07:17,544,0,0
2026-09-21_18-06,LeatherLegs,5,0,0,0,0,80,2026-09-21T18:07:42,400,0,0
2026-09-21_18-06,LeatherGloves,8,0,0,0,0,24,2026-09-21T18:07:17,192,0,0
2026-09-21_18-06,Feather,4,0,7,4,0,3,2026-09-21T18:06:50,160,85,0
2026-09-21_18-06,EnergyBoltScroll,2,0,0,0,0,62,2026-09-21T18:11:57,124,0,0
2026-09-21_18-06,Leather,1,0,1,0,0,6,2026-09-21T18:11:57,120,30,0
2026-09-21_18-06,BladeSpiritsScroll,1,0,0,0,0,52,2026-09-21T18:06:52,52,0,0
2026-09-21_18-06,GreaterHealScroll,1,0,0,0,0,42,2026-09-21T18:09:40,42,0,0
2026-09-21_18-06,LeatherCap,1,0,0,0,0,20,2026-09-21T18:07:43,20,0,0
2026-09-21_18-12,LeatherChest,20,0,0,0,0,96,2026-09-21T18:13:05,1920,0,0
2026-09-21_18-12,RawRibs,51,0,107,38,0,3,2026-09-21T18:12:39,1876,478,0
2026-09-21_18-12,ChainLegs,5,0,3,0,0,216,2026-09-21T18:13:05,1080,648,0
2026-09-21_18-12,LeatherBustierArms,22,0,0,0,0,48,2026-09-21T18:13:09,1056,0,0
2026-09-21_18-12,LightningScroll,17,0,0,0,0,42,2026-09-21T18:12:41,714,0,0
2026-09-21_18-12,LeatherSkirt,14,0,0,0,0,48,2026-09-21T18:13:06,672,0,0
2026-09-21_18-12,LeatherArms,12,0,0,0,0,32,2026-09-21T18:13:06,384,0,0
2026-09-21_18-12,IronIngot,2,0,3,1,0,8,2026-09-21T18:12:40,240,120,0
2026-09-21_18-12,LeatherLegs,3,0,0,0,0,80,2026-09-21T18:13:11,240,0,0
2026-09-21_18-12,Feather,3,0,10,6,0,3,2026-09-21T18:12:39,171,125,0
2026-09-21_18-12,GreaterHealScroll,3,0,0,0,0,42,2026-09-21T18:12:41,126,0,0
2026-09-21_18-12,Leather,1,0,4,3,0,6,2026-09-21T18:12:40,120,105,0
2026-09-21_18-12,EnergyBoltScroll,1,0,0,0,0,62,2026-09-21T18:12:41,62,0,0
2026-09-21_18-12,BladeSpiritsScroll,1,0,0,0,0,52,2026-09-21T18:12:41,52,0,0
2026-09-21_18-12,LeatherGloves,2,0,0,0,0,24,2026-09-21T18:13:22,48,0,0
2026-09-21_18-20,RawRibs,35,0,90,51,0,3,2026-09-21T18:20:31,1880,426,0
2026-09-21_18-20,LeatherChest,14,0,0,0,0,96,2026-09-21T18:20:56,1344,0,0
2026-09-21_18-20,ChainLegs,5,0,2,0,0,216,2026-09-21T18:20:58,1080,432,0
2026-09-21_18-20,LeatherBustierArms,16,0,0,0,0,48,2026-09-21T18:21:02,768,0,0
2026-09-21_18-20,LightningScroll,15,0,0,0,0,42,2026-09-21T18:20:33,630,0,0
2026-09-21_18-20,LeatherSkirt,9,0,0,0,0,48,2026-09-21T18:21:09,432,0,0
2026-09-21_18-20,LeatherArms,12,0,0,0,0,32,2026-09-21T18:20:59,384,0,0
2026-09-21_18-20,LeatherLegs,3,0,0,0,0,80,2026-09-21T18:20:59,240,0,0
2026-09-21_18-20,GreaterHealScroll,3,0,0,0,0,42,2026-09-21T18:20:49,126,0,0
2026-09-21_18-20,IronIngot,1,0,3,2,0,8,2026-09-21T18:20:32,112,108,0
2026-09-21_18-20,Feather,2,0,4,2,0,3,2026-09-21T18:20:31,100,45,0
2026-09-21_18-20,LeatherGloves,3,0,0,0,0,24,2026-09-21T18:21:00,72,0,0
2026-09-21_18-20,EnergyBoltScroll,1,0,0,0,0,62,2026-09-21T18:20:33,62,0,0
2026-09-21_18-20,Log,1,0,4,2,0,3,2026-09-21T18:22:31,60,45,0
2026-09-21_18-20,BladeSpiritsScroll,1,0,0,0,0,52,2026-09-21T18:21:50,52,0,0
2026-09-21_18-20,MindBlastScroll,1,0,0,0,0,52,2026-09-21T18:20:33,52,0,0
2026-09-21_18-25,RawRibs,56,15,201,59,0,3,2026-09-21T18:25:14,2226,772,0
2026-09-21_18-25,LeatherChest,20,13,1,0,0,110,2026-09-21T18:36:09,2158,110,0
2026-09-21_18-25,LeatherBustierArms,22,18,0,0,0,55,2026-09-21T18:36:09,1203,0,0
2026-09-21_18-25,ChainLegs,4,0,4,0,0,216,2026-09-21T18:25:57,864,864,0
2026-09-21_18-25,LeatherSkirt,15,12,0,0,0,55,2026-09-21T18:36:09,811,0,0
2026-09-21_18-25,LightningScroll,17,14,0,0,1,48,2026-09-21T18:35:39,810,0,42
2026-09-21_18-25,LeatherArms,21,15,0,0,0,36,2026-09-21T18:36:09,736,0,0
2026-09-21_18-25,IronIngot,6,0,24,17,0,8,2026-09-21T18:25:15,572,497,0
2026-09-21_18-25,LeatherLegs,5,3,0,0,0,92,2026-09-21T18:36:09,460,0,0
2026-09-21_18-25,EnergyBoltScroll,4,1,0,0,0,71,2026-09-21T18:40:39,257,0,0
2026-09-21_18-25,GreaterHealScroll,4,3,0,0,0,48,2026-09-21T18:35:39,186,0,0
2026-09-21_18-25,LeatherGloves,7,4,0,0,0,27,2026-09-21T18:36:09,183,0,0
2026-09-21_18-25,Feather,3,0,11,4,0,3,2026-09-21T18:25:14,140,100,0
2026-09-21_18-25,Leather,1,0,4,3,0,6,2026-09-21T18:30:18,120,105,0
2026-09-21_18-25,Log,1,0,4,2,0,3,2026-09-21T18:30:13,60,45,0
2026-09-21_18-25,BladeSpiritsScroll,1,1,0,0,0,59,2026-09-21T18:38:09,59,0,0
2026-09-21_18-25,LeatherCap,1,1,0,0,0,23,2026-09-21T18:37:39,23,0,0
2026-09-21_18-25,HarmScroll,1,0,0,0,0,22,2026-09-21T18:40:27,22,0,0
2026-09-21_18-42,RawRibs,33,0,79,47,0,3,2026-09-21T18:42:22,1647,443,0
2026-09-21_18-42,LeatherChest,10,0,0,0,0,96,2026-09-21T18:42:48,960,0,0
2026-09-21_18-42,LeatherBustierArms,16,0,0,0,0,48,2026-09-21T18:42:47,768,0,0
2026-09-21_18-42,LightningScroll,14,0,0,0,0,42,2026-09-21T18:42:23,588,0,0
2026-09-21_18-42,LeatherArms,17,0,0,0,0,32,2026-09-21T18:42:48,544,0,0
2026-09-21_18-42,LeatherSkirt,10,0,0,0,0,48,2026-09-21T18:42:48,480,0,0
2026-09-21_18-42,LeatherLegs,3,0,0,0,0,80,2026-09-21T18:42:58,240,0,0
2026-09-21_18-42,LeatherGloves,7,0,0,0,0,24,2026-09-21T18:42:48,168,0,0
2026-09-21_18-42,IronIngot,1,0,3,2,0,8,2026-09-21T18:42:23,88,87,0
2026-09-21_18-42,BladeSpiritsScroll,1,0,0,0,0,52,2026-09-21T18:42:58,52,0,0
2026-09-21_18-42,GreaterHealScroll,1,0,0,0,0,42,2026-09-21T18:42:23,42,0,0
2026-09-21_18-42,Feather,1,0,2,1,0,3,2026-09-21T18:43:21,30,30,0
2026-09-21_18-42,LeatherCap,1,0,1,0,0,20,2026-09-21T18:42:49,20,20,0
2026-09-21_18-45,RawRibs,22,0,68,28,0,3,2026-09-21T18:45:47,942,289,0
2026-09-21_18-45,LeatherChest,9,0,0,0,0,96,2026-09-21T18:46:13,864,0,0
2026-09-21_18-45,LeatherBustierArms,12,0,0,0,0,48,2026-09-21T18:46:19,576,0,0
2026-09-21_18-45,LeatherSkirt,10,0,0,0,0,48,2026-09-21T18:46:12,480,0,0
2026-09-21_18-45,LightningScroll,9,0,0,0,0,42,2026-09-21T18:45:48,378,0,0
2026-09-21_18-45,LeatherArms,11,0,0,0,0,32,2026-09-21T18:46:11,352,0,0
2026-09-21_18-45,LeatherLegs,4,0,0,0,0,80,2026-09-21T18:46:13,320,0,0
2026-09-21_18-45,GreaterHealScroll,3,0,0,0,0,42,2026-09-21T18:45:48,126,0,0
2026-09-21_18-45,PlateGorget,1,0,0,0,0,120,2026-09-21T18:46:14,120,0,0
2026-09-21_18-45,Leather,2,0,6,4,0,6,2026-09-21T18:45:47,114,107,0
2026-09-21_18-45,LeatherGloves,4,0,0,0,0,24,2026-09-21T18:46:11,96,0,0
2026-09-21_18-45,BladeSpiritsScroll,1,0,0,0,0,52,2026-09-21T18:45:48,52,0,0
2026-09-21_18-49,LeatherChest,18,9,0,0,0,110,2026-09-21T19:00:15,1854,0,0
2026-09-21_18-49,RawRibs,32,3,113,28,0,3,2026-09-21T18:49:20,1135,388,0
2026-09-21_18-49,LeatherBustierArms,20,7,0,0,1,55,2026-09-21T19:00:15,1037,0,48
2026-09-21_18-49,LeatherSkirt,14,5,0,0,0,55,2026-09-21T19:00:15,721,0,0
2026-09-21_18-49,LeatherArms,20,14,0,0,0,36,2026-09-21T19:00:15,700,0,0
2026-09-21_18-49,LightningScroll,13,6,0,0,1,48,2026-09-21T18:59:45,588,0,42
2026-09-21_18-49,LeatherLegs,6,3,0,0,0,92,2026-09-21T19:00:15,528,0,0
2026-09-21_18-49,IronIngot,4,0,12,8,0,8,2026-09-21T18:49:21,452,406,0
2026-09-21_18-49,ChainLegs,2,0,0,0,0,216,2026-09-21T19:00:05,432,0,0
2026-09-21_18-49,Leather,2,0,2,0,0,6,2026-09-21T19:00:52,240,60,0
2026-09-21_18-49,PlateGorget,2,0,2,0,0,120,2026-09-21T18:50:14,240,240,0
2026-09-21_18-49,EnergyBoltScroll,3,1,0,0,0,71,2026-09-21T18:59:45,195,0,0
2026-09-21_18-49,LeatherGloves,6,4,0,0,0,27,2026-09-21T19:00:15,156,0,0
2026-09-21_18-49,GreaterHealScroll,3,1,0,0,0,48,2026-09-21T18:59:45,132,0,0
2026-09-21_18-49,BladeSpiritsScroll,1,1,0,0,0,59,2026-09-21T18:59:45,59,0,0
2026-09-21_18-49,LeatherCap,1,1,1,0,0,23,2026-09-21T19:00:45,23,23,0
2026-09-21_18-49,Feather,1,0,2,1,0,3,2026-09-21T18:54:20,18,18,0
2026-09-21_21-58,RawRibs,751,295,2622,727,0,3,2026-09-21T21:58:57,26808,8551,0
2026-09-21_21-58,LeatherArms,60,383,15,0,28,364,2026-09-22T01:05:21,11332,3055,3506
2026-09-21_21-58,LightningScroll,45,218,0,0,35,494,2026-09-22T01:02:21,10503,0,5881
2026-09-21_21-58,LeatherBustierArms,41,284,13,0,26,494,2026-09-22T00:56:51,9829,4438,4403
2026-09-21_21-58,LeatherSkirt,33,230,11,0,22,494,2026-09-22T00:56:21,8611,4687,3924
2026-09-21_21-58,LeatherChest,33,131,24,0,8,497,2026-09-22T01:05:51,6950,5488,1245
2026-09-21_21-58,LeatherGloves,37,272,2,0,13,263,2026-09-22T01:03:51,6752,202,1343
2026-09-21_21-58,EnergyBoltScroll,24,82,0,0,22,729,2026-09-22T01:06:51,6313,0,4950
2026-09-21_21-58,LeatherLegs,14,54,5,0,7,315,2026-09-21T23:46:21,2803,1427,1037
2026-09-21_21-58,ChainChest,9,0,7,0,0,240,2026-09-21T22:01:51,2160,1680,0
2026-09-21_21-58,Leather,75,0,283,29,0,5,2026-09-21T22:00:56,2079,1938,0
2026-09-21_21-58,IronIngot,51,0,203,41,0,8,2026-09-21T21:58:58,1918,1484,0
2026-09-21_21-58,GreaterHealScroll,10,51,0,0,8,430,2026-09-22T01:03:21,1867,0,1063
2026-09-21_21-58,PlateGorget,14,0,12,0,0,120,2026-09-21T21:59:50,1680,1440,0
2026-09-21_21-58,ChainLegs,6,0,6,0,0,216,2026-09-21T22:01:51,1296,1296,0
2026-09-21_21-58,Feather,46,22,149,31,0,3,2026-09-21T22:13:56,1266,1042,0
2026-09-21_21-58,PlateChest,1,10,0,0,1,1200,2026-09-22T00:00:21,1200,0,1200
2026-09-21_21-58,CopperIngot,4,0,14,10,0,8,2026-09-22T00:32:43,520,378,0
2026-09-21_21-58,Log,10,0,34,10,0,3,2026-09-21T22:16:58,375,276,0
2026-09-21_21-58,BladeSpiritsScroll,4,14,0,0,3,116,2026-09-21T23:05:51,340,0,263
2026-09-21_21-58,PlateLegs,1,1,0,0,0,276,2026-09-22T01:01:51,276,0,0
2026-09-21_21-58,LeatherCap,14,0,14,0,0,20,2026-09-21T22:07:11,251,251,0
2026-09-21_21-58,RingmailGloves,2,0,2,0,0,120,2026-09-22T00:21:17,240,240,0
2026-09-21_21-58,BronzeIngot,1,0,1,0,0,8,2026-09-22T00:46:46,160,32,0
2026-09-21_21-58,DullCopperIngot,1,0,5,4,0,8,2026-09-21T23:10:29,160,143,0
2026-09-21_21-58,BoneLegs,1,2,1,0,0,79,2026-09-21T23:01:21,79,79,0
2026-09-21_21-58,HarmScroll,1,0,1,0,0,22,2026-09-21T22:01:31,22,22,0
2026-09-21_21-58,Kryss,1,0,1,0,0,16,2026-09-21T22:50:20,16,16,0
2026-09-22_02-48,RawRibs,227,107,942,239,0,3,2026-09-22T02:48:47,8243,2820,0
2026-09-22_02-48,LeatherArms,31,127,1,0,1,71,2026-09-22T03:50:41,2108,32,62
2026-09-22_02-48,Leather,35,0,120,65,0,5,2026-09-22T02:49:16,2095,1755,0
2026-09-22_02-48,LightningScroll,19,97,0,0,2,94,2026-09-22T03:50:41,1731,0,145
2026-09-22_02-48,LeatherGloves,32,153,1,0,0,52,2026-09-22T03:50:41,1634,46,0
2026-09-22_02-48,PlateGorget,12,4,9,0,1,158,2026-09-22T03:54:11,1534,1080,138
2026-09-22_02-48,EnergyBoltScroll,12,22,0,0,2,139,2026-09-22T03:50:41,1464,0,164
2026-09-22_02-48,LeatherSkirt,16,33,7,0,0,108,2026-09-22T03:53:11,1259,343,0
2026-09-22_02-48,IronIngot,13,0,48,29,0,8,2026-09-22T02:48:48,1184,1034,0
2026-09-22_02-48,LeatherBustierArms,14,39,6,0,0,108,2026-09-22T03:50:41,1148,312,0
2026-09-22_02-48,LeatherChest,10,7,9,0,0,111,2026-09-22T03:34:11,865,791,0
2026-09-22_02-48,ChainLegs,3,2,2,0,0,285,2026-09-22T03:54:41,717,432,0
2026-09-22_02-48,LeatherLegs,8,4,7,0,1,92,2026-09-22T03:02:41,712,620,92
2026-09-22_02-48,Feather,17,5,61,10,0,3,2026-09-22T02:48:46,500,420,0
2026-09-22_02-48,GreaterHealScroll,4,21,0,0,0,94,2026-09-22T03:50:41,376,0,0
2026-09-22_02-48,ShadowIronIngot,2,0,6,4,0,8,2026-09-22T03:29:26,320,173,0
2026-09-22_02-48,Log,3,0,12,4,0,3,2026-09-22T02:51:46,140,105,0
2026-09-22_02-48,BladeSpiritsScroll,2,2,0,0,1,67,2026-09-22T03:44:11,119,0,67
2026-09-22_02-48,LeatherCap,5,0,5,0,0,20,2026-09-22T02:52:22,100,100,0
2026-09-22_02-48,BoneLegs,1,1,0,0,0,69,2026-09-22T03:54:41,69,0,0
2026-09-22_03-57,RawRibs,66,0,186,75,0,3,2026-09-22T03:57:30,3116,721,0
2026-09-22_03-57,LeatherArms,28,0,0,0,0,32,2026-09-22T03:57:56,896,0,0
2026-09-22_03-57,LeatherGloves,25,0,0,0,0,24,2026-09-22T03:57:56,600,0,0
2026-09-22_03-57,LightningScroll,14,0,0,0,0,42,2026-09-22T03:57:31,588,0,0
2026-09-22_03-57,LeatherSkirt,11,0,2,0,0,48,2026-09-22T03:58:08,528,96,0
2026-09-22_03-57,PlateGorget,3,0,3,0,0,120,2026-09-22T03:59:12,360,360,0
2026-09-22_03-57,LeatherBustierArms,6,0,4,0,0,48,2026-09-22T03:58:04,288,192,0
2026-09-22_03-57,Leather,2,0,10,8,0,5,2026-09-22T03:58:29,200,155,0
2026-09-22_03-57,IronIngot,1,0,4,3,0,8,2026-09-22T03:57:30,160,145,0
2026-09-22_03-57,GreaterHealScroll,3,0,0,0,0,42,2026-09-22T03:57:31,126,0,0
2026-09-22_03-57,EnergyBoltScroll,2,0,0,0,0,62,2026-09-22T03:58:10,124,0,0
2026-09-22_03-57,LeatherChest,1,0,1,0,0,96,2026-09-22T03:58:04,96,96,0
2026-09-22_03-57,LeatherLegs,1,0,1,0,0,80,2026-09-22T03:59:13,80,80,0
2026-09-22_03-57,Feather,1,0,4,2,0,3,2026-09-22T03:57:29,60,45,0
2026-09-22_03-57,BladeSpiritsScroll,1,0,0,0,0,52,2026-09-22T03:58:32,52,0,0
2026-09-22_04-06,RawRibs,237,120,725,295,0,3,2026-09-22T04:06:55,9384,2652,0
2026-09-22_04-06,LeatherGloves,46,188,0,0,3,52,2026-09-22T05:08:20,2236,0,102
2026-09-22_04-06,LeatherArms,39,67,36,0,3,54,2026-09-22T04:49:20,1725,1601,124
2026-09-22_04-06,LightningScroll,19,89,0,0,2,94,2026-09-22T05:07:50,1637,0,114
2026-09-22_04-06,PlateGorget,13,0,11,0,0,120,2026-09-22T04:26:59,1560,1320,0
2026-09-22_04-06,IronIngot,15,0,57,38,0,8,2026-09-22T04:06:56,1447,1191,0
2026-09-22_04-06,EnergyBoltScroll,13,27,0,0,2,121,2026-09-22T05:09:50,1320,0,124
2026-09-22_04-06,Leather,13,0,53,31,0,5,2026-09-22T04:24:21,980,790,0
2026-09-22_04-06,LeatherSkirt,13,7,12,0,1,55,2026-09-22T04:17:50,701,653,48
2026-09-22_04-06,HarmScroll,25,26,0,0,0,28,2026-09-22T05:04:20,673,0,0
2026-09-22_04-06,ChainLegs,2,0,2,0,0,216,2026-09-22T04:26:52,432,432,0
2026-09-22_04-06,GreaterHealScroll,5,19,0,0,2,94,2026-09-22T05:09:50,395,0,137
2026-09-22_04-06,LeatherChest,4,0,4,0,0,96,2026-09-22T04:24:53,384,384,0
2026-09-22_04-06,LeatherBustierArms,6,4,5,0,0,63,2026-09-22T04:38:50,346,283,0
2026-09-22_04-06,Feather,14,1,44,3,0,3,2026-09-22T04:18:55,337,252,0
2026-09-22_04-06,Log,4,0,13,7,0,3,2026-09-22T04:26:55,216,155,0
2026-09-22_04-06,LeatherCap,9,0,9,0,0,20,2026-09-22T04:27:51,180,180,0
2026-09-22_04-06,LeatherLegs,2,1,2,0,0,92,2026-09-22T04:37:50,172,172,0
2026-09-22_04-06,BronzeIngot,1,0,5,4,0,8,2026-09-22T04:43:58,160,142,0
2026-09-22_04-06,CopperIngot,1,0,5,4,0,8,2026-09-22T04:30:50,160,142,0
2026-09-22_04-06,BladeSpiritsScroll,1,5,0,0,0,101,2026-09-22T05:09:50,101,0,0
2026-09-22_04-06,BoneLegs,1,1,1,0,0,69,2026-09-22T04:44:50,69,69,0
2026-09-22_04-06,ChainChest,1,0,0,0,0,60,2026-09-22T05:04:00,60,0,0
2026-09-22_04-06,Katana,1,0,1,0,0,60,2026-09-22T04:26:16,60,60,0
2026-09-22_04-06,WarFork,1,0,1,0,0,60,2026-09-22T04:54:46,60,60,0
2026-09-22_04-06,MindBlastScroll,1,1,0,0,1,59,2026-09-22T04:59:20,59,0,59
2026-09-22_05-11,RawRibs,1088,465,3565,1160,0,3,2026-09-22T05:11:39,41183,12186,0
2026-09-22_05-11,LightningScroll,43,218,0,0,41,991,2026-09-22T09:15:04,14854,0,12872
2026-09-22_05-11,EnergyBoltScroll,32,141,1,0,28,1273,2026-09-22T09:09:04,13193,81,9293
2026-09-22_05-11,LeatherGloves,85,500,70,0,15,152,2026-09-22T07:36:34,7825,6998,827
2026-09-22_05-11,PlateGorget,40,0,40,0,0,120,2026-09-22T05:13:49,4680,4680,0
2026-09-22_05-11,IronIngot,72,0,271,140,0,8,2026-09-22T05:11:40,4456,3473,0
2026-09-22_05-11,Leather,108,0,421,65,0,5,2026-09-22T05:12:51,3309,2826,0
2026-09-22_05-11,LeatherGorget,23,36,14,0,9,165,2026-09-22T08:28:04,2624,1805,819
2026-09-22_05-11,LeatherArms,36,57,33,0,3,81,2026-09-22T06:31:34,2031,1836,195
2026-09-22_05-11,PlateChest,3,12,0,0,1,794,2026-09-22T09:09:04,1984,0,396
2026-09-22_05-11,GreaterHealScroll,18,47,1,0,15,215,2026-09-22T09:17:04,1913,55,1456
2026-09-22_05-11,ChainLegs,8,1,8,0,0,248,2026-09-22T06:13:34,1760,1760,0
2026-09-22_05-11,Feather,58,19,204,24,0,3,2026-09-22T05:11:38,1458,1243,0
2026-09-22_05-11,LeatherBustierArms,13,15,13,0,0,94,2026-09-22T06:05:04,898,898,0
2026-09-22_05-11,LeatherLegs,7,8,7,0,0,158,2026-09-22T06:12:04,786,786,0
2026-09-22_05-11,LeatherChest,8,1,8,0,0,110,2026-09-22T07:35:34,741,741,0
2026-09-22_05-11,Log,18,0,67,18,0,3,2026-09-22T05:26:39,696,521,0
2026-09-22_05-11,LeatherSkirt,19,43,17,0,2,63,2026-09-22T05:33:04,691,639,52
2026-09-22_05-11,PlateLegs,1,7,0,0,0,634,2026-09-22T09:15:04,634,0,0
2026-09-22_05-11,Bow,3,18,1,0,1,309,2026-09-22T09:17:04,609,60,240
2026-09-22_05-11,MindBlastScroll,3,19,0,0,3,352,2026-09-22T08:24:34,556,0,556
2026-09-22_05-11,ChainChest,2,0,2,0,0,240,2026-09-22T07:04:12,480,480,0
2026-09-22_05-11,LeatherCap,37,0,37,0,0,20,2026-09-22T05:12:06,458,458,0
2026-09-22_05-11,BladeSpiritsScroll,3,20,0,0,2,208,2026-09-22T07:15:04,434,0,260
2026-09-22_05-11,HarmScroll,10,6,8,0,0,43,2026-09-22T08:16:04,410,334,0
2026-09-22_05-11,Crossbow,3,11,2,0,1,240,2026-09-22T07:33:04,360,120,240
2026-09-22_05-11,ArchProtectionScroll,3,17,0,0,2,168,2026-09-22T07:50:04,295,0,223
2026-09-22_05-11,BronzeIngot,2,0,9,6,0,8,2026-09-22T08:11:43,240,151,0
2026-09-22_05-11,Arrow,1,0,38,1,0,2,2026-09-22T07:10:20,210,111,0
2026-09-22_05-11,CopperIngot,2,0,10,5,0,8,2026-09-22T08:58:03,200,169,0
2026-09-22_05-11,ShadowIronIngot,3,0,15,3,0,2,2026-09-22T07:24:28,120,84,0
2026-09-22_05-11,BoneArms,1,0,1,0,0,60,2026-09-22T06:53:12,60,60,0
2026-09-22_05-11,BoneChest,1,0,1,0,0,60,2026-09-22T06:44:19,60,60,0
2026-09-22_05-11,Kryss,1,0,1,0,0,60,2026-09-22T09:01:11,60,60,0
2026-09-22_05-11,WarFork,1,0,1,0,0,60,2026-09-22T07:13:16,60,60,0
2026-09-22_05-11,ArchCureScroll,1,1,1,0,0,11,2026-09-22T05:50:34,11,11,0
2026-09-22_09-19,RawRibs,426,208,1391,510,0,3,2026-09-22T09:19:40,17374,5103,0
2026-09-22_09-19,EnergyBoltScroll,21,79,1,0,10,209,2026-09-22T10:54:35,3284,93,1101
2026-09-22_09-19,LightningScroll,22,136,0,0,8,163,2026-09-22T11:01:35,2795,0,618
2026-09-22_09-19,Leather,19,0,77,47,0,6,2026-09-22T09:19:40,1600,1290,0
2026-09-22_09-19,IronIngot,17,0,59,28,0,8,2026-09-22T09:19:41,1386,1005,0
2026-09-22_09-19,HarmScroll,23,85,0,0,0,54,2026-09-22T11:00:35,967,0,0
2026-09-22_09-19,PlateLegs,1,8,0,0,0,729,2026-09-22T10:54:35,729,0,0
2026-09-22_09-19,Bow,4,17,0,0,0,178,2026-09-22T11:00:35,666,0,0
2026-09-22_09-19,ShadowIronIngot,6,0,25,16,0,8,2026-09-22T09:38:19,640,505,0
2026-09-22_09-19,ChainChest,2,0,2,0,0,240,2026-09-22T09:20:07,480,480,0
2026-09-22_09-19,Bolt,2,2,33,6,0,5,2026-09-22T09:19:45,473,86,0
2026-09-22_09-19,GreaterHealScroll,4,16,1,0,1,142,2026-09-22T11:00:35,415,55,94
2026-09-22_09-19,Feather,10,0,32,12,0,3,2026-09-22T09:19:40,355,293,0
2026-09-22_09-19,CopperIngot,2,0,7,5,0,8,2026-09-22T09:52:02,300,194,0
2026-09-22_09-19,PlateGorget,2,0,2,0,0,120,2026-09-22T09:37:15,240,240,0
2026-09-22_09-19,ChainLegs,1,0,1,0,0,216,2026-09-22T09:24:19,216,216,0
2026-09-22_09-19,ArchCureScroll,3,9,0,0,1,82,2026-09-22T11:00:05,212,0,48
2026-09-22_09-19,LeatherChest,2,1,2,0,0,110,2026-09-22T09:31:35,206,206,0
2026-09-22_09-19,LeatherLegs,2,0,2,0,0,80,2026-09-22T10:43:53,160,160,0
2026-09-22_09-19,ArchProtectionScroll,3,4,1,0,2,63,2026-09-22T10:04:05,153,42,111
2026-09-22_09-19,DispelFieldScroll,2,5,0,0,1,88,2026-09-22T11:00:05,147,0,59
2026-09-22_09-19,LeatherArms,4,0,4,0,0,32,2026-09-22T09:34:46,128,128,0
2026-09-22_09-19,LeatherBustierArms,2,0,2,0,0,48,2026-09-22T09:23:34,96,96,0
2026-09-22_09-19,ResurrectionScroll,1,1,0,0,0,94,2026-09-22T10:57:35,94,0,0
2026-09-22_09-19,MindBlastScroll,2,3,0,0,1,67,2026-09-22T10:07:35,80,0,67
2026-09-22_09-19,BladeSpiritsScroll,1,2,1,0,0,67,2026-09-22T09:42:05,67,67,0
2026-09-22_09-19,WarFork,1,0,1,0,0,60,2026-09-22T10:09:38,60,60,0
2026-09-22_09-19,LeatherSkirt,1,0,1,0,0,48,2026-09-22T09:25:54,48,48,0
2026-09-22_09-19,LeatherCap,2,0,2,0,0,20,2026-09-22T09:37:01,40,40,0
2026-09-22_09-19,LeatherGloves,1,0,1,0,0,24,2026-09-22T09:36:38,24,24,0
2026-09-22_11-04,RawRibs,174,64,492,222,0,3,2026-09-22T11:04:50,7592,2145,0
2026-09-22_11-04,LightningScroll,17,43,0,0,2,63,2026-09-22T11:35:45,1042,0,97
2026-09-22_11-04,EnergyBoltScroll,12,14,0,0,1,93,2026-09-22T11:36:15,1010,0,71
2026-09-22_11-04,Leather,9,0,36,26,0,6,2026-09-22T11:04:50,740,613,0
2026-09-22_11-04,Arrow,3,0,7,2,0,2,2026-09-22T11:29:32,422,34,0
2026-09-22_11-04,PlateChest,1,0,0,0,0,300,2026-09-22T11:29:34,300,0,0
2026-09-22_11-04,IronIngot,2,0,9,7,0,8,2026-09-22T11:19:04,280,247,0
2026-09-22_11-04,PlateGorget,2,0,2,0,0,120,2026-09-22T11:13:15,240,240,0
2026-09-22_11-04,ChainLegs,1,0,1,0,0,216,2026-09-22T11:07:00,216,216,0
2026-09-22_11-04,ResurrectionScroll,2,2,0,0,1,108,2026-09-22T11:37:45,190,0,82
2026-09-22_11-04,CopperIngot,1,0,4,3,0,8,2026-09-22T11:27:37,160,145,0
2026-09-22_11-04,GreaterHealScroll,3,4,0,0,1,63,2026-09-22T11:35:45,160,0,42
2026-09-22_11-04,Feather,4,0,14,5,0,3,2026-09-22T11:15:50,145,119,0
2026-09-22_11-04,LeatherBustierArms,3,0,3,0,0,48,2026-09-22T11:09:56,144,144,0
2026-09-22_11-04,Bow,2,0,0,0,0,60,2026-09-22T11:31:32,120,0,0
2026-09-22_11-04,ArchCureScroll,2,5,0,0,0,63,2026-09-22T11:35:45,118,0,0
2026-09-22_11-04,DispelFieldScroll,2,1,0,0,1,59,2026-09-22T11:29:45,111,0,52
2026-09-22_11-04,LeatherChest,1,0,1,0,0,96,2026-09-22T11:07:00,96,96,0
2026-09-22_11-04,LeatherGloves,4,0,4,0,0,24,2026-09-22T11:05:33,96,96,0
2026-09-22_11-04,LeatherSkirt,2,0,2,0,0,48,2026-09-22T11:09:57,96,96,0
2026-09-22_11-04,LeatherCap,4,0,4,0,0,20,2026-09-22T11:12:46,80,80,0
2026-09-22_11-04,LeatherArms,2,0,2,0,0,32,2026-09-22T11:10:46,64,64,0
2026-09-22_11-04,LeatherGorget,2,0,2,0,0,32,2026-09-22T11:15:46,64,64,0
2026-09-22_11-04,MindBlastScroll,1,0,0,0,0,52,2026-09-22T11:36:24,52,0,0
2026-09-22_11-04,Log,1,0,2,1,0,3,2026-09-22T11:19:49,18,18,0
2026-09-22_11-40,RawRibs,102,33,504,110,0,3,2026-09-22T11:40:11,4272,1613,0
2026-09-22_11-40,LightningScroll,17,45,0,0,1,63,2026-09-22T12:10:36,1063,0,55
2026-09-22_11-40,EnergyBoltScroll,10,13,0,0,1,93,2026-09-22T12:12:36,863,0,62
2026-09-22_11-40,Leather,15,0,54,24,0,6,2026-09-22T11:41:10,858,741,0
2026-09-22_11-40,Bow,6,5,2,0,0,90,2026-09-22T12:14:36,447,120,0
2026-09-22_11-40,IronIngot,3,0,8,5,0,8,2026-09-22T11:40:12,232,217,0
2026-09-22_11-40,ChainLegs,1,0,1,0,0,216,2026-09-22T11:45:11,216,216,0
2026-09-22_11-40,CopperIngot,1,0,2,1,0,8,2026-09-22T12:01:01,160,80,0
2026-09-22_11-40,ShadowIronIngot,1,0,3,2,0,8,2026-09-22T12:09:52,160,76,0
2026-09-22_11-40,ArchCureScroll,2,5,0,0,0,63,2026-09-22T12:12:36,126,0,0
2026-09-22_11-40,Log,2,0,8,4,0,3,2026-09-22T11:40:22,120,90,0
2026-09-22_11-40,PlateGorget,1,0,1,0,0,120,2026-09-22T11:47:42,120,120,0
2026-09-22_11-40,LeatherChest,1,0,1,0,0,96,2026-09-22T11:45:11,96,96,0
2026-09-22_11-40,GreaterHealScroll,2,1,0,0,1,48,2026-09-22T11:50:36,90,0,48
2026-09-22_11-40,ResurrectionScroll,1,0,0,0,0,82,2026-09-22T12:10:11,82,0,0
2026-09-22_11-40,Feather,2,0,8,2,0,3,2026-09-22T11:40:25,80,65,0
2026-09-22_11-40,DispelFieldScroll,1,2,1,0,0,67,2026-09-22T12:02:06,67,67,0
2026-09-22_11-40,Crossbow,1,0,0,0,0,60,2026-09-22T12:14:04,60,0,0
2026-09-22_11-40,OrcHelm,1,0,0,0,0,60,2026-09-22T12:11:17,60,0,0
2026-09-22_11-40,MindBlastScroll,1,0,0,0,0,52,2026-09-22T12:13:26,52,0,0
2026-09-22_11-40,LeatherBustierArms,1,0,1,0,0,48,2026-09-22T12:13:10,48,48,0
2026-09-22_11-40,LeatherGloves,1,0,1,0,0,24,2026-09-22T11:45:49,24,24,0
2026-09-22_11-40,HarmScroll,1,0,0,0,0,22,2026-09-22T12:14:42,22,0,0
2026-09-22_11-40,LeatherCap,1,0,1,0,0,20,2026-09-22T11:47:41,20,20,0
2026-09-22_12-15,RawRibs,245,79,1221,192,0,3,2026-09-22T12:15:28,8633,3475,0
2026-09-22_12-15,EnergyBoltScroll,16,56,1,0,1,139,2026-09-22T13:15:55,2092,71,93
2026-09-22_12-15,LightningScroll,20,90,0,0,5,94,2026-09-22T13:15:55,1726,0,316
2026-09-22_12-15,Arrow,8,5,66,6,0,2,2026-09-22T12:28:08,1126,255,0
2026-09-22_12-15,Bow,7,20,2,0,0,135,2026-09-22T13:18:55,789,148,0
2026-09-22_12-15,Leather,13,0,51,16,0,6,2026-09-22T12:15:29,620,482,0
2026-09-22_12-15,IronIngot,7,2,21,4,0,8,2026-09-22T12:15:29,460,269,0
2026-09-22_12-15,ChainLegs,2,0,2,0,0,216,2026-09-22T12:26:01,432,432,0
2026-09-22_12-15,HarmScroll,13,29,0,0,0,47,2026-09-22T13:18:25,418,0,0
2026-09-22_12-15,Feather,15,0,54,4,0,3,2026-09-22T12:15:58,366,309,0
2026-09-22_12-15,GreaterHealScroll,5,4,0,0,3,72,2026-09-22T13:01:24,270,0,186
2026-09-22_12-15,PlateGorget,2,1,2,0,0,138,2026-09-22T12:49:24,258,258,0
2026-09-22_12-15,ResurrectionScroll,2,5,0,0,1,163,2026-09-22T13:16:55,245,0,82
2026-09-22_12-15,ChainChest,1,0,1,0,0,240,2026-09-22T12:26:15,240,240,0
2026-09-22_12-15,Club,4,0,3,0,0,60,2026-09-22T12:15:29,240,180,0
2026-09-22_12-15,LeatherBustierArms,4,2,3,0,0,63,2026-09-22T13:20:55,207,144,0
2026-09-22_12-15,LeatherChest,2,0,2,0,0,96,2026-09-22T12:21:16,192,192,0
2026-09-22_12-15,LeatherArms,5,6,4,0,0,47,2026-09-22T13:02:54,188,152,0
2026-09-22_12-15,ArchProtectionScroll,3,4,0,0,1,63,2026-09-22T13:15:55,181,0,55
2026-09-22_12-15,LeatherSkirt,3,3,2,0,0,63,2026-09-22T13:17:25,166,103,0
2026-09-22_12-15,Log,2,0,8,4,0,3,2026-09-22T12:16:58,120,90,0
2026-09-22_12-15,MindBlastScroll,2,2,0,0,1,67,2026-09-22T13:05:54,119,0,67
2026-09-22_12-15,ArchCureScroll,2,5,2,0,0,63,2026-09-22T12:45:54,118,118,0
2026-09-22_12-15,LeatherGloves,4,1,4,0,0,27,2026-09-22T13:10:55,99,99,0
2026-09-22_12-15,LeatherLegs,1,0,1,0,0,80,2026-09-22T12:21:16,80,80,0
2026-09-22_12-15,Crossbow,1,0,1,0,0,60,2026-09-22T12:15:30,60,60,0
2026-09-22_12-15,LeatherCap,3,0,3,0,0,20,2026-09-22T12:32:17,60,60,0
2026-09-22_12-15,MagicReflectScroll,1,1,1,0,0,59,2026-09-22T12:39:24,59,59,0
2026-09-22_12-15,IncognitoScroll,1,0,1,0,0,52,2026-09-22T12:25:45,52,52,0
2026-09-22_12-15,BronzeIngot,1,0,6,1,0,2,2026-09-22T12:56:59,40,24,0
2026-09-22_12-15,CopperIngot,1,0,4,1,0,2,2026-09-22T12:49:43,40,30,0
2026-09-22_12-15,ShadowIronIngot,1,1,4,1,0,2,2026-09-22T13:01:27,40,35,0
2026-09-22_12-15,LeatherGorget,1,1,0,0,0,36,2026-09-22T13:24:25,36,0,0
2026-09-22_13-25,RawRibs,126,35,648,122,0,3,2026-09-22T13:25:36,5184,1760,0
2026-09-22_13-25,Leather,16,0,60,37,0,5,2026-09-22T13:26:36,1116,856,0
2026-09-22_13-25,LightningScroll,18,41,0,0,4,63,2026-09-22T13:56:32,1087,0,213
2026-09-22_13-25,EnergyBoltScroll,12,21,0,0,1,93,2026-09-22T13:57:02,1056,0,81
2026-09-22_13-25,IronIngot,4,0,16,12,0,8,2026-09-22T13:25:37,500,440,0
2026-09-22_13-25,ShadowIronIngot,3,0,12,9,0,8,2026-09-22T13:27:51,420,363,0
2026-09-22_13-25,PlateGorget,3,0,3,0,0,120,2026-09-22T13:28:21,360,360,0
2026-09-22_13-25,Bow,2,3,0,0,0,90,2026-09-22T13:56:32,169,0,0
2026-09-22_13-25,BronzeIngot,1,0,1,0,0,8,2026-09-22T13:53:03,160,40,0
2026-09-22_13-25,Log,2,0,8,4,0,3,2026-09-22T13:53:33,120,90,0
2026-09-22_13-25,ArchProtectionScroll,2,5,0,0,0,63,2026-09-22T14:01:02,118,0,0
2026-09-22_13-25,Feather,5,0,17,2,0,3,2026-09-22T13:27:36,112,104,0
2026-09-22_13-25,GreaterHealScroll,2,4,1,0,0,63,2026-09-22T14:01:32,111,48,0
2026-09-22_13-25,LeatherArms,3,0,3,0,0,32,2026-09-22T13:27:13,96,96,0
2026-09-22_13-25,LeatherSkirt,2,0,2,0,0,48,2026-09-22T13:26:27,96,96,0
2026-09-22_13-25,ResurrectionScroll,1,1,0,0,0,94,2026-09-22T13:57:02,94,0,0
2026-09-22_13-25,LeatherGloves,3,0,3,0,0,24,2026-09-22T13:28:27,72,72,0
2026-09-22_13-25,MindBlastScroll,1,2,0,0,0,67,2026-09-22T13:53:02,67,0,0
2026-09-22_13-25,LeatherGorget,2,0,2,0,0,32,2026-09-22T13:30:36,64,64,0
2026-09-22_13-25,LeatherBustierArms,1,0,1,0,0,48,2026-09-22T13:26:30,48,48,0
2026-09-22_13-25,LeatherCap,2,0,2,0,0,20,2026-09-22T13:32:37,40,40,0
2026-09-22_13-25,HarmScroll,1,0,0,0,0,22,2026-09-22T13:54:29,22,0,0
2026-09-22_14-02,RawRibs,219,107,931,256,0,3,2026-09-22T14:02:57,8787,2926,0
2026-09-22_14-02,LightningScroll,23,82,0,0,7,94,2026-09-22T15:04:23,1909,0,417
2026-09-22_14-02,EnergyBoltScroll,16,50,0,0,4,139,2026-09-22T15:06:53,1901,0,413
2026-09-22_14-02,IronIngot,18,0,70,40,0,8,2026-09-22T14:02:59,1408,1014,0
2026-09-22_14-02,Leather,25,0,98,36,0,5,2026-09-22T14:03:57,1227,948,0
2026-09-22_14-02,PlateLegs,2,3,0,0,0,364,2026-09-22T15:09:53,681,0,0
2026-09-22_14-02,PlateGorget,5,3,2,0,0,138,2026-09-22T15:05:53,654,240,0
2026-09-22_14-02,ChainLegs,3,0,3,0,0,216,2026-09-22T14:30:12,648,648,0
2026-09-22_14-02,ChainChest,2,1,2,0,0,276,2026-09-22T14:33:23,516,516,0
2026-09-22_14-02,CopperIngot,4,0,19,14,0,8,2026-09-22T14:38:55,440,364,0
2026-09-22_14-02,Feather,12,0,42,10,0,3,2026-09-22T14:09:57,408,328,0
2026-09-22_14-02,LeatherBustierArms,7,0,7,0,0,48,2026-09-22T14:34:18,336,336,0
2026-09-22_14-02,PlateChest,1,0,0,0,0,300,2026-09-22T15:03:53,300,0,0
2026-09-22_14-02,MindBlastScroll,3,7,0,0,1,101,2026-09-22T15:04:53,277,0,88
2026-09-22_14-02,LeatherArms,8,0,8,0,0,32,2026-09-22T14:31:14,256,256,0
2026-09-22_14-02,LeatherSkirt,5,0,5,0,0,48,2026-09-22T14:40:04,240,240,0
2026-09-22_14-02,LeatherChest,2,0,2,0,0,96,2026-09-22T14:22:56,192,192,0
2026-09-22_14-02,ArchProtectionScroll,2,12,0,0,0,94,2026-09-22T15:04:23,188,0,0
2026-09-22_14-02,ArchCureScroll,2,5,0,0,1,82,2026-09-22T15:07:23,154,0,72
2026-09-22_14-02,LeatherGloves,6,0,6,0,0,24,2026-09-22T14:32:04,144,144,0
2026-09-22_14-02,ResurrectionScroll,1,4,0,0,1,142,2026-09-22T14:56:53,142,0,142
2026-09-22_14-02,LeatherCap,7,0,7,0,0,20,2026-09-22T14:32:26,140,140,0
2026-09-22_14-02,Bow,1,6,0,0,0,135,2026-09-22T15:04:23,135,0,0
2026-09-22_14-02,VikingSword,2,0,2,0,0,60,2026-09-22T14:31:49,120,120,0
2026-09-22_14-02,GreaterHealScroll,2,2,1,0,1,55,2026-09-22T14:27:23,97,42,55
2026-09-22_14-02,BoneLegs,1,1,1,0,0,69,2026-09-22T14:52:53,69,69,0
2026-09-22_14-02,OrcHelm,1,1,0,0,0,69,2026-09-22T15:08:53,69,0,0
2026-09-22_14-02,Log,1,0,4,2,0,3,2026-09-22T14:33:57,60,45,0
2026-09-22_14-02,HarmScroll,1,1,0,0,0,25,2026-09-22T15:08:23,25,0,0
2026-09-22_15-10,RawRibs,239,69,583,240,0,3,2026-09-22T15:11:04,10199,2459,0
2026-09-22_15-10,IronIngot,20,0,76,51,0,8,2026-09-22T15:11:05,1872,1527,0
2026-09-22_15-10,Leather,23,0,82,52,0,5,2026-09-22T15:12:03,1780,1412,0
2026-09-22_15-10,LightningScroll,16,39,0,0,2,63,2026-09-22T15:41:30,961,0,103
2026-09-22_15-10,PlateGorget,8,0,8,0,0,120,2026-09-22T15:11:30,960,960,0
2026-09-22_15-10,EnergyBoltScroll,5,11,0,0,0,93,2026-09-22T15:41:30,453,0,0
2026-09-22_15-10,ChainLegs,2,0,2,0,0,216,2026-09-22T15:15:50,432,432,0
2026-09-22_15-10,PlateLegs,1,3,0,0,0,364,2026-09-22T15:44:30,364,0,0
2026-09-22_15-10,Bow,4,11,0,0,0,90,2026-09-22T15:41:30,349,0,0
2026-09-22_15-10,LeatherBustierArms,7,0,7,0,0,48,2026-09-22T15:11:30,336,336,0
2026-09-22_15-10,LeatherChest,3,0,3,0,0,96,2026-09-22T15:12:45,288,288,0
2026-09-22_15-10,Feather,7,0,26,7,0,3,2026-09-22T15:11:04,280,210,0
2026-09-22_15-10,ChainChest,1,0,1,0,0,240,2026-09-22T15:13:12,240,240,0
2026-09-22_15-10,LeatherSkirt,5,0,5,0,0,48,2026-09-22T15:11:52,228,228,0
2026-09-22_15-10,LeatherArms,6,0,6,0,0,32,2026-09-22T15:12:30,192,192,0
2026-09-22_15-10,MindBlastScroll,2,3,0,0,0,77,2026-09-22T15:42:00,154,0,0
2026-09-22_15-10,Log,3,0,11,4,0,3,2026-09-22T15:12:29,130,100,0
2026-09-22_15-10,ArchProtectionScroll,2,6,0,0,0,63,2026-09-22T15:45:30,126,0,0
2026-09-22_15-10,ResurrectionScroll,1,3,0,0,0,124,2026-09-22T15:41:30,124,0,0
2026-09-22_15-10,ArchCureScroll,2,5,0,0,0,63,2026-09-22T15:41:30,118,0,0
2026-09-22_15-10,LeatherGloves,5,0,5,0,0,24,2026-09-22T15:13:01,111,111,0
2026-09-22_15-10,Crossbow,1,3,0,0,0,90,2026-09-22T15:46:30,90,0,0
2026-09-22_15-10,LeatherCap,4,0,4,0,0,20,2026-09-22T15:16:20,80,80,0
2026-09-22_15-10,LeatherLegs,1,0,1,0,0,80,2026-09-22T15:28:46,80,80,0
2026-09-22_15-10,HarmScroll,2,2,0,0,0,25,2026-09-22T15:25:30,50,0,0
2026-09-22_15-10,LeatherGorget,1,0,1,0,0,16,2026-09-22T15:41:40,16,16,0
2026-09-22_15-10,Katana,2,0,2,0,0,5,2026-09-22T15:11:06,10,10,0
2026-09-22_15-48,RawRibs,319,151,980,363,0,3,2026-09-22T15:48:26,13524,3640,0
2026-09-22_15-48,IronIngot,27,0,100,47,0,8,2026-09-22T15:48:27,2240,1822,0
2026-09-22_15-48,EnergyBoltScroll,17,52,0,0,6,139,2026-09-22T16:52:21,1943,0,540
2026-09-22_15-48,Leather,24,0,88,49,0,6,2026-09-22T15:48:26,1699,1338,0
2026-09-22_15-48,LightningScroll,21,70,2,0,6,94,2026-09-22T16:49:51,1604,90,352
2026-09-22_15-48,Feather,21,5,70,14,0,3,2026-09-22T15:48:26,695,504,0
2026-09-22_15-48,PlateChest,1,2,0,0,0,396,2026-09-22T16:54:51,396,0,0
2026-09-22_15-48,ArchProtectionScroll,5,13,1,0,2,94,2026-09-22T16:50:21,390,82,120
2026-09-22_15-48,Log,12,0,46,5,0,3,2026-09-22T15:50:25,358,298,0
2026-09-22_15-48,Bow,3,9,1,0,0,118,2026-09-22T16:46:21,339,103,0
2026-09-22_15-48,MindBlastScroll,3,16,0,0,1,116,2026-09-22T16:49:51,320,0,88
2026-09-22_15-48,PlateLegs,1,1,0,0,0,276,2026-09-22T16:52:51,276,0,0
2026-09-22_15-48,ResurrectionScroll,2,5,0,0,1,163,2026-09-22T16:42:21,245,0,163
2026-09-22_15-48,LeatherSkirt,1,0,1,0,0,202,2026-09-22T16:53:27,202,202,0
2026-09-22_15-48,LeatherBustierArms,3,0,1,0,0,48,2026-09-22T16:13:13,144,48,0
2026-09-22_15-48,PlateGorget,1,0,1,0,0,120,2026-09-22T15:58:26,120,120,0
2026-09-22_15-48,VikingSword,2,0,2,0,0,60,2026-09-22T15:56:21,120,120,0
2026-09-22_15-48,LeatherChest,1,1,0,0,0,110,2026-09-22T16:53:21,110,0,0
2026-09-22_15-48,LeatherArms,3,0,3,0,0,32,2026-09-22T15:49:46,96,96,0
2026-09-22_15-48,LeatherGloves,3,0,2,0,0,24,2026-09-22T15:49:46,72,48,0
2026-09-22_15-48,OrcHelm,1,1,0,0,0,69,2026-09-22T16:47:51,69,0,0
2026-09-22_15-48,BronzeIngot,1,0,2,1,0,2,2026-09-22T16:55:02,40,12,0
2026-09-22_15-48,LeatherCap,2,0,2,0,0,20,2026-09-22T15:54:22,40,40,0
2026-09-22_15-48,ArchCureScroll,1,5,0,0,0,16,2026-09-22T16:47:51,16,0,0
2026-09-22_16-56,RawRibs,423,185,1161,512,0,3,2026-09-22T16:56:22,16987,4762,0
2026-09-22_16-56,EnergyBoltScroll,14,42,2,0,3,139,2026-09-22T17:58:17,1685,212,258
2026-09-22_16-56,LightningScroll,19,73,0,0,6,94,2026-09-22T17:58:17,1581,0,359
2026-09-22_16-56,IronIngot,23,0,87,40,0,8,2026-09-22T16:56:23,1529,1247,0
2026-09-22_16-56,Leather,33,0,127,20,0,6,2026-09-22T16:56:22,1059,956,0
2026-09-22_16-56,Feather,19,4,61,10,0,3,2026-09-22T16:56:22,519,419,0
2026-09-22_16-56,PlateGorget,4,1,4,0,0,138,2026-09-22T17:30:47,498,498,0
2026-09-22_16-56,Log,11,0,40,11,0,3,2026-09-22T17:03:22,444,315,0
2026-09-22_16-56,Bow,3,8,0,0,0,135,2026-09-22T17:58:17,405,0,0
2026-09-22_16-56,ResurrectionScroll,3,8,0,0,1,163,2026-09-22T17:59:17,399,0,94
2026-09-22_16-56,LeatherChest,4,0,4,0,0,96,2026-09-22T17:01:17,384,384,0
2026-09-22_16-56,Bolt,2,2,14,1,0,2,2026-09-22T17:10:47,364,34,0
2026-09-22_16-56,ChainLegs,1,0,1,0,0,216,2026-09-22T17:01:54,216,216,0
2026-09-22_16-56,ArchProtectionScroll,2,11,0,0,1,94,2026-09-22T17:58:17,176,0,82
2026-09-22_16-56,MindBlastScroll,2,5,2,0,0,88,2026-09-22T17:37:47,176,176,0
2026-09-22_16-56,LeatherLegs,2,0,2,0,0,80,2026-09-22T17:16:41,160,160,0
2026-09-22_16-56,Arrow,1,0,9,1,0,2,2026-09-22T17:52:55,156,29,0
2026-09-22_16-56,LeatherArms,4,0,4,0,0,32,2026-09-22T17:03:30,128,128,0
2026-09-22_16-56,ArchCureScroll,2,4,1,0,1,72,2026-09-22T17:57:17,114,72,42
2026-09-22_16-56,LeatherBustierArms,2,1,2,0,0,55,2026-09-22T17:07:47,103,103,0
2026-09-22_16-56,LeatherGloves,5,0,5,0,0,24,2026-09-22T16:58:32,96,96,0
2026-09-22_16-56,LeatherCap,4,0,4,0,0,20,2026-09-22T17:07:54,80,80,0
2026-09-22_16-56,BoneChest,1,1,0,0,0,69,2026-09-22T17:56:17,69,0,0
2026-09-22_16-56,PoisonFieldScroll,1,2,0,0,0,67,2026-09-22T18:01:17,67,0,0
2026-09-22_16-56,Broadsword,1,0,1,0,0,60,2026-09-22T17:21:46,60,60,0
2026-09-22_16-56,WarFork,1,0,1,0,0,60,2026-09-22T17:44:46,60,60,0
2026-09-22_16-56,LeatherSkirt,1,0,1,0,0,48,2026-09-22T17:10:23,48,48,0
2026-09-22_16-56,ShadowIronIngot,1,0,5,1,0,2,2026-09-22T17:45:28,40,30,0
2026-09-22_16-56,HarmScroll,1,2,0,0,0,28,2026-09-22T17:56:17,28,0,0
2026-09-22_16-56,LeatherGorget,1,0,1,0,0,13,2026-09-22T17:52:15,13,13,0
2026-09-22_18-06,RawRibs,427,185,1218,480,0,3,2026-09-22T18:06:37,16387,4609,0
2026-09-22_18-06,IronIngot,29,0,116,46,0,8,2026-09-22T18:06:38,1916,1433,0
2026-09-22_18-06,EnergyBoltScroll,16,51,3,0,4,139,2026-09-22T19:18:02,1859,226,454
2026-09-22_18-06,LightningScroll,18,82,0,0,4,108,2026-09-22T19:18:02,1603,0,220
2026-09-22_18-06,Leather,21,0,80,40,0,5,2026-09-22T18:09:36,1395,1096,0
2026-09-22_18-06,Feather,24,16,85,30,0,3,2026-09-22T18:06:36,998,768,0
2026-09-22_18-06,Bow,3,15,0,0,0,155,2026-09-22T19:19:02,425,0,0
2026-09-22_18-06,ResurrectionScroll,3,8,0,0,2,187,2026-09-22T19:07:32,411,0,329
2026-09-22_18-06,Log,14,0,53,4,0,3,2026-09-22T18:08:16,380,315,0
2026-09-22_18-06,ArchProtectionScroll,5,10,0,0,4,82,2026-09-22T19:15:02,344,0,262
2026-09-22_18-06,ChainLegs,1,0,1,0,0,216,2026-09-22T18:21:01,216,216,0
2026-09-22_18-06,LeatherBustierArms,4,0,4,0,0,48,2026-09-22T18:10:18,192,192,0
2026-09-22_18-06,Crossbow,2,3,0,0,0,79,2026-09-22T19:19:32,158,0,0
2026-09-22_18-06,LeatherSkirt,3,0,3,0,0,48,2026-09-22T18:12:49,144,144,0
2026-09-22_18-06,PoisonFieldScroll,1,7,0,0,0,133,2026-09-22T19:19:02,133,0,0
2026-09-22_18-06,PlateGorget,1,0,1,0,0,120,2026-09-22T18:25:03,120,120,0
2026-09-22_18-06,LeatherArms,4,0,4,0,0,32,2026-09-22T18:22:09,116,116,0
2026-09-22_18-06,LeatherCap,5,2,5,0,0,23,2026-09-22T18:38:02,106,106,0
2026-09-22_18-06,LeatherGloves,3,0,3,0,0,24,2026-09-22T18:23:50,72,72,0
2026-09-22_18-06,BoneChest,1,1,1,0,0,69,2026-09-22T19:14:32,69,69,0
2026-09-22_18-06,MindBlastScroll,1,0,0,0,0,52,2026-09-22T19:15:45,52,0,0
2026-09-22_18-06,ShadowIronIngot,1,0,1,0,0,2,2026-09-22T18:41:02,40,10,0
2026-09-22_18-06,LeatherGorget,1,0,1,0,0,32,2026-09-22T18:21:10,32,32,0
2026-09-22_18-06,HarmScroll,1,1,1,0,0,25,2026-09-22T19:12:02,25,25,0
2026-09-24_01-56,RawRibs,126,0,243,132,0,3,2026-09-24T01:56:56,6189,1096,0
2026-09-24_01-56,IronIngot,8,0,28,20,0,8,2026-09-24T01:56:57,1179,930,0
2026-09-24_01-56,LightningScroll,14,10,0,0,1,48,2026-09-24T02:07:20,654,0,42
2026-09-24_01-56,Leather,6,0,23,17,0,6,2026-09-24T01:56:55,607,490,0
2026-09-24_01-56,Feather,9,0,27,12,0,3,2026-09-24T01:56:55,399,281,0
2026-09-24_01-56,EnergyBoltScroll,5,0,0,0,0,62,2026-09-24T02:00:31,310,0,0
2026-09-24_01-56,Log,4,0,16,6,0,3,2026-09-24T01:58:04,200,150,0
2026-09-24_01-56,ArchProtectionScroll,3,0,0,0,0,42,2026-09-24T01:59:45,126,0,0
2026-09-24_01-56,PlateGorget,1,0,1,0,0,120,2026-09-24T02:04:19,120,120,0
2026-09-24_01-56,LeatherChest,1,0,1,0,0,96,2026-09-24T01:58:07,96,96,0
2026-09-24_01-56,ResurrectionScroll,1,0,0,0,0,82,2026-09-24T02:08:35,82,0,0
2026-09-24_01-56,BoneChest,1,0,0,0,0,60,2026-09-24T02:07:47,60,0,0
2026-09-24_01-56,Bow,1,0,0,0,0,60,2026-09-24T02:01:27,60,0,0
2026-09-24_01-56,Crossbow,1,0,1,0,0,60,2026-09-24T01:59:36,60,60,0
2026-09-24_01-56,Katana,1,0,0,0,0,60,2026-09-24T02:08:37,60,0,0
2026-09-24_01-56,PoisonFieldScroll,1,0,1,0,0,52,2026-09-24T01:58:20,52,52,0
2026-09-24_01-56,SummonCreatureScroll,1,0,0,0,0,52,2026-09-24T02:02:53,52,0,0
2026-09-24_01-56,LeatherBustierArms,1,0,1,0,0,48,2026-09-24T02:04:29,48,48,0
2026-09-24_01-56,LeatherSkirt,1,0,1,0,0,48,2026-09-24T02:05:58,48,48,0
2026-09-24_01-56,LeatherGloves,1,0,0,0,0,24,2026-09-24T02:07:54,24,0,0
2026-09-24_01-56,LeatherCap,1,0,1,0,0,20,2026-09-24T02:03:38,20,20,0
2026-09-24_02-09,RawRibs,44,0,39,17,0,3,2026-09-24T02:09:29,2577,255,0
2026-09-24_02-09,LightningScroll,9,0,0,0,0,42,2026-09-24T02:09:31,378,0,0
2026-09-24_02-09,IronIngot,2,0,4,2,0,8,2026-09-24T02:09:30,320,160,0
2026-09-24_02-09,Feather,4,0,7,3,0,3,2026-09-24T02:09:28,234,105,0
2026-09-24_02-09,EnergyBoltScroll,2,0,0,0,0,62,2026-09-24T02:09:41,124,0,0
2026-09-24_02-09,Leather,1,0,4,3,0,6,2026-09-24T02:09:28,120,105,0
2026-09-24_02-09,Katana,1,0,1,0,0,60,2026-09-24T02:09:31,60,60,0
2026-09-24_02-09,Log,1,0,4,2,0,3,2026-09-24T02:10:28,60,45,0
2026-09-24_02-09,SummonCreatureScroll,1,0,0,0,0,52,2026-09-24T02:09:30,52,0,0
2026-09-24_02-09,ArchProtectionScroll,1,0,0,0,0,42,2026-09-24T02:09:31,42,0,0
2026-09-24_02-09,LeatherGloves,1,0,1,0,0,24,2026-09-24T02:11:07,24,24,0
2026-09-24_02-12,RawRibs,160,53,426,174,0,3,2026-09-24T02:12:28,6849,1623,0
2026-09-24_02-12,IronIngot,9,0,35,26,0,8,2026-09-24T02:12:29,1243,1086,0
2026-09-24_02-12,EnergyBoltScroll,10,12,0,0,1,93,2026-09-24T02:43:23,815,0,62
2026-09-24_02-12,LightningScroll,14,26,0,0,2,63,2026-09-24T02:43:23,788,0,96
2026-09-24_02-12,Feather,13,3,38,10,0,3,2026-09-24T02:12:28,460,305,0
2026-09-24_02-12,Log,5,0,20,10,0,3,2026-09-24T02:16:27,300,225,0
2026-09-24_02-12,PlateGorget,2,0,2,0,0,120,2026-09-24T02:19:03,240,240,0
2026-09-24_02-12,ChainLegs,1,0,1,0,0,216,2026-09-24T02:40:33,216,216,0
2026-09-24_02-12,ArchProtectionScroll,5,0,1,0,2,42,2026-09-24T02:17:44,210,42,84
2026-09-24_02-12,ResurrectionScroll,2,0,0,0,0,82,2026-09-24T02:36:17,164,0,0
2026-09-24_02-12,Crossbow,1,1,0,0,0,69,2026-09-24T02:37:53,69,0,0
2026-09-24_02-12,DispelScroll,1,0,0,0,0,62,2026-09-24T02:34:20,62,0,0
2026-09-24_02-12,BoneChest,1,0,1,0,0,60,2026-09-24T02:22:04,60,60,0
2026-09-24_02-12,LeatherCap,1,0,1,0,0,20,2026-09-24T02:19:03,20,20,0
2026-09-24_02-12,Leather,1,0,2,1,0,3,2026-09-24T02:36:28,18,18,0
2026-09-24_02-44,RawRibs,60,0,125,67,0,3,2026-09-24T02:44:07,2781,628,0
2026-09-24_02-44,LightningScroll,11,0,0,0,0,42,2026-09-24T02:44:08,462,0,0
2026-09-24_02-44,IronIngot,4,0,11,7,0,8,2026-09-24T02:44:08,406,352,0
2026-09-24_02-44,Feather,6,0,13,6,0,3,2026-09-24T02:44:06,230,145,0
2026-09-24_02-44,EnergyBoltScroll,3,0,0,0,0,62,2026-09-24T02:44:14,186,0,0
2026-09-24_02-44,Leather,1,0,1,0,0,5,2026-09-24T02:51:43,100,25,0
2026-09-24_02-44,DispelScroll,1,0,0,0,0,62,2026-09-24T02:44:08,62,0,0
2026-09-24_02-44,ArchProtectionScroll,1,0,0,0,0,42,2026-09-24T02:52:09,42,0,0
2026-09-24_02-44,Log,1,0,3,2,0,3,2026-09-24T02:50:06,36,34,0
2026-09-24_02-44,LeatherGloves,1,0,1,0,0,24,2026-09-24T02:44:59,24,24,0
2026-09-24_02-53,RawRibs,148,100,177,77,0,5,2026-09-24T03:21:02,10510,888,0
2026-09-24_02-53,LightningScroll,15,28,1,0,4,63,2026-09-24T03:23:32,850,55,181
2026-09-24_02-53,Leather,15,0,44,12,0,6,2026-09-24T02:53:07,580,425,0
2026-09-24_02-53,Feather,15,11,43,18,0,3,2026-09-24T02:53:07,578,413,0
2026-09-24_02-53,EnergyBoltScroll,6,9,0,0,1,81,2026-09-24T03:19:02,476,0,71
2026-09-24_02-53,ResurrectionScroll,5,0,0,0,2,82,2026-09-24T02:54:52,410,0,164
2026-09-24_02-53,Log,5,0,20,6,0,3,2026-09-24T02:55:06,220,165,0
2026-09-24_02-53,ArchProtectionScroll,3,3,0,0,1,55,2026-09-24T03:19:02,152,0,42
2026-09-24_02-53,IronIngot,4,0,13,2,0,2,2026-09-24T03:20:13,120,80,0
2026-09-24_02-53,PlateGorget,1,0,1,0,0,120,2026-09-24T03:09:26,120,120,0
2026-09-24_02-53,DispelScroll,1,2,0,0,0,81,2026-09-24T03:20:32,81,0,0
2026-09-24_02-53,Crossbow,1,2,0,0,0,79,2026-09-24T03:23:32,79,0,0
2026-09-24_02-53,Bow,1,0,0,0,0,60,2026-09-24T03:21:20,60,0,0
2026-09-24_02-53,LeatherBustierArms,1,0,1,0,0,48,2026-09-24T02:58:29,48,48,0
2026-09-24_02-53,LeatherSkirt,1,0,1,0,0,48,2026-09-24T02:58:29,48,48,0
2026-09-24_02-53,BronzeIngot,1,0,4,1,0,2,2026-09-24T03:18:24,40,30,0
2026-09-24_02-53,ShadowIronIngot,1,0,6,1,0,2,2026-09-24T03:16:10,40,29,0
2026-09-24_02-53,LeatherCap,1,0,1,0,0,20,2026-09-24T03:03:51,20,20,0
2026-09-24_03-29,RawRibs,130,147,114,47,0,7,2026-09-24T04:11:01,12126,623,0
2026-09-24_03-29,IronIngot,14,0,47,33,0,8,2026-09-24T03:29:37,1446,1206,0
2026-09-24_03-29,Feather,15,11,42,17,0,3,2026-09-24T03:29:35,594,419,0
2026-09-24_03-29,Leather,15,0,53,11,0,6,2026-09-24T03:29:36,560,431,0
2026-09-24_03-29,EnergyBoltScroll,5,12,0,0,2,106,2026-09-24T04:11:01,480,0,162
2026-09-24_03-29,LightningScroll,7,19,0,0,1,72,2026-09-24T04:11:01,456,0,42
2026-09-24_03-29,ChainChest,1,0,1,0,0,240,2026-09-24T03:50:43,240,240,0
2026-09-24_03-29,BronzeIngot,1,0,5,4,0,8,2026-09-24T03:47:04,160,133,0
2026-09-24_03-29,DispelScroll,2,3,0,0,1,93,2026-09-24T04:15:31,155,0,62
2026-09-24_03-29,LeatherBustierArms,3,0,3,0,0,48,2026-09-24T03:47:51,144,144,0
2026-09-24_03-29,LeatherSkirt,3,0,2,0,0,48,2026-09-24T03:47:51,144,96,0
2026-09-24_03-29,ArchProtectionScroll,2,7,0,0,0,72,2026-09-24T04:13:31,135,0,0
2026-09-24_03-29,Bow,2,1,1,0,0,69,2026-09-24T03:49:31,129,69,0
2026-09-24_03-29,ResurrectionScroll,1,3,0,0,1,124,2026-09-24T04:02:31,124,0,124
2026-09-24_03-29,Log,3,0,12,2,0,3,2026-09-24T03:43:35,100,85,0
2026-09-24_03-29,LeatherChest,1,0,0,0,0,96,2026-09-24T04:09:51,96,0,0
2026-09-24_03-29,ArchCureScroll,2,1,0,0,1,48,2026-09-24T04:07:01,90,0,42
2026-09-24_03-29,LeatherArms,1,0,1,0,0,32,2026-09-24T03:52:38,32,32,0
2026-09-24_03-29,LeatherGorget,1,0,1,0,0,32,2026-09-24T04:06:50,32,32,0
2026-09-24_03-29,LeatherGloves,1,0,1,0,0,24,2026-09-24T03:53:32,24,24,0
2026-09-24_03-29,LeatherCap,1,0,1,0,0,20,2026-09-24T03:56:31,20,20,0
2026-09-24_04-15,RawRibs,125,133,97,40,0,7,2026-09-24T04:58:56,10960,427,0
2026-09-24_04-15,IronIngot,13,0,48,31,0,8,2026-09-24T04:16:02,1232,930,0
2026-09-24_04-15,Feather,17,12,58,25,0,3,2026-09-24T04:16:01,716,577,0
2026-09-24_04-15,Leather,20,4,67,11,0,5,2026-09-24T04:17:00,615,486,0
2026-09-24_04-15,EnergyBoltScroll,6,12,0,0,1,93,2026-09-24T04:51:26,536,0,71
2026-09-24_04-15,LightningScroll,6,15,0,0,1,72,2026-09-24T04:57:56,375,0,42
2026-09-24_04-15,Log,7,0,23,8,0,3,2026-09-24T04:18:00,324,219,0
2026-09-24_04-15,ShadowIronIngot,2,0,9,7,0,8,2026-09-24T04:32:21,260,224,0
2026-09-24_04-15,ResurrectionScroll,2,4,0,0,0,124,2026-09-24T04:52:56,232,0,0
2026-09-24_04-15,ChainLegs,1,0,1,0,0,216,2026-09-24T04:52:55,216,216,0
2026-09-24_04-15,LeatherChest,2,0,2,0,0,96,2026-09-24T04:35:39,192,192,0
2026-09-24_04-15,ArchProtectionScroll,2,7,0,0,0,72,2026-09-24T04:57:26,144,0,0
2026-09-24_04-15,ArchCureScroll,3,1,0,0,2,48,2026-09-24T04:44:26,132,0,90
2026-09-24_04-15,PlateGorget,1,0,1,0,0,120,2026-09-24T04:30:58,120,120,0
2026-09-24_04-15,Bow,1,4,0,0,0,103,2026-09-24T04:57:26,103,0,0
2026-09-24_04-15,DispelScroll,1,3,0,0,0,93,2026-09-24T04:54:56,93,0,0
2026-09-24_04-15,LeatherLegs,1,0,1,0,0,80,2026-09-24T04:37:38,80,80,0
2026-09-24_04-15,LeatherArms,2,0,2,0,0,32,2026-09-24T04:21:01,64,64,0
2026-09-24_04-15,Crossbow,1,0,1,0,0,60,2026-09-24T04:19:13,60,60,0
2026-09-24_04-15,LeatherGloves,2,0,2,0,0,24,2026-09-24T04:27:58,48,48,0
2026-09-24_04-15,LeatherSkirt,1,0,1,0,0,48,2026-09-24T04:21:01,48,48,0
2026-09-24_04-15,LeatherCap,2,0,2,0,0,20,2026-09-24T04:29:47,40,40,0
2026-09-24_04-15,LeatherGorget,1,0,0,0,0,32,2026-09-24T05:00:09,32,0,0
2026-09-24_05-00,RawRibs,112,94,125,52,0,6,2026-09-24T05:37:59,9267,696,0
2026-09-24_05-00,EnergyBoltScroll,7,16,0,0,0,106,2026-09-24T05:43:59,690,0,0
2026-09-24_05-00,Leather,8,0,26,18,0,6,2026-09-24T05:00:34,609,539,0
2026-09-24_05-00,IronIngot,5,0,19,14,0,8,2026-09-24T05:00:34,600,495,0
2026-09-24_05-00,Bow,4,10,0,0,0,103,2026-09-24T05:42:59,386,0,0
2026-09-24_05-00,LightningScroll,5,14,0,0,1,72,2026-09-24T05:42:59,327,0,48
2026-09-24_05-00,Feather,9,2,34,9,0,3,2026-09-24T05:00:33,326,266,0
2026-09-24_05-00,CopperIngot,2,0,5,3,0,8,2026-09-24T05:22:04,280,145,0
2026-09-24_05-00,Log,4,0,10,3,0,3,2026-09-24T05:06:33,180,95,0
2026-09-24_05-00,PlateGorget,1,0,1,0,0,120,2026-09-24T05:06:25,120,120,0
2026-09-24_05-00,ArchProtectionScroll,2,3,0,0,1,63,2026-09-24T05:32:59,105,0,63
2026-09-24_05-00,ResurrectionScroll,1,1,0,0,0,94,2026-09-24T05:40:59,94,0,0
2026-09-24_05-00,DispelScroll,1,3,0,0,0,93,2026-09-24T05:36:29,93,0,0
2026-09-24_05-00,ArchCureScroll,1,4,0,0,0,72,2026-09-24T05:41:59,72,0,0
2026-09-24_05-00,HarmScroll,3,0,0,0,0,22,2026-09-24T05:38:30,66,0,0
2026-09-24_05-00,ShadowIronIngot,1,0,2,1,0,2,2026-09-24T05:40:31,40,14,0
2026-09-24_05-00,LeatherArms,1,0,1,0,0,32,2026-09-24T05:03:43,32,32,0
2026-09-24_05-00,LeatherGorget,1,0,1,0,0,32,2026-09-24T05:01:12,32,32,0
2026-09-24_05-00,LeatherCap,1,0,1,0,0,20,2026-09-24T05:05:31,20,20,0
2026-09-24_05-45,RawRibs,127,89,145,67,0,6,2026-09-24T06:24:50,10348,721,0
2026-09-24_05-45,IronIngot,7,0,22,15,0,8,2026-09-24T05:45:26,988,745,0
2026-09-24_05-45,EnergyBoltScroll,6,17,0,0,0,93,2026-09-24T06:24:50,558,0,0
2026-09-24_05-45,Leather,7,0,27,16,0,5,2026-09-24T06:02:37,525,439,0
2026-09-24_05-45,ResurrectionScroll,3,5,0,0,1,124,2026-09-24T06:24:50,356,0,108
2026-09-24_05-45,LightningScroll,5,16,0,0,1,72,2026-09-24T06:26:20,351,0,63
2026-09-24_05-45,Feather,9,1,27,3,0,3,2026-09-24T05:45:25,240,170,0
2026-09-24_05-45,Bow,2,5,0,0,0,103,2026-09-24T06:27:50,193,0,0
2026-09-24_05-45,LeatherChest,2,0,2,0,0,96,2026-09-24T06:10:01,192,192,0
2026-09-24_05-45,Log,3,0,12,3,0,3,2026-09-24T05:52:25,120,95,0
2026-09-24_05-45,DispelScroll,1,3,1,0,0,93,2026-09-24T06:17:50,93,93,0
2026-09-24_05-45,ArchCureScroll,1,4,0,0,0,72,2026-09-24T06:26:20,72,0,0
2026-09-24_05-45,ArchProtectionScroll,1,4,0,0,0,72,2026-09-24T06:27:20,72,0,0
2026-09-24_05-45,MindBlastScroll,1,2,0,0,0,67,2026-09-24T06:30:20,67,0,0
2026-09-24_06-33,RawRibs,58,21,38,17,0,4,2026-09-24T06:44:07,3786,248,0
2026-09-24_06-33,IronIngot,8,0,25,19,0,8,2026-09-24T06:33:43,1120,710,0
2026-09-24_06-33,Feather,7,0,19,8,0,3,2026-09-24T06:33:41,300,190,0
2026-09-24_06-33,LightningScroll,5,5,0,0,0,48,2026-09-24T06:44:07,240,0,0
2026-09-24_06-33,ChainLegs,1,0,1,0,0,216,2026-09-24T06:44:19,216,216,0
2026-09-24_06-33,Leather,2,0,10,8,0,5,2026-09-24T06:43:14,200,158,0
2026-09-24_06-33,ResurrectionScroll,1,1,0,0,0,94,2026-09-24T06:46:07,94,0,0
2026-09-24_06-33,EnergyBoltScroll,1,1,0,0,0,71,2026-09-24T06:47:07,71,0,0
2026-09-24_06-33,Log,1,0,0,0,0,3,2026-09-24T06:46:42,60,0,0
2026-09-24_06-33,MindBlastScroll,1,0,0,0,0,52,2026-09-24T06:43:43,52,0,0
2026-09-24_06-33,ArchCureScroll,1,1,0,0,0,48,2026-09-24T06:44:37,48,0,0
2026-09-24_06-33,ArchProtectionScroll,1,1,0,0,0,48,2026-09-24T06:45:37,48,0,0
2026-09-24_06-33,LeatherArms,1,0,1,0,0,32,2026-09-24T06:44:19,32,32,0
2026-09-24_06-33,LeatherGloves,1,0,1,0,0,24,2026-09-24T06:47:28,24,24,0
2026-09-24_06-33,LeatherCap,1,0,1,0,0,20,2026-09-24T06:48:29,20,20,0
2026-09-24_06-50,RawRibs,61,44,71,33,0,4,2026-09-24T07:09:54,3965,336,0
2026-09-24_06-50,IronIngot,7,0,26,17,0,8,2026-09-24T06:50:59,740,486,0
2026-09-24_06-50,PlateGorget,3,0,1,0,0,120,2026-09-24T06:58:08,360,120,0
2026-09-24_06-50,Leather,5,0,17,12,0,5,2026-09-24T06:59:59,330,273,0
2026-09-24_06-50,EnergyBoltScroll,4,6,0,0,0,81,2026-09-24T07:12:24,314,0,0
2026-09-24_06-50,LeatherChest,3,0,0,0,0,96,2026-09-24T07:10:35,288,0,0
2026-09-24_06-50,LightningScroll,5,10,0,0,0,55,2026-09-24T07:11:24,275,0,0
2026-09-24_06-50,ChainChest,1,0,0,0,0,240,2026-09-24T07:19:03,240,0,0
2026-09-24_06-50,Feather,7,0,15,6,0,3,2026-09-24T06:50:58,217,139,0
2026-09-24_06-50,ChainLegs,1,0,0,0,0,216,2026-09-24T07:16:25,216,0,0
2026-09-24_06-50,ResurrectionScroll,2,2,0,0,0,94,2026-09-24T07:17:24,188,0,0
2026-09-24_06-50,LeatherBustierArms,3,0,3,0,0,48,2026-09-24T07:10:31,144,144,0
2026-09-24_06-50,LeatherSkirt,3,0,3,0,0,48,2026-09-24T07:11:32,144,144,0
2026-09-24_06-50,Bow,2,1,0,0,0,69,2026-09-24T07:10:54,129,0,0
2026-09-24_06-50,Log,2,0,6,3,0,3,2026-09-24T07:11:58,100,65,0
2026-09-24_06-50,LeatherArms,2,0,2,0,0,32,2026-09-24T07:12:55,64,64,0
2026-09-24_06-50,MindBlastScroll,1,1,0,0,0,59,2026-09-24T07:09:24,59,0,0
2026-09-24_06-50,ArchCureScroll,1,2,0,0,0,55,2026-09-24T07:14:24,55,0,0
2026-09-24_06-50,ArchProtectionScroll,1,2,0,0,0,55,2026-09-24T07:11:24,55,0,0
2026-09-24_06-50,LeatherGloves,2,0,2,0,0,24,2026-09-24T07:13:43,48,48,0
2026-09-24_06-50,LeatherCap,2,0,2,0,0,20,2026-09-24T07:15:13,40,40,0
2026-09-24_07-19,RawRibs,112,39,173,78,0,4,2026-09-24T07:52:49,7164,918,0
2026-09-24_07-19,PlateGorget,16,9,9,0,0,158,2026-09-24T08:02:19,2196,1170,0
2026-09-24_07-19,Leather,17,0,68,38,0,5,2026-09-24T07:25:09,1160,931,0
2026-09-24_07-19,ChainLegs,5,0,4,0,0,216,2026-09-24T07:20:48,1080,864,0
2026-09-24_07-19,LeatherChest,10,0,10,0,0,96,2026-09-24T07:20:34,960,960,0
2026-09-24_07-19,IronIngot,14,0,52,22,0,8,2026-09-24T07:21:04,860,659,0
2026-09-24_07-19,LightningScroll,8,14,0,0,3,63,2026-09-24T07:59:49,454,0,139
2026-09-24_07-19,LeatherArms,14,0,14,0,0,32,2026-09-24T07:25:04,448,448,0
2026-09-24_07-19,EnergyBoltScroll,5,9,1,0,1,93,2026-09-24T07:55:19,441,81,81
2026-09-24_07-19,Feather,12,3,29,8,0,3,2026-09-24T07:19:53,404,238,0
2026-09-24_07-19,Bow,5,5,2,0,0,79,2026-09-24T07:53:19,385,148,0
2026-09-24_07-19,ResurrectionScroll,4,2,0,0,2,108,2026-09-24T07:55:19,380,0,164
2026-09-24_07-19,LeatherBustierArms,7,0,7,0,0,48,2026-09-24T07:20:29,336,336,0
2026-09-24_07-19,LeatherGloves,14,0,14,0,0,24,2026-09-24T07:30:51,336,336,0
2026-09-24_07-19,LeatherSkirt,7,0,7,0,0,48,2026-09-24T07:20:50,336,336,0
2026-09-24_07-19,LeatherCap,14,0,14,0,0,20,2026-09-24T07:27:59,280,280,0
2026-09-24_07-19,Log,5,0,16,6,0,3,2026-09-24T07:20:53,186,151,0
2026-09-24_07-19,Crossbow,2,3,0,0,0,79,2026-09-24T08:00:49,148,0,0
2026-09-24_07-19,LeatherLegs,1,0,1,0,0,80,2026-09-24T07:28:21,80,80,0
2026-09-24_07-19,ArchCureScroll,1,4,0,0,0,72,2026-09-24T08:01:19,72,0,0
2026-09-24_07-19,ExplosionScroll,1,1,0,0,0,71,2026-09-24T08:02:19,71,0,0
2026-09-24_07-19,ArchProtectionScroll,1,3,1,0,0,63,2026-09-24T07:53:19,63,63,0
2026-09-24_07-19,Katana,1,0,1,0,0,60,2026-09-24T07:50:26,60,60,0
2026-09-24_07-19,MindBlastScroll,1,0,1,0,0,52,2026-09-24T07:32:31,52,52,0
2026-09-24_07-19,CurseScroll,1,0,0,0,0,42,2026-09-24T08:02:50,42,0,0
2026-09-24_07-19,LeatherGorget,1,0,1,0,0,32,2026-09-24T07:51:40,32,32,0
2026-09-24_08-04,RawRibs,110,70,118,55,0,5,2026-09-24T08:35:09,8208,663,0
2026-09-24_08-04,PlateGorget,9,2,8,0,1,138,2026-09-24T08:16:39,1170,1050,120
2026-09-24_08-04,Leather,11,0,45,31,0,6,2026-09-24T08:04:43,900,715,0
2026-09-24_08-04,IronIngot,7,0,24,17,0,8,2026-09-24T08:04:45,800,706,0
2026-09-24_08-04,EnergyBoltScroll,7,11,0,0,0,81,2026-09-24T08:38:09,557,0,0
2026-09-24_08-04,Feather,13,1,39,11,0,3,2026-09-24T08:04:43,490,315,0
2026-09-24_08-04,ChainLegs,2,0,2,0,0,216,2026-09-24T08:05:59,432,432,0
2026-09-24_08-04,LightningScroll,7,16,0,0,1,63,2026-09-24T08:35:09,426,0,48
2026-09-24_08-04,ResurrectionScroll,3,4,0,0,1,124,2026-09-24T08:36:09,356,0,108
2026-09-24_08-04,LeatherChest,3,0,3,0,0,96,2026-09-24T08:10:19,288,288,0
2026-09-24_08-04,Bow,3,7,0,0,1,90,2026-09-24T08:35:09,259,0,79
2026-09-24_08-04,MindBlastScroll,2,4,0,0,0,67,2026-09-24T08:36:09,134,0,0
2026-09-24_08-04,LeatherArms,4,0,4,0,0,32,2026-09-24T08:05:56,128,128,0
2026-09-24_08-04,LeatherGloves,4,0,4,0,0,24,2026-09-24T08:07:37,96,96,0
2026-09-24_08-04,InvisibilityScroll,1,2,0,0,0,81,2026-09-24T08:37:09,81,0,0
2026-09-24_08-04,LeatherLegs,1,0,1,0,0,80,2026-09-24T08:25:28,80,80,0
2026-09-24_08-04,Crossbow,1,1,0,0,0,69,2026-09-24T08:41:39,69,0,0
2026-09-24_08-04,Log,2,0,6,4,0,3,2026-09-24T08:12:44,66,64,0
2026-09-24_08-04,ArchCureScroll,1,3,0,0,0,63,2026-09-24T08:35:09,63,0,0
2026-09-24_08-04,CurseScroll,1,3,0,0,0,63,2026-09-24T08:35:09,63,0,0
2026-09-24_08-04,ExplosionScroll,1,0,1,0,0,62,2026-09-24T08:04:45,62,62,0
2026-09-24_08-04,Broadsword,1,0,1,0,0,60,2026-09-24T08:15:26,60,60,0
2026-09-24_08-04,LeatherCap,3,0,3,0,0,20,2026-09-24T08:18:43,60,60,0
2026-09-24_08-04,VikingSword,1,0,1,0,0,60,2026-09-24T08:40:30,60,60,0
2026-09-24_08-04,LeatherBustierArms,1,0,1,0,0,48,2026-09-24T08:10:19,48,48,0
2026-09-24_08-04,LeatherSkirt,1,0,1,0,0,48,2026-09-24T08:15:14,48,48,0
2026-09-24_08-04,HarmScroll,2,0,0,0,0,22,2026-09-24T08:15:15,44,0,0
2026-09-24_08-04,LeatherGorget,1,0,1,0,0,32,2026-09-24T08:29:11,32,32,0
2026-09-24_08-45,RawRibs,97,82,103,42,0,6,2026-09-24T09:16:22,8816,783,0
2026-09-24_08-45,IronIngot,5,0,17,13,0,8,2026-09-24T08:45:28,760,537,0
2026-09-24_08-45,EnergyBoltScroll,7,11,0,0,0,106,2026-09-24T09:27:22,677,0,0
2026-09-24_08-45,LightningScroll,9,16,0,0,2,72,2026-09-24T09:26:52,580,0,103
2026-09-24_08-45,Leather,8,0,30,19,0,6,2026-09-24T08:46:26,576,481,0
2026-09-24_08-45,ResurrectionScroll,4,4,0,0,2,124,2026-09-24T09:18:22,454,0,206
2026-09-24_08-45,Feather,11,2,33,6,0,3,2026-09-24T08:45:26,326,233,0
2026-09-24_08-45,CopperIngot,2,0,7,5,0,8,2026-09-24T09:06:04,300,181,0
2026-09-24_08-45,PlateGorget,2,0,2,0,0,120,2026-09-24T09:10:56,240,240,0
2026-09-24_08-45,BronzeIngot,1,0,2,1,0,8,2026-09-24T09:09:25,160,64,0
2026-09-24_08-45,LeatherLegs,2,0,2,0,0,80,2026-09-24T09:02:48,160,160,0
2026-09-24_08-45,InvisibilityScroll,2,3,0,0,1,93,2026-09-24T09:17:52,155,0,93
2026-09-24_08-45,Bow,2,2,0,0,0,79,2026-09-24T09:22:22,148,0,0
2026-09-24_08-45,LeatherCap,5,0,5,0,0,20,2026-09-24T09:09:11,100,100,0
2026-09-24_08-45,LeatherArms,3,0,3,0,0,32,2026-09-24T09:05:23,96,96,0
2026-09-24_08-45,LeatherBustierArms,2,0,2,0,0,48,2026-09-24T08:52:50,96,96,0
2026-09-24_08-45,LeatherChest,1,0,1,0,0,96,2026-09-24T08:57:59,96,96,0
2026-09-24_08-45,LeatherGloves,4,0,4,0,0,24,2026-09-24T08:46:37,96,96,0
2026-09-24_08-45,Log,2,0,8,2,0,3,2026-09-24T08:55:26,80,65,0
2026-09-24_08-45,ArchCureScroll,1,4,0,0,0,72,2026-09-24T09:27:22,72,0,0
2026-09-24_08-45,CurseScroll,1,3,0,0,0,63,2026-09-24T09:26:52,63,0,0
2026-09-24_08-45,WarFork,1,0,1,0,0,60,2026-09-24T09:24:39,60,60,0
2026-09-24_08-45,LeatherSkirt,1,0,1,0,0,48,2026-09-24T09:11:47,48,48,0
2026-09-24_08-45,LeatherGorget,1,0,1,0,0,32,2026-09-24T09:09:11,32,32,0
2026-09-24_09-30,RawRibs,67,25,71,34,0,4,2026-09-24T09:42:06,4430,452,0
2026-09-24_09-30,ChainLegs,3,0,1,0,0,216,2026-09-24T09:45:53,648,216,0
2026-09-24_09-30,LightningScroll,10,9,0,0,0,55,2026-09-24T09:51:06,501,0,0
2026-09-24_09-30,EnergyBoltScroll,7,3,0,0,1,71,2026-09-24T09:50:06,461,0,62
2026-09-24_09-30,Feather,8,0,22,8,0,3,2026-09-24T09:30:41,320,205,0
2026-09-24_09-30,LeatherChest,3,0,3,0,0,96,2026-09-24T09:31:18,288,288,0
2026-09-24_09-30,Leather,3,0,12,9,0,6,2026-09-24T09:32:40,280,245,0
2026-09-24_09-30,PlateGorget,2,0,1,0,0,120,2026-09-24T09:35:51,240,120,0
2026-09-24_09-30,IronIngot,1,0,4,3,0,8,2026-09-24T09:36:30,160,145,0
2026-09-24_09-30,Bow,2,0,0,0,0,60,2026-09-24T09:50:27,120,0,0
2026-09-24_09-30,Log,3,0,12,3,0,3,2026-09-24T09:36:40,120,95,0
2026-09-24_09-30,InvisibilityScroll,1,2,0,0,0,81,2026-09-24T09:51:06,81,0,0
2026-09-24_09-30,Crossbow,1,0,1,0,0,60,2026-09-24T09:37:29,60,60,0
2026-09-24_09-30,CurseScroll,1,2,0,0,0,55,2026-09-24T09:51:06,55,0,0
2026-09-24_09-30,ArchCureScroll,1,1,0,0,0,48,2026-09-24T09:41:36,48,0,0
2026-09-24_09-30,LeatherBustierArms,1,0,1,0,0,48,2026-09-24T09:35:35,48,48,0
2026-09-24_09-30,LeatherSkirt,1,0,1,0,0,48,2026-09-24T09:35:35,48,48,0
2026-09-24_09-30,LeatherCap,2,0,1,0,0,20,2026-09-24T09:47:45,40,20,0
2026-09-24_09-30,LeatherArms,1,0,1,0,0,32,2026-09-24T09:42:13,32,32,0
2026-09-24_09-30,LeatherGloves,1,0,1,0,0,24,2026-09-24T09:44:37,24,24,0
2026-09-24_09-52,RawRibs,30,0,2,1,0,3,2026-09-24T09:52:13,1707,6,0
2026-09-24_09-52,IronIngot,2,0,8,6,0,8,2026-09-24T09:52:14,296,272,0
2026-09-24_09-52,ChainLegs,1,0,0,0,0,216,2026-09-24T09:54:05,216,0,0
2026-09-24_09-52,LightningScroll,5,0,0,0,0,42,2026-09-24T09:52:15,210,0,0
2026-09-24_09-52,Feather,2,0,0,0,0,3,2026-09-24T09:52:14,120,0,0
2026-09-24_09-52,ArchCureScroll,1,0,0,0,0,42,2026-09-24T09:52:15,42,0,0
2026-09-24_09-54,RawRibs,55,24,51,23,0,4,2026-09-24T10:06:03,3578,292,0
2026-09-24_09-54,LightningScroll,10,9,0,0,0,48,2026-09-24T10:05:03,480,0,0
2026-09-24_09-54,EnergyBoltScroll,6,4,0,0,0,71,2026-09-24T10:07:03,426,0,0
2026-09-24_09-54,ChainLegs,1,1,0,0,0,248,2026-09-24T10:05:33,248,0,0
2026-09-24_09-54,RingmailArms,1,0,1,0,0,168,2026-09-24T09:56:54,168,168,0
2026-09-24_09-54,Feather,6,0,13,5,0,3,2026-09-24T09:54:37,165,115,0
2026-09-24_09-54,Bow,2,1,0,0,0,69,2026-09-24T10:05:03,138,0,0
2026-09-24_09-54,Log,2,0,5,2,0,3,2026-09-24T09:59:37,75,60,0
2026-09-24_09-54,InvisibilityScroll,1,1,0,0,0,71,2026-09-24T10:05:33,71,0,0
2026-09-24_09-54,IronIngot,1,0,2,1,0,8,2026-09-24T10:06:11,64,64,0
2026-09-24_09-54,Crossbow,1,0,0,0,0,60,2026-09-24T10:07:36,60,0,0
2026-09-24_09-54,ArchCureScroll,1,1,1,0,0,48,2026-09-24T10:05:33,48,48,0
2026-09-24_09-54,ArchProtectionScroll,1,0,0,0,0,42,2026-09-24T10:12:28,42,0,0
2026-09-24_09-54,CurseScroll,1,0,0,0,0,42,2026-09-24T10:10:19,42,0,0
2026-09-24_10-13,RawRibs,35,0,33,16,0,3,2026-09-24T10:13:45,1959,213,0
2026-09-24_10-13,ChainLegs,1,0,0,0,0,216,2026-09-24T10:20:20,216,0,0
2026-09-24_10-13,EnergyBoltScroll,3,0,0,0,0,62,2026-09-24T10:13:46,186,0,0
2026-09-24_10-13,LightningScroll,4,0,0,0,0,42,2026-09-24T10:13:45,168,0,0
2026-09-24_10-13,IronIngot,1,0,4,3,0,8,2026-09-24T10:19:02,160,138,0
2026-09-24_10-13,Feather,3,0,5,3,0,3,2026-09-24T10:13:45,110,70,0
2026-09-24_10-13,MassCurseScroll,1,0,0,0,0,62,2026-09-24T10:15:01,62,0,0
2026-09-24_10-13,Log,1,0,4,2,0,3,2026-09-24T10:15:44,60,45,0
2026-09-24_10-13,ArchProtectionScroll,1,0,0,0,0,42,2026-09-24T10:13:46,42,0,0
2026-09-24_10-20,RawRibs,74,63,89,39,0,5,2026-09-24T10:43:55,5699,594,0
2026-09-24_10-20,EnergyBoltScroll,8,18,0,0,0,93,2026-09-24T10:51:55,732,0,0
2026-09-24_10-20,LightningScroll,8,21,0,0,0,63,2026-09-24T10:51:55,504,0,0
2026-09-24_10-20,ChainLegs,1,3,0,0,0,327,2026-09-24T10:51:55,327,0,0
2026-09-24_10-20,IronIngot,2,0,6,4,0,8,2026-09-24T10:32:50,224,216,0
2026-09-24_10-20,RingmailLegs,1,1,0,0,0,220,2026-09-24T10:59:55,220,0,0
2026-09-24_10-20,RingmailChest,1,0,1,0,0,216,2026-09-24T10:45:56,216,216,0
2026-09-24_10-20,Feather,7,2,18,4,0,3,2026-09-24T10:21:00,200,136,0
2026-09-24_10-20,Bow,2,4,0,0,0,90,2026-09-24T10:51:55,169,0,0
2026-09-24_10-20,RingmailArms,1,0,1,0,0,168,2026-09-24T10:33:07,168,168,0
2026-09-24_10-20,MassCurseScroll,2,2,0,0,1,81,2026-09-24T10:53:25,143,0,62
2026-09-24_10-20,CurseScroll,1,3,0,0,0,63,2026-09-24T10:54:55,63,0,0
2026-09-24_10-20,Log,1,0,4,2,0,3,2026-09-24T10:43:00,60,45,0
2026-09-24_10-20,WarMace,1,0,1,0,0,60,2026-09-24T10:41:23,60,60,0
2026-09-24_10-20,Leather,1,0,4,1,0,2,2026-09-24T10:36:00,40,30,0
2026-09-24_11-00,RawRibs,131,96,137,63,0,7,2026-09-24T11:47:51,11273,854,0
2026-09-24_11-00,ChainLegs,6,4,3,0,0,285,2026-09-24T11:21:51,1434,786,0
2026-09-24_11-00,EnergyBoltScroll,10,23,0,0,2,106,2026-09-24T11:42:21,1009,0,174
2026-09-24_11-00,LightningScroll,11,33,0,0,1,72,2026-09-24T11:41:21,775,0,55
2026-09-24_11-00,PlateGorget,4,3,0,0,0,158,2026-09-24T11:43:21,592,0,0
2026-09-24_11-00,FemalePlateChest,2,0,0,0,0,240,2026-09-24T11:38:01,480,0,0
2026-09-24_11-00,RingmailChest,2,1,2,0,0,248,2026-09-24T11:11:51,464,464,0
2026-09-24_11-00,IronIngot,3,0,12,9,0,8,2026-09-24T11:15:00,452,409,0
2026-09-24_11-00,Feather,12,4,33,8,0,3,2026-09-24T11:00:26,394,254,0
2026-09-24_11-00,ResurrectionScroll,2,4,0,0,0,142,2026-09-24T11:45:51,266,0,0
2026-09-24_11-00,Log,5,0,20,6,0,3,2026-09-24T11:06:25,220,165,0
2026-09-24_11-00,Bow,2,5,0,0,0,90,2026-09-24T11:42:21,180,0,0
2026-09-24_11-00,RingmailArms,1,0,1,0,0,168,2026-09-24T11:15:54,168,168,0
2026-09-24_11-00,Katana,2,1,2,0,0,69,2026-09-24T11:10:51,129,129,0
2026-09-24_11-00,RingmailGloves,1,0,1,0,0,120,2026-09-24T11:05:49,120,120,0
2026-09-24_11-00,ParalyzeFieldScroll,1,3,0,0,0,93,2026-09-24T11:42:51,93,0,0
2026-09-24_11-00,LeatherCap,4,0,3,0,0,20,2026-09-24T11:09:44,80,60,0
2026-09-24_11-00,MindBlastScroll,1,2,0,0,0,67,2026-09-24T11:42:21,67,0,0
2026-09-24_11-00,CurseScroll,1,1,0,0,0,48,2026-09-24T11:43:51,48,0,0
2026-09-24_11-47,RawRibs,115,118,105,41,0,7,2026-09-24T12:30:56,10284,619,0
2026-09-24_11-47,ChainLegs,5,12,1,0,2,327,2026-09-24T12:19:26,1556,327,575
2026-09-24_11-47,EnergyBoltScroll,11,20,0,0,2,106,2026-09-24T12:29:26,1015,0,152
2026-09-24_11-47,IronIngot,7,0,22,16,0,8,2026-09-24T11:48:02,1008,782,0
2026-09-24_11-47,PlateGorget,5,15,0,0,0,208,2026-09-24T12:29:56,986,0,0
2026-09-24_11-47,LightningScroll,13,28,0,0,2,72,2026-09-24T12:29:26,804,0,84
2026-09-24_11-47,RingmailChest,3,1,3,0,0,248,2026-09-24T12:09:26,680,680,0
2026-09-24_11-47,Feather,15,5,41,14,0,3,2026-09-24T11:48:01,566,366,0
2026-09-24_11-47,FemalePlateChest,1,3,0,0,0,364,2026-09-24T12:23:56,364,0,0
2026-09-24_11-47,RingmailArms,2,0,2,0,0,168,2026-09-24T11:49:13,336,336,0
2026-09-24_11-47,ResurrectionScroll,2,5,0,0,1,124,2026-09-24T12:27:26,232,0,108
2026-09-24_11-47,Crossbow,2,6,0,0,0,103,2026-09-24T12:29:26,193,0,0
2026-09-24_11-47,LeatherChest,2,0,2,0,0,96,2026-09-24T12:05:49,192,192,0
2026-09-24_11-47,LeatherSkirt,4,0,3,0,0,48,2026-09-24T12:08:04,192,144,0
2026-09-24_11-47,Bow,2,4,0,0,0,90,2026-09-24T12:21:26,180,0,0
2026-09-24_11-47,Log,3,0,12,5,0,3,2026-09-24T12:09:01,160,120,0
2026-09-24_11-47,LeatherBustierArms,2,1,2,0,0,55,2026-09-24T12:20:56,103,103,0
2026-09-24_11-47,LeatherArms,3,0,2,0,0,32,2026-09-24T12:21:00,96,64,0
2026-09-24_11-47,LeatherLegs,1,0,1,0,0,80,2026-09-24T12:11:38,80,80,0
2026-09-24_11-47,LeatherGloves,3,0,3,0,0,24,2026-09-24T12:14:06,72,72,0
2026-09-24_11-47,LeatherCap,3,0,0,0,1,20,2026-09-24T11:49:21,60,0,20
2026-09-24_11-47,VikingSword,1,0,1,0,0,60,2026-09-24T12:07:49,60,60,0
2026-09-24_11-47,CurseScroll,1,0,0,0,1,42,2026-09-24T11:55:27,42,0,42
2026-09-24_11-47,Leather,1,0,5,1,0,2,2026-09-24T12:17:17,40,29,0
2026-09-24_12-31,RawRibs,122,142,126,54,0,7,2026-09-24T13:15:20,11565,872,0
2026-09-24_12-31,PlateGorget,7,25,1,0,1,208,2026-09-24T13:12:50,1386,208,138
2026-09-24_12-31,IronIngot,11,0,37,27,0,8,2026-09-24T12:31:26,1244,850,0
2026-09-24_12-31,LightningScroll,18,46,0,0,6,82,2026-09-24T13:22:50,1210,0,286
2026-09-24_12-31,EnergyBoltScroll,8,15,0,0,1,106,2026-09-24T13:20:50,739,0,62
2026-09-24_12-31,Feather,17,8,57,20,0,3,2026-09-24T12:31:24,680,520,0
2026-09-24_12-31,Leather,8,0,23,14,0,6,2026-09-24T12:32:24,513,460,0
2026-09-24_12-31,Bow,4,12,0,0,0,118,2026-09-24T13:22:50,427,0,0
2026-09-24_12-31,ChainLegs,1,0,1,0,0,216,2026-09-24T12:50:44,216,216,0
2026-09-24_12-31,LeatherChest,2,0,2,0,0,96,2026-09-24T12:32:22,192,192,0
2026-09-24_12-31,ResurrectionScroll,2,1,0,0,1,94,2026-09-24T13:15:50,176,0,82
2026-09-24_12-31,LeatherCap,8,0,8,0,0,20,2026-09-24T12:32:26,160,160,0
2026-09-24_12-31,Crossbow,2,2,0,0,1,79,2026-09-24T13:16:20,139,0,60
2026-09-24_12-31,LeatherArms,3,0,3,0,0,32,2026-09-24T12:31:55,96,96,0
2026-09-24_12-31,LeatherBustierArms,2,0,1,0,0,48,2026-09-24T12:32:00,96,48,0
2026-09-24_12-31,LeatherGloves,4,0,4,0,0,24,2026-09-24T12:34:38,96,96,0
2026-09-24_12-31,LeatherSkirt,2,0,2,0,0,48,2026-09-24T12:32:00,96,96,0
2026-09-24_12-31,CurseScroll,1,5,0,0,0,82,2026-09-24T13:22:50,82,0,0
2026-09-24_12-31,ArchProtectionScroll,1,3,0,0,0,63,2026-09-24T13:17:20,63,0,0
2026-09-24_12-31,Log,1,0,4,2,0,3,2026-09-24T12:52:24,60,45,0
2026-09-24_12-31,WarFork,1,0,1,0,0,60,2026-09-24T13:11:00,60,60,0
2026-09-24_12-31,HarmScroll,2,0,0,0,0,22,2026-09-24T13:19:29,44,0,0
2026-09-24_12-31,LeatherGorget,1,0,1,0,0,32,2026-09-24T12:53:53,32,32,0
2026-09-24_13-23,RawRibs,100,104,78,37,0,6,2026-09-24T13:54:58,9070,484,0
2026-09-24_13-23,PlateGorget,8,20,0,0,0,181,2026-09-24T13:54:58,1448,0,0
2026-09-24_13-23,LightningScroll,14,28,0,0,3,63,2026-09-24T13:54:58,832,0,139
2026-09-24_13-23,EnergyBoltScroll,9,14,0,0,1,93,2026-09-24T13:56:58,767,0,71
2026-09-24_13-23,IronIngot,7,0,21,14,0,8,2026-09-24T13:24:04,728,510,0
2026-09-24_13-23,ChainLegs,2,1,2,0,0,248,2026-09-24T13:37:58,464,464,0
2026-09-24_13-23,Feather,11,2,36,10,0,3,2026-09-24T13:24:03,420,300,0
2026-09-24_13-23,Bow,3,5,0,0,0,90,2026-09-24T14:01:28,248,0,0
2026-09-24_13-23,Log,4,0,16,6,0,3,2026-09-24T13:37:03,200,150,0
2026-09-24_13-23,Crossbow,2,5,0,0,0,90,2026-09-24T13:54:58,180,0,0
2026-09-24_13-23,LeatherArms,4,0,4,0,0,32,2026-09-24T13:59:04,128,128,0
2026-09-24_13-23,LeatherBustierArms,2,3,2,0,0,63,2026-09-24T13:45:58,126,126,0
2026-09-24_13-23,LeatherChest,1,2,1,0,0,126,2026-09-24T13:47:58,126,126,0
2026-09-24_13-23,LeatherSkirt,2,3,2,0,0,63,2026-09-24T13:47:58,126,126,0
2026-09-24_13-23,HarmScroll,4,8,0,0,0,32,2026-09-24T13:56:58,121,0,0
2026-09-24_13-23,ResurrectionScroll,1,1,0,0,0,94,2026-09-24T13:57:58,94,0,0
2026-09-24_13-23,LeatherGloves,3,0,3,0,0,24,2026-09-24T14:01:18,72,72,0
2026-09-24_13-23,ArchProtectionScroll,1,3,0,0,0,63,2026-09-24T13:56:28,63,0,0
2026-09-24_13-23,CurseScroll,1,3,0,0,0,63,2026-09-24T13:55:58,63,0,0
2026-09-24_13-23,LeatherCap,3,0,0,0,0,20,2026-09-24T14:01:57,60,0,0
2026-09-24_13-23,WarMace,1,0,1,0,0,60,2026-09-24T13:37:25,60,60,0
2026-09-24_13-23,Leather,1,0,3,1,0,2,2026-09-24T14:00:03,40,23,0
2026-09-24_14-03,RawRibs,67,2,40,19,0,4,2026-09-24T14:14:16,3964,165,0
2026-09-24_14-03,IronIngot,7,0,23,17,0,8,2026-09-24T14:03:52,934,664,0
2026-09-24_14-03,PlateGorget,7,0,0,0,0,120,2026-09-24T14:04:33,840,0,0
2026-09-24_14-03,LightningScroll,10,2,0,0,1,48,2026-09-24T14:14:16,432,0,42
2026-09-24_14-03,Leather,3,0,13,9,0,6,2026-09-24T14:04:51,280,224,0
2026-09-24_14-03,Feather,6,0,14,6,0,3,2026-09-24T14:03:51,240,145,0
2026-09-24_14-03,LeatherChest,2,0,2,0,0,96,2026-09-24T14:10:47,192,192,0
2026-09-24_14-03,EnergyBoltScroll,3,0,0,0,0,62,2026-09-24T14:04:24,186,0,0
2026-09-24_14-03,Crossbow,2,2,0,0,0,69,2026-09-24T14:14:16,138,0,0
2026-09-24_14-03,LeatherBustierArms,2,0,2,0,0,48,2026-09-24T14:04:32,96,96,0
2026-09-24_14-03,LeatherCap,4,0,3,0,0,20,2026-09-24T14:07:17,80,60,0
2026-09-24_14-03,Log,1,0,4,2,0,3,2026-09-24T14:11:51,60,45,0
2026-09-24_14-03,LeatherSkirt,1,0,1,0,0,48,2026-09-24T14:04:32,48,48,0
2026-09-24_14-03,ArchProtectionScroll,1,0,1,0,0,42,2026-09-24T14:04:22,42,42,0
2026-09-24_14-03,LeatherGloves,1,0,1,0,0,24,2026-09-24T14:10:59,24,24,0
2026-09-24_14-14,RawRibs,111,87,75,34,0,6,2026-09-24T14:45:54,9449,467,0
2026-09-24_14-14,PlateGorget,6,8,0,0,0,158,2026-09-24T14:41:54,888,0,0
2026-09-24_14-14,IronIngot,7,0,22,15,0,8,2026-09-24T14:15:01,670,618,0
2026-09-24_14-14,LightningScroll,11,25,0,0,1,63,2026-09-24T14:45:24,646,0,48
2026-09-24_14-14,Leather,6,0,18,12,0,5,2026-09-24T14:30:59,385,328,0
2026-09-24_14-14,Feather,9,5,24,9,0,3,2026-09-24T14:15:00,350,215,0
2026-09-24_14-14,EnergyBoltScroll,4,4,0,0,1,81,2026-09-24T14:40:54,305,0,62
2026-09-24_14-14,ChainLegs,1,0,0,0,0,216,2026-09-24T14:42:42,216,0,0
2026-09-24_14-14,LeatherSkirt,3,0,3,0,0,48,2026-09-24T14:15:25,144,144,0
2026-09-24_14-14,Log,5,0,18,3,0,3,2026-09-24T14:27:59,138,123,0
2026-09-24_14-14,LeatherBustierArms,2,0,2,0,0,48,2026-09-24T14:18:53,96,96,0
2026-09-24_14-14,LeatherLegs,1,0,1,0,0,80,2026-09-24T14:22:58,80,80,0
2026-09-24_14-14,Bow,1,2,0,0,0,79,2026-09-24T14:38:24,79,0,0
2026-09-24_14-14,Crossbow,1,2,0,0,0,79,2026-09-24T14:40:54,79,0,0
2026-09-24_14-14,LeatherArms,2,0,2,0,0,32,2026-09-24T14:24:10,64,64,0
2026-09-24_14-14,GreaterHealScroll,1,3,0,0,0,63,2026-09-24T14:46:24,63,0,0
2026-09-24_14-14,Kryss,1,0,1,0,0,60,2026-09-24T14:39:07,60,60,0
2026-09-24_14-14,WarMace,1,0,1,0,0,60,2026-09-24T14:20:25,60,60,0
2026-09-24_14-14,CurseScroll,1,0,0,0,0,42,2026-09-24T14:43:35,42,0,0
2026-09-24_14-14,LeatherCap,2,0,2,0,0,20,2026-09-24T14:25:21,40,40,0
2026-09-24_14-14,LeatherGloves,1,0,1,0,0,24,2026-09-24T14:24:38,24,24,0
2026-09-24_14-14,LesserHealPotion,1,0,1,0,0,14,2026-09-24T14:32:46,14,14,0
2026-09-24_14-47,RawRibs,124,115,124,57,0,6,2026-09-24T15:22:37,10271,717,0
2026-09-24_14-47,PlateGorget,10,24,6,0,0,181,2026-09-24T15:18:07,1810,1086,0
2026-09-24_14-47,IronIngot,24,0,96,43,0,8,2026-09-24T14:47:13,1784,1385,0
2026-09-24_14-47,Leather,14,0,55,38,0,6,2026-09-24T14:54:12,1116,914,0
2026-09-24_14-47,LightningScroll,13,42,0,0,2,72,2026-09-24T15:28:37,871,0,97
2026-09-24_14-47,EnergyBoltScroll,7,10,0,0,3,93,2026-09-24T15:21:37,595,0,223
2026-09-24_14-47,Feather,15,5,41,14,0,3,2026-09-24T14:47:12,513,358,0
2026-09-24_14-47,ChainLegs,2,1,2,0,0,248,2026-09-24T15:09:07,464,464,0
2026-09-24_14-47,Bow,3,5,0,0,0,90,2026-09-24T15:29:37,270,0,0
2026-09-24_14-47,ResurrectionScroll,2,2,0,0,0,94,2026-09-24T15:27:07,188,0,0
2026-09-24_14-47,GreaterHealScroll,2,8,0,0,0,72,2026-09-24T15:28:37,144,0,0
2026-09-24_14-47,Log,2,0,8,3,0,3,2026-09-24T15:03:12,100,75,0
2026-09-24_14-47,LeatherChest,1,0,1,0,0,96,2026-09-24T14:56:22,96,96,0
2026-09-24_14-47,BoneLegs,1,1,1,0,0,69,2026-09-24T15:22:07,69,69,0
2026-09-24_14-47,CurseScroll,1,3,0,0,0,63,2026-09-24T15:21:37,63,0,0
2026-09-24_14-47,LeatherArms,1,0,1,0,0,32,2026-09-24T14:58:53,32,32,0
2026-09-24_14-47,LeatherGloves,1,0,1,0,0,24,2026-09-24T15:01:19,24,24,0
2026-09-24_14-47,LeatherCap,1,0,1,0,0,20,2026-09-24T15:03:57,20,20,0
2026-09-24_15-31,RawRibs,87,108,67,30,0,7,2026-09-24T16:13:24,7738,308,0
2026-09-24_15-31,IronIngot,21,0,88,66,0,8,2026-09-24T15:32:00,2560,2216,0
2026-09-24_15-31,LightningScroll,9,21,0,0,2,72,2026-09-24T16:13:24,556,0,97
2026-09-24_15-31,EnergyBoltScroll,6,11,0,0,1,93,2026-09-24T16:07:54,522,0,81
2026-09-24_15-31,Feather,12,5,38,15,0,3,2026-09-24T15:31:58,520,359,0
2026-09-24_15-31,Leather,12,0,42,10,0,5,2026-09-24T15:34:58,480,390,0
2026-09-24_15-31,PlateGorget,2,0,2,0,0,120,2026-09-24T15:32:40,240,240,0
2026-09-24_15-31,LeatherChest,2,0,2,0,0,96,2026-09-24T15:35:08,192,192,0
2026-09-24_15-31,ResurrectionScroll,2,2,0,0,0,94,2026-09-24T16:04:24,188,0,0
2026-09-24_15-31,Log,3,0,12,4,0,3,2026-09-24T15:42:58,140,105,0
2026-09-24_15-31,Bow,2,2,0,0,0,69,2026-09-24T16:06:54,138,0,0
2026-09-24_15-31,GreaterHealScroll,1,4,0,0,0,72,2026-09-24T16:13:24,72,0,0
2026-09-24_15-31,MindBlastScroll,1,0,0,0,0,52,2026-09-24T16:11:18,52,0,0
2026-09-24_15-31,LeatherBustierArms,1,0,1,0,0,48,2026-09-24T16:10:54,48,48,0
2026-09-24_15-31,LeatherArms,1,0,1,0,0,32,2026-09-24T15:32:35,32,32,0
2026-09-24_15-31,LeatherGloves,1,0,1,0,0,24,2026-09-24T15:33:53,24,24,0
2026-09-24_16-14,RawRibs,122,144,113,48,0,7,2026-09-24T16:57:28,11904,815,0
2026-09-24_16-14,IronIngot,23,0,93,53,0,8,2026-09-24T16:14:35,2078,1685,0
2026-09-24_16-14,Leather,15,0,51,26,0,6,2026-09-24T16:15:32,943,708,0
2026-09-24_16-14,LightningScroll,14,33,0,0,3,72,2026-09-24T16:55:28,916,0,160
2026-09-24_16-14,EnergyBoltScroll,9,20,1,0,0,106,2026-09-24T16:58:28,819,62,0
2026-09-24_16-14,Feather,17,13,56,21,0,3,2026-09-24T16:14:33,675,510,0
2026-09-24_16-14,PlateGorget,5,0,5,0,0,120,2026-09-24T16:19:13,600,600,0
2026-09-24_16-14,ResurrectionScroll,5,4,0,0,2,108,2026-09-24T16:57:28,472,0,176
2026-09-24_16-14,PlateChest,1,1,0,0,0,345,2026-09-24T17:00:58,345,0,0
2026-09-24_16-14,Bow,4,10,0,0,0,90,2026-09-24T16:54:58,338,0,0
2026-09-24_16-14,ChainLegs,1,0,1,0,0,216,2026-09-24T16:45:12,216,216,0
2026-09-24_16-14,Log,4,0,16,6,0,3,2026-09-24T16:23:33,200,150,0
2026-09-24_16-14,LeatherArms,6,0,6,0,0,32,2026-09-24T16:18:33,192,192,0
2026-09-24_16-14,LeatherBustierArms,3,0,3,0,0,48,2026-09-24T16:17:04,144,144,0
2026-09-24_16-14,LeatherSkirt,3,0,3,0,0,48,2026-09-24T16:16:00,144,144,0
2026-09-24_16-14,LeatherCap,6,0,6,0,0,20,2026-09-24T16:22:05,120,120,0
2026-09-24_16-14,LeatherGloves,5,0,5,0,0,24,2026-09-24T16:18:34,120,120,0
2026-09-24_16-14,LeatherLegs,1,0,1,0,0,80,2026-09-24T16:23:05,80,80,0
2026-09-24_16-14,GreaterHealScroll,1,4,0,0,0,72,2026-09-24T16:56:58,72,0,0
2026-09-24_16-14,ArchProtectionScroll,1,1,0,0,0,48,2026-09-24T16:54:58,48,0,0
2026-09-24_16-14,CurseScroll,1,1,0,0,0,48,2026-09-24T17:00:28,48,0,0
2026-09-24_16-14,LeatherGorget,1,0,1,0,0,32,2026-09-24T16:26:57,32,32,0
2026-09-24_16-14,LesserHealPotion,1,0,2,1,0,5,2026-09-24T16:15:59,10,10,0
2026-09-24_17-03,RawRibs,133,215,128,57,0,8,2026-09-24T17:59:41,14306,896,0
2026-09-24_17-03,IronIngot,38,0,143,78,0,8,2026-09-24T17:03:17,3396,2571,0
2026-09-24_17-03,Leather,23,0,88,52,0,6,2026-09-24T17:03:16,1620,1229,0
2026-09-24_17-03,LightningScroll,15,43,0,0,5,94,2026-09-24T18:05:11,1159,0,303
2026-09-24_17-03,EnergyBoltScroll,9,24,0,0,2,139,2026-09-24T18:05:11,1064,0,199
2026-09-24_17-03,Feather,14,12,57,24,0,3,2026-09-24T17:03:16,640,542,0
2026-09-24_17-03,PlateGorget,4,0,4,0,0,120,2026-09-24T17:05:38,480,480,0
2026-09-24_17-03,StuddedBustierArms,5,2,0,0,0,73,2026-09-24T18:06:11,338,0,0
2026-09-24_17-03,CopperIngot,2,0,6,4,0,8,2026-09-24T17:57:50,300,205,0
2026-09-24_17-03,ResurrectionScroll,3,2,1,0,2,108,2026-09-24T17:55:41,284,82,202
2026-09-24_17-03,Bow,2,8,1,0,0,118,2026-09-24T17:54:41,236,118,0
2026-09-24_17-03,ChainLegs,1,0,1,0,0,216,2026-09-24T17:04:37,216,216,0
2026-09-24_17-03,Log,4,0,11,2,0,3,2026-09-24T17:06:15,160,90,0
2026-09-24_17-03,LeatherSkirt,3,0,3,0,0,48,2026-09-24T18:01:26,144,144,0
2026-09-24_17-03,CurseScroll,2,3,0,0,0,63,2026-09-24T18:05:11,118,0,0
2026-09-24_17-03,LeatherArms,3,0,3,0,0,32,2026-09-24T17:04:37,96,96,0
2026-09-24_17-03,ArchProtectionScroll,1,6,0,0,0,94,2026-09-24T18:05:11,94,0,0
2026-09-24_17-03,LeatherGloves,3,0,3,0,0,24,2026-09-24T17:04:06,72,72,0
2026-09-24_17-03,LeatherCap,2,0,2,0,0,20,2026-09-24T17:05:38,40,40,0
2026-09-24_17-03,LeatherGorget,1,0,1,0,0,32,2026-09-24T18:03:19,32,32,0
2026-09-24_18-06,RawRibs,62,77,21,8,0,5,2026-09-24T18:27:09,5238,117,0
2026-09-24_18-06,Leather,8,0,23,16,0,6,2026-09-24T18:06:44,800,568,0
2026-09-24_18-06,IronIngot,6,0,24,18,0,8,2026-09-24T18:06:45,700,610,0
2026-09-24_18-06,Feather,6,3,17,8,0,3,2026-09-24T18:06:43,295,180,0
2026-09-24_18-06,LightningScroll,5,10,0,0,0,55,2026-09-24T18:27:09,275,0,0
2026-09-24_18-06,StuddedBustierArms,3,5,0,0,0,83,2026-09-24T18:29:09,239,0,0
2026-09-24_18-06,EnergyBoltScroll,2,3,0,0,0,81,2026-09-24T18:27:09,152,0,0
2026-09-24_18-06,LeatherChest,1,0,1,0,0,144,2026-09-24T18:28:59,144,144,0
2026-09-24_18-06,BoneArms,2,0,0,0,1,60,2026-09-24T18:06:45,120,0,60
2026-09-24_18-06,PlateGorget,1,0,0,0,0,120,2026-09-24T18:28:51,120,0,0
2026-09-24_18-06,CurseScroll,2,4,0,0,0,55,2026-09-24T18:27:09,110,0,0
2026-09-24_18-06,LeatherSkirt,2,0,2,0,0,48,2026-09-24T18:13:07,96,96,0
2026-09-24_18-06,Log,2,0,6,2,0,3,2026-09-24T18:07:43,66,51,0
2026-09-24_18-06,LeatherArms,2,0,2,0,0,32,2026-09-24T18:16:53,64,64,0
2026-09-24_18-06,Broadsword,1,0,1,0,0,60,2026-09-24T18:13:01,60,60,0
2026-09-24_18-06,LeatherGloves,1,0,1,0,0,24,2026-09-24T18:24:53,24,24,0
2026-09-24_18-06,LeatherCap,1,0,1,0,0,20,2026-09-24T18:27:50,20,20,0
2026-09-24_18-32,RawRibs,211,381,241,102,0,10,2026-09-24T19:56:26,24619,1804,0
2026-09-24_18-32,IronIngot,35,0,134,70,0,8,2026-09-24T18:32:35,2843,2024,0
2026-09-24_18-32,Leather,34,0,136,40,0,6,2026-09-24T18:32:33,1918,1676,0
2026-09-24_18-32,LightningScroll,16,82,0,0,5,124,2026-09-24T19:54:26,1688,0,340
2026-09-24_18-32,EnergyBoltScroll,9,37,0,0,3,182,2026-09-24T19:57:56,1361,0,292
2026-09-24_18-32,ChainLegs,6,2,5,0,0,248,2026-09-24T19:42:56,1360,1112,0
2026-09-24_18-32,Feather,24,11,88,21,0,3,2026-09-24T18:32:33,818,652,0
2026-09-24_18-32,LeatherChest,8,0,8,0,0,96,2026-09-24T18:38:34,702,702,0
2026-09-24_18-32,PlateGorget,10,4,8,0,0,120,2026-09-24T18:46:12,693,585,0
2026-09-24_18-32,ResurrectionScroll,4,14,0,0,3,247,2026-09-24T19:59:26,673,0,426
2026-09-24_18-32,StuddedBustierArms,7,14,7,0,0,95,2026-09-24T19:03:26,605,605,0
2026-09-24_18-32,CurseScroll,3,19,0,0,1,124,2026-09-24T19:59:26,340,0,108
2026-09-24_18-32,MindBlastScroll,3,9,0,0,1,133,2026-09-24T19:59:26,326,0,77
2026-09-24_18-32,Log,8,0,26,8,0,3,2026-09-24T18:41:32,317,225,0
2026-09-24_18-32,LeatherArms,9,0,9,0,0,32,2026-09-24T18:44:57,288,288,0
2026-09-24_18-32,HarmScroll,8,14,0,0,0,32,2026-09-24T19:54:26,220,0,0
2026-09-24_18-32,LeatherGloves,9,0,9,0,0,24,2026-09-24T18:38:45,216,216,0
2026-09-24_18-32,LeatherCap,8,0,8,0,0,20,2026-09-24T18:34:22,160,160,0
2026-09-24_18-32,Bow,1,6,0,0,0,135,2026-09-24T19:51:56,135,0,0
2026-09-24_18-32,WarFork,2,0,2,0,0,60,2026-09-24T18:41:11,120,120,0
2026-09-24_18-32,RevealScroll,1,4,0,0,0,106,2026-09-24T19:54:26,106,0,0
2026-09-24_18-32,Crossbow,1,4,1,0,0,103,2026-09-24T19:49:56,103,103,0
2026-09-24_18-32,LeatherSkirt,2,0,2,0,0,48,2026-09-24T18:37:32,96,96,0
2026-09-24_18-32,LeatherLegs,1,0,1,0,0,80,2026-09-24T18:47:29,80,80,0
2026-09-24_18-32,ParalyzeFieldScroll,1,0,1,0,0,62,2026-09-24T18:44:57,62,62,0
2026-09-24_18-32,ArchProtectionScroll,1,2,1,0,0,55,2026-09-24T18:54:56,55,55,0
2026-09-24_18-32,ArchCureScroll,1,1,1,0,0,48,2026-09-24T18:45:56,48,48,0
2026-09-24_18-32,CopperIngot,1,0,5,1,0,2,2026-09-24T19:54:16,40,30,0
2026-09-24_18-32,LeatherGorget,1,0,1,0,0,32,2026-09-24T18:34:22,32,32,0
2026-09-24_20-01,RawRibs,44,0,13,5,0,3,2026-09-24T20:01:35,2622,57,0
2026-09-24_20-01,IronIngot,4,0,8,6,0,8,2026-09-24T20:01:37,640,290,0
2026-09-24_20-01,Leather,2,0,4,3,0,6,2026-09-24T20:02:14,200,105,0
2026-09-24_20-01,Feather,3,0,3,0,0,3,2026-09-24T20:01:36,180,45,0
2026-09-24_20-01,LightningScroll,3,0,0,0,0,42,2026-09-24T20:01:37,126,0,0
2026-09-24_20-01,LeatherChest,1,0,1,0,0,96,2026-09-24T20:03:16,96,96,0
2026-09-24_20-01,CurseScroll,2,0,0,0,0,42,2026-09-24T20:02:10,84,0,0
2026-09-24_20-01,ResurrectionScroll,1,0,0,0,0,82,2026-09-24T20:03:04,82,0,0
2026-09-24_20-01,RevealScroll,1,0,0,0,0,62,2026-09-24T20:04:11,62,0,0
2026-09-24_20-01,LeatherGloves,2,0,1,0,0,24,2026-09-24T20:03:01,48,24,0
2026-09-24_20-01,GreaterHealScroll,1,0,0,0,0,42,2026-09-24T20:03:04,42,0,0
2026-09-24_20-01,LeatherArms,1,0,1,0,0,32,2026-09-24T20:03:04,32,32,0
2026-09-24_20-01,HarmScroll,1,0,0,0,0,22,2026-09-24T20:02:40,22,0,0
2026-09-24_20-01,LeatherCap,1,0,0,0,0,20,2026-09-24T20:05:37,20,0,0
2026-09-24_20-06,RawRibs,174,210,186,71,0,9,2026-09-24T21:14:31,18301,1269,0
2026-09-24_20-06,IronIngot,37,0,138,99,0,8,2026-09-24T20:06:08,4052,3261,0
2026-09-24_20-06,EnergyBoltScroll,11,31,0,0,4,139,2026-09-24T21:15:01,1240,0,339
2026-09-24_20-06,Leather,26,0,92,26,0,5,2026-09-24T20:06:46,1118,838,0
2026-09-24_20-06,LightningScroll,9,36,0,0,2,108,2026-09-24T21:17:01,769,0,97
2026-09-24_20-06,PlateGorget,5,0,5,0,0,120,2026-09-24T20:06:46,600,600,0
2026-09-24_20-06,Feather,13,7,50,12,0,3,2026-09-24T20:06:06,520,390,0
2026-09-24_20-06,Log,6,0,19,7,0,3,2026-09-24T20:15:06,261,181,0
2026-09-24_20-06,CurseScroll,3,12,0,0,1,94,2026-09-24T21:09:01,251,0,63
2026-09-24_20-06,ChainLegs,1,0,1,0,0,216,2026-09-24T20:29:34,216,216,0
2026-09-24_20-06,RevealScroll,1,6,0,0,0,139,2026-09-24T21:10:01,139,0,0
2026-09-24_20-06,Bow,2,2,0,0,0,69,2026-09-24T21:13:31,138,0,0
2026-09-24_20-06,StuddedBustierArms,2,0,2,0,0,64,2026-09-24T20:11:01,128,128,0
2026-09-24_20-06,LeatherCap,5,0,5,0,0,20,2026-09-24T20:06:33,100,100,0
2026-09-24_20-06,LeatherArms,3,0,3,0,0,32,2026-09-24T20:20:04,96,96,0
2026-09-24_20-06,LeatherChest,1,0,1,0,0,96,2026-09-24T20:22:36,96,96,0
2026-09-24_20-06,LeatherGloves,4,0,4,0,0,24,2026-09-24T20:06:33,96,96,0
2026-09-24_20-06,LeatherSkirt,2,0,2,0,0,48,2026-09-24T20:14:48,96,96,0
2026-09-24_20-06,ResurrectionScroll,1,1,0,0,0,94,2026-09-24T21:09:31,94,0,0
2026-09-24_20-06,HarmScroll,1,1,0,0,0,25,2026-09-24T21:16:01,25,0,0
2026-09-25_06-17,RawRibs,112,3,115,56,0,3,2026-09-25T06:17:51,6387,588,0
2026-09-25_06-17,Leather,10,0,28,19,0,6,2026-09-25T06:17:51,828,486,0
2026-09-25_06-17,PlateGorget,6,0,2,0,0,120,2026-09-25T06:18:29,720,240,0
2026-09-25_06-17,LightningScroll,15,4,0,0,0,48,2026-09-25T06:28:15,660,0,0
2026-09-25_06-17,IronIngot,5,0,21,15,0,8,2026-09-25T06:22:16,500,416,0
2026-09-25_06-17,ChainLegs,2,0,1,0,0,216,2026-09-25T06:25:40,432,216,0
2026-09-25_06-17,EnergyBoltScroll,5,1,0,0,0,71,2026-09-25T06:28:45,319,0,0
2026-09-25_06-17,Feather,4,0,14,6,0,3,2026-09-25T06:20:51,200,145,0
2026-09-25_06-17,LeatherChest,2,0,2,0,0,96,2026-09-25T06:18:21,192,192,0
2026-09-25_06-17,ResurrectionScroll,2,0,0,0,0,82,2026-09-25T06:19:29,164,0,0
2026-09-25_06-17,LeatherCap,5,0,5,0,0,20,2026-09-25T06:22:46,100,100,0
2026-09-25_06-17,LeatherArms,3,0,3,0,0,32,2026-09-25T06:20:56,96,96,0
2026-09-25_06-17,LeatherGloves,4,0,4,0,0,24,2026-09-25T06:22:13,96,96,0
2026-09-25_06-17,CurseScroll,2,1,0,0,0,48,2026-09-25T06:28:15,90,0,0
2026-09-25_06-17,GreaterHealScroll,2,0,0,0,0,42,2026-09-25T06:18:54,84,0,0
2026-09-25_06-17,LeatherLegs,1,0,1,0,0,80,2026-09-25T06:19:47,80,80,0
2026-09-25_06-17,LeatherGorget,2,0,2,0,0,32,2026-09-25T06:18:55,64,64,0
2026-09-25_06-17,StuddedBustierArms,1,0,1,0,0,64,2026-09-25T06:18:51,64,64,0
2026-09-25_06-17,RevealScroll,1,0,0,0,0,62,2026-09-25T06:19:53,62,0,0
2026-09-25_06-17,Log,1,0,1,0,0,3,2026-09-25T06:22:51,60,15,0
2026-09-25_06-17,MindBlastScroll,1,0,1,0,0,52,2026-09-25T06:18:05,52,52,0
2026-09-25_06-17,LeatherSkirt,1,0,1,0,0,48,2026-09-25T06:18:52,48,48,0
2026-09-25_06-29,RawRibs,141,127,121,54,0,6,2026-09-25T07:01:35,11340,674,0
2026-09-25_06-29,IronIngot,23,0,100,61,0,8,2026-09-25T06:29:41,2162,1828,0
2026-09-25_06-29,Leather,22,0,79,50,0,6,2026-09-25T06:29:41,2003,1621,0
2026-09-25_06-29,LightningScroll,15,33,0,0,3,63,2026-09-25T07:00:05,879,0,139
2026-09-25_06-29,PlateGorget,6,1,4,0,0,138,2026-09-25T06:48:35,792,516,0
2026-09-25_06-29,EnergyBoltScroll,10,14,0,0,1,81,2026-09-25T06:55:35,791,0,62
2026-09-25_06-29,Feather,9,2,26,7,0,3,2026-09-25T06:29:40,317,210,0
2026-09-25_06-29,ChainLegs,1,2,0,0,0,285,2026-09-25T06:57:35,285,0,0
2026-09-25_06-29,PlateLegs,1,0,0,0,0,240,2026-09-25T06:59:01,240,0,0
2026-09-25_06-29,ResurrectionScroll,2,3,0,0,1,124,2026-09-25T07:02:35,218,0,94
2026-09-25_06-29,StuddedBustierArms,3,0,3,0,0,64,2026-09-25T06:35:05,192,192,0
2026-09-25_06-29,Log,4,0,15,5,0,3,2026-09-25T06:36:39,161,125,0
2026-09-25_06-29,Bow,2,4,1,0,0,79,2026-09-25T06:57:35,158,79,0
2026-09-25_06-29,LeatherSkirt,3,0,3,0,0,48,2026-09-25T06:35:05,144,144,0
2026-09-25_06-29,LeatherArms,4,0,4,0,0,32,2026-09-25T06:33:02,128,128,0
2026-09-25_06-29,CurseScroll,2,6,0,0,0,63,2026-09-25T07:00:05,126,0,0
2026-09-25_06-29,GreaterHealScroll,2,5,0,0,0,63,2026-09-25T07:01:35,118,0,0
2026-09-25_06-29,LeatherChest,1,0,1,0,0,96,2026-09-25T06:35:06,96,96,0
2026-09-25_06-29,LeatherGloves,4,0,4,0,0,24,2026-09-25T06:35:54,96,96,0
2026-09-25_06-29,RevealScroll,1,3,0,0,0,93,2026-09-25T07:00:05,93,0,0
2026-09-25_06-29,LeatherLegs,1,0,1,0,0,80,2026-09-25T06:59:55,80,80,0
2026-09-25_06-29,WarFork,1,1,0,0,0,69,2026-09-25T06:53:35,69,0,0
2026-09-25_06-29,MindBlastScroll,1,1,0,0,1,59,2026-09-25T06:52:35,59,0,59
2026-09-25_06-29,LeatherCap,2,0,2,0,0,20,2026-09-25T06:39:09,40,40,0
2026-09-25_07-04,RawRibs,179,205,157,65,0,7,2026-09-25T07:48:02,16998,1066,0
2026-09-25_07-04,IronIngot,18,0,68,38,0,8,2026-09-25T07:04:09,1584,1206,0
2026-09-25_07-04,LightningScroll,16,46,1,0,3,82,2026-09-25T07:55:32,1076,55,147
2026-09-25_07-04,Leather,30,0,117,14,0,6,2026-09-25T07:05:06,888,795,0
2026-09-25_07-04,EnergyBoltScroll,9,15,0,0,3,106,2026-09-25T07:46:02,859,0,223
2026-09-25_07-04,ChainLegs,3,1,3,0,0,248,2026-09-25T07:26:02,680,680,0
2026-09-25_07-04,PlateGorget,5,1,5,0,0,138,2026-09-25T07:19:02,618,618,0
2026-09-25_07-04,Feather,14,5,49,13,0,3,2026-09-25T07:04:06,505,395,0
2026-09-25_07-04,Bow,2,8,0,0,0,118,2026-09-25T07:55:02,221,0,0
2026-09-25_07-04,GreaterHealScroll,3,8,0,0,1,82,2026-09-25T07:55:32,209,0,55
2026-09-25_07-04,LeatherChest,3,0,2,0,0,96,2026-09-25T07:04:47,205,192,0
2026-09-25_07-04,ChainLightningScroll,2,1,0,0,1,82,2026-09-25T07:50:02,154,0,72
2026-09-25_07-04,CurseScroll,2,8,0,0,0,72,2026-09-25T07:46:02,144,0,0
2026-09-25_07-04,Log,3,0,12,4,0,3,2026-09-25T07:07:06,140,105,0
2026-09-25_07-04,WarFork,2,0,2,0,0,60,2026-09-25T07:28:38,120,120,0
2026-09-25_07-04,ResurrectionScroll,1,1,0,0,0,94,2026-09-25T07:49:02,94,0,0
2026-09-25_07-04,Crossbow,1,3,0,0,0,90,2026-09-25T07:50:32,90,0,0
2026-09-25_07-04,LeatherGloves,2,0,2,0,0,37,2026-09-25T07:32:56,74,74,0
2026-09-25_07-04,LeatherArms,2,0,2,0,0,40,2026-09-25T07:28:50,72,72,0
2026-09-25_07-04,RevealScroll,1,1,1,0,0,71,2026-09-25T07:15:32,71,71,0
2026-09-25_07-04,WarMace,1,0,1,0,0,60,2026-09-25T07:06:54,60,60,0
2026-09-25_07-04,LeatherCap,4,0,4,0,0,20,2026-09-25T07:06:10,48,48,0
2026-09-25_07-04,ArchCureScroll,1,0,0,0,0,42,2026-09-25T07:54:02,42,0,0
2026-09-25_07-04,StuddedBustierArms,1,0,1,0,0,23,2026-09-25T07:53:55,23,23,0
2026-09-25_07-04,LesserCurePotion,1,0,2,1,0,5,2026-09-25T07:09:04,10,10,0
2026-09-25_07-04,LeatherSkirt,1,0,0,0,0,3,2026-09-25T07:55:36,3,0,0
2026-09-25_07-56,RawRibs,153,179,142,66,0,7,2026-09-25T08:38:14,14034,886,0
2026-09-25_07-56,IronIngot,10,0,38,27,0,8,2026-09-25T07:56:20,1112,932,0
2026-09-25_07-56,LightningScroll,14,34,0,0,5,72,2026-09-25T08:37:14,910,0,271
2026-09-25_07-56,EnergyBoltScroll,10,16,0,0,1,93,2026-09-25T08:38:14,887,0,62
2026-09-25_07-56,Leather,15,0,59,24,0,6,2026-09-25T07:56:20,823,701,0
2026-09-25_07-56,PlateGorget,5,0,5,0,0,120,2026-09-25T08:06:22,600,600,0
2026-09-25_07-56,StuddedLegs,3,8,0,0,0,165,2026-09-25T08:38:14,474,0,0
2026-09-25_07-56,Feather,12,6,41,10,0,3,2026-09-25T07:56:19,410,315,0
2026-09-25_07-56,LeatherChest,3,0,3,0,0,96,2026-09-25T07:57:06,288,288,0
2026-09-25_07-56,ResurrectionScroll,2,4,0,0,0,142,2026-09-25T08:37:14,266,0,0
2026-09-25_07-56,GreaterHealScroll,4,4,0,0,2,72,2026-09-25T08:37:14,241,0,97
2026-09-25_07-56,LeatherArms,6,0,6,0,0,32,2026-09-25T07:56:53,192,192,0
2026-09-25_07-56,BoneChest,3,0,0,0,0,60,2026-09-25T08:42:21,180,0,0
2026-09-25_07-56,CurseScroll,2,8,0,0,0,72,2026-09-25T08:37:14,144,0,0
2026-09-25_07-56,LeatherGloves,6,0,6,0,0,24,2026-09-25T08:01:38,144,144,0
2026-09-25_07-56,VikingSword,2,1,2,0,0,69,2026-09-25T08:31:44,129,129,0
2026-09-25_07-56,LeatherCap,6,0,6,0,0,20,2026-09-25T08:04:41,120,120,0
2026-09-25_07-56,Log,2,0,8,3,0,3,2026-09-25T07:57:18,100,75,0
2026-09-25_07-56,LeatherSkirt,2,0,2,0,0,48,2026-09-25T07:56:52,96,96,0
2026-09-25_07-56,ChainLightningScroll,1,2,0,0,0,94,2026-09-25T08:34:14,94,0,0
2026-09-25_07-56,LeatherLegs,1,0,1,0,0,80,2026-09-25T08:00:55,80,80,0
2026-09-25_07-56,ArchCureScroll,1,4,0,0,0,72,2026-09-25T08:38:44,72,0,0
2026-09-25_07-56,Bow,1,1,0,0,0,69,2026-09-25T08:43:14,69,0,0
2026-09-25_07-56,MindBlastScroll,1,2,0,0,0,67,2026-09-25T08:34:14,67,0,0
2026-09-25_07-56,StuddedBustierArms,1,0,1,0,0,64,2026-09-25T07:57:01,64,64,0
2026-09-25_07-56,WarMace,1,0,1,0,0,60,2026-09-25T08:23:48,60,60,0
2026-09-25_07-56,LeatherGorget,1,0,1,0,0,32,2026-09-25T08:20:59,32,32,0
2026-09-25_07-56,LesserCurePotion,1,0,1,0,0,7,2026-09-25T08:37:03,14,7,0
2026-09-25_08-44,RawRibs,1094,1481,2050,1191,15,124,2026-09-25T13:41:23,617872,116206,2439
2026-09-25_08-44,LightningScroll,51,202,0,0,40,3024,2026-09-25T14:26:23,28118,0,27371
2026-09-25_08-44,EnergyBoltScroll,37,211,0,0,28,2940,2026-09-25T13:45:23,18537,0,17146
2026-09-25_08-44,ResurrectionScroll,17,50,0,0,15,656,2026-09-25T14:53:53,3579,0,3391
2026-09-25_08-44,IronIngot,50,0,193,61,0,8,2026-09-25T08:44:28,3120,2422,0
2026-09-25_08-44,Feather,70,30,267,42,0,3,2026-09-25T08:44:26,2100,1790,0
2026-09-25_08-44,PlateGorget,9,50,6,0,3,374,2026-09-25T14:06:23,2056,1688,368
2026-09-25_08-44,LeatherChest,15,30,10,0,4,377,2026-09-25T13:49:53,1998,1152,736
2026-09-25_08-44,Leather,47,0,178,55,0,6,2026-09-25T08:57:26,1974,1606,0
2026-09-25_08-44,CurseScroll,14,52,0,0,12,168,2026-09-25T10:37:51,1935,0,1630
2026-09-25_08-44,ChainLegs,6,2,6,0,0,285,2026-09-25T12:57:53,1365,1365,0
2026-09-25_08-44,LeatherLegs,11,29,5,0,4,181,2026-09-25T12:26:23,1340,490,511
2026-09-25_08-44,MindBlastScroll,8,50,1,0,6,308,2026-09-25T11:36:21,1315,88,1053
2026-09-25_08-44,Bow,4,42,2,0,2,412,2026-09-25T11:28:21,1195,543,652
2026-09-25_08-44,LeatherArms,18,33,18,0,0,364,2026-09-25T12:35:23,1161,1161,0
2026-09-25_08-44,ArchCureScroll,5,40,0,0,3,215,2026-09-25T15:16:23,880,0,478
2026-09-25_08-44,FlamestrikeScroll,7,21,0,0,6,163,2026-09-25T11:33:21,794,0,712
2026-09-25_08-44,StuddedLegs,2,22,0,0,2,384,2026-09-25T10:37:51,768,0,768
2026-09-25_08-44,Log,18,0,63,17,0,3,2026-09-25T08:48:26,750,515,0
2026-09-25_08-44,ShadowIronIngot,6,0,24,13,0,8,2026-09-25T14:31:41,700,441,0
2026-09-25_08-44,LeatherBustierArms,6,17,4,0,2,192,2026-09-25T12:12:53,481,207,274
2026-09-25_08-44,DullCopperIngot,12,0,58,8,0,2,2026-09-25T09:11:00,400,311,0
2026-09-25_08-44,LeatherGloves,13,4,10,0,1,35,2026-09-25T15:13:23,341,240,31
2026-09-25_08-44,ArchProtectionScroll,6,10,0,0,5,94,2026-09-25T13:41:23,331,0,283
2026-09-25_08-44,CopperIngot,3,0,14,7,0,8,2026-09-25T14:56:17,320,235,0
2026-09-25_08-44,LeatherGorget,5,9,5,0,0,106,2026-09-25T13:49:53,308,308,0
2026-09-25_08-44,LeatherSkirt,7,14,7,0,0,55,2026-09-25T14:29:23,299,299,0
2026-09-25_08-44,GreaterHealScroll,5,7,4,0,1,72,2026-09-25T09:35:21,282,210,72
2026-09-25_08-44,ChainChest,1,1,1,0,0,276,2026-09-25T13:37:23,276,276,0
2026-09-25_08-44,WarFork,2,9,2,0,0,204,2026-09-25T11:38:21,264,264,0
2026-09-25_08-44,LeatherCap,13,3,13,0,0,26,2026-09-25T13:01:23,253,253,0
2026-09-25_08-44,BoneChest,3,3,3,0,0,90,2026-09-25T09:51:21,248,248,0
2026-09-25_08-44,Crossbow,2,9,2,0,0,155,2026-09-25T12:33:23,234,234,0
2026-09-25_08-44,EnergyFieldScroll,2,5,1,0,1,108,2026-09-25T10:20:21,202,108,94
2026-09-25_08-44,PlateGloves,1,2,1,0,0,189,2026-09-25T14:09:53,189,189,0
2026-09-25_08-44,BotCasterStaff,3,0,0,0,0,60,2026-09-25T09:37:41,180,0,0
2026-09-25_08-44,RingmailArms,1,0,1,0,0,168,2026-09-25T13:45:19,168,168,0
2026-09-25_08-44,StuddedBustierArms,1,4,1,0,0,109,2026-09-25T12:59:23,109,109,0
2026-09-25_08-44,ChainLightningScroll,1,2,1,0,0,94,2026-09-25T09:07:51,94,94,0
2026-09-25_08-44,BronzeIngot,2,0,6,1,0,2,2026-09-25T13:58:45,80,40,0
2026-09-25_08-44,BoneLegs,1,1,1,0,0,69,2026-09-25T11:51:23,69,69,0
2026-09-25_08-44,Club,2,0,2,0,0,60,2026-09-25T14:57:21,68,68,0
2026-09-25_08-44,BoneGloves,1,0,1,0,0,60,2026-09-25T10:40:16,60,60,0
2026-09-25_08-44,Kryss,1,0,1,0,0,60,2026-09-25T08:54:43,60,60,0
2026-09-25_08-44,LesserHealPotion,1,0,1,0,0,15,2026-09-25T09:18:57,15,15,0
2026-09-25_08-44,HarmScroll,1,2,0,0,0,8,2026-09-25T10:07:51,8,0,0
2026-09-25_15-18,RawRibs,82,11,119,55,0,3,2026-09-25T15:18:54,4740,603,0
2026-09-25_15-18,LightningScroll,11,11,0,0,0,48,2026-09-25T15:29:19,528,0,0
2026-09-25_15-18,IronIngot,4,0,17,13,0,8,2026-09-25T15:20:01,520,457,0
2026-09-25_15-18,Feather,4,0,14,6,0,3,2026-09-25T15:18:54,200,140,0
2026-09-25_15-18,PlateGorget,1,0,1,0,0,120,2026-09-25T15:22:00,120,120,0
2026-09-25_15-18,LeatherChest,1,1,0,0,0,110,2026-09-25T15:31:19,110,0,0
2026-09-25_15-18,ResurrectionScroll,1,1,0,0,0,94,2026-09-25T15:31:19,94,0,0
2026-09-25_15-18,FlamestrikeScroll,1,1,0,0,0,82,2026-09-25T15:29:49,82,0,0
2026-09-25_15-18,EnergyBoltScroll,1,0,0,0,0,62,2026-09-25T15:32:04,62,0,0
2026-09-25_15-18,Crossbow,1,0,0,0,0,60,2026-09-25T15:34:12,60,0,0
2026-09-25_15-18,Log,1,0,4,2,0,3,2026-09-25T15:30:54,60,45,0
2026-09-25_15-18,MindBlastScroll,1,0,0,0,0,52,2026-09-25T15:30:07,52,0,0
2026-09-25_15-18,ArchCureScroll,1,1,0,0,0,48,2026-09-25T15:33:19,48,0,0
2026-09-25_15-18,ArchProtectionScroll,1,1,0,0,0,48,2026-09-25T15:34:19,48,0,0
2026-09-25_15-18,LeatherBustierArms,1,0,0,0,0,48,2026-09-25T15:26:12,48,0,0
2026-09-25_15-18,LeatherGloves,2,0,1,0,0,24,2026-09-25T15:21:59,48,24,0
2026-09-25_15-18,CurseScroll,1,0,0,0,0,42,2026-09-25T15:24:38,42,0,0
2026-09-25_15-35,RawRibs,102,51,96,45,0,5,2026-09-25T16:02:31,7141,443,0
2026-09-25_15-35,IronIngot,10,0,38,18,0,8,2026-09-25T15:35:07,800,570,0
2026-09-25_15-35,LightningScroll,13,21,0,0,3,63,2026-09-25T16:05:31,711,0,145
2026-09-25_15-35,Leather,4,0,17,12,0,5,2026-09-25T15:41:06,350,291,0
2026-09-25_15-35,Feather,11,0,29,5,0,3,2026-09-25T15:35:06,309,200,0
2026-09-25_15-35,EnergyBoltScroll,3,4,0,0,0,81,2026-09-25T16:00:01,243,0,0
2026-09-25_15-35,ResurrectionScroll,2,4,0,0,0,108,2026-09-25T15:59:01,216,0,0
2026-09-25_15-35,LeatherLegs,2,1,0,0,0,92,2026-09-25T16:02:01,172,0,0
2026-09-25_15-35,ArchCureScroll,3,2,0,0,1,55,2026-09-25T15:56:01,145,0,42
2026-09-25_15-35,Log,3,0,12,4,0,3,2026-09-25T15:46:06,140,105,0
2026-09-25_15-35,LeatherGloves,4,6,1,0,0,31,2026-09-25T15:56:01,120,27,0
2026-09-25_15-35,FlamestrikeScroll,1,2,0,0,0,94,2026-09-25T15:58:01,94,0,0
2026-09-25_15-35,Crossbow,1,3,0,0,0,90,2026-09-25T16:05:31,90,0,0
2026-09-25_15-35,Club,1,0,1,0,0,60,2026-09-25T15:52:13,60,60,0
2026-09-25_15-35,MindBlastScroll,1,1,0,0,0,59,2026-09-25T16:03:31,59,0,0
2026-09-25_15-35,ArchProtectionScroll,1,2,0,0,0,55,2026-09-25T15:57:31,55,0,0
2026-09-25_15-35,LeatherBustierArms,1,0,1,0,0,48,2026-09-25T15:35:43,48,48,0
2026-09-25_15-35,HarmScroll,2,1,0,0,0,25,2026-09-25T15:56:01,47,0,0
2026-09-25_15-35,CurseScroll,1,0,0,0,0,42,2026-09-25T15:57:03,42,0,0
2026-09-25_15-35,BronzeIngot,1,0,3,1,0,2,2026-09-25T16:04:37,40,25,0
2026-09-25_16-05,RawRibs,100,162,78,30,0,7,2026-09-25T16:47:20,10034,543,0
2026-09-25_16-05,IronIngot,25,0,97,39,0,8,2026-09-25T16:05:56,1520,1061,0
2026-09-25_16-05,LightningScroll,14,7,3,0,0,63,2026-09-25T16:44:50,698,126,0
2026-09-25_16-05,Feather,14,7,41,16,0,3,2026-09-25T16:05:54,550,377,0
2026-09-25_16-05,EnergyBoltScroll,6,11,0,0,0,93,2026-09-25T16:45:50,546,0,0
2026-09-25_16-05,Leather,7,0,23,8,0,6,2026-09-25T16:22:54,300,204,0
2026-09-25_16-05,ChainLegs,1,0,1,0,0,216,2026-09-25T16:14:44,216,216,0
2026-09-25_16-05,LeatherChest,2,1,2,0,0,110,2026-09-25T16:16:50,206,206,0
2026-09-25_16-05,ArchCureScroll,3,7,0,0,0,72,2026-09-25T16:47:50,198,0,0
2026-09-25_16-05,StuddedBustierArms,2,3,0,0,0,83,2026-09-25T16:44:50,166,0,0
2026-09-25_16-05,BronzeIngot,1,0,3,2,0,8,2026-09-25T16:39:32,160,115,0
2026-09-25_16-05,HarmScroll,5,7,1,0,0,32,2026-09-25T16:49:50,141,28,0
2026-09-25_16-05,Log,3,0,8,3,0,3,2026-09-25T16:16:54,140,75,0
2026-09-25_16-05,CurseScroll,2,4,0,0,0,63,2026-09-25T16:47:50,126,0,0
2026-09-25_16-05,FlamestrikeScroll,1,4,0,0,0,124,2026-09-25T16:49:20,124,0,0
2026-09-25_16-05,ResurrectionScroll,1,3,0,0,0,124,2026-09-25T16:45:50,124,0,0
2026-09-25_16-05,Katana,2,0,2,0,0,60,2026-09-25T16:22:46,120,120,0
2026-09-25_16-05,PlateGorget,1,0,1,0,0,120,2026-09-25T16:17:10,120,120,0
2026-09-25_16-05,LeatherBustierArms,2,0,2,0,0,48,2026-09-25T16:18:30,96,96,0
2026-09-25_16-05,LeatherSkirt,2,0,2,0,0,48,2026-09-25T16:37:20,96,96,0
2026-09-25_16-05,LeatherLegs,1,0,1,0,0,80,2026-09-25T16:14:45,80,80,0
2026-09-25_16-05,LeatherArms,2,0,2,0,0,32,2026-09-25T16:24:50,64,64,0
2026-09-25_16-05,ArchProtectionScroll,1,3,0,0,0,63,2026-09-25T16:45:50,63,0,0
2026-09-25_16-05,BoneArms,1,0,1,0,0,60,2026-09-25T16:23:48,60,60,0
2026-09-25_16-05,BoneChest,1,0,0,0,0,60,2026-09-25T16:35:57,60,0,0
2026-09-25_16-05,BotCasterStaff,1,0,0,0,0,60,2026-09-25T16:50:04,60,0,0
2026-09-25_16-05,Bow,1,0,1,0,0,60,2026-09-25T16:42:42,60,60,0
2026-09-25_16-05,MindBlastScroll,1,0,0,0,0,52,2026-09-25T16:48:22,52,0,0
2026-09-25_16-05,LeatherGloves,2,0,2,0,0,24,2026-09-25T16:19:39,48,48,0
2026-09-25_16-05,LeatherGorget,1,1,1,0,0,36,2026-09-25T16:17:50,36,36,0
2026-09-25_16-05,UnlockScroll,1,1,0,0,0,36,2026-09-25T16:36:50,36,0,0
2026-09-25_16-05,LeatherCap,1,0,1,0,0,20,2026-09-25T16:06:55,20,20,0
2026-09-25_16-05,ReactiveArmorScroll,1,2,0,0,0,14,2026-09-25T16:45:50,14,0,0
2026-09-25_16-05,LesserHealPotion,1,0,2,1,0,5,2026-09-25T16:06:55,10,10,0
2026-09-25_16-51,RawRibs,48,0,19,9,0,3,2026-09-25T16:51:33,2754,84,0
2026-09-25_16-51,IronIngot,6,0,24,18,0,8,2026-09-25T16:52:35,800,673,0
2026-09-25_16-51,Leather,6,0,18,13,0,6,2026-09-25T16:51:34,572,428,0
2026-09-25_16-51,Feather,6,0,14,9,0,3,2026-09-25T16:51:34,278,178,0
2026-09-25_16-51,EnergyBoltScroll,2,0,0,0,0,62,2026-09-25T16:51:36,124,0,0
2026-09-25_16-51,HarmScroll,5,0,0,0,0,22,2026-09-25T16:51:36,110,0,0
2026-09-25_16-51,ArchCureScroll,2,0,0,0,0,42,2026-09-25T16:51:36,84,0,0
2026-09-25_16-51,LightningScroll,2,0,0,0,0,42,2026-09-25T16:53:31,84,0,0
2026-09-25_16-51,ResurrectionScroll,1,0,0,0,0,82,2026-09-25T16:54:43,82,0,0
2026-09-25_16-51,LeatherGloves,3,0,2,0,0,24,2026-09-25T16:56:34,72,48,0
2026-09-25_16-51,LeatherArms,2,0,2,0,0,32,2026-09-25T16:55:22,64,64,0
2026-09-25_16-51,Log,1,0,4,2,0,3,2026-09-25T16:54:33,60,45,0
2026-09-25_16-51,MindBlastScroll,1,0,0,0,0,52,2026-09-25T16:54:43,52,0,0
2026-09-25_16-51,ArchProtectionScroll,1,0,0,0,0,42,2026-09-25T16:51:35,42,0,0
2026-09-25_16-51,CurseScroll,1,0,0,0,0,42,2026-09-25T16:55:58,42,0,0
2026-09-25_16-51,LeatherCap,1,0,1,0,0,20,2026-09-25T16:57:57,20,20,0
2026-09-25_16-51,NightSightScroll,1,0,0,0,0,12,2026-09-25T16:56:03,12,0,0
2026-09-25_16-51,ReactiveArmorScroll,1,0,0,0,0,12,2026-09-25T16:57:57,12,0,0
2026-09-25_16-58,RawRibs,108,97,111,52,0,5,2026-09-25T17:20:23,8353,632,0
2026-09-25_16-58,IronIngot,19,0,73,50,0,8,2026-09-25T16:59:00,1860,1448,0
2026-09-25_16-58,PlateChest,5,3,0,0,0,345,2026-09-25T17:21:54,1680,0,0
2026-09-25_16-58,ChainChest,4,2,2,0,0,276,2026-09-25T17:26:54,1032,480,0
2026-09-25_16-58,StuddedBustierArms,15,0,12,0,0,64,2026-09-25T17:02:51,960,768,0
2026-09-25_16-58,PlateLegs,7,4,0,0,0,125,2026-09-25T17:21:54,859,0,0
2026-09-25_16-58,Leather,14,0,59,23,0,6,2026-09-25T16:59:58,840,655,0
2026-09-25_16-58,EnergyBoltScroll,9,10,0,0,0,81,2026-09-25T17:19:23,729,0,0
2026-09-25_16-58,PlateGorget,6,0,6,0,0,120,2026-09-25T16:59:59,720,720,0
2026-09-25_16-58,Feather,19,5,34,11,0,3,2026-09-25T16:58:58,702,295,0
2026-09-25_16-58,LightningScroll,10,12,0,0,1,55,2026-09-25T17:19:23,516,0,42
2026-09-25_16-58,StuddedLegs,4,5,0,0,0,126,2026-09-25T17:24:23,488,0,0
2026-09-25_16-58,LeatherChest,5,0,5,0,0,96,2026-09-25T17:05:33,480,480,0
2026-09-25_16-58,LeatherArms,9,0,8,0,0,40,2026-09-25T17:16:29,344,304,0
2026-09-25_16-58,LeatherSkirt,7,0,7,0,0,48,2026-09-25T17:02:51,336,336,0
2026-09-25_16-58,Log,8,0,23,7,0,3,2026-09-25T17:02:58,300,190,0
2026-09-25_16-58,LeatherLegs,3,0,3,0,0,80,2026-09-25T17:16:00,240,240,0
2026-09-25_16-58,LeatherCap,11,0,11,0,0,20,2026-09-25T17:03:46,220,220,0
2026-09-25_16-58,LeatherGloves,9,0,9,0,0,24,2026-09-25T17:03:01,216,216,0
2026-09-25_16-58,ResurrectionScroll,2,3,0,0,1,108,2026-09-25T17:19:23,202,0,94
2026-09-25_16-58,ArchCureScroll,4,3,0,0,0,48,2026-09-25T17:18:24,186,0,0
2026-09-25_16-58,BotCasterStaff,2,0,0,0,0,60,2026-09-25T17:17:43,120,0,0
2026-09-25_16-58,MindBlastScroll,2,1,0,0,0,59,2026-09-25T17:22:53,111,0,0
2026-09-25_16-58,CurseScroll,2,3,0,0,0,55,2026-09-25T17:22:23,103,0,0
2026-09-25_16-58,Bow,1,0,1,0,0,60,2026-09-25T17:16:41,60,60,0
2026-09-25_16-58,Broadsword,1,0,0,0,0,60,2026-09-25T17:23:32,60,0,0
2026-09-25_16-58,WarFork,1,0,1,0,0,60,2026-09-25T17:25:07,60,60,0
2026-09-25_16-58,HarmScroll,9,0,0,0,0,6,2026-09-25T17:13:10,54,0,0
2026-09-25_16-58,ArchProtectionScroll,1,1,0,0,0,48,2026-09-25T17:22:23,48,0,0
2026-09-25_16-58,LeatherBustierArms,1,0,1,0,0,48,2026-09-25T17:14:53,48,48,0
2026-09-25_16-58,LeatherGorget,1,0,1,0,0,32,2026-09-25T17:04:24,32,32,0
2026-09-25_16-58,ReactiveArmorScroll,2,1,2,0,0,13,2026-09-25T17:12:54,25,25,0
2026-09-25_16-58,Katana,1,0,1,0,0,16,2026-09-25T17:19:34,16,16,0
2026-09-25_16-58,WarMace,1,0,1,0,0,15,2026-09-25T17:23:00,15,15,0
2026-09-25_16-58,WeakenScroll,1,1,0,0,0,13,2026-09-25T17:11:54,13,0,0
2026-09-25_17-27,RawRibs,48,0,1,0,0,3,2026-09-25T17:27:34,2763,3,0
2026-09-25_17-27,Feather,7,0,0,0,0,3,2026-09-25T17:27:33,420,0,0
2026-09-25_17-27,IronIngot,1,0,1,0,0,8,2026-09-25T17:27:35,136,40,0
2026-09-25_17-27,Log,2,0,1,0,0,3,2026-09-25T17:28:33,120,15,0
2026-09-25_17-27,LeatherChest,1,0,0,0,0,96,2026-09-25T17:28:04,96,0,0
2026-09-25_17-27,LightningScroll,2,0,0,0,0,42,2026-09-25T17:27:35,84,0,0
2026-09-25_17-27,EnergyBoltScroll,1,0,0,0,0,62,2026-09-25T17:27:35,62,0,0
2026-09-25_17-27,ArchCureScroll,1,0,0,0,0,42,2026-09-25T17:27:43,42,0,0
2026-09-25_17-27,HarmScroll,1,0,0,0,0,22,2026-09-25T17:27:43,22,0,0
2026-09-25_17-27,LesserHealPotion,1,0,1,0,0,5,2026-09-25T17:27:42,10,5,0
2026-09-25_17-27,LesserCurePotion,1,0,0,0,0,5,2026-09-25T17:27:52,5,0,0
2026-09-25_17-28,RawRibs,44,0,0,0,0,3,2026-09-25T17:29:04,2622,0,0
2026-09-25_17-28,IronIngot,3,0,0,0,0,8,2026-09-25T17:29:05,480,0,0
2026-09-25_17-28,Feather,5,0,0,0,0,3,2026-09-25T17:29:04,300,0,0
2026-09-25_17-28,ResurrectionScroll,2,0,0,0,0,82,2026-09-25T17:29:05,164,0,0
2026-09-25_17-28,EnergyBoltScroll,2,0,0,0,0,62,2026-09-25T17:29:05,124,0,0
2026-09-25_17-28,CurseScroll,1,0,0,0,0,42,2026-09-25T17:29:05,42,0,0
2026-09-25_17-28,HarmScroll,1,0,0,0,0,22,2026-09-25T17:29:06,22,0,0
2026-09-25_17-31,RawRibs,44,0,0,0,0,3,2026-09-25T17:32:02,2622,0,0
2026-09-25_17-31,IronIngot,3,0,0,0,0,8,2026-09-25T17:32:03,480,0,0
2026-09-25_17-31,Feather,5,0,0,0,0,3,2026-09-25T17:32:02,300,0,0
2026-09-25_17-31,ResurrectionScroll,2,0,0,0,0,82,2026-09-25T17:32:04,164,0,0
2026-09-25_17-31,EnergyBoltScroll,2,0,0,0,0,62,2026-09-25T17:32:04,124,0,0
2026-09-25_17-31,ArchCureScroll,1,0,0,0,0,42,2026-09-25T17:32:04,42,0,0
2026-09-25_17-31,CurseScroll,1,0,0,0,0,42,2026-09-25T17:32:04,42,0,0
2026-09-25_17-31,LightningScroll,1,0,0,0,0,42,2026-09-25T17:32:04,42,0,0
2026-09-25_17-31,HarmScroll,1,0,0,0,0,22,2026-09-25T17:32:05,22,0,0
2026-09-26_01-08,RawRibs,74,73,49,22,0,5,2026-09-26T01:29:49,6103,340,0
2026-09-26_01-08,LeatherChest,18,25,3,0,0,126,2026-09-26T01:30:19,2172,346,0
2026-09-26_01-08,LeatherBustierArms,27,40,2,0,1,63,2026-09-26T01:29:49,1637,118,55
2026-09-26_01-08,ChainLegs,4,2,1,0,0,285,2026-09-26T01:30:19,1103,285,0
2026-09-26_01-08,Leather,16,5,50,23,0,6,2026-09-26T01:08:56,784,564,0
2026-09-26_01-08,Feather,13,6,33,17,0,3,2026-09-26T01:08:55,600,395,0
2026-09-26_01-08,IronIngot,6,0,23,16,0,8,2026-09-26T01:09:58,594,515,0
2026-09-26_01-08,LeatherSkirt,10,11,0,0,0,63,2026-09-26T01:31:49,590,0,0
2026-09-26_01-08,Log,12,0,40,12,0,3,2026-09-26T01:09:55,480,345,0
2026-09-26_01-08,ChainChest,1,1,0,0,0,276,2026-09-26T01:25:19,276,0,0
2026-09-26_01-08,LeatherLegs,3,3,1,0,0,92,2026-09-26T01:24:19,276,92,0
2026-09-26_01-08,MindBlastScroll,4,0,2,0,0,52,2026-09-26T01:16:28,208,104,0
2026-09-26_01-08,LightningScroll,4,1,0,0,0,48,2026-09-26T01:32:49,174,0,0
2026-09-26_01-08,HarmScroll,7,0,3,0,0,22,2026-09-26T01:12:35,154,66,0
2026-09-26_01-08,FireballScroll,3,0,2,0,0,32,2026-09-26T01:16:32,96,64,0
2026-09-26_01-08,ProtectionScroll,2,1,0,0,0,25,2026-09-26T01:32:19,47,0,0
2026-09-26_01-08,GreaterHealScroll,1,0,0,0,0,42,2026-09-26T01:32:03,42,0,0
2026-09-26_01-08,LeatherArms,1,0,1,0,0,32,2026-09-26T01:29:21,32,32,0
2026-09-26_01-08,LeatherGloves,1,0,0,0,0,24,2026-09-26T01:35:12,24,0,0
2026-09-26_01-35,RawRibs,40,0,15,7,0,3,2026-09-26T01:35:55,2313,75,0
2026-09-26_01-35,LeatherBustierArms,17,0,0,0,0,48,2026-09-26T01:36:22,816,0,0
2026-09-26_01-35,LeatherSkirt,13,0,0,0,0,48,2026-09-26T01:36:22,624,0,0
2026-09-26_01-35,LeatherChest,5,0,1,0,0,96,2026-09-26T01:36:22,480,96,0
2026-09-26_01-35,LeatherLegs,6,0,0,0,0,80,2026-09-26T01:36:23,480,0,0
2026-09-26_01-35,Leather,3,0,9,6,0,6,2026-09-26T01:35:55,360,244,0
2026-09-26_01-35,Feather,6,0,7,3,0,3,2026-09-26T01:35:55,318,93,0
2026-09-26_01-35,LightningScroll,6,0,0,0,0,42,2026-09-26T01:35:56,252,0,0
2026-09-26_01-35,ChainLegs,1,0,0,0,0,216,2026-09-26T01:40:00,216,0,0
2026-09-26_01-35,IronIngot,1,0,0,0,0,8,2026-09-26T01:35:56,160,0,0
2026-09-26_01-35,LeatherArms,3,0,0,0,0,32,2026-09-26T01:36:22,96,0,0
2026-09-26_01-35,HarmScroll,3,0,1,0,0,22,2026-09-26T01:36:03,66,22,0
2026-09-26_01-35,FireballScroll,2,0,0,0,0,32,2026-09-26T01:35:57,64,0,0
2026-09-26_01-35,Log,1,0,3,2,0,3,2026-09-26T01:36:55,60,40,0
2026-09-26_01-35,BladeSpiritsScroll,1,0,0,0,0,52,2026-09-26T01:40:13,52,0,0
2026-09-26_01-35,MindBlastScroll,1,0,0,0,0,52,2026-09-26T01:41:10,52,0,0
2026-09-26_01-35,GreaterHealScroll,1,0,0,0,0,42,2026-09-26T01:38:25,42,0,0
2026-09-26_01-42,RawRibs,28,0,13,4,0,3,2026-09-26T01:42:39,1515,111,0
2026-09-26_01-42,LeatherChest,6,0,0,0,0,96,2026-09-26T01:43:05,576,0,0
2026-09-26_01-42,LeatherBustierArms,10,0,0,0,0,48,2026-09-26T01:43:05,480,0,0
2026-09-26_01-42,LeatherSkirt,7,0,0,0,0,48,2026-09-26T01:43:06,336,0,0
2026-09-26_01-42,Leather,1,0,5,4,0,6,2026-09-26T01:42:39,120,102,0
2026-09-26_01-42,LightningScroll,2,0,0,0,0,42,2026-09-26T01:42:41,84,0,0
2026-09-26_01-42,LeatherArms,2,0,0,0,0,32,2026-09-26T01:43:52,64,0,0
2026-09-26_01-42,HarmScroll,2,0,0,0,0,22,2026-09-26T01:42:41,44,0,0
2026-09-26_01-42,GreaterHealScroll,1,0,0,0,0,42,2026-09-26T01:42:41,42,0,0
2026-09-26_01-45,RawRibs,11,0,16,7,0,3,2026-09-26T01:45:54,585,105,0
2026-09-26_01-45,LeatherChest,4,0,1,0,0,96,2026-09-26T01:46:21,384,96,0
2026-09-26_01-45,LeatherSkirt,6,0,0,0,0,48,2026-09-26T01:46:22,288,0,0
2026-09-26_01-45,LightningScroll,5,0,0,0,0,42,2026-09-26T01:45:55,210,0,0
2026-09-26_01-45,LeatherBustierArms,3,0,0,0,0,48,2026-09-26T01:46:28,144,0,0
2026-09-26_01-45,Leather,1,0,2,1,0,6,2026-09-26T01:46:54,120,60,0
2026-09-26_01-45,LeatherGloves,3,0,0,0,0,24,2026-09-26T01:46:20,72,0,0
2026-09-26_01-45,FireballScroll,2,0,0,0,0,32,2026-09-26T01:45:55,64,0,0
2026-09-26_01-45,LeatherArms,2,0,0,0,0,32,2026-09-26T01:46:20,64,0,0
2026-09-26_01-45,BladeSpiritsScroll,1,0,0,0,0,52,2026-09-26T01:46:08,52,0,0
2026-09-26_01-45,GreaterHealScroll,1,0,0,0,0,42,2026-09-26T01:45:55,42,0,0
2026-09-26_01-48,RawRibs,12,0,27,9,0,3,2026-09-26T01:48:16,385,118,0
2026-09-26_01-48,LeatherBustierArms,8,0,0,0,0,48,2026-09-26T01:48:56,384,0,0
2026-09-26_01-48,LeatherSkirt,7,0,0,0,0,48,2026-09-26T01:48:43,336,0,0
2026-09-26_01-48,LightningScroll,6,0,0,0,0,42,2026-09-26T01:48:18,252,0,0
2026-09-26_01-48,LeatherLegs,2,0,0,0,0,80,2026-09-26T01:49:45,160,0,0
2026-09-26_01-48,LeatherArms,4,0,0,0,0,32,2026-09-26T01:48:43,128,0,0
2026-09-26_01-48,Leather,1,0,4,3,0,6,2026-09-26T01:48:16,120,105,0
2026-09-26_01-48,FireballScroll,3,0,0,0,0,32,2026-09-26T01:48:24,96,0,0
2026-09-26_01-48,LeatherChest,1,0,1,0,0,96,2026-09-26T01:53:54,96,96,0
2026-09-26_01-48,BladeSpiritsScroll,1,0,0,0,0,52,2026-09-26T01:48:46,52,0,0
2026-09-26_01-48,LeatherGloves,2,0,0,0,0,24,2026-09-26T01:50:01,48,0,0
2026-09-26_01-48,GreaterHealScroll,1,0,0,0,0,42,2026-09-26T01:48:18,42,0,0
2026-09-26_01-48,HarmScroll,1,0,0,0,0,22,2026-09-26T01:48:31,22,0,0
2026-09-26_01-48,LesserHealPotion,1,0,0,0,0,14,2026-09-26T01:52:50,14,0,0
2026-09-26_01-55,RawRibs,21,0,30,15,0,3,2026-09-26T01:55:55,646,164,0
2026-09-26_01-55,LeatherChest,4,0,0,0,0,96,2026-09-26T01:58:56,384,0,0
2026-09-26_01-55,LeatherSkirt,8,0,0,0,0,48,2026-09-26T01:56:44,384,0,0
2026-09-26_01-55,LightningScroll,9,0,0,0,0,42,2026-09-26T01:55:57,378,0,0
2026-09-26_01-55,LeatherArms,8,0,0,0,0,32,2026-09-26T01:56:44,256,0,0
2026-09-26_01-55,LeatherBustierArms,4,0,0,0,0,48,2026-09-26T01:58:33,192,0,0
2026-09-26_01-55,IronIngot,1,0,0,0,0,8,2026-09-26T01:55:56,160,0,0
2026-09-26_01-55,LeatherLegs,2,0,0,0,0,80,2026-09-26T01:59:03,160,0,0
2026-09-26_01-55,BladeSpiritsScroll,1,0,0,0,0,52,2026-09-26T01:55:56,52,0,0
2026-09-26_01-55,MindBlastScroll,1,0,0,0,0,52,2026-09-26T02:03:39,52,0,0
2026-09-26_01-55,GreaterHealScroll,1,0,0,0,0,42,2026-09-26T01:55:57,42,0,0
2026-09-26_01-55,FireballScroll,1,0,1,0,0,32,2026-09-26T01:55:57,32,32,0
2026-09-26_01-55,Feather,1,0,1,0,0,3,2026-09-26T02:03:55,24,15,0
2026-09-26_01-55,LeatherGloves,1,0,0,0,0,24,2026-09-26T02:03:58,24,0,0
2026-09-26_01-55,HarmScroll,1,0,0,0,0,22,2026-09-26T01:56:24,22,0,0
2026-09-26_02-05,RawRibs,18,0,19,9,0,3,2026-09-26T02:05:59,750,159,0
2026-09-26_02-05,LeatherBustierArms,6,0,0,0,0,48,2026-09-26T02:06:30,288,0,0
2026-09-26_02-05,LeatherSkirt,6,0,0,0,0,48,2026-09-26T02:06:26,288,0,0
2026-09-26_02-05,LightningScroll,6,0,0,0,0,42,2026-09-26T02:06:00,252,0,0
2026-09-26_02-05,IronIngot,1,0,1,0,0,8,2026-09-26T02:06:00,160,32,0
2026-09-26_02-05,LeatherArms,3,0,0,0,0,32,2026-09-26T02:06:26,96,0,0
2026-09-26_02-05,LeatherChest,1,0,0,0,0,96,2026-09-26T02:07:39,96,0,0
2026-09-26_02-05,GreaterHealScroll,2,0,0,0,0,42,2026-09-26T02:06:00,84,0,0
2026-09-26_02-05,BladeSpiritsScroll,1,0,0,0,0,52,2026-09-26T02:06:17,52,0,0
2026-09-26_02-05,LeatherGloves,2,0,0,0,0,24,2026-09-26T02:09:25,48,0,0
2026-09-26_02-05,LesserHealPotion,1,0,0,0,0,5,2026-09-26T02:06:00,10,0,0
2026-09-26_02-10,RawRibs,15,0,16,7,0,3,2026-09-26T02:10:55,555,102,0
2026-09-26_02-10,LeatherBustierArms,6,0,0,0,0,48,2026-09-26T02:11:57,288,0,0
2026-09-26_02-10,LeatherSkirt,6,0,0,0,0,48,2026-09-26T02:12:02,288,0,0
2026-09-26_02-10,IronIngot,2,0,4,2,0,8,2026-09-26T02:10:57,240,160,0
2026-09-26_02-10,LightningScroll,5,0,1,0,0,42,2026-09-26T02:10:57,210,42,0
2026-09-26_02-10,LeatherChest,2,0,0,0,0,96,2026-09-26T02:14:57,192,0,0
2026-09-26_02-10,LeatherArms,4,0,0,0,0,32,2026-09-26T02:12:12,128,0,0
2026-09-26_02-10,GreaterHealScroll,2,0,0,0,0,42,2026-09-26T02:10:57,84,0,0
2026-09-26_02-10,Leather,1,0,2,1,0,6,2026-09-26T02:11:57,84,60,0
2026-09-26_02-10,EnergyBoltScroll,1,0,0,0,0,62,2026-09-26T02:16:44,62,0,0
2026-09-26_02-10,LeatherGloves,2,0,0,0,0,24,2026-09-26T02:12:12,48,0,0
2026-09-26_02-10,LeatherCap,1,0,0,0,0,20,2026-09-26T02:14:14,20,0,0
2026-09-26_02-17,LeatherBustierArms,3,0,0,0,0,48,2026-09-26T02:18:17,144,0,0
2026-09-26_02-17,LeatherSkirt,3,0,0,0,0,48,2026-09-26T02:18:25,144,0,0
2026-09-26_02-17,Leather,1,0,2,1,0,6,2026-09-26T02:17:51,108,60,0
2026-09-26_02-17,LeatherChest,1,0,0,0,0,96,2026-09-26T02:19:19,96,0,0
2026-09-26_02-17,RawRibs,3,0,6,4,0,3,2026-09-26T02:17:51,95,45,0
2026-09-26_02-17,LeatherArms,2,0,0,0,0,32,2026-09-26T02:20:04,64,0,0
2026-09-26_02-17,LightningScroll,1,0,0,0,0,42,2026-09-26T02:17:52,42,0,0
2026-09-26_02-17,LeatherGloves,1,0,0,0,0,24,2026-09-26T02:18:51,24,0,0
2026-09-26_02-17,LeatherCap,1,0,0,0,0,20,2026-09-26T02:20:22,20,0,0
2026-09-26_02-20,RawRibs,7,0,16,9,0,3,2026-09-26T02:20:57,201,117,0
2026-09-26_02-20,LeatherArms,4,0,0,0,0,32,2026-09-26T02:21:59,128,0,0
2026-09-26_02-20,LeatherBustierArms,2,0,0,0,0,48,2026-09-26T02:21:24,96,0,0
2026-09-26_02-20,LeatherSkirt,2,0,0,0,0,48,2026-09-26T02:22:05,96,0,0
2026-09-26_02-20,LightningScroll,1,0,0,0,0,42,2026-09-26T02:21:51,42,0,0
2026-09-26_02-20,LeatherGloves,1,0,0,0,0,24,2026-09-26T02:21:59,24,0,0
2026-09-26_02-20,LeatherCap,1,0,0,0,0,20,2026-09-26T02:21:59,20,0,0
2026-09-26_02-25,LeatherBustierArms,4,0,0,0,0,48,2026-09-26T02:26:24,192,0,0
2026-09-26_02-25,LeatherSkirt,2,0,0,0,0,48,2026-09-26T02:27:05,96,0,0
2026-09-26_02-25,LeatherArms,2,0,0,0,0,32,2026-09-26T02:26:48,64,0,0
2026-09-26_02-25,EnergyBoltScroll,1,0,0,0,0,62,2026-09-26T02:26:49,62,0,0
2026-09-26_02-25,BladeSpiritsScroll,1,0,0,0,0,52,2026-09-26T02:26:28,52,0,0
2026-09-26_02-25,LightningScroll,1,0,0,0,0,42,2026-09-26T02:26:28,42,0,0
2026-09-26_02-25,RawRibs,2,0,4,2,0,3,2026-09-26T02:26:57,33,33,0
2026-09-26_02-25,LeatherGloves,1,0,0,0,0,24,2026-09-26T02:26:48,24,0,0
2026-09-26_02-25,LeatherCap,1,0,0,0,0,20,2026-09-26T02:27:50,20,0,0
2026-09-26_02-25,Feather,1,0,2,1,0,3,2026-09-26T02:25:58,18,18,0
2026-09-26_02-29,LightningScroll,4,0,0,0,0,42,2026-09-26T02:29:07,168,0,0
2026-09-26_02-29,LeatherSkirt,3,0,0,0,0,48,2026-09-26T02:29:50,144,0,0
2026-09-26_02-29,LeatherArms,3,0,0,0,0,32,2026-09-26T02:30:16,96,0,0
2026-09-26_02-29,LeatherBustierArms,2,0,0,0,0,48,2026-09-26T02:31:06,96,0,0
2026-09-26_02-29,LeatherLegs,1,0,0,0,0,80,2026-09-26T02:30:16,80,0,0
2026-09-26_02-29,RawRibs,4,0,7,3,0,3,2026-09-26T02:30:05,78,45,0
2026-09-26_02-29,BladeSpiritsScroll,1,0,0,0,0,52,2026-09-26T02:30:13,52,0,0
2026-09-26_02-29,GreaterHealScroll,1,0,0,0,0,42,2026-09-26T02:29:07,42,0,0
2026-09-26_02-29,LeatherGloves,1,0,0,0,0,24,2026-09-26T02:31:44,24,0,0
2026-09-26_02-29,LeatherCap,1,0,0,0,0,20,2026-09-26T02:31:55,20,0,0
2026-09-26_02-33,RawRibs,11,0,15,8,0,3,2026-09-26T02:33:34,422,72,0
2026-09-26_02-33,LeatherSkirt,8,0,0,0,0,48,2026-09-26T02:34:25,384,0,0
2026-09-26_02-33,LeatherBustierArms,6,0,0,0,0,48,2026-09-26T02:34:00,288,0,0
2026-09-26_02-33,LightningScroll,6,0,0,0,0,42,2026-09-26T02:33:35,252,0,0
2026-09-26_02-33,LeatherArms,4,0,0,0,0,32,2026-09-26T02:34:44,128,0,0
2026-09-26_02-33,GreaterHealScroll,1,0,0,0,0,42,2026-09-26T02:38:41,42,0,0
2026-09-26_02-33,LeatherGloves,1,0,0,0,0,24,2026-09-26T02:34:44,24,0,0
2026-09-26_02-42,RawRibs,47,49,79,34,0,4,2026-09-26T03:25:02,2311,301,0
2026-09-26_02-42,ChainLegs,6,12,0,0,0,285,2026-09-26T03:17:02,1710,0,0
2026-09-26_02-42,LeatherSkirt,19,47,0,0,1,82,2026-09-26T03:23:02,1441,0,55
2026-09-26_02-42,LeatherBustierArms,15,33,0,0,1,82,2026-09-26T03:23:02,1096,0,48
2026-09-26_02-42,LeatherChest,8,12,0,0,0,144,2026-09-26T03:26:02,1026,0,0
2026-09-26_02-42,LightningScroll,7,20,0,0,0,72,2026-09-26T03:23:02,477,0,0
2026-09-26_02-42,LeatherArms,9,23,0,0,0,54,2026-09-26T03:23:02,444,0,0
2026-09-26_02-42,LeatherLegs,3,6,0,0,0,120,2026-09-26T03:18:32,360,0,0
2026-09-26_02-42,IronIngot,3,0,11,8,0,8,2026-09-26T03:07:17,320,270,0
2026-09-26_02-42,MindBlastScroll,3,3,0,0,0,67,2026-09-26T03:17:02,201,0,0
2026-09-26_02-42,DullCopperIngot,1,0,2,1,0,8,2026-09-26T03:08:23,160,80,0
2026-09-26_02-42,Feather,3,0,11,5,0,3,2026-09-26T03:01:07,160,115,0
2026-09-26_02-42,Leather,4,0,14,3,0,2,2026-09-26T03:05:08,160,99,0
2026-09-26_02-42,HarmScroll,5,6,0,0,0,32,2026-09-26T03:17:02,146,0,0
2026-09-26_02-42,GreaterHealScroll,2,7,0,0,0,72,2026-09-26T03:24:02,135,0,0
2026-09-26_02-42,BladeSpiritsScroll,1,4,0,0,0,88,2026-09-26T03:23:02,88,0,0
2026-09-26_02-42,LeatherGloves,2,6,0,0,0,40,2026-09-26T03:23:02,75,0,0
2026-09-26_03-26,RawRibs,23,19,4,2,0,4,2026-09-26T03:37:24,1712,27,0
2026-09-26_03-26,ChainLegs,4,0,4,0,0,216,2026-09-26T03:28:02,864,864,0
2026-09-26_03-26,LeatherChest,5,4,0,0,1,110,2026-09-26T03:38:24,536,0,96
2026-09-26_03-26,LeatherSkirt,9,7,0,0,0,55,2026-09-26T03:37:54,481,0,0
2026-09-26_03-26,LeatherBustierArms,9,5,0,0,0,55,2026-09-26T03:37:54,467,0,0
2026-09-26_03-26,IronIngot,2,0,3,2,0,8,2026-09-26T03:26:59,304,115,0
2026-09-26_03-26,Leather,4,0,10,6,0,6,2026-09-26T03:27:58,246,199,0
2026-09-26_03-26,LeatherLegs,3,0,0,0,1,80,2026-09-26T03:27:31,240,0,80
2026-09-26_03-26,LightningScroll,5,5,0,0,0,48,2026-09-26T03:37:24,240,0,0
2026-09-26_03-26,LeatherArms,6,3,0,0,0,36,2026-09-26T03:37:54,208,0,0
2026-09-26_03-26,EnergyBoltScroll,2,0,0,0,0,62,2026-09-26T03:35:43,124,0,0
2026-09-26_03-26,Feather,2,0,6,4,0,3,2026-09-26T03:26:58,120,80,0
2026-09-26_03-26,HarmScroll,4,1,0,0,0,25,2026-09-26T03:37:24,91,0,0
2026-09-26_03-26,MindBlastScroll,1,1,0,0,0,59,2026-09-26T03:38:54,59,0,0
2026-09-26_03-26,GreaterHealScroll,1,1,0,0,0,48,2026-09-26T03:40:54,48,0,0
2026-09-26_03-26,LeatherGloves,2,0,0,0,0,24,2026-09-26T03:36:24,48,0,0
2026-09-26_03-43,RawRibs,18,0,1,0,0,3,2026-09-26T03:43:08,996,3,0
2026-09-26_03-43,LeatherBustierArms,4,0,0,0,0,48,2026-09-26T03:43:35,192,0,0
2026-09-26_03-43,LeatherChest,2,0,0,0,0,96,2026-09-26T03:44:20,192,0,0
2026-09-26_03-43,LeatherSkirt,4,0,0,0,0,48,2026-09-26T03:43:35,192,0,0
2026-09-26_03-43,LightningScroll,4,0,0,0,0,42,2026-09-26T03:43:10,168,0,0
2026-09-26_03-43,LeatherArms,2,0,0,0,0,32,2026-09-26T03:43:35,64,0,0
2026-09-26_03-43,Feather,1,0,0,0,0,3,2026-09-26T03:44:08,60,0,0
2026-09-26_03-43,GreaterHealScroll,1,0,0,0,0,42,2026-09-26T03:43:10,42,0,0
2026-09-26_03-43,LeatherGloves,1,0,0,0,0,24,2026-09-26T03:45:29,24,0,0
2026-09-26_03-43,HarmScroll,1,0,0,0,0,22,2026-09-26T03:43:10,22,0,0
2026-09-26_03-45,RawRibs,27,25,15,7,0,5,2026-09-26T04:06:22,1923,89,0
2026-09-26_03-45,LeatherSkirt,14,8,0,0,1,55,2026-09-26T03:57:22,763,0,48
2026-09-26_03-45,LeatherBustierArms,9,8,0,0,0,55,2026-09-26T03:56:52,495,0,0
2026-09-26_03-45,LeatherChest,4,3,0,0,0,110,2026-09-26T03:58:22,426,0,0
2026-09-26_03-45,IronIngot,2,0,9,7,0,8,2026-09-26T03:46:57,280,247,0
2026-09-26_03-45,LightningScroll,5,7,0,0,0,55,2026-09-26T04:06:22,261,0,0
2026-09-26_03-45,ChainLegs,1,0,1,0,0,216,2026-09-26T03:47:28,216,216,0
2026-09-26_03-45,LeatherArms,5,4,0,0,0,36,2026-09-26T03:56:52,180,0,0
2026-09-26_03-45,Feather,3,2,7,2,0,3,2026-09-26T03:45:57,135,70,0
2026-09-26_03-45,LeatherLegs,1,1,0,0,0,92,2026-09-26T03:58:52,92,0,0
2026-09-26_03-45,MindBlastScroll,1,1,0,0,0,59,2026-09-26T04:02:22,59,0,0
2026-09-26_03-45,HarmScroll,2,4,0,0,0,28,2026-09-26T04:06:22,56,0,0
2026-09-26_03-45,LeatherGloves,2,2,0,0,0,27,2026-09-26T03:59:22,54,0,0
2026-09-26_03-45,ProtectionScroll,1,1,0,0,0,25,2026-09-26T03:58:52,25,0,0
2026-09-26_04-07,RawRibs,16,0,5,2,0,3,2026-09-26T04:07:25,828,39,0
2026-09-26_04-07,LeatherChest,4,0,0,0,0,96,2026-09-26T04:08:41,384,0,0
2026-09-26_04-07,LeatherBustierArms,7,0,0,0,0,48,2026-09-26T04:09:09,336,0,0
2026-09-26_04-07,LeatherSkirt,7,0,0,0,0,48,2026-09-26T04:08:27,336,0,0
2026-09-26_04-07,LeatherArms,5,0,0,0,0,32,2026-09-26T04:07:52,160,0,0
2026-09-26_04-07,LightningScroll,3,0,0,0,0,42,2026-09-26T04:08:31,126,0,0
2026-09-26_04-07,EnergyBoltScroll,1,0,0,0,0,62,2026-09-26T04:12:37,62,0,0
2026-09-26_04-07,Feather,1,0,2,1,0,3,2026-09-26T04:08:25,60,30,0
2026-09-26_04-07,HarmScroll,2,0,0,0,0,22,2026-09-26T04:07:27,44,0,0
2026-09-26_04-07,GreaterHealScroll,1,0,0,0,0,42,2026-09-26T04:12:12,42,0,0
2026-09-26_04-07,Log,1,0,2,1,0,3,2026-09-26T04:09:25,30,30,0
2026-09-26_04-07,LeatherGloves,1,0,0,0,0,24,2026-09-26T04:09:31,24,0,0
2026-09-26_04-07,ProtectionScroll,1,0,0,0,0,22,2026-09-26T04:07:27,22,0,0
2026-09-26_04-15,RawRibs,14,0,8,4,0,3,2026-09-26T04:15:58,804,60,0
2026-09-26_04-15,LeatherChest,5,0,0,0,0,96,2026-09-26T04:16:26,480,0,0
2026-09-26_04-15,LeatherSkirt,10,0,0,0,0,48,2026-09-26T04:17:17,480,0,0
2026-09-26_04-15,LeatherBustierArms,8,0,0,0,0,48,2026-09-26T04:17:23,384,0,0
2026-09-26_04-15,IronIngot,2,0,5,3,0,8,2026-09-26T04:15:59,320,177,0
2026-09-26_04-15,ChainChest,1,0,0,0,0,240,2026-09-26T04:16:26,240,0,0
2026-09-26_04-15,LeatherArms,5,0,0,0,0,32,2026-09-26T04:16:56,160,0,0
2026-09-26_04-15,LightningScroll,3,0,0,0,0,42,2026-09-26T04:16:22,126,0,0
2026-09-26_04-15,LeatherGloves,3,0,0,0,0,24,2026-09-26T04:20:08,72,0,0
2026-09-26_04-15,Feather,1,0,2,1,0,3,2026-09-26T04:16:58,60,30,0
2026-09-26_04-15,MindBlastScroll,1,0,0,0,0,52,2026-09-26T04:22:40,52,0,0
2026-09-26_04-15,GreaterHealScroll,1,0,0,0,0,42,2026-09-26T04:19:08,42,0,0
2026-09-26_04-26,RawRibs,9,0,4,2,0,3,2026-09-26T04:26:28,510,36,0
2026-09-26_04-26,LeatherSkirt,7,0,0,0,0,48,2026-09-26T04:26:56,336,0,0
2026-09-26_04-26,ChainChest,1,0,0,0,0,240,2026-09-26T04:29:27,240,0,0
2026-09-26_04-26,LeatherBustierArms,5,0,0,0,0,48,2026-09-26T04:26:56,240,0,0
2026-09-26_04-26,ChainLegs,1,0,0,0,0,216,2026-09-26T04:27:00,216,0,0
2026-09-26_04-26,LeatherArms,5,0,0,0,0,32,2026-09-26T04:27:02,160,0,0
2026-09-26_04-26,LeatherChest,1,0,0,0,0,96,2026-09-26T04:27:00,96,0,0
2026-09-26_04-26,LeatherGloves,3,0,0,0,0,24,2026-09-26T04:27:23,72,0,0
2026-09-26_04-26,Feather,1,0,0,0,0,3,2026-09-26T04:27:28,60,0,0
2026-09-26_04-31,RawRibs,18,8,16,6,0,4,2026-09-26T04:42:52,973,70,0
2026-09-26_04-31,LeatherChest,5,7,0,0,0,126,2026-09-26T04:53:22,598,0,0
2026-09-26_04-31,LeatherSkirt,9,15,0,0,0,63,2026-09-26T04:52:52,551,0,0
2026-09-26_04-31,LeatherBustierArms,6,10,0,0,0,63,2026-09-26T04:53:22,362,0,0
2026-09-26_04-31,IronIngot,3,0,10,7,0,6,2026-09-26T04:45:36,340,233,0
2026-09-26_04-31,ChainLegs,1,2,0,0,0,285,2026-09-26T04:53:52,285,0,0
2026-09-26_04-31,LeatherArms,7,12,0,0,0,41,2026-09-26T04:52:52,282,0,0
2026-09-26_04-31,LightningScroll,4,5,0,0,0,55,2026-09-26T04:56:52,199,0,0
2026-09-26_04-31,Feather,2,1,7,3,0,3,2026-09-26T04:31:56,100,75,0
2026-09-26_04-31,EnergyBoltScroll,1,1,0,0,0,71,2026-09-26T04:47:52,71,0,0
2026-09-26_04-31,LeatherGloves,2,4,0,0,0,31,2026-09-26T04:53:22,62,0,0
2026-09-26_04-31,GreaterHealScroll,1,1,0,0,0,48,2026-09-26T04:51:22,48,0,0
2026-09-26_04-31,HarmScroll,2,0,0,0,0,22,2026-09-26T04:38:02,44,0,0
2026-09-26_04-31,Log,1,0,3,2,0,3,2026-09-26T04:33:56,36,34,0
2026-09-26_04-57,RawRibs,285,493,778,405,0,42,2026-09-26T08:43:11,110003,35521,0
2026-09-26_04-57,LeatherSkirt,37,205,7,0,25,1332,2026-09-26T09:18:11,20305,6825,11652
2026-09-26_04-57,LeatherArms,31,144,8,0,22,1269,2026-09-26T09:54:11,18108,7683,9462
2026-09-26_04-57,LeatherBustierArms,36,195,5,0,27,1505,2026-09-26T09:21:11,17244,4214,12550
2026-09-26_04-57,ChainLegs,19,41,4,0,5,994,2026-09-26T09:26:11,8708,1933,2735
2026-09-26_04-57,LightningScroll,24,129,0,0,16,750,2026-09-26T08:40:41,7447,0,6227
2026-09-26_04-57,LeatherChest,14,82,1,0,13,997,2026-09-26T10:04:41,6472,286,6186
2026-09-26_04-57,ChainChest,11,45,1,0,3,960,2026-09-26T08:48:11,5932,364,1920
2026-09-26_04-57,LeatherLegs,9,65,0,0,8,1100,2026-09-26T10:34:11,4806,0,3706
2026-09-26_04-57,Arrow,9,54,105,29,6,5,2026-09-26T10:22:41,3917,494,2423
2026-09-26_04-57,LeatherGloves,15,101,2,0,7,694,2026-09-26T09:22:41,3719,1298,2081
2026-09-26_04-57,IronIngot,55,0,216,72,0,8,2026-09-26T04:57:46,3354,2504,0
2026-09-26_04-57,EnergyBoltScroll,12,53,0,0,7,634,2026-09-26T09:20:41,2951,0,2274
2026-09-26_04-57,RingmailArms,8,29,0,0,1,385,2026-09-26T10:38:11,2766,0,221
2026-09-26_04-57,PlateLegs,2,13,0,0,2,1273,2026-09-26T09:31:11,2002,0,2002
2026-09-26_04-57,RingmailChest,9,0,9,0,0,216,2026-09-26T09:50:30,1944,1944,0
2026-09-26_04-57,RingmailLegs,6,14,1,0,2,332,2026-09-26T10:38:11,1606,252,444
2026-09-26_04-57,Leather,28,17,109,51,0,5,2026-09-26T05:30:46,1556,1236,0
2026-09-26_04-57,FemalePlateChest,5,6,0,0,0,317,2026-09-26T10:33:11,1544,0,0
2026-09-26_04-57,PlateChest,2,12,0,0,1,691,2026-09-26T08:04:11,1382,0,691
2026-09-26_04-57,Bolt,1,13,4,1,0,20,2026-09-26T10:40:11,1142,50,0
2026-09-26_04-57,RingmailGloves,4,8,0,0,0,274,2026-09-26T10:35:11,991,0,0
2026-09-26_04-57,Feather,22,23,81,31,0,3,2026-09-26T04:57:45,801,726,0
2026-09-26_04-57,CopperIngot,5,0,15,10,0,8,2026-09-26T08:04:13,700,427,0
2026-09-26_04-57,LeatherCap,22,15,21,0,1,33,2026-09-26T10:06:41,640,617,23
2026-09-26_04-57,GreaterHealScroll,5,34,0,0,2,168,2026-09-26T07:22:41,606,0,336
2026-09-26_04-57,MindBlastScroll,3,19,0,0,1,208,2026-09-26T07:37:11,493,0,208
2026-09-26_04-57,BladeSpiritsScroll,2,15,0,0,1,208,2026-09-26T09:41:11,296,0,208
2026-09-26_04-57,PlateGorget,1,6,0,0,0,274,2026-09-26T10:34:11,274,0,0
2026-09-26_04-57,HarmScroll,9,31,3,0,0,54,2026-09-26T06:08:41,221,43,0
2026-09-26_04-57,Log,3,0,10,7,0,4,2026-09-26T05:56:02,220,160,0
2026-09-26_04-57,BoneChest,1,3,1,0,0,90,2026-09-26T08:31:41,90,90,0
2026-09-26_04-57,Katana,1,0,1,0,0,60,2026-09-26T07:11:57,60,60,0
2026-09-26_04-57,WarFork,1,0,1,0,0,60,2026-09-26T08:43:16,60,60,0
2026-09-26_04-57,FireballScroll,1,1,0,0,0,36,2026-09-26T07:32:11,36,0,0
2026-09-26_04-57,LesserHealPotion,1,0,1,0,0,2,2026-09-26T10:06:18,2,2,0
2026-09-26_10-41,ChainLegs,20,60,1,0,3,496,2026-09-26T11:43:08,8460,285,1007
2026-09-26_10-41,RawRibs,77,144,159,64,3,5,2026-09-26T11:41:38,5217,628,196
2026-09-26_10-41,FemalePlateChest,7,21,0,0,0,480,2026-09-26T11:42:38,3050,0,0
2026-09-26_10-41,ChainChest,8,17,0,0,2,418,2026-09-26T11:44:08,2950,0,604
2026-09-26_10-41,RingmailArms,10,11,6,0,1,292,2026-09-26T11:42:38,2251,1197,254
2026-09-26_10-41,RingmailChest,9,0,9,0,0,216,2026-09-26T10:41:38,1944,1944,0
2026-09-26_10-41,LightningScroll,12,43,0,0,4,94,2026-09-26T11:42:38,917,0,213
2026-09-26_10-41,IronIngot,11,0,43,24,0,8,2026-09-26T10:41:12,896,725,0
2026-09-26_10-41,RingmailGloves,5,6,5,0,0,181,2026-09-26T11:21:36,760,760,0
2026-09-26_10-41,EnergyBoltScroll,6,17,0,0,2,139,2026-09-26T11:45:08,704,0,202
2026-09-26_10-41,Arrow,2,0,4,1,0,2,2026-09-26T11:41:12,400,12,0
2026-09-26_10-41,LeatherCap,15,5,11,0,0,26,2026-09-26T11:37:06,324,220,0
2026-09-26_10-41,MindBlastScroll,3,9,0,0,0,101,2026-09-26T11:36:06,303,0,0
2026-09-26_10-41,GreaterHealScroll,4,11,0,0,2,82,2026-09-26T11:43:08,281,0,127
2026-09-26_10-41,RingmailLegs,2,0,1,0,0,192,2026-09-26T11:16:21,252,192,0
2026-09-26_10-41,BladeSpiritsScroll,2,5,0,0,1,88,2026-09-26T11:43:08,147,0,59
2026-09-26_10-41,Feather,2,1,8,4,0,3,2026-09-26T10:50:11,100,85,0
2026-09-26_10-41,Log,2,0,5,1,0,3,2026-09-26T10:49:11,100,45,0
2026-09-26_10-41,HarmScroll,5,8,2,0,0,9,2026-09-26T11:38:06,38,12,0
2026-09-26_11-45,ChainLegs,18,87,1,0,5,655,2026-09-26T13:08:53,9432,216,2036
2026-09-26_11-45,RawRibs,62,163,116,54,0,8,2026-09-26T13:04:23,6648,702,0
2026-09-26_11-45,RingmailArms,9,39,0,0,3,508,2026-09-26T13:08:53,3720,0,870
2026-09-26_11-45,EnergyBoltScroll,9,48,0,0,0,182,2026-09-26T13:06:53,1500,0,0
2026-09-26_11-45,RingmailChest,6,0,6,0,0,216,2026-09-26T11:46:26,1296,1296,0
2026-09-26_11-45,LightningScroll,10,71,0,0,0,124,2026-09-26T13:06:53,1176,0,0
2026-09-26_11-45,Arrow,1,3,21,6,0,5,2026-09-26T11:46:08,615,43,0
2026-09-26_11-45,RingmailGloves,2,13,0,0,0,315,2026-09-26T13:04:23,589,0,0
2026-09-26_11-45,ChainChest,1,6,0,0,0,552,2026-09-26T13:01:23,552,0,0
2026-09-26_11-45,FemalePlateChest,1,4,0,0,1,418,2026-09-26T12:40:23,418,0,418
2026-09-26_11-45,LeatherCap,9,44,1,0,1,55,2026-09-26T13:08:53,400,20,23
2026-09-26_11-45,GreaterHealScroll,6,8,0,0,4,94,2026-09-26T13:08:53,350,0,174
2026-09-26_11-45,BladeSpiritsScroll,1,8,0,0,0,152,2026-09-26T13:06:53,152,0,0
2026-09-26_11-45,IronIngot,1,0,0,0,0,8,2026-09-26T13:10:13,136,0,0
2026-09-26_11-45,WarFork,1,6,0,0,0,135,2026-09-26T13:06:23,135,0,0
2026-09-26_11-45,RingmailLegs,1,5,0,0,0,118,2026-09-26T12:54:23,118,0,0
2026-09-26_11-45,Bow,1,3,0,0,0,90,2026-09-26T13:07:23,90,0,0
2026-09-26_11-45,BoneHelm,1,1,1,0,0,69,2026-09-26T12:32:53,69,69,0
2026-09-26_11-45,BoneChest,1,0,1,0,0,60,2026-09-26T13:06:35,60,60,0
2026-09-26_11-45,Feather,1,0,0,0,0,3,2026-09-26T13:10:13,60,0,0
2026-09-26_11-45,HarmScroll,2,7,0,0,0,10,2026-09-26T13:04:23,18,0,0
2026-09-26_11-45,LesserHealPotion,1,0,1,0,0,5,2026-09-26T11:49:58,5,5,0
2026-09-26_13-10,RawRibs,27,0,22,11,0,3,2026-09-26T13:10:55,1551,81,0
2026-09-26_13-10,ChainLegs,6,0,0,0,0,216,2026-09-26T13:11:22,1296,0,0
2026-09-26_13-10,RingmailChest,5,0,3,0,0,216,2026-09-26T13:11:59,1080,648,0
2026-09-26_13-10,RingmailArms,4,0,1,0,0,168,2026-09-26T13:11:21,672,168,0
2026-09-26_13-10,LightningScroll,7,0,0,0,0,42,2026-09-26T13:10:56,294,0,0
2026-09-26_13-10,IronIngot,2,0,7,5,0,8,2026-09-26T13:10:56,248,232,0
2026-09-26_13-10,FemalePlateChest,1,0,0,0,0,240,2026-09-26T13:11:21,240,0,0
2026-09-26_13-10,RingmailGloves,2,0,0,0,0,120,2026-09-26T13:11:21,240,0,0
2026-09-26_13-10,GreaterHealScroll,2,0,0,0,0,42,2026-09-26T13:10:56,84,0,0
2026-09-26_13-10,LeatherCap,4,0,0,0,0,20,2026-09-26T13:11:50,80,0,0
2026-09-26_13-10,EnergyBoltScroll,1,0,0,0,0,62,2026-09-26T13:10:56,62,0,0
2026-09-26_13-10,Feather,2,0,3,2,0,3,2026-09-26T13:10:55,48,38,0
2026-09-26_13-10,HarmScroll,1,0,0,0,0,22,2026-09-26T13:12:49,22,0,0
2026-09-26_13-16,RawRibs,66,92,110,51,0,6,2026-09-26T14:00:44,5350,678,0
2026-09-26_13-16,ChainLegs,14,32,0,0,1,376,2026-09-26T13:57:44,5173,0,285
2026-09-26_13-16,ChainChest,8,10,0,0,1,364,2026-09-26T14:00:14,2683,0,276
2026-09-26_13-16,RingmailArms,6,4,2,0,0,193,2026-09-26T13:28:14,1133,361,0
2026-09-26_13-16,IronIngot,10,0,31,22,0,8,2026-09-26T13:31:45,1080,783,0
2026-09-26_13-16,RingmailChest,5,0,5,0,0,216,2026-09-26T13:18:33,1080,1080,0
2026-09-26_13-16,LightningScroll,13,20,4,0,1,72,2026-09-26T13:57:44,775,174,55
2026-09-26_13-16,LeatherCap,28,0,27,0,0,21,2026-09-26T13:55:16,562,541,0
2026-09-26_13-16,EnergyBoltScroll,5,10,0,0,1,106,2026-09-26T13:57:44,482,0,71
2026-09-26_13-16,Leather,11,0,38,11,0,6,2026-09-26T13:18:39,480,377,0
2026-09-26_13-16,Feather,7,11,19,8,0,3,2026-09-26T13:22:39,360,185,0
2026-09-26_13-16,RingmailGloves,2,0,2,0,0,120,2026-09-26T13:17:45,240,240,0
2026-09-26_13-16,GreaterHealScroll,3,9,0,0,0,72,2026-09-26T13:57:44,216,0,0
2026-09-26_13-16,Arrow,1,0,1,0,0,2,2026-09-26T13:54:19,180,2,0
2026-09-26_13-16,Log,3,0,12,3,0,3,2026-09-26T13:23:39,114,93,0
2026-09-26_13-16,HarmScroll,1,4,0,0,0,36,2026-09-26T14:02:14,36,0,0
2026-09-26_13-16,LesserHealPotion,1,0,2,1,0,14,2026-09-26T13:21:09,28,28,0
2026-09-26_14-05,RawRibs,18,0,8,4,0,3,2026-09-26T14:05:56,957,48,0
2026-09-26_14-05,ChainLegs,2,0,0,0,0,216,2026-09-26T14:06:24,432,0,0
2026-09-26_14-05,IronIngot,2,0,2,1,0,8,2026-09-26T14:05:57,208,48,0
2026-09-26_14-05,Leather,2,0,7,5,0,6,2026-09-26T14:05:56,204,185,0
2026-09-26_14-05,LightningScroll,4,0,0,0,0,42,2026-09-26T14:05:57,168,0,0
2026-09-26_14-05,RingmailArms,1,0,0,0,0,168,2026-09-26T14:06:24,168,0,0
2026-09-26_14-05,Feather,2,0,0,0,0,3,2026-09-26T14:05:56,120,0,0
2026-09-26_14-05,EnergyBoltScroll,1,0,0,0,0,62,2026-09-26T14:11:02,62,0,0
2026-09-26_14-05,Log,1,0,0,0,0,3,2026-09-26T14:09:25,60,0,0
2026-09-26_14-05,GreaterHealScroll,1,0,0,0,0,42,2026-09-26T14:08:25,42,0,0
2026-09-26_14-05,LeatherCap,1,0,1,0,0,20,2026-09-26T14:07:07,20,20,0
2026-09-26_14-11,RawRibs,18,5,13,5,0,4,2026-09-26T14:24:00,891,81,0
2026-09-26_14-11,LightningScroll,5,3,1,0,1,48,2026-09-26T14:22:30,228,48,42
2026-09-26_14-11,ChainLegs,1,0,0,0,0,216,2026-09-26T14:21:34,216,0,0
2026-09-26_14-11,RingmailChest,1,0,0,0,0,216,2026-09-26T14:25:32,216,0,0
2026-09-26_14-11,IronIngot,1,0,4,3,0,8,2026-09-26T14:12:06,160,145,0
2026-09-26_14-11,EnergyBoltScroll,2,1,0,0,0,71,2026-09-26T14:22:30,133,0,0
2026-09-26_14-11,RingmailGloves,1,0,1,0,0,120,2026-09-26T14:22:40,120,120,0
2026-09-26_14-11,Feather,1,0,3,2,0,3,2026-09-26T14:12:05,60,40,0
2026-09-26_14-11,GreaterHealScroll,1,0,0,0,0,42,2026-09-26T14:22:06,42,0,0
2026-09-26_14-11,LeatherCap,2,0,1,0,0,20,2026-09-26T14:24:14,40,20,0
2026-09-26_14-11,Log,1,0,2,1,0,3,2026-09-26T14:13:04,21,21,0
2026-09-26_14-25,RawRibs,19,0,13,6,0,3,2026-09-26T14:25:58,978,57,0
2026-09-26_14-25,GreaterHealScroll,2,0,0,0,0,42,2026-09-26T14:27:11,84,0,0
2026-09-26_14-25,LightningScroll,2,0,0,0,0,42,2026-09-26T14:26:00,84,0,0
2026-09-26_14-25,Leather,1,0,2,1,0,6,2026-09-26T14:25:58,42,42,0
2026-09-26_14-25,LeatherCap,2,0,1,0,0,20,2026-09-26T14:31:29,40,20,0
2026-09-26_14-25,Feather,2,0,2,0,0,3,2026-09-26T14:29:58,33,30,0
2026-09-26_14-32,RawRibs,55,49,91,41,0,5,2026-09-26T15:13:34,3318,681,0
2026-09-26_14-32,ChainLegs,5,11,1,0,0,327,2026-09-26T15:08:34,1635,327,0
2026-09-26_14-32,RingmailChest,5,8,0,0,2,285,2026-09-26T15:10:34,1351,0,496
2026-09-26_14-32,ChainChest,3,6,0,0,0,317,2026-09-26T15:09:34,951,0,0
2026-09-26_14-32,LeatherBustierArms,19,0,13,0,0,48,2026-09-26T14:51:23,912,624,0
2026-09-26_14-32,LeatherChest,6,0,5,0,0,96,2026-09-26T14:51:14,525,446,0
2026-09-26_14-32,EnergyBoltScroll,6,8,0,0,0,81,2026-09-26T15:10:34,486,0,0
2026-09-26_14-32,PlateGorget,3,0,2,0,0,120,2026-09-26T15:09:31,360,240,0
2026-09-26_14-32,LeatherSkirt,7,0,5,0,0,53,2026-09-26T15:09:23,351,245,0
2026-09-26_14-32,IronIngot,3,0,12,9,0,8,2026-09-26T14:51:57,340,295,0
2026-09-26_14-32,LightningScroll,5,12,0,0,0,72,2026-09-26T15:13:04,333,0,0
2026-09-26_14-32,LeatherArms,10,0,7,0,0,33,2026-09-26T15:06:59,324,225,0
2026-09-26_14-32,LeatherLegs,4,0,4,0,0,80,2026-09-26T14:51:41,320,320,0
2026-09-26_14-32,PlateLegs,1,2,0,0,0,317,2026-09-26T15:12:04,317,0,0
2026-09-26_14-32,Leather,5,1,18,6,0,2,2026-09-26T14:50:58,200,144,0
2026-09-26_14-32,LeatherGloves,7,0,5,0,0,25,2026-09-26T15:08:27,170,120,0
2026-09-26_14-32,LeatherCap,8,0,8,0,0,20,2026-09-26T14:37:15,160,160,0
2026-09-26_14-32,GreaterHealScroll,2,7,0,0,0,72,2026-09-26T15:14:04,144,0,0
2026-09-26_14-32,Log,4,0,10,6,0,3,2026-09-26T14:33:38,135,129,0
2026-09-26_14-32,Feather,2,1,6,3,0,3,2026-09-26T14:49:58,90,65,0
2026-09-26_14-32,DullCopperIngot,1,1,1,0,0,3,2026-09-26T15:18:04,55,10,0
2026-09-26_14-32,ArchCureScroll,1,1,1,0,0,48,2026-09-26T15:11:04,48,48,0
2026-09-26_14-32,CopperIngot,1,0,5,1,0,2,2026-09-26T15:05:39,40,26,0
2026-09-26_15-18,RawRibs,15,0,23,11,0,3,2026-09-26T15:18:36,789,171,0
2026-09-26_15-18,LeatherBustierArms,10,1,0,0,0,55,2026-09-26T15:29:32,487,0,0
2026-09-26_15-18,Leather,3,0,12,9,0,6,2026-09-26T15:18:37,320,275,0
2026-09-26_15-18,LeatherChest,3,0,1,0,0,96,2026-09-26T15:19:51,288,96,0
2026-09-26_15-18,LeatherSkirt,6,0,1,0,0,48,2026-09-26T15:19:03,288,48,0
2026-09-26_15-18,EnergyBoltScroll,4,1,0,0,0,71,2026-09-26T15:29:02,257,0,0
2026-09-26_15-18,IronIngot,1,0,4,3,0,8,2026-09-26T15:18:39,160,127,0
2026-09-26_15-18,LightningScroll,3,2,0,0,0,48,2026-09-26T15:29:02,138,0,0
2026-09-26_15-18,LeatherArms,4,0,0,0,0,32,2026-09-26T15:20:21,128,0,0
2026-09-26_15-18,LeatherLegs,1,0,0,0,0,80,2026-09-26T15:19:51,80,0,0
2026-09-26_15-18,LeatherGloves,2,0,1,0,0,24,2026-09-26T15:25:21,48,24,0
2026-09-26_15-18,ArchCureScroll,1,0,0,0,0,42,2026-09-26T15:19:33,42,0,0
2026-09-26_15-18,GreaterHealScroll,1,0,0,0,0,42,2026-09-26T15:25:39,42,0,0
2026-09-26_15-18,LeatherCap,1,0,0,0,0,20,2026-09-26T15:20:04,20,0,0
