session,time,minutes_from_start,window_min,stalls,stall_things,stall_worth_gp,wants,want_things,escrow_gp,stuck_stalls,stuck_worth_gp,d_sales,d_fills,d_turnover_gp,d_city_bought_gp,d_bot_to_bot_gp,d_crossed_things,d_levy_gp,d_wants_given_up,d_taken_back_stalls,d_below_floor_things,d_npc_earned_gp,d_npc_spent_gp,city_purse_gp,city_errand_escrow_gp,d_city_minted_gp,d_city_taxed_gp,d_city_spent_gp,d_fair_gp,purses,purse_median_gp,purse_max_gp,purse_max_holder,purses_total_gp,pockets_gp,accounts_gp,d_guild_levy_gp,d_crown_tax_gp,d_ground_paid_gp,d_tithe_gp,d_toll_gp,chests_gp,counter_tills_gp,d_counter_sold_gp,d_cooking_lessons_gp,board_most_wanted,board_most_stocked
2026-09-18_00-12,2026-09-18T00:17:33,5.1,5.1,315,4025,24877,175,1743,10486,0,0,55,35,5163,0,5163,103,90,0,0,9,0,5343,50,0,250,0,950,0,72,248,594,Faron Ashdown the WarriorMage,16636,10675,5961,0,0,0,8,,41,1855,0,,"RawRibs 1457, Log 100, Feather 75, LeatherBustierArms 28, Leather 25, LeatherChest 23","Bloodmoss 565, BlackPearl 505, MandrakeRoot 403, Nightshade 390, SpidersSilk 350, LesserCurePotion 285"
2026-09-18_00-29,2026-09-18T00:34:42,5.1,5.1,295,4488,27987,177,1730,10905,0,0,50,47,3730,0,3730,137,97,0,0,6,0,5470,250,0,250,0,200,0,74,226,402,Yarrow the Warrior,15020,9031,5989,0,0,0,0,,46,1830,0,,"RawRibs 1481, Log 100, Feather 45, LeatherChest 30, LeatherBustierArms 19, Leather 16","Bloodmoss 581, Nightshade 535, BlackPearl 425, LesserCurePotion 399, MandrakeRoot 385, SpidersSilk 330"
2026-09-18_00-29,2026-09-18T00:39:42,10.1,5.0,411,5457,33728,171,1429,10409,0,0,63,72,4934,0,4934,128,135,0,0,39,0,1674,500,0,250,0,0,0,74,270,467,Hale the Architect,16093,7684,8409,0,0,0,21,,67,1838,8,,"RawRibs 1275, Feather 33, LeatherChest 31, Log 24, LeatherBustierArms 23, MindBlastScroll 16","Bloodmoss 660, MandrakeRoot 496, Nightshade 493, Leather 448, IronIngot 426, BlackPearl 410"
2026-09-18_00-29,2026-09-18T00:44:42,15.1,5.0,487,2841,16112,186,1363,12927,0,0,140,101,6283,0,6283,123,241,8,0,49,9864,3333,750,0,250,0,0,0,74,248,767,Ulwin the Mage,20791,8046,12745,0,0,0,0,,67,1838,8,,"RawRibs 1178, Feather 58, LeatherChest 33, LeatherBustierArms 26, Leather 18, MindBlastScroll 14","Leather 469, Feather 197, Bloodmoss 186, BlackPearl 180, IronIngot 178, Nightshade 165"
2026-09-18_00-29,2026-09-18T00:49:42,20.1,5.0,525,1750,13030,189,1131,14194,0,0,72,118,3637,0,3637,108,190,0,0,30,4442,2886,1000,0,250,0,0,0,74,269,878,Hale the Architect,19046,4457,14589,0,248,0,0,,52,2010,180,,"RawRibs 897, Feather 70, Leather 40, LeatherChest 34, LeatherBustierArms 28, MindBlastScroll 16","Feather 197, MagicArrowScroll 194, CopperIngot 168, LesserCurePotion 120, Shoes 108, IronIngot 100"
2026-09-18_00-29,2026-09-18T00:54:42,25.1,5.0,557,1765,8537,190,975,15588,0,0,28,163,1920,0,1920,175,191,2,0,41,3608,3647,1250,0,250,0,0,0,74,225,1124,Ilsa the Sage,17570,3018,14552,0,0,0,0,,52,2018,8,,"RawRibs 790, Feather 50, LeatherChest 34, LeatherBustierArms 29, MindBlastScroll 16, LeatherSkirt 15","Feather 249, CopperIngot 192, IronIngot 132, BronzeIngot 131, ShadowIronIngot 114, Log 105"
2026-09-18_00-29,2026-09-18T00:59:42,30.1,5.0,584,2437,8845,187,824,15651,0,0,34,164,1805,0,1805,148,198,0,0,21,3082,2936,1500,0,250,0,0,0,74,232,1267,Hale the Architect,18393,3019,15374,0,0,0,11,,63,2730,720,,"RawRibs 661, LeatherChest 34, LeatherBustierArms 30, Feather 30, MindBlastScroll 16, LeatherSkirt 16","Feather 634, CopperIngot 238, Leather 223, IronIngot 199, BronzeIngot 162, ShadowIronIngot 130"
2026-09-18_00-29,2026-09-18T01:04:42,35.1,5.0,567,2379,9697,197,1035,17050,22,1925,29,65,1167,0,1167,82,94,8,52,19,1613,2522,1750,0,250,0,0,0,74,213,1361,Hale the Architect,16809,2376,14433,0,136,0,0,,63,2190,0,,"RawRibs 882, LeatherChest 33, LeatherBustierArms 29, Feather 25, LeatherSkirt 17, MindBlastScroll 12","Feather 609, Leather 263, IronIngot 252, CopperIngot 246, BronzeIngot 130, ShadowIronIngot 122"
2026-09-18_00-29,2026-09-18T01:09:42,40.1,5.0,597,2605,12943,202,1068,18042,19,1560,73,153,2921,0,2921,127,227,2,48,85,3625,3249,2000,0,250,0,0,0,74,218,1588,Hale the Architect,17303,2606,14697,0,0,0,0,,63,1950,322,,"RawRibs 833, Feather 90, LeatherChest 37, LeatherBustierArms 28, LeatherSkirt 18, MindBlastScroll 14","Feather 509, IronIngot 433, Leather 259, CopperIngot 228, ShadowIronIngot 171, BronzeIngot 141"
2026-09-18_00-29,2026-09-18T01:14:42,45.1,5.0,648,3356,17673,205,1108,20053,15,784,53,21,1987,0,1987,16,74,5,22,86,2418,2959,2150,0,250,0,100,0,74,201,1652,Hale the Architect,16508,2573,13935,0,0,0,0,,63,1842,74,,"RawRibs 886, Feather 85, LeatherChest 37, LeatherBustierArms 28, LeatherSkirt 19, ChainLegs 15","IronIngot 544, Leather 535, Feather 509, CopperIngot 347, ShadowIronIngot 216, BronzeIngot 203"
2026-09-18_00-29,2026-09-18T01:19:42,50.1,5.0,661,3827,17726,200,894,21120,19,1072,62,80,2088,0,2088,97,142,2,40,49,3974,2291,2400,0,250,0,0,0,74,237,1794,Hale the Architect,18132,3214,14918,0,74,0,0,,63,1902,120,,"RawRibs 691, Feather 60, LeatherChest 38, LeatherBustierArms 28, LeatherSkirt 20, ChainLegs 15","IronIngot 685, Feather 654, CopperIngot 388, Leather 376, BronzeIngot 233, ShadowIronIngot 216"
2026-09-18_00-29,2026-09-18T01:24:43,55.1,5.0,661,3516,13880,198,824,22753,13,713,65,132,2423,10,2413,103,197,7,44,46,4690,4066,2640,0,250,0,10,0,74,226,1943,Hale the Architect,18142,2755,15387,0,0,0,0,,63,1782,300,,"RawRibs 632, Feather 40, LeatherChest 38, LeatherBustierArms 28, LeatherSkirt 22, ChainLegs 15","IronIngot 658, Feather 639, Leather 551, CopperIngot 420, ShadowIronIngot 262, BronzeIngot 222"
2026-09-18_00-29,2026-09-18T01:29:43,60.1,5.0,698,3287,10740,200,820,24177,14,1258,37,69,1445,0,1445,44,106,6,16,77,5372,2191,2890,0,250,0,0,0,74,211,949,Hale the Architect,16483,1840,14643,0,0,0,0,,63,2164,382,,"RawRibs 618, Feather 55, LeatherChest 38, LeatherBustierArms 28, LeatherSkirt 21, ChainLegs 16","CopperIngot 461, Feather 439, IronIngot 415, Leather 372, ShadowIronIngot 312, BronzeIngot 232"
2026-09-18_00-29,2026-09-18T01:34:43,65.1,5.0,712,2343,10364,188,987,20942,10,690,43,127,6523,0,6523,134,145,6,27,22,2091,1615,3140,0,250,0,0,0,74,228,4618,Hale the Architect,20017,1046,18971,0,106,0,0,,35,1782,0,,"RawRibs 796, Feather 38, LeatherBustierArms 27, Leather 24, LeatherSkirt 22, ChainLegs 16","CopperIngot 451, ShadowIronIngot 253, Feather 214, BronzeIngot 214, GoldIngot 173, IronIngot 127"
2026-09-18_00-29,2026-09-18T01:39:43,70.1,5.0,738,3007,15818,186,940,19875,13,469,68,119,3994,0,3994,56,187,4,40,140,2909,2904,3390,0,250,0,0,0,74,224,6407,Hale the Architect,24359,3509,20850,0,0,0,0,,35,1782,0,,"RawRibs 770, Feather 48, LeatherBustierArms 28, LeatherSkirt 24, MindBlastScroll 14, LeatherArms 14","CopperIngot 442, IronIngot 420, BronzeIngot 331, ShadowIronIngot 306, Feather 214, GoldIngot 191"
2026-09-18_00-29,2026-09-18T01:44:43,75.1,5.0,743,3409,17891,182,910,19599,15,412,60,79,3226,0,3226,37,135,6,46,79,2636,3673,3640,0,250,0,0,0,74,207,2580,Hale the Architect,19506,2850,16656,5000,0,0,0,,35,2782,0,,"RawRibs 709, Feather 73, LeatherBustierArms 25, LeatherSkirt 24, LeatherArms 16, MindBlastScroll 13","IronIngot 627, CopperIngot 431, ShadowIronIngot 369, Leather 357, BronzeIngot 273, Feather 197"
2026-09-18_01-53,2026-09-18T01:58:32,5.1,5.1,320,4539,26367,169,1581,10412,0,0,44,62,4538,0,4538,160,106,0,0,25,0,5954,2190,0,250,0,1000,0,74,226,690,Bryn Ashdown the WarriorMage,16561,9257,7304,0,0,0,9,,44,1782,0,,"RawRibs 1435, Feather 40, LeatherChest 33, LeatherBustierArms 24, Leather 18, MindBlastScroll 14","Bloodmoss 575, BlackPearl 475, Nightshade 453, MandrakeRoot 383, SpidersSilk 332, LesserCurePotion 311"
2026-09-18_01-53,2026-09-18T02:03:32,10.1,5.0,432,5235,33621,184,1339,11593,0,0,106,64,7314,0,7314,128,170,0,0,40,0,1865,2440,0,250,0,0,0,74,192,596,Kerrin the Gatherer,14708,5107,9601,0,0,0,1,,45,1782,0,,"RawRibs 1200, LeatherChest 37, LeatherBustierArms 27, Feather 26, MindBlastScroll 14, LightningScroll 8","Leather 620, Bloodmoss 491, IronIngot 483, MandrakeRoot 474, SpidersSilk 405, LesserCurePotion 340"
2026-09-18_01-53,2026-09-18T02:08:32,15.1,5.0,496,3629,20033,189,1081,13220,0,0,113,103,6639,0,6639,109,216,5,0,16,9303,3661,2690,0,250,0,0,0,74,225,768,Ilsa the Sage,19322,5492,13830,0,0,0,0,,45,1782,180,,"RawRibs 905, Feather 49, LeatherChest 40, LeatherBustierArms 29, LeatherLegs 15, MindBlastScroll 14","Leather 662, Bloodmoss 391, SpidersSilk 355, BlackPearl 269, Feather 247, MandrakeRoot 222"
2026-09-18_01-53,2026-09-18T02:13:32,20.1,5.0,562,2836,17418,186,634,13788,0,0,82,151,5356,0,5356,171,233,0,0,20,5218,3636,2940,0,250,0,0,0,74,254,881,Dain the Mage,21177,3712,17465,0,193,0,0,,18,1782,240,,"RawRibs 444, Feather 44, LeatherChest 41, LeatherBustierArms 32, MindBlastScroll 15, LeatherSkirt 15","Leather 821, Feather 247, CopperIngot 231, SpidersSilk 117, Bloodmoss 110, Log 108"
2026-09-18_01-53,2026-09-18T02:18:32,25.1,5.0,590,2203,12420,207,860,16043,0,0,53,166,2366,10,2356,145,219,4,0,23,5622,3931,3180,0,250,0,10,0,74,245,1205,Dain the Mage,20583,3049,17534,0,0,0,7,,25,1864,90,,"RawRibs 688, LeatherChest 41, LeatherBustierArms 31, Feather 18, LeatherSkirt 17, MindBlastScroll 15","Leather 633, CopperIngot 249, Feather 237, IronIngot 153, BronzeIngot 93, ShadowIronIngot 91"
2026-09-18_01-53,2026-09-18T02:23:32,30.1,5.0,620,2176,8625,213,998,16868,0,0,46,62,1713,0,1713,28,108,1,0,98,5537,3162,5930,0,250,2500,0,0,73,228,1457,Dain the Mage,19401,2955,16446,2500,0,2500,0,,22,1962,180,,"RawRibs 799, Feather 45, LeatherChest 41, LeatherBustierArms 31, LeatherSkirt 18, LeatherLegs 16","Leather 533, CopperIngot 274, Feather 237, IronIngot 153, BronzeIngot 119, ShadowIronIngot 114"
2026-09-18_01-53,2026-09-18T02:28:32,35.1,5.0,614,1843,10649,208,1021,17524,20,1554,19,11,900,0,900,30,30,8,49,12,1928,704,6180,0,250,0,0,0,74,252,1347,Dain the Mage,21334,3455,17879,0,208,0,0,,0,1782,0,,"RawRibs 829, Feather 45, LeatherChest 38, LeatherBustierArms 29, LeatherSkirt 19, LeatherLegs 15","Leather 385, CopperIngot 300, IronIngot 171, BronzeIngot 151, Log 98, DullCopperIngot 91"
2026-09-18_01-53,2026-09-18T02:33:32,40.1,5.0,629,2432,16978,204,790,18705,22,2052,68,161,2465,0,2465,89,229,1,54,44,3333,4544,6430,0,250,0,0,0,74,196,1318,Hale the Architect,18574,2125,16449,0,0,0,0,,0,1935,420,,"RawRibs 610, LeatherChest 40, LeatherBustierArms 29, Feather 25, LeatherSkirt 19, MindBlastScroll 16","Leather 557, IronIngot 479, CopperIngot 289, BronzeIngot 171, ShadowIronIngot 117, GoldIngot 105"
2026-09-18_01-53,2026-09-18T02:38:32,45.1,5.0,660,2831,18195,211,937,20390,21,1353,30,22,906,0,906,0,52,2,18,102,2436,2860,6680,0,250,0,0,0,74,233,1328,Hale the Architect,19451,3649,15802,0,0,0,0,,0,1815,303,,"RawRibs 744, LeatherChest 39, Feather 35, LeatherBustierArms 29, LeatherSkirt 21, LeatherLegs 16","IronIngot 558, Leather 477, CopperIngot 330, BronzeIngot 219, MagicArrowScroll 170, ShadowIronIngot 147"
2026-09-18_01-53,2026-09-18T02:43:32,50.1,5.0,672,2746,15390,204,816,21464,22,1720,45,93,2037,0,2037,72,138,2,46,36,4837,3387,6930,0,250,0,0,0,74,206,1508,Hale the Architect,18133,3348,14785,0,222,0,15,,15,1755,22,,"RawRibs 604, Feather 50, LeatherChest 41, LeatherBustierArms 29, LeatherSkirt 22, LeatherLegs 16","Leather 495, CopperIngot 343, BronzeIngot 257, IronIngot 220, MagicArrowScroll 218, ShadowIronIngot 149"
2026-09-18_01-53,2026-09-18T02:48:32,55.1,5.0,678,2718,12725,200,722,22999,13,1037,61,118,2235,10,2225,67,179,9,65,57,5205,3531,7170,0,250,0,10,0,74,207,1578,Hale the Architect,19061,1858,17203,0,0,0,0,,15,1755,412,,"RawRibs 525, LeatherChest 40, Feather 35, LeatherBustierArms 31, LeatherSkirt 22, LeatherLegs 16","Leather 640, CopperIngot 361, BronzeIngot 275, ShadowIronIngot 196, GoldIngot 160, DullCopperIngot 145"
2026-09-18_01-53,2026-09-18T02:53:32,60.1,5.0,711,2744,14417,178,765,19050,14,863,69,81,9094,0,9094,41,107,3,16,74,3557,1813,7420,0,250,0,0,0,74,197,4201,Hale the Architect,25271,2964,22307,0,0,0,0,,15,1815,82,,"RawRibs 588, Feather 40, LeatherBustierArms 26, LeatherSkirt 23, LeatherLegs 17, ChainLegs 12","Leather 374, CopperIngot 361, BronzeIngot 358, ShadowIronIngot 217, GoldIngot 184, DullCopperIngot 159"
2026-09-18_01-53,2026-09-18T02:58:32,65.1,5.0,710,2659,12926,187,910,19028,15,1836,26,66,2454,0,2454,70,87,5,26,22,3011,1677,7670,0,250,0,0,0,74,184,5576,Hale the Architect,27623,2686,24937,0,252,0,0,,0,1755,0,,"RawRibs 736, Feather 40, LeatherSkirt 23, LeatherBustierArms 22, LeatherLegs 18, LeatherArms 13","Leather 425, CopperIngot 392, BronzeIngot 288, ShadowIronIngot 262, GoldIngot 173, DullCopperIngot 156"
2026-09-18_01-53,2026-09-18T03:03:32,70.1,5.0,742,3104,14653,198,974,20532,13,1374,52,79,2668,0,2668,34,113,1,45,109,3755,2364,7920,0,250,0,0,0,73,232,6615,Hale the Architect,29276,3002,26274,0,0,0,5,,5,1755,202,,"RawRibs 776, Feather 51, LeatherSkirt 23, LeatherArms 23, LeatherBustierArms 22, LeatherLegs 18","Leather 696, BronzeIngot 400, CopperIngot 339, ShadowIronIngot 198, IronIngot 197, DullCopperIngot 191"
2026-09-18_03-05,2026-09-18T03:10:47,5.1,5.1,270,3273,21977,184,1734,12209,0,0,66,28,5325,0,5325,74,94,0,0,2,0,6486,6220,0,250,0,2000,0,74,178,435,Ilsa the Sage,12697,6481,6216,0,0,0,0,,5,1755,0,,"RawRibs 1450, Feather 100, Log 79, LeatherChest 50, LeatherBustierArms 21, GreaterHealScroll 11","Bloodmoss 508, Nightshade 395, BlackPearl 325, MandrakeRoot 317, LesserCurePotion 316, SpidersSilk 230"
2026-09-18_03-05,2026-09-18T03:15:47,10.1,5.0,401,5460,33285,181,1540,11761,0,0,54,60,3716,0,3716,87,114,0,0,7,0,1156,6470,0,250,0,0,0,74,178,587,Ilsa the Sage,12588,5016,7572,0,0,0,0,,5,1707,0,,"RawRibs 1347, Feather 80, LeatherChest 50, LeatherBustierArms 21, Log 10, MindBlastScroll 8","Bloodmoss 698, MandrakeRoot 489, BlackPearl 473, IronIngot 471, Leather 439, SpidersSilk 422"
2026-09-18_03-05,2026-09-18T03:20:47,15.1,5.0,474,4072,19399,196,1327,14041,0,0,107,85,5605,0,5605,160,192,2,0,36,8463,4041,6720,0,250,0,0,0,74,225,565,Merrick the Gatherer,16431,5888,10543,0,0,0,5,,10,1887,180,,"RawRibs 1187, LeatherChest 50, LeatherBustierArms 21, Feather 15, MindBlastScroll 14, LightningScroll 11","IronIngot 614, Leather 593, BlackPearl 328, Bloodmoss 288, Feather 281, SpidersSilk 273"
2026-09-18_03-05,2026-09-18T03:25:47,20.1,5.0,522,2593,12964,201,1217,15098,0,0,82,74,4026,0,4026,91,156,0,0,20,6023,3826,6970,0,250,0,0,0,74,233,626,Calla Ashdown the WarriorMage,18876,5460,13416,0,68,0,0,,5,1707,180,,"RawRibs 1022, LeatherChest 51, Feather 50, LeatherBustierArms 21, MindBlastScroll 14, LightningScroll 12","Leather 489, Feather 281, IronIngot 249, CopperIngot 227, MagicArrowScroll 189, ShadowIronIngot 166"
2026-09-18_03-05,2026-09-18T03:30:48,25.1,5.0,570,2281,11107,204,1134,16870,0,0,81,96,2876,850,2026,134,177,9,0,18,3714,3725,6370,0,250,0,850,850,74,251,675,Hale the Architect,18020,4145,13875,0,0,0,0,,5,1707,142,,"RawRibs 947, LeatherChest 48, Feather 47, LeatherBustierArms 21, LightningScroll 14, MindBlastScroll 12","Leather 496, Feather 281, IronIngot 249, Log 180, CopperIngot 159, ShadowIronIngot 155"
2026-09-18_03-05,2026-09-18T03:35:48,30.1,5.0,609,2551,13549,210,1062,17712,0,0,66,132,3391,903,2488,116,198,1,0,13,2788,2905,5717,0,250,0,903,903,74,228,873,Hale the Architect,18306,3067,15239,0,0,0,0,,5,1707,870,,"RawRibs 869, LeatherChest 49, Feather 42, LeatherBustierArms 21, LightningScroll 14, MindBlastScroll 13","Leather 528, IronIngot 357, Feather 224, Log 196, CopperIngot 166, ShadowIronIngot 162"
2026-09-18_03-05,2026-09-18T03:40:48,35.1,5.0,625,2504,11135,222,1095,20681,25,1162,62,87,2959,967,1992,90,149,4,19,12,1402,1266,5000,0,250,0,967,967,74,227,968,Hale the Architect,17663,2523,15140,0,124,0,0,,0,1707,0,,"RawRibs 902, LeatherChest 48, Feather 37, LeatherBustierArms 20, LeatherSkirt 15, LightningScroll 14","Leather 483, IronIngot 425, Feather 219, Log 176, ShadowIronIngot 167, CopperIngot 143"
2026-09-18_03-05,2026-09-18T03:45:48,40.1,5.0,660,2295,9694,216,947,20462,8,735,79,201,3577,1050,2527,190,280,2,32,28,3839,4303,4200,0,250,0,1050,1050,74,271,1248,Hale the Architect,19465,2912,16553,0,0,0,0,,0,1707,0,,"RawRibs 757, LeatherChest 48, Feather 27, LeatherBustierArms 20, MindBlastScroll 15, LeatherSkirt 15","Leather 634, IronIngot 406, Feather 244, BronzeIngot 174, ShadowIronIngot 160, CopperIngot 104"
2026-09-18_03-05,2026-09-18T03:50:48,45.1,5.0,687,2653,9216,222,1055,21719,13,592,56,127,2328,1202,1126,86,183,5,15,78,2523,2881,3248,0,250,0,1202,1172,74,255,1369,Hale the Architect,18747,1868,16879,0,0,0,0,,0,1887,360,,"RawRibs 838, Feather 60, LeatherChest 46, LeatherBustierArms 19, LeatherSkirt 16, MindBlastScroll 15","Leather 625, IronIngot 567, CopperIngot 254, BronzeIngot 211, ShadowIronIngot 153, Feather 121"
2026-09-18_03-05,2026-09-18T03:55:48,50.1,5.0,702,2389,7007,214,917,21945,17,763,77,86,3111,1497,1614,111,163,1,24,46,5241,2150,2001,0,250,0,1497,1497,74,287,1551,Hale the Architect,21225,3484,17741,0,129,0,0,,0,1707,22,,"RawRibs 690, Feather 70, LeatherChest 46, LeatherBustierArms 19, LeatherSkirt 16, MindBlastScroll 15","Leather 562, IronIngot 273, CopperIngot 272, BronzeIngot 268, ShadowIronIngot 160, GoldIngot 118"
2026-09-18_03-05,2026-09-18T04:00:48,55.1,5.0,711,2733,8671,216,913,24304,21,1466,51,121,2277,0,2277,107,172,1,41,41,4480,2401,2251,0,250,0,0,0,74,226,1668,Hale the Architect,22418,4357,18061,0,0,0,4,,4,1707,862,,"RawRibs 694, Feather 60, LeatherChest 46, LeatherBustierArms 20, LeatherSkirt 16, MindBlastScroll 15","Leather 747, CopperIngot 323, BronzeIngot 309, ShadowIronIngot 188, Feather 157, IronIngot 144"
2026-09-18_03-05,2026-09-18T04:05:48,60.1,5.0,723,2605,11004,200,899,23151,16,833,47,92,4404,0,4404,43,127,3,44,119,3658,843,2501,0,250,0,0,0,74,273,3167,Hale the Architect,25339,2890,22449,0,0,0,1,,5,1729,66,,"RawRibs 681, Feather 60, LeatherChest 35, LeatherBustierArms 20, MindBlastScroll 15, ChainLegs 15","Leather 533, CopperIngot 332, BronzeIngot 302, ShadowIronIngot 233, Feather 214, GoldIngot 135"
2026-09-18_03-05,2026-09-18T04:10:48,65.1,5.0,733,2874,12487,200,910,24411,17,675,42,67,2731,0,2731,78,101,6,29,32,2929,3284,2751,0,250,0,0,0,74,247,3512,Hale the Architect,24291,2280,22011,0,278,0,0,,0,1707,506,,"RawRibs 719, Feather 45, LeatherChest 25, LeatherBustierArms 19, ChainLegs 17, LeatherSkirt 16","Leather 550, CopperIngot 387, ShadowIronIngot 292, BronzeIngot 287, Feather 204, IronIngot 196"
2026-09-18_03-05,2026-09-18T04:15:48,70.1,5.0,765,3174,12624,204,861,25052,21,919,46,105,1783,0,1783,57,149,2,44,61,5796,3036,3001,0,250,0,0,0,74,270,4356,Hale the Architect,26740,3963,22777,0,0,0,0,,0,1707,0,,"RawRibs 662, Feather 50, LeatherChest 24, LeatherBustierArms 20, ChainLegs 16, LeatherSkirt 16","Leather 578, BronzeIngot 358, CopperIngot 307, ShadowIronIngot 293, Feather 244, IronIngot 230"
2026-09-18_03-05,2026-09-18T04:20:48,75.1,5.0,746,3381,11034,211,962,28245,20,1208,44,72,1754,0,1754,39,83,4,27,104,3614,2134,3251,0,250,0,0,0,74,230,4391,Hale the Architect,24624,2376,22248,0,0,0,11,,11,2089,404,,"RawRibs 740, Feather 65, LeatherChest 25, LeatherBustierArms 20, ChainLegs 17, LeatherSkirt 16","Leather 604, Feather 444, BronzeIngot 368, CopperIngot 356, ShadowIronIngot 249, DullCopperIngot 191"
2026-09-18_03-05,2026-09-18T04:25:48,80.1,5.0,716,3855,12560,208,996,29036,14,796,47,86,1808,0,1808,71,133,5,30,19,3438,2580,3501,0,250,0,0,0,74,221,4534,Hale the Architect,25497,2138,23359,0,259,0,0,,0,1707,0,,"RawRibs 767, Feather 75, LeatherChest 24, LeatherBustierArms 20, LeatherSkirt 16, MindBlastScroll 16","Leather 729, Feather 424, CopperIngot 423, BronzeIngot 417, IronIngot 268, ShadowIronIngot 263"
2026-09-18_03-05,2026-09-18T04:30:48,85.1,5.0,704,4222,14529,198,787,31847,15,1519,35,83,1480,0,1480,68,118,4,27,55,3386,2607,3751,0,250,0,0,0,74,248,4643,Hale the Architect,24054,1598,22456,0,0,0,0,,0,2007,300,,"RawRibs 572, Feather 45, LeatherChest 22, LeatherBustierArms 21, ChainLegs 18, LeatherSkirt 16","Leather 698, IronIngot 601, CopperIngot 512, Feather 464, BronzeIngot 449, ShadowIronIngot 292"
2026-09-18_03-05,2026-09-18T04:35:48,90.1,5.0,691,4127,11567,194,750,32844,14,1482,33,31,1186,0,1186,28,64,5,18,69,4985,1919,4001,0,250,0,0,0,74,295,4703,Hale the Architect,28187,4013,24174,0,0,0,0,,0,1855,262,,"RawRibs 565, Feather 35, LeatherChest 21, LeatherBustierArms 20, ChainLegs 18, MindBlastScroll 16","Leather 670, CopperIngot 545, IronIngot 501, Feather 487, BronzeIngot 404, ShadowIronIngot 371"
2026-09-18_03-05,2026-09-18T04:40:48,95.1,5.0,701,4332,12847,204,874,36120,16,1570,43,95,1474,0,1474,135,138,4,22,25,3369,1600,4151,100,250,0,0,0,74,256,4538,Hale the Architect,28611,2285,26326,0,165,0,10,,10,1675,0,,"RawRibs 714, LeatherChest 22, LeatherBustierArms 19, ChainLegs 18, LeatherSkirt 16, LightningScroll 15","Leather 682, CopperIngot 586, BronzeIngot 498, Feather 482, IronIngot 434, ShadowIronIngot 375"
2026-09-18_03-05,2026-09-18T04:45:48,100.1,5.0,716,4792,18503,203,1126,36988,19,1466,93,94,3014,0,3014,30,187,6,49,100,4880,3314,4401,0,250,0,100,0,74,240,4721,Hale the Architect,29616,2572,27044,0,0,0,0,,10,1675,460,,"RawRibs 690, Bolt 230, Feather 55, LeatherChest 22, LeatherBustierArms 19, LeatherSkirt 17","CopperIngot 585, Leather 569, BronzeIngot 533, IronIngot 510, Feather 482, DullCopperIngot 413"
2026-09-18_03-05,2026-09-18T04:50:48,105.1,5.0,728,5103,22552,198,1172,38256,15,4186,64,68,2268,0,2268,34,132,9,34,44,2788,2574,4651,0,250,0,0,0,74,231,4841,Hale the Architect,30126,2044,28082,0,0,0,0,,10,1675,0,,"RawRibs 748, Bolt 229, Feather 50, LeatherChest 21, LeatherBustierArms 20, LeatherSkirt 17","Leather 718, IronIngot 687, CopperIngot 661, BronzeIngot 650, ShadowIronIngot 437, DullCopperIngot 370"
2026-09-18_03-05,2026-09-18T04:55:48,110.1,5.0,713,5265,21408,194,1050,39455,15,6017,34,145,1532,0,1532,107,180,6,34,65,3713,3176,4901,0,250,0,0,0,74,271,5016,Hale the Architect,31177,3422,27755,0,169,0,3,,3,1855,180,,"RawRibs 621, Bolt 228, Feather 55, LeatherChest 21, LeatherBustierArms 20, LeatherSkirt 18","IronIngot 875, Leather 637, BronzeIngot 626, CopperIngot 614, ShadowIronIngot 414, Feather 395"
2026-09-18_03-05,2026-09-18T05:00:48,115.1,5.0,746,5364,20256,192,1111,40651,13,1727,49,76,1636,10,1626,27,125,5,31,146,4672,2778,5141,0,250,0,10,0,74,278,5128,Hale the Architect,33166,4064,29102,0,0,0,0,,3,1675,0,,"RawRibs 690, Bolt 224, Feather 50, LeatherChest 20, LeatherSkirt 18, LeatherBustierArms 17","IronIngot 946, BronzeIngot 691, CopperIngot 665, Feather 480, Leather 436, ShadowIronIngot 436"
2026-09-18_03-05,2026-09-18T05:05:48,120.1,5.0,729,5514,18358,195,1240,42422,11,1805,24,77,846,0,846,75,101,3,28,84,2995,2324,5391,0,250,0,0,0,74,248,5223,Hale the Architect,32528,3492,29036,0,0,0,0,,3,1675,240,,"RawRibs 831, Bolt 223, Feather 45, LeatherChest 20, LeatherSkirt 18, LeatherBustierArms 17","IronIngot 1217, CopperIngot 734, BronzeIngot 716, Leather 674, ShadowIronIngot 481, DullCopperIngot 388"
2026-09-18_03-05,2026-09-18T05:10:48,125.1,5.0,735,4776,18488,166,1331,34286,7,1638,46,42,1913,0,1913,68,91,41,21,31,3697,2987,8141,0,250,2500,0,0,74,300,5299,Hale the Architect,40781,5228,35553,2500,170,2500,0,,0,1697,22,,"RawRibs 954, Bolt 223, Feather 35, LeatherSkirt 17, Leather 15, LightningScroll 14","BronzeIngot 772, IronIngot 735, CopperIngot 649, ShadowIronIngot 503, Leather 391, DullCopperIngot 343"
2026-09-18_03-05,2026-09-18T05:15:48,130.1,5.0,704,4543,20132,170,1138,38419,9,473,33,168,1225,0,1225,79,201,9,51,88,4995,3617,8391,0,250,0,0,0,74,280,5494,Hale the Architect,37093,2325,34768,0,0,0,1,,1,1807,480,,"RawRibs 780, Bolt 219, Feather 25, LeatherSkirt 16, LeatherArms 15, ChainLegs 14","Leather 812, BronzeIngot 639, CopperIngot 610, IronIngot 558, ShadowIronIngot 400, Feather 320"
2026-09-18_03-05,2026-09-18T05:20:48,135.1,5.0,727,4275,16149,171,1268,32079,11,537,81,68,9016,0,9016,48,123,17,36,186,7412,3713,8621,20,250,0,0,0,73,294,3864,Vesna the Mage,37146,2003,35143,0,0,0,12,,13,1807,183,,"RawRibs 868, Bolt 218, Leather 45, Feather 25, LeatherArms 17, LeatherSkirt 14","IronIngot 702, BronzeIngot 651, CopperIngot 434, Leather 384, ShadowIronIngot 372, Feather 320"
2026-09-18_03-05,2026-09-18T05:25:49,140.1,5.0,739,4091,12690,172,1042,34962,11,840,62,120,3528,0,3528,119,111,9,24,152,1458,2319,8871,0,250,0,20,0,72,278,3456,Vesna the Mage,34664,1634,33030,0,209,0,0,,0,1627,0,,"RawRibs 682, Bolt 218, Feather 35, LeatherArms 16, LeatherSkirt 14, ArchCureScroll 12","IronIngot 777, BronzeIngot 661, Leather 454, CopperIngot 438, DullCopperIngot 272, GoldIngot 269"
2026-09-18_05-28,2026-09-18T05:33:41,5.1,5.1,187,2470,20941,168,1687,10206,0,0,68,50,4769,0,4769,138,118,0,0,11,0,5616,9221,0,250,0,0,0,74,218,507,Garrow the Warrior,16027,11437,4590,0,0,0,0,,0,1627,0,,"RawRibs 1496, Leather 60, Feather 50, LeatherBustierArms 27, LeatherChest 25, MindBlastScroll 7","LesserCurePotion 317, Bloodmoss 282, Log 255, MandrakeRoot 195, Nightshade 180, LesserHealPotion 160"
2026-09-18_05-28,2026-09-18T05:38:41,10.1,5.0,411,5017,39569,179,1472,10835,0,0,116,57,6797,0,6797,129,173,0,0,26,0,1438,9471,0,250,0,0,0,74,236,526,Hale the Architect,16377,6908,9469,0,0,0,0,,0,1627,0,,"RawRibs 1361, LeatherBustierArms 32, LeatherChest 28, LightningScroll 13, EnergyBoltScroll 8, LeatherSkirt 8","Bloodmoss 640, MandrakeRoot 454, IronIngot 410, LesserCurePotion 405, BlackPearl 360, Nightshade 311"
2026-09-18_05-28,2026-09-18T05:43:41,15.1,5.0,490,4600,34362,205,1384,13465,0,0,92,79,4829,0,4829,101,171,3,0,29,4967,2356,9721,0,250,0,0,0,74,211,677,Hale the Architect,17887,5330,12557,0,0,0,0,,0,1627,0,,"RawRibs 1200, Feather 60, LeatherBustierArms 33, LeatherChest 28, LightningScroll 16, LeatherSkirt 16","IronIngot 548, Bloodmoss 496, Leather 466, BlackPearl 339, MandrakeRoot 289, Nightshade 270"
2026-09-18_05-28,2026-09-18T05:48:41,20.1,5.0,542,2472,21019,218,1317,14646,0,0,133,88,5762,0,5762,130,221,0,0,17,9476,3217,9971,0,250,0,0,0,74,227,1070,Ilsa the Sage,20931,5768,15163,0,83,0,0,,0,1687,60,,"RawRibs 1117, Feather 55, LeatherBustierArms 33, LeatherChest 28, LightningScroll 17, LeatherSkirt 17","Leather 466, IronIngot 322, CopperIngot 185, Feather 147, BronzeIngot 138, Log 120"
2026-09-18_05-28,2026-09-18T05:53:41,25.1,5.0,564,2519,21630,216,1180,15580,0,0,52,104,3077,15,3062,145,156,0,0,34,3914,3696,10206,0,250,0,15,0,74,263,1054,Hale the Architect,19821,4776,15045,0,0,0,0,,0,1627,180,,"RawRibs 998, Feather 35, LeatherBustierArms 33, LeatherChest 28, LeatherSkirt 18, LightningScroll 17","Leather 517, Feather 266, IronIngot 229, CopperIngot 202, MagicArrowScroll 191, BronzeIngot 157"
2026-09-18_05-28,2026-09-18T05:58:41,30.1,5.0,596,2420,15602,215,1026,15960,0,0,51,168,3294,0,3294,160,219,1,0,50,4154,4077,10456,0,250,0,0,0,73,285,1273,Hale the Architect,20609,4102,16507,0,0,0,0,,0,1627,468,,"RawRibs 807, Feather 65, LeatherBustierArms 34, LeatherChest 29, LeatherSkirt 21, LightningScroll 17","Leather 565, IronIngot 284, Feather 251, BronzeIngot 217, CopperIngot 206, ShadowIronIngot 176"
2026-09-18_05-28,2026-09-18T06:03:41,35.1,5.0,632,2021,10094,233,1154,18775,12,2860,48,92,3730,2300,1430,72,146,1,12,48,1860,1014,8406,0,250,0,2300,2300,74,269,1419,Hale the Architect,20511,2568,17943,0,129,0,0,,0,1627,0,,"RawRibs 890, Feather 100, LeatherBustierArms 35, LeatherChest 34, LeatherSkirt 24, LightningScroll 17","Leather 556, BronzeIngot 205, ShadowIronIngot 176, CopperIngot 145, Feather 144, Ginseng 75"
2026-09-18_05-28,2026-09-18T06:08:41,40.1,5.0,657,1969,8729,236,1149,18495,5,636,105,187,5990,2986,3004,134,296,2,32,94,2992,4473,5670,0,250,0,2986,2986,74,310,1715,Hale the Architect,23180,3283,19897,0,0,0,6,,6,1627,243,,"RawRibs 900, Feather 75, LeatherBustierArms 35, LeatherChest 33, LeatherSkirt 25, LightningScroll 18","Leather 520, Feather 323, BronzeIngot 195, CopperIngot 194, ShadowIronIngot 120, FireballScroll 104"
2026-09-18_05-28,2026-09-18T06:13:41,45.1,5.0,698,1751,8319,240,1253,19869,3,149,94,23,4684,3233,1451,25,124,2,8,107,1260,3634,2687,0,250,0,3233,3233,74,325,1839,Hale the Architect,25216,4451,20765,0,0,0,0,,6,1807,780,,"RawRibs 1035, Feather 50, LeatherBustierArms 35, LeatherChest 31, LeatherSkirt 25, LightningScroll 18","Feather 340, Leather 301, BronzeIngot 222, CopperIngot 187, ShadowIronIngot 145, IronIngot 100"
2026-09-18_05-28,2026-09-18T06:18:41,50.1,5.0,711,2552,13423,227,1057,20121,29,3559,64,74,3272,736,2536,43,141,3,46,102,2354,3461,2201,0,250,0,736,736,74,351,2016,Hale the Architect,25190,3876,21314,0,277,0,10,,10,1887,320,,"RawRibs 877, LeatherBustierArms 35, LeatherChest 31, LeatherSkirt 25, Feather 25, LightningScroll 18","Leather 417, Feather 407, IronIngot 325, BronzeIngot 226, CopperIngot 201, ShadowIronIngot 194"
2026-09-18_05-28,2026-09-18T06:23:41,55.1,5.0,707,2540,13192,217,875,21597,19,4465,69,137,2758,10,2748,79,206,5,52,54,2769,2663,2441,0,250,0,10,0,74,242,2222,Hale the Architect,22818,1984,20834,0,0,0,0,,10,1630,3,,"RawRibs 688, LeatherBustierArms 35, LeatherChest 31, LeatherSkirt 26, Feather 20, LightningScroll 18","Leather 557, IronIngot 394, Feather 298, BronzeIngot 237, ShadowIronIngot 201, CopperIngot 191"
2026-09-18_05-28,2026-09-18T06:28:41,60.1,5.0,730,2817,12888,202,850,19305,14,3961,56,84,5498,0,5498,65,126,5,36,71,1804,1241,2691,0,250,0,0,0,74,287,3844,Hale the Architect,25269,1559,23710,0,0,0,0,,10,1807,360,,"RawRibs 671, LeatherBustierArms 34, LeatherSkirt 25, Feather 20, LightningScroll 18, LeatherChest 16","IronIngot 461, BronzeIngot 331, CopperIngot 300, Feather 298, ShadowIronIngot 290, Leather 277"
2026-09-18_06-30,2026-09-18T06:35:51,5.1,5.1,237,3942,24761,173,1733,10508,0,0,25,44,2433,30,2403,111,52,0,0,9,0,6658,2961,0,250,0,30,0,74,202,411,Rowan the Gatherer,14026,8660,5366,0,0,0,0,,0,1591,0,,"RawRibs 1530, Feather 80, LeatherBustierArms 33, LeatherChest 32, Leather 30, Log 10","Bloodmoss 462, BlackPearl 400, Nightshade 398, SpidersSilk 305, MandrakeRoot 301, LesserCurePotion 300"
2026-09-18_06-30,2026-09-18T06:40:51,10.1,5.0,400,5431,33596,182,1543,11078,0,0,78,48,5151,0,5151,119,126,0,0,35,0,1830,3211,0,250,0,0,0,74,222,521,Rowan the Gatherer,14464,6252,8212,0,0,0,5,,5,1591,0,,"RawRibs 1416, LeatherBustierArms 35, LeatherChest 33, Feather 25, LeatherSkirt 11, MindBlastScroll 9","Bloodmoss 702, MandrakeRoot 530, SpidersSilk 500, IronIngot 491, Nightshade 444, BlackPearl 418"
2026-09-18_06-30,2026-09-18T06:45:51,15.1,5.0,435,3837,20576,194,1438,13170,0,0,105,23,4312,0,4312,51,128,5,0,13,7455,3830,3461,0,250,0,0,0,74,243,470,Delwyn the Warrior,16363,5780,10583,0,0,0,0,,5,1591,0,,"RawRibs 1331, LeatherBustierArms 33, LeatherChest 31, Feather 30, LeatherSkirt 16, MindBlastScroll 14","IronIngot 660, Leather 348, Bloodmoss 330, BlackPearl 289, SpidersSilk 285, MandrakeRoot 223"
2026-09-18_06-30,2026-09-18T06:50:51,20.1,5.0,498,1927,11544,203,1302,14107,0,0,84,66,4705,0,4705,93,150,0,0,20,8543,4515,3711,0,250,0,0,0,74,241,1368,Ilsa the Sage,17996,4924,13072,0,71,0,0,,0,1591,240,,"RawRibs 1127, Feather 45, LeatherBustierArms 35, LeatherChest 32, LeatherSkirt 18, MindBlastScroll 15","Leather 500, IronIngot 257, CopperIngot 167, BronzeIngot 150, Feather 145, ShadowIronIngot 108"
2026-09-18_06-30,2026-09-18T06:55:51,25.1,5.0,523,2063,11405,201,1160,15129,0,0,25,75,1681,0,1681,80,100,3,0,11,2864,3290,3961,0,250,0,0,0,74,217,641,Lysa the Gatherer,16595,2692,13903,0,0,0,0,,0,1591,0,,"RawRibs 986, Feather 40, LeatherBustierArms 35, LeatherChest 31, LeatherSkirt 20, MindBlastScroll 14","Leather 464, IronIngot 279, CopperIngot 189, BronzeIngot 172, Feather 145, ShadowIronIngot 112"
2026-09-18_06-30,2026-09-18T07:00:51,30.1,5.0,577,2423,9700,201,989,16405,0,0,45,144,2586,0,2586,145,189,0,0,38,4185,3555,4211,0,250,0,0,0,74,251,783,Hale the Architect,17481,3814,13667,0,0,0,6,,6,1719,308,,"RawRibs 826, LeatherBustierArms 35, LeatherChest 32, LeatherSkirt 23, Feather 20, MindBlastScroll 14","Leather 450, Feather 415, IronIngot 283, CopperIngot 211, BronzeIngot 182, ShadowIronIngot 145"
2026-09-18_06-30,2026-09-18T07:05:51,35.1,5.0,582,2369,11430,213,1118,18402,21,1644,42,85,2604,0,2604,96,127,8,32,19,2525,2301,4411,0,250,0,50,0,74,221,910,Hale the Architect,15964,1750,14214,0,114,0,0,,6,1621,22,,"RawRibs 897, Feather 75, LeatherBustierArms 34, LeatherChest 31, LeatherSkirt 25, MindBlastScroll 13","Feather 415, IronIngot 374, Leather 231, BronzeIngot 200, CopperIngot 184, ShadowIronIngot 145"
2026-09-18_06-30,2026-09-18T07:10:51,40.1,5.0,634,2957,15421,214,1050,17831,22,1590,88,227,4374,0,4374,133,315,4,44,91,2879,2601,4661,0,250,0,0,0,74,260,1225,Hale the Architect,18604,1762,16842,0,0,0,0,,6,1591,180,,"RawRibs 809, Feather 90, LeatherBustierArms 35, LeatherChest 32, LeatherSkirt 25, MindBlastScroll 13","IronIngot 686, Leather 393, Feather 295, CopperIngot 280, ShadowIronIngot 237, BronzeIngot 199"
2026-09-18_06-30,2026-09-18T07:15:51,45.1,5.0,658,3657,16708,213,1037,19014,24,1901,29,10,896,0,896,30,39,6,18,72,1787,2235,4911,0,250,0,0,0,74,236,1264,Hale the Architect,16731,1910,14821,0,0,0,0,,6,1891,300,,"RawRibs 822, Feather 65, LeatherBustierArms 35, LeatherChest 31, LeatherSkirt 26, MindBlastScroll 12","IronIngot 1016, Leather 437, Feather 387, CopperIngot 378, ShadowIronIngot 253, BronzeIngot 214"
2026-09-18_06-30,2026-09-18T07:20:51,50.1,5.0,656,3316,14701,213,1113,19894,30,1652,81,57,3453,0,3453,36,138,3,55,37,5828,3363,5161,0,250,0,0,0,74,250,1402,Hale the Architect,19840,3520,16320,0,54,0,5,,5,1543,60,,"RawRibs 894, Feather 70, LeatherBustierArms 35, LeatherChest 33, LeatherSkirt 26, MindBlastScroll 11","Leather 436, CopperIngot 404, Feather 382, ShadowIronIngot 328, IronIngot 283, BronzeIngot 260"
2026-09-18_06-30,2026-09-18T07:25:51,55.1,5.0,665,3244,13480,219,1181,21916,18,1165,67,82,2598,0,2598,88,149,4,38,16,4295,2630,5411,0,250,0,0,0,74,242,1551,Hale the Architect,19832,2602,17230,0,0,0,0,,5,1603,240,,"RawRibs 969, Feather 50, LeatherBustierArms 34, LeatherChest 33, LeatherSkirt 27, MindBlastScroll 11","Leather 474, CopperIngot 440, ShadowIronIngot 353, Feather 342, BronzeIngot 340, IronIngot 243"
2026-09-18_06-30,2026-09-18T07:30:51,60.1,5.0,695,3152,10544,213,969,22957,21,1485,36,118,1342,0,1342,109,154,2,23,17,5179,2176,5661,0,250,0,0,0,74,271,1705,Hale the Architect,21714,3083,18631,0,0,0,0,,5,1603,82,,"RawRibs 732, Feather 75, LeatherBustierArms 35, LeatherChest 33, LeatherSkirt 27, MindBlastScroll 11","CopperIngot 466, Feather 449, BronzeIngot 374, ShadowIronIngot 342, Leather 290, DullCopperIngot 238"
2026-09-18_06-30,2026-09-18T07:35:52,65.1,5.0,720,3288,12592,216,1010,25662,15,989,46,81,1382,311,1071,70,116,4,20,24,2485,1521,5600,0,250,0,311,311,74,244,1026,Rowan the Gatherer,19838,1349,18489,0,259,0,0,,0,1603,262,,"RawRibs 790, Feather 55, LeatherBustierArms 35, LeatherChest 33, LeatherSkirt 26, ChainLegs 13","CopperIngot 494, ShadowIronIngot 432, Feather 390, BronzeIngot 378, Leather 268, DullCopperIngot 256"
2026-09-18_06-30,2026-09-18T07:40:52,70.1,5.0,750,3450,13627,204,817,25823,19,1460,65,64,1767,336,1431,77,129,4,33,83,4892,3728,5514,0,250,0,336,336,74,286,1131,Lysa the Gatherer,24317,4608,19709,0,0,0,5,,5,1543,0,,"RawRibs 616, Feather 45, LeatherBustierArms 34, LeatherChest 33, LeatherSkirt 24, ChainLegs 12","Feather 641, ShadowIronIngot 416, CopperIngot 392, Leather 335, BronzeIngot 312, DullCopperIngot 232"
2026-09-18_06-30,2026-09-18T07:45:52,75.1,5.0,749,3955,15604,199,876,26894,19,1337,44,57,1347,362,985,14,101,13,34,71,3432,3191,5402,0,250,0,362,362,74,287,1190,Hale the Architect,23832,2329,21503,0,0,0,12,,17,1543,22,,"RawRibs 672, Feather 55, LeatherBustierArms 32, LeatherChest 31, LeatherSkirt 25, ChainLegs 12","Feather 569, CopperIngot 537, ShadowIronIngot 460, Leather 415, BronzeIngot 390, DullCopperIngot 260"
2026-09-18_06-30,2026-09-18T07:50:52,80.1,5.0,718,4028,16577,202,914,28258,16,1149,56,110,1632,393,1239,165,148,6,24,30,5050,3096,5259,0,250,0,393,393,74,284,1334,Hale the Architect,24460,2625,21835,0,342,0,0,,0,1543,300,,"RawRibs 694, Feather 71, LeatherBustierArms 31, LeatherChest 30, LeatherSkirt 25, ChainLegs 12","Feather 722, CopperIngot 537, ShadowIronIngot 479, Leather 470, BronzeIngot 397, DullCopperIngot 277"
2026-09-18_06-30,2026-09-18T07:55:52,85.1,5.0,710,4565,16838,186,690,29669,17,2613,58,64,1909,511,1398,37,121,5,22,38,2704,2443,4998,0,250,0,511,411,74,316,1448,Hale the Architect,24877,2570,22307,0,0,0,0,,0,1565,302,,"RawRibs 469, Feather 76, LeatherBustierArms 31, LeatherChest 29, LeatherSkirt 24, ChainLegs 12","Feather 698, Leather 627, CopperIngot 578, ShadowIronIngot 533, IronIngot 454, BronzeIngot 429"
2026-09-18_06-30,2026-09-18T08:00:52,90.1,5.0,714,4816,16555,181,709,29995,29,2999,41,64,1244,447,797,60,105,5,31,61,4327,3330,4801,0,250,0,447,447,74,308,1548,Hale the Architect,26633,3105,23528,0,0,0,0,,0,1543,760,,"RawRibs 513, Feather 46, LeatherBustierArms 30, LeatherChest 28, LeatherSkirt 24, Leather 15","Feather 748, CopperIngot 615, Leather 567, ShadowIronIngot 543, BronzeIngot 486, IronIngot 390"
2026-09-18_06-30,2026-09-18T08:05:52,95.1,5.0,705,4560,12577,184,836,32322,20,2540,39,72,1233,487,746,94,111,6,22,22,3173,1286,4564,0,250,0,487,487,74,296,1617,Hale the Architect,26671,2645,24026,0,311,0,0,,0,1543,0,,"RawRibs 675, Feather 30, LeatherBustierArms 28, LeatherChest 27, LeatherSkirt 24, ChainLegs 12","Feather 726, CopperIngot 640, ShadowIronIngot 583, BronzeIngot 495, Leather 486, IronIngot 398"
2026-09-18_06-30,2026-09-18T08:10:52,100.1,5.0,700,4402,13546,181,849,34473,24,2840,104,87,3313,540,2773,29,191,4,48,111,5899,2064,4274,0,250,0,540,540,74,310,1802,Hale the Architect,27971,3019,24952,0,0,0,0,,0,1543,400,,"RawRibs 690, LeatherBustierArms 29, LeatherChest 27, LeatherSkirt 24, Feather 20, ChainLegs 13","CopperIngot 642, Leather 614, BronzeIngot 541, ShadowIronIngot 532, Feather 508, DullCopperIngot 373"
2026-09-18_06-30,2026-09-18T08:15:52,105.1,5.0,710,4715,15107,192,1086,36919,12,1931,78,69,2241,605,1636,61,147,5,47,65,3771,2313,3919,0,250,0,605,605,74,349,1900,Hale the Architect,29834,3583,26251,0,0,0,0,,0,1543,180,,"RawRibs 900, Feather 50, LeatherBustierArms 29, LeatherChest 25, LeatherSkirt 24, ChainLegs 13","ShadowIronIngot 722, CopperIngot 618, BronzeIngot 572, Leather 549, IronIngot 460, Feather 418"
2026-09-18_06-30,2026-09-18T08:20:52,110.1,5.0,723,4804,14905,186,892,38938,12,1575,68,143,2111,689,1422,94,211,4,40,31,3403,1451,3480,0,250,0,689,689,74,331,2104,Hale the Architect,30898,1946,28952,0,238,0,0,,0,1543,180,,"RawRibs 703, Feather 50, LeatherBustierArms 30, LeatherChest 26, LeatherSkirt 24, ChainLegs 12","CopperIngot 767, ShadowIronIngot 708, IronIngot 693, BronzeIngot 494, DullCopperIngot 408, Leather 397"
2026-09-18_06-30,2026-09-18T08:25:52,115.1,5.0,735,4835,14039,200,1084,41283,12,1584,58,142,2125,827,1298,98,200,0,17,57,3508,900,2903,0,250,0,827,827,74,298,2248,Hale the Architect,31656,1628,30028,0,0,0,0,,0,1543,201,,"RawRibs 910, Feather 35, LeatherBustierArms 30, LeatherChest 26, LeatherSkirt 24, ChainLegs 12","CopperIngot 796, ShadowIronIngot 736, BronzeIngot 653, IronIngot 538, Leather 534, DullCopperIngot 456"
2026-09-18_06-30,2026-09-18T08:30:52,120.1,5.0,724,4725,12666,194,955,43171,10,2163,73,59,2390,1152,1238,42,132,0,20,67,2976,1574,2001,0,250,0,1152,1152,74,280,2372,Hale the Architect,32167,2010,30157,0,0,0,0,,0,1543,0,,"RawRibs 784, LeatherBustierArms 30, Feather 30, LeatherChest 26, LeatherSkirt 24, ChainLegs 12","ShadowIronIngot 786, CopperIngot 754, IronIngot 746, BronzeIngot 661, Leather 556, DullCopperIngot 396"
2026-09-18_06-30,2026-09-18T08:35:52,125.1,5.0,704,4296,11067,163,1074,32314,8,2713,16,52,635,0,635,34,68,45,20,38,2383,1738,7151,0,250,5000,100,0,74,337,2414,Vance the Gatherer,39250,1883,37367,5000,259,5000,0,,0,1502,0,,"RawRibs 920, Feather 50, LeatherSkirt 24, LeatherBustierArms 10, EnergyBoltScroll 10, ChainLegs 10","ShadowIronIngot 817, CopperIngot 695, BronzeIngot 586, IronIngot 497, DullCopperIngot 492, Leather 403"
2026-09-18_06-30,2026-09-18T08:40:52,130.1,5.0,707,4346,13046,162,817,38851,11,1239,23,126,1039,0,1039,81,150,18,47,58,3813,4202,7401,0,250,0,0,0,74,277,2517,Hale the Architect,33353,1759,31594,0,0,0,4,,4,1502,840,,"RawRibs 647, Feather 55, LeatherSkirt 22, LeatherBustierArms 17, LeatherChest 14, EnergyBoltScroll 11","ShadowIronIngot 774, CopperIngot 699, BronzeIngot 693, IronIngot 621, DullCopperIngot 488, GoldIngot 230"
2026-09-18_06-30,2026-09-18T08:45:52,135.1,5.0,706,4829,16779,169,929,40807,11,706,45,80,1384,0,1384,57,125,13,47,91,3017,2638,7651,0,250,0,0,0,74,247,2507,Vance the Gatherer,31898,1136,30762,0,0,0,9,,13,1502,60,,"RawRibs 739, Feather 65, LeatherBustierArms 22, LeatherSkirt 17, LeatherChest 14, ChainLegs 11","ShadowIronIngot 716, IronIngot 711, BronzeIngot 614, CopperIngot 523, DullCopperIngot 481, GoldIngot 241"
2026-09-18_06-30,2026-09-18T08:50:52,140.1,5.0,699,5835,19845,162,905,39968,9,1231,22,51,1966,0,1966,33,71,17,32,102,2803,2983,7901,0,250,0,0,0,74,229,3507,Hale the Architect,33679,1830,31849,0,120,0,0,,0,1502,183,,"RawRibs 738, Feather 55, LeatherBustierArms 20, LeatherSkirt 18, LeatherChest 14, ChainLegs 9","IronIngot 1038, CopperIngot 819, ShadowIronIngot 799, BronzeIngot 677, DullCopperIngot 436, MagicArrowScroll 384"
2026-09-18_06-30,2026-09-18T08:55:52,145.1,5.0,686,5321,15563,166,1001,41116,11,979,65,141,2263,0,2263,124,206,14,48,93,5872,2910,8051,0,250,0,100,0,74,260,3664,Hale the Architect,35852,2072,33780,0,0,0,0,,0,1502,240,,"RawRibs 856, Feather 30, LeatherBustierArms 22, LeatherSkirt 19, LeatherChest 17, MindBlastScroll 9","CopperIngot 906, ShadowIronIngot 844, BronzeIngot 759, IronIngot 625, DullCopperIngot 436, GoldIngot 254"
2026-09-18_06-30,2026-09-18T09:00:52,150.1,5.0,713,5305,15445,154,811,42399,12,1213,80,115,4238,0,4238,60,192,7,28,127,3858,4554,8301,0,250,0,0,0,74,222,5130,Hale the Architect,35301,1251,34050,0,0,0,6,,6,1602,160,,"RawRibs 662, Feather 45, LeatherBustierArms 23, LeatherSkirt 19, LeatherChest 17, MindBlastScroll 8","CopperIngot 901, ShadowIronIngot 878, BronzeIngot 767, IronIngot 676, GoldIngot 393, DullCopperIngot 350"
2026-09-18_06-30,2026-09-18T09:05:52,155.1,5.0,722,5202,16798,151,932,40908,9,1117,32,40,1063,0,1063,48,71,11,14,92,1644,1465,8551,0,250,0,0,0,74,234,5261,Hale the Architect,37278,913,36365,0,89,0,0,,0,1502,0,,"RawRibs 726, Leather 55, Feather 50, LeatherBustierArms 21, LeatherSkirt 18, LeatherChest 16","CopperIngot 1007, ShadowIronIngot 824, IronIngot 777, BronzeIngot 703, GoldIngot 402, DullCopperIngot 277"
2026-09-18_06-30,2026-09-18T09:10:52,160.1,5.0,704,5079,17276,141,826,41009,12,1364,48,124,3364,0,3364,106,171,14,36,123,3144,3562,8801,0,250,0,0,0,74,204,7141,Hale the Architect,35943,1042,34901,0,0,0,0,,0,1502,363,,"RawRibs 662, Feather 55, LeatherBustierArms 21, LeatherSkirt 17, LeatherChest 15, Leather 15","CopperIngot 1016, IronIngot 875, ShadowIronIngot 768, BronzeIngot 580, GoldIngot 358, DullCopperIngot 242"
2026-09-18_06-30,2026-09-18T09:15:52,165.1,5.0,696,5608,16296,141,864,41277,9,1755,53,43,2488,60,2428,21,93,1,31,128,2285,2028,8991,0,250,0,60,0,74,199,9227,Hale the Architect,38353,1774,36579,0,0,0,0,,0,1502,22,,"RawRibs 702, Feather 50, Leather 25, LeatherBustierArms 21, LeatherSkirt 17, LeatherChest 13","CopperIngot 1072, IronIngot 1013, ShadowIronIngot 962, BronzeIngot 823, GoldIngot 420, DullCopperIngot 233"
2026-09-18_06-30,2026-09-18T09:20:52,170.1,5.0,707,5422,19868,150,856,41693,15,982,34,99,2414,24,2390,46,97,10,49,111,2771,1819,9217,0,250,0,24,0,73,229,3088,Merrick the Gatherer,30524,1563,28961,0,29,0,16,,16,1656,202,,"RawRibs 696, Feather 35, Leather 30, LeatherBustierArms 19, LeatherSkirt 18, LeatherChest 10","IronIngot 1046, ShadowIronIngot 976, CopperIngot 797, BronzeIngot 786, GoldIngot 444, DullCopperIngot 254"
2026-09-18_06-30,2026-09-18T09:25:52,175.1,5.0,706,5547,20757,152,917,44929,7,235,39,73,1721,0,1721,57,103,5,33,130,3716,2087,9467,0,250,0,0,0,74,238,10701,Hale the Architect,40526,1927,38599,0,0,0,0,,16,1454,25,,"RawRibs 710, Feather 50, Leather 40, LeatherSkirt 20, LeatherBustierArms 19, IronIngot 15","CopperIngot 1082, ShadowIronIngot 1012, BronzeIngot 912, IronIngot 869, GoldIngot 482, DullCopperIngot 258"
2026-09-18_06-30,2026-09-18T09:30:53,180.1,5.0,685,4673,15388,146,935,48893,8,320,35,78,1165,36,1129,39,113,5,22,109,5765,1953,9681,0,250,0,36,0,74,246,10807,Hale the Architect,41402,1985,39417,0,0,0,0,,16,1454,720,,"RawRibs 751, Feather 60, IronIngot 20, LeatherSkirt 20, LeatherBustierArms 17, LeatherChest 12","CopperIngot 1129, ShadowIronIngot 1045, BronzeIngot 896, GoldIngot 454, DullCopperIngot 288, IronIngot 176"
2026-09-18_06-30,2026-09-18T09:35:53,185.1,5.0,682,4731,13605,151,1033,51134,6,486,16,79,1121,0,1121,126,96,6,16,19,3039,2860,9881,50,250,0,0,0,74,256,10903,Hale the Architect,40372,1545,38827,0,154,0,0,,2,1454,22,,"RawRibs 898, Feather 35, LeatherSkirt 18, LeatherBustierArms 17, LeatherArms 12, LeatherChest 12","CopperIngot 1131, BronzeIngot 944, ShadowIronIngot 938, GoldIngot 420, IronIngot 329, DullCopperIngot 327"
2026-09-18_06-30,2026-09-18T09:40:53,190.1,5.0,702,6645,20054,141,1043,52625,11,1491,61,155,3635,0,3635,110,226,8,47,56,3742,2821,10131,0,250,0,50,0,74,209,11257,Hale the Architect,42572,1882,40690,0,0,0,4,,6,1454,180,,"RawRibs 728, Arrow 211, LeatherBustierArms 19, LeatherSkirt 17, LeatherChest 12, LeatherArms 11","Log 1420, CopperIngot 1183, ShadowIronIngot 1174, BronzeIngot 892, GoldIngot 413, IronIngot 365"
2026-09-18_06-30,2026-09-18T09:45:53,195.1,5.0,687,9077,23368,150,1237,51315,13,3714,50,70,1827,0,1827,46,121,4,38,106,1782,2221,10381,0,250,0,0,0,74,206,11378,Hale the Architect,43200,1930,41270,0,0,0,0,,6,1454,180,,"RawRibs 791, Arrow 285, Feather 50, Leather 25, LeatherSkirt 19, LeatherBustierArms 18","Log 4700, CopperIngot 1183, ShadowIronIngot 755, BronzeIngot 649, DullCopperIngot 296, IronIngot 275"
2026-09-18_06-30,2026-09-18T09:50:53,200.1,5.0,646,9919,21154,144,1153,53115,4,2782,32,98,1764,0,1764,97,132,7,43,55,2057,1241,13131,0,250,2500,0,0,74,216,11113,Hale the Architect,40867,2660,38207,2500,360,2500,0,,0,1634,180,,"RawRibs 763, Arrow 275, Feather 40, Leather 21, LeatherBustierArms 18, LeatherSkirt 18","Log 6860, CopperIngot 640, BronzeIngot 611, ShadowIronIngot 557, GoldIngot 168, DullCopperIngot 165"
2026-09-18_06-30,2026-09-18T09:55:53,205.1,5.0,624,7145,15533,143,1068,58961,8,5531,54,131,1800,0,1800,115,185,2,34,52,6988,1986,13381,0,250,0,0,0,74,222,11298,Hale the Architect,39710,3068,36642,0,0,0,0,,0,1454,180,,"RawRibs 603, Arrow 345, Feather 30, IronIngot 25, LeatherSkirt 19, LeatherBustierArms 18","Log 5650, ShadowIronIngot 557, DullCopperIngot 161, Feather 125, BronzeIngot 120, IronIngot 108"
2026-09-18_06-30,2026-09-18T10:00:53,210.1,5.0,607,9492,23037,143,1268,55519,7,10507,51,79,1265,0,1265,14,130,9,32,106,2704,2941,13631,0,250,0,0,0,74,263,10990,Hale the Architect,45570,3570,42000,0,0,0,8,,8,1454,240,,"RawRibs 689, Arrow 413, IronIngot 50, Feather 25, LeatherSkirt 18, LeatherBustierArms 15","Log 8220, ShadowIronIngot 411, DullCopperIngot 177, Feather 125, Leather 100, BronzeIngot 92"
2026-09-18_06-30,2026-09-18T10:05:53,215.1,5.0,594,9240,25647,137,1224,57291,9,13665,16,38,609,0,609,47,54,7,17,49,2892,1323,13881,0,250,0,0,0,74,216,11044,Hale the Architect,43583,3672,39911,0,156,0,0,,0,1694,240,,"RawRibs 598, Arrow 471, IronIngot 50, Feather 15, LeatherSkirt 15, LeatherBustierArms 14","Log 7975, ShadowIronIngot 326, BronzeIngot 247, Feather 177, Leather 65, LesserCurePotion 51"
2026-09-18_06-30,2026-09-18T10:10:53,220.1,5.0,585,11907,32714,128,1197,57089,12,23712,29,121,1107,0,1107,62,150,7,35,71,1483,1491,14131,0,250,0,0,0,74,260,11194,Hale the Architect,45328,3546,41782,0,0,0,0,,0,1454,0,,"Arrow 538, RawRibs 508, Feather 30, IronIngot 25, Leather 16, LeatherBustierArms 15","Log 10655, BronzeIngot 209, Leather 178, Feather 177, DullCopperIngot 131, ShadowIronIngot 112"
2026-09-18_06-30,2026-09-18T10:15:53,225.1,5.0,569,15234,37835,139,1361,60150,11,26768,15,56,576,10,566,15,71,6,73,90,641,1232,14371,0,250,0,10,0,74,208,11265,Hale the Architect,41253,3908,37345,0,0,0,0,,0,1454,240,,"RawRibs 717, Arrow 523, Feather 30, LeatherBustierArms 15, LeatherSkirt 15, LeatherArms 11","Log 13865, Leather 267, BronzeIngot 199, DullCopperIngot 131, MagicArrowScroll 127, ShadowIronIngot 112"
2026-09-18_06-30,2026-09-18T10:20:53,230.1,5.0,602,16289,44550,129,1331,66751,9,30956,62,61,1891,0,1891,37,123,10,70,53,3960,1420,14621,0,250,0,0,0,74,274,6114,Hale the Architect,40120,4830,35290,0,185,0,12,,12,1514,60,,"Arrow 673, RawRibs 571, LeatherSkirt 14, LeatherBustierArms 12, LeatherArms 11, LeatherChest 9","Log 14725, Leather 242, BronzeIngot 237, DullCopperIngot 131, ShadowIronIngot 122, BlackPearl 117"
2026-09-18_10-25,2026-09-18T10:30:50,5.1,5.1,212,3061,22345,168,1626,11245,0,0,56,53,3735,0,3735,74,109,0,0,11,0,5702,15091,0,250,5120,5000,0,74,203,367,Ulla the Gatherer,14189,5651,8538,5000,0,5000,0,,0,1694,0,,"RawRibs 1427, Feather 100, LeatherChest 22, LeatherBustierArms 21, Leather 11, MindBlastScroll 10","LesserCurePotion 359, Bloodmoss 355, Nightshade 340, MandrakeRoot 241, BlackPearl 240, Log 215"
2026-09-18_10-33,2026-09-18T10:38:22,5.1,5.1,339,5266,29360,172,1557,10766,0,0,33,67,3520,0,3520,150,100,0,0,31,0,5884,15441,0,250,0,0,0,74,264,493,Vance the Gatherer,16305,9627,6678,0,0,0,0,,7,1413,0,,"RawRibs 1400, Feather 50, LeatherChest 34, LeatherBustierArms 29, Leather 15, MindBlastScroll 13","Bloodmoss 696, BlackPearl 555, Nightshade 544, SpidersSilk 486, MandrakeRoot 460, Ginseng 387"
2026-09-18_10-41,2026-09-18T10:46:26,5.1,5.1,300,4052,27143,170,1578,10089,0,0,57,58,5061,0,5061,163,115,0,0,6,0,6178,15791,0,250,0,0,0,74,210,651,Maeve the Archer,14811,8700,6111,0,0,0,0,,15,1413,0,,"RawRibs 1428, LeatherBustierArms 39, Log 38, Feather 25, LeatherChest 24, MindBlastScroll 13","Bloodmoss 525, Nightshade 445, BlackPearl 375, MandrakeRoot 325, SpidersSilk 313, LesserCurePotion 302"
2026-09-18_10-50,2026-09-18T10:55:15,5.1,5.1,328,4523,28804,173,1621,10541,0,0,55,67,4958,0,4958,177,122,0,0,8,0,6024,16191,0,250,0,0,0,74,192,555,Vance the Gatherer,14879,7808,7071,0,0,0,0,,15,1413,180,,"RawRibs 1470, Feather 45, LeatherBustierArms 33, LeatherChest 30, Leather 15, MindBlastScroll 13","Bloodmoss 575, BlackPearl 510, Nightshade 410, MandrakeRoot 375, SpidersSilk 330, LesserCurePotion 320"
2026-09-18_11-04,2026-09-18T11:09:44,5.1,5.1,287,3970,26653,182,1721,11568,0,0,48,46,4411,0,4411,106,94,0,0,7,0,5924,16791,0,250,0,0,0,74,178,665,Ilsa the Sage,14589,7138,7451,0,0,0,0,,33,1413,0,,"RawRibs 1445, Log 80, Feather 75, LeatherChest 36, Leather 26, LeatherBustierArms 26","Bloodmoss 541, Nightshade 506, LesserCurePotion 370, MandrakeRoot 329, BlackPearl 325, SpidersSilk 255"
2026-09-18_11-04,2026-09-18T11:14:44,10.1,5.0,427,6117,38074,189,1531,11778,0,0,50,58,3299,0,3299,122,108,0,0,24,0,932,17041,0,250,0,0,0,74,178,847,Ilsa Ashdown the WarriorArcher,14315,5586,8729,0,0,0,0,,33,1413,0,,"RawRibs 1396, LeatherChest 37, LeatherBustierArms 27, Feather 25, MindBlastScroll 13, LightningScroll 11","Bloodmoss 757, BlackPearl 594, Nightshade 546, MandrakeRoot 486, IronIngot 463, SpidersSilk 412"
2026-09-18_11-04,2026-09-18T11:19:44,15.1,5.0,490,3275,18719,210,1312,14598,0,0,117,72,5608,0,5608,91,189,6,0,35,12625,3311,17291,0,250,0,0,0,74,239,761,Orin the Gatherer,20571,7601,12970,0,0,0,0,,33,1364,0,,"RawRibs 1127, LeatherChest 37, Feather 35, LeatherBustierArms 26, MindBlastScroll 17, LightningScroll 16","Leather 395, BlackPearl 285, MandrakeRoot 265, SpidersSilk 232, IronIngot 200, MagicArrowScroll 195"
2026-09-18_11-04,2026-09-18T11:24:44,20.1,5.0,542,1948,9667,219,1166,15496,0,0,94,107,5903,0,5903,138,201,1,0,29,6172,4472,17541,0,250,0,0,0,74,256,1341,Ilsa the Sage,20954,4095,16859,0,229,0,0,,0,1664,564,,"RawRibs 941, Feather 70, LeatherChest 39, LeatherBustierArms 27, LightningScroll 18, MindBlastScroll 17","Leather 521, Feather 187, CopperIngot 178, IronIngot 139, BronzeIngot 139, ShadowIronIngot 132"
2026-09-18_11-04,2026-09-18T11:29:44,25.1,5.0,576,1950,9035,210,880,16612,0,0,33,174,2263,0,2263,150,207,2,0,22,2782,3471,17791,0,250,0,0,0,74,247,951,Hale the Architect,19775,1940,17835,0,0,0,0,,0,1364,240,,"RawRibs 665, Feather 55, LeatherChest 38, LeatherBustierArms 28, LeatherSkirt 18, LightningScroll 18","Leather 499, Feather 187, CopperIngot 183, BronzeIngot 181, IronIngot 151, ShadowIronIngot 132"
2026-09-18_11-32,2026-09-18T11:37:54,5.1,5.1,286,4287,27789,177,1637,11265,0,0,46,44,3445,0,3445,97,89,0,0,16,0,6930,18141,0,250,0,0,0,74,200,749,Ilsa the Sage,14422,8567,5855,0,0,0,6,,6,1506,0,,"RawRibs 1422, Feather 100, LeatherChest 39, LeatherBustierArms 32, Leather 15, MindBlastScroll 10","Bloodmoss 557, BlackPearl 483, Nightshade 462, MandrakeRoot 382, SpidersSilk 352, LesserCurePotion 330"
2026-09-18_11-38,2026-09-18T11:44:00,5.1,5.1,303,4205,27961,172,1723,11143,0,0,44,49,4454,0,4454,125,92,0,0,6,0,6138,18391,0,250,0,0,0,74,222,581,Doran Ashdown the WarriorMage,14756,8841,5915,0,0,0,0,,6,1364,0,,"RawRibs 1480, Log 75, Feather 45, Leather 39, LeatherChest 39, LeatherBustierArms 27","Bloodmoss 537, BlackPearl 400, Nightshade 380, MandrakeRoot 370, SpidersSilk 320, LesserCurePotion 300"
2026-09-18_11-38,2026-09-18T11:49:00,10.1,5.0,431,5398,35061,179,1456,11659,0,0,62,60,3962,0,3962,148,121,0,0,31,0,1931,18641,0,250,0,0,0,74,180,430,Kerrin the Gatherer,13279,6353,6926,0,0,0,0,,6,1364,0,,"RawRibs 1331, LeatherChest 39, LeatherBustierArms 29, Feather 15, MindBlastScroll 11, LeatherSkirt 9","Bloodmoss 772, BlackPearl 535, MandrakeRoot 517, Nightshade 459, SpidersSilk 446, IronIngot 401"
2026-09-18_11-38,2026-09-18T11:54:00,15.1,5.0,492,3465,19516,203,1323,13985,0,0,111,63,5791,0,5791,78,172,6,0,26,8904,3006,18841,0,250,0,50,0,74,220,701,Quill the Gatherer,16507,5544,10963,0,0,0,0,,6,1364,0,,"RawRibs 1149, Feather 40, LeatherChest 37, LeatherBustierArms 28, MindBlastScroll 16, LeatherSkirt 15","BlackPearl 360, Leather 333, Bloodmoss 305, IronIngot 270, MandrakeRoot 217, Feather 197"
2026-09-18_11-38,2026-09-18T11:59:00,20.1,5.0,552,2063,10932,217,1122,14972,0,0,84,93,5154,0,5154,117,175,1,0,36,7188,3558,19091,0,250,0,0,0,74,230,2345,Ilsa the Sage,18994,3470,15524,0,87,0,0,,0,1604,240,,"RawRibs 893, Feather 60, LeatherChest 38, LeatherBustierArms 31, LeatherSkirt 19, MindBlastScroll 17","Leather 288, IronIngot 221, Feather 197, Log 190, ShadowIronIngot 156, BronzeIngot 148"
2026-09-18_12-07,2026-09-18T12:12:13,5.1,5.1,306,3907,25701,178,1742,10752,0,0,68,45,5613,0,5613,86,113,0,0,6,0,5555,19691,0,250,0,0,0,74,226,480,Merrick Ashdown the WarriorArcher,15812,8788,7024,0,0,0,0,,0,1364,0,,"RawRibs 1457, Feather 100, Log 65, Leather 30, LeatherChest 26, LeatherBustierArms 24","Bloodmoss 500, Nightshade 448, BlackPearl 400, LesserCurePotion 379, MandrakeRoot 320, IronIngot 242"
2026-09-18_12-07,2026-09-18T12:17:13,10.1,5.0,436,4829,34430,174,1429,10840,0,0,98,61,6850,0,6850,164,129,0,0,38,0,2078,20000,0,50,281,0,0,74,192,498,Orin the Gatherer,14031,5116,8915,0,0,0,0,,0,1372,8,,"RawRibs 1300, LeatherChest 29, Feather 25, LeatherBustierArms 24, MindBlastScroll 14, EnergyBoltScroll 9","Bloodmoss 661, IronIngot 500, LesserCurePotion 401, MandrakeRoot 385, BlackPearl 319, SpidersSilk 318"
2026-09-18_12-07,2026-09-18T12:22:13,15.1,5.0,506,3245,19384,199,1207,13955,0,0,110,90,5911,0,5911,140,200,3,0,26,9795,3652,20000,0,0,0,0,0,74,239,576,Ulwin the Mage,18156,5644,12512,0,118,0,14,,0,1432,60,,"RawRibs 1033, Feather 35, LeatherChest 34, LeatherBustierArms 28, LeatherSkirt 16, MindBlastScroll 14","BlackPearl 304, Bloodmoss 287, IronIngot 267, Leather 237, MandrakeRoot 224, Log 220"
2026-09-18_12-07,2026-09-18T12:27:14,20.1,5.0,550,1896,14101,209,1123,15129,0,0,90,108,6643,0,6643,130,198,0,0,22,6465,4635,20000,0,0,0,0,0,74,246,908,Hollis the Warrior,19403,4027,15376,0,0,0,0,,0,1364,180,,"RawRibs 951, LeatherChest 34, LeatherBustierArms 32, Feather 25, LeatherSkirt 19, MindBlastScroll 14","Log 195, CopperIngot 194, Leather 174, ShadowIronIngot 158, MagicArrowScroll 138, IronIngot 128"
2026-09-18_12-07,2026-09-18T12:32:14,25.1,5.0,598,2214,12906,202,730,15924,0,0,42,214,3019,0,3019,238,256,3,0,15,3835,4187,20000,50,50,0,0,0,74,228,1392,Ilsa the Sage,17205,3341,13864,0,0,0,0,,0,1364,0,,"RawRibs 533, Feather 39, LeatherChest 35, LeatherBustierArms 31, LeatherSkirt 20, MindBlastScroll 14","Leather 474, ShadowIronIngot 220, Log 210, CopperIngot 206, IronIngot 159, BronzeIngot 106"
2026-09-18_12-07,2026-09-18T12:37:14,30.1,5.0,631,2379,12248,222,944,16882,0,0,19,102,1132,0,1132,84,121,4,0,95,2402,2578,20000,50,0,0,0,0,74,262,1316,Ilsa the Sage,20004,5196,14808,0,0,0,10,,10,1364,180,,"RawRibs 713, Feather 66, LeatherChest 35, LeatherBustierArms 31, LeatherSkirt 21, MindBlastScroll 15","Leather 578, CopperIngot 249, ShadowIronIngot 238, Log 216, IronIngot 124, BronzeIngot 113"
2026-09-18_12-07,2026-09-18T12:42:14,35.1,5.0,631,2690,14853,225,1115,18152,20,1374,38,17,1269,0,1269,5,55,5,53,59,2153,1829,20000,0,0,0,50,0,74,269,1294,Ilsa the Sage,19972,4437,15535,0,150,0,0,,0,1320,0,,"RawRibs 881, Feather 73, LeatherChest 34, LeatherBustierArms 30, LeatherSkirt 21, HarmScroll 16","Leather 515, Feather 422, ShadowIronIngot 195, CopperIngot 195, Log 171, Shoes 119"
2026-09-18_12-07,2026-09-18T12:47:14,40.1,5.0,659,2919,14986,231,1007,20078,15,1081,68,124,2785,0,2785,142,192,0,38,51,4551,3241,20000,0,0,0,0,0,74,282,1258,Ilsa the Sage,20531,3250,17281,0,0,0,0,,0,1380,240,,"RawRibs 789, Feather 51, LeatherChest 34, LeatherBustierArms 31, LeatherSkirt 21, HarmScroll 20","Leather 687, Feather 405, IronIngot 352, CopperIngot 296, ShadowIronIngot 243, BronzeIngot 148"
2026-09-18_12-07,2026-09-18T12:52:14,45.1,5.0,681,3167,14492,233,994,21729,3,216,65,103,2865,1503,1362,103,168,4,15,84,1528,1569,18697,0,200,0,1503,1503,74,280,1276,Hale the Architect,20983,2547,18436,0,0,0,0,,0,1320,3,,"RawRibs 795, LeatherChest 34, LeatherBustierArms 31, Feather 31, LeatherSkirt 21, HarmScroll 21","Leather 842, IronIngot 457, Feather 325, CopperIngot 314, ShadowIronIngot 251, BronzeIngot 166"
2026-09-18_12-57,2026-09-18T13:02:34,5.1,5.1,280,4078,26346,168,1561,10250,0,0,60,72,4891,0,4891,162,132,0,0,5,0,6123,17926,0,250,0,0,0,74,222,517,Talia the Mage,16069,9758,6311,0,0,0,0,,3,1320,0,,"RawRibs 1426, Feather 45, LeatherChest 29, LeatherBustierArms 27, MindBlastScroll 13, EnergyBoltScroll 6","Bloodmoss 525, Nightshade 460, BlackPearl 410, LesserCurePotion 339, MandrakeRoot 337, SpidersSilk 301"
2026-09-18_12-57,2026-09-18T13:07:34,10.1,5.0,421,5392,36823,182,1496,10999,0,0,94,49,5998,0,5998,102,143,0,0,15,0,1308,18176,0,250,0,0,0,74,197,614,Ilsa the Sage,14640,6046,8594,0,0,0,0,,3,1320,0,,"RawRibs 1332, Log 37, LeatherChest 31, LeatherBustierArms 27, Feather 25, MindBlastScroll 13","Bloodmoss 735, MandrakeRoot 547, BlackPearl 485, Nightshade 467, LesserCurePotion 390, SpidersSilk 366"
2026-09-18_12-57,2026-09-18T13:12:34,15.1,5.0,467,3354,24348,191,1370,13025,0,0,165,47,8352,1300,7052,64,213,3,0,38,7274,3468,16336,0,250,210,2300,1300,74,232,861,Talia the Mage,18717,5344,13373,0,0,0,0,,3,1320,0,,"RawRibs 1245, Feather 45, LeatherChest 32, LeatherBustierArms 27, MindBlastScroll 16, LeatherSkirt 15","IronIngot 467, Bloodmoss 330, Leather 281, SpidersSilk 269, BlackPearl 230, MagicArrowScroll 213"
2026-09-18_12-57,2026-09-18T13:17:34,20.1,5.0,542,1585,13979,215,1365,15788,0,0,121,103,6980,1237,5743,141,164,0,0,35,7495,5022,14349,0,250,0,2237,1237,74,262,2379,Ulwin the Mage,21776,4219,17557,0,176,0,9,,12,1320,368,,"RawRibs 1136, Feather 80, LeatherChest 33, LeatherBustierArms 32, LeatherSkirt 19, MindBlastScroll 17","IronIngot 446, Feather 175, MagicArrowScroll 172, Leather 108, BronzeIngot 105, ShadowIronIngot 71"
2026-09-18_12-57,2026-09-18T13:22:34,25.1,5.0,585,1643,13904,210,1158,16776,0,0,66,149,4041,1323,2718,166,168,2,0,43,2532,5157,13847,0,250,571,1323,1303,74,217,1594,Ilsa the Sage,18727,1436,17291,0,0,0,0,,12,1271,622,,"RawRibs 910, Feather 90, LeatherBustierArms 36, LeatherChest 33, LeatherSkirt 19, MindBlastScroll 18","IronIngot 527, Feather 237, Leather 151, CopperIngot 98, ShadowIronIngot 83, FireballScroll 80"
2026-09-18_13-25,2026-09-18T13:30:47,5.1,5.1,322,4504,27616,171,1577,10316,0,0,57,64,4799,0,4799,151,121,0,0,9,0,6122,13961,0,250,0,0,0,74,226,1215,Aric the Warrior,15570,8417,7153,0,0,0,0,,12,1271,0,,"RawRibs 1426, Feather 55, LeatherBustierArms 30, LeatherChest 30, MindBlastScroll 11, GreaterHealScroll 11","Bloodmoss 625, BlackPearl 500, Nightshade 440, MandrakeRoot 435, SpidersSilk 365, LesserCurePotion 320"
2026-09-18_13-33,2026-09-18T13:38:44,5.1,5.1,328,5411,31127,175,1636,10778,0,0,21,48,2245,0,2245,145,69,0,0,10,0,5440,14311,0,250,0,0,0,74,249,530,Hale Ashdown the WarriorMage,16501,11093,5408,0,0,0,21,,33,1271,0,,"RawRibs 1453, Log 59, LeatherChest 37, Feather 25, LeatherBustierArms 21, MindBlastScroll 15","Bloodmoss 650, BlackPearl 618, Nightshade 494, MandrakeRoot 461, SpidersSilk 455, Feather 425"
2026-09-18_13-33,2026-09-18T13:43:44,10.1,5.0,424,6371,36236,179,1544,11304,0,0,60,39,4506,0,4506,80,99,0,0,13,0,994,14561,0,250,0,0,0,74,237,723,Sable the Gatherer,16862,8523,8339,0,0,0,9,,42,1271,8,,"RawRibs 1422, LeatherChest 38, Feather 25, LeatherBustierArms 21, MindBlastScroll 15, GreaterHealScroll 10","Bloodmoss 765, MandrakeRoot 567, SpidersSilk 541, BlackPearl 515, Nightshade 491, IronIngot 460"
2026-09-18_13-33,2026-09-18T13:48:44,15.1,5.0,495,2703,12976,213,1364,14382,0,0,191,68,11452,5969,5483,95,263,2,0,29,8353,2320,8842,0,250,0,5969,5969,74,320,739,Marek the Healer,25333,8665,16668,0,0,0,5,,47,1271,0,,"RawRibs 1247, LeatherChest 40, LeatherBustierArms 23, MindBlastScroll 16, HarmScroll 16, LightningScroll 14","IronIngot 239, Leather 224, BlackPearl 213, MandrakeRoot 201, SpidersSilk 191, Log 184"
2026-09-18_13-33,2026-09-18T13:53:44,20.1,5.0,551,789,5013,235,1425,16671,0,0,176,105,10483,6681,3802,174,300,0,0,26,2837,2613,2411,0,250,0,6681,6681,74,320,1022,Sable the Gatherer,25321,4791,20530,0,316,0,0,,0,1571,720,,"RawRibs 1143, Feather 90, LeatherChest 41, Leather 33, LeatherBustierArms 24, MindBlastScroll 16","IronIngot 181, CopperIngot 102, BronzeIngot 83, ShadowIronIngot 69, SulfurousAsh 55, GoldIngot 53"
2026-09-18_13-33,2026-09-18T13:58:44,25.1,5.0,602,1132,10397,234,1231,18347,0,0,32,166,2165,0,2165,186,198,3,0,54,1129,3347,2661,0,250,0,0,0,74,309,1144,Hale the Architect,23085,3815,19270,0,0,0,2,,2,1451,300,,"RawRibs 983, Feather 70, LeatherChest 41, LeatherBustierArms 24, HarmScroll 18, MindBlastScroll 16","IronIngot 243, FireballScroll 146, CopperIngot 110, BronzeIngot 109, ShadowIronIngot 78, Log 64"
2026-09-18_14-02,2026-09-18T14:07:09,5.1,5.1,289,4120,25712,164,1617,10722,0,0,52,60,4456,0,4456,115,112,0,0,11,0,6533,3011,0,250,0,0,0,74,216,390,Doran Ashdown the WarriorMage,13875,7947,5928,0,0,0,0,,2,1271,0,,"RawRibs 1457, Feather 75, LeatherBustierArms 35, LeatherChest 33, GreaterHealScroll 9, LeatherSkirt 3","Bloodmoss 556, BlackPearl 430, MandrakeRoot 400, Nightshade 390, SpidersSilk 300, LesserCurePotion 300"
2026-09-18_14-02,2026-09-18T14:12:10,10.1,5.0,409,5306,32363,183,1527,11403,0,0,51,36,3199,0,3199,93,87,0,0,14,0,1402,3261,0,250,0,0,0,74,194,441,Faron Ashdown the WarriorMage,13130,5745,7385,0,0,0,0,,2,1271,0,,"RawRibs 1372, LeatherBustierArms 37, LeatherChest 34, Feather 25, Log 25, GreaterHealScroll 11","Bloodmoss 671, BlackPearl 561, SpidersSilk 461, MandrakeRoot 422, Nightshade 410, Ginseng 348"
2026-09-18_14-02,2026-09-18T14:17:10,15.1,5.0,472,3409,17548,212,1355,14091,0,0,133,41,6264,0,6264,61,174,4,0,42,7846,2325,3511,0,250,0,0,0,74,237,1342,Talia the Mage,20371,8962,11409,0,0,0,5,,7,1271,0,,"RawRibs 1213, LeatherChest 34, LeatherBustierArms 34, Feather 20, LightningScroll 17, HarmScroll 13","IronIngot 432, Bloodmoss 352, BlackPearl 323, SpidersSilk 317, MandrakeRoot 303, Leather 294"
2026-09-18_14-02,2026-09-18T14:22:10,20.1,5.0,553,1572,8001,225,1325,15372,0,0,88,101,5125,0,5125,116,182,0,0,55,7180,3636,3761,0,250,0,0,0,74,248,665,Perri the Gatherer,19841,4669,15172,0,189,0,0,,0,1331,368,,"RawRibs 1085, Feather 75, LeatherBustierArms 35, LeatherChest 31, HarmScroll 27, LightningScroll 17","IronIngot 321, CopperIngot 154, Feather 97, BronzeIngot 90, Bloodmoss 88, ShadowIronIngot 87"
2026-09-18_14-02,2026-09-18T14:27:10,25.1,5.0,586,1361,6639,220,1103,15632,0,0,54,144,4047,0,4047,153,191,1,0,35,4360,3511,4011,0,250,0,0,0,74,263,937,Hale the Architect,20081,2583,17498,0,0,0,0,,0,1331,120,,"RawRibs 891, Feather 40, LeatherBustierArms 34, HarmScroll 29, LeatherChest 26, LightningScroll 17","IronIngot 326, CopperIngot 188, BronzeIngot 155, ShadowIronIngot 107, Feather 97, LesserCurePotion 84"
2026-09-18_14-02,2026-09-18T14:32:10,30.1,5.0,615,1522,8363,221,1094,17507,0,0,35,170,2249,0,2249,141,205,0,0,36,3183,3931,4261,0,250,0,0,0,74,213,1130,Hale the Architect,17229,961,16268,0,0,0,0,,0,1331,434,,"RawRibs 834, Feather 90, LeatherBustierArms 35, LeatherChest 26, LightningScroll 18, LeatherSkirt 18","IronIngot 406, CopperIngot 199, BronzeIngot 191, ShadowIronIngot 121, Feather 97, GoldIngot 68"
2026-09-18_14-35,2026-09-18T14:40:48,5.1,5.1,285,4442,27590,174,1581,11027,0,0,42,62,3505,0,3505,164,104,0,0,10,0,6206,4661,0,250,0,0,0,74,226,786,Ulla the Gatherer,16429,10033,6396,0,0,0,6,,6,1271,0,,"RawRibs 1460, LeatherChest 38, LeatherBustierArms 31, Feather 25, MindBlastScroll 8, GreaterHealScroll 7","Bloodmoss 495, Nightshade 456, BlackPearl 375, LesserCurePotion 359, MandrakeRoot 306, SpidersSilk 283"
2026-09-18_14-35,2026-09-18T14:45:48,10.1,5.0,507,6263,38014,194,1376,12610,0,0,80,102,5195,0,5195,130,182,0,0,47,0,2510,4911,0,250,0,0,0,74,176,402,Ilsa the Sage,12163,4339,7824,0,0,0,0,,6,1226,0,,"RawRibs 1224, LeatherChest 40, LeatherBustierArms 33, Feather 15, LeatherSkirt 15, Leather 15","Bloodmoss 810, BlackPearl 615, MandrakeRoot 562, Nightshade 541, IronIngot 493, LesserCurePotion 411"
2026-09-18_14-35,2026-09-18T14:50:48,15.1,5.0,558,3901,22951,209,1300,13413,0,0,145,100,8285,0,8285,112,232,7,0,24,7695,3605,5161,0,250,0,0,0,74,212,1237,Hale the Architect,16251,4092,12159,0,0,0,0,,6,1240,14,,"RawRibs 1021, Feather 100, Leather 40, LeatherBustierArms 30, LeatherChest 27, LeatherSkirt 17","IronIngot 621, BlackPearl 356, Bloodmoss 330, MandrakeRoot 260, Feather 225, Nightshade 216"
2026-09-18_14-35,2026-09-18T14:55:48,20.1,5.0,592,2406,13335,222,1284,14391,0,0,96,90,5003,0,5003,149,180,2,0,17,7538,3389,5411,0,250,0,0,0,74,236,1486,Hale the Architect,19242,4200,15042,0,63,0,0,,0,1234,196,,"RawRibs 1030, Feather 90, LeatherBustierArms 29, LeatherChest 22, LeatherSkirt 18, LeatherLegs 17","IronIngot 617, Feather 225, CopperIngot 184, BronzeIngot 169, ShadowIronIngot 119, Log 116"
2026-09-18_14-35,2026-09-18T15:00:48,25.1,5.0,644,2752,11595,208,1059,13441,0,0,82,139,4862,0,4862,152,206,3,0,47,3818,4552,5661,0,250,0,0,0,74,224,2876,Hale the Architect,19875,3375,16500,0,0,0,0,,0,1226,180,,"RawRibs 864, Feather 50, LeatherBustierArms 27, LeatherSkirt 19, LeatherLegs 15, LeatherArms 15","IronIngot 709, Feather 606, BronzeIngot 242, CopperIngot 214, ShadowIronIngot 144, Log 140"
2026-09-18_14-35,2026-09-18T15:05:48,30.1,5.0,671,3150,13656,211,1009,13819,0,0,43,153,2722,0,2722,120,193,3,0,32,2540,3272,5911,0,250,0,0,0,74,217,3147,Hale the Architect,20114,2232,17882,0,0,0,0,,0,1526,720,,"RawRibs 747, Feather 75, Leather 40, LeatherBustierArms 27, LeatherSkirt 22, LeatherLegs 17","IronIngot 904, Feather 601, BronzeIngot 286, CopperIngot 275, ShadowIronIngot 171, Log 144"
2026-09-18_14-35,2026-09-18T15:10:48,35.1,5.0,662,2924,15979,222,1172,15193,25,5103,17,34,847,15,832,34,51,3,46,14,952,681,6146,0,250,0,15,0,73,194,3242,Hale the Architect,19071,1535,17536,0,90,0,0,,0,1226,0,,"RawRibs 906, Feather 60, Leather 55, LeatherBustierArms 27, LeatherSkirt 23, LeatherLegs 18","IronIngot 958, Feather 336, CopperIngot 294, BronzeIngot 269, Log 184, ShadowIronIngot 136"
2026-09-18_15-16,2026-09-18T15:21:12,5.1,5.1,298,4478,27462,162,1559,10558,0,0,43,67,3505,0,3505,162,110,0,0,11,0,6506,6596,0,250,0,0,0,74,204,515,Ilsa the Sage,15371,9830,5541,0,0,0,9,,9,1226,0,,"RawRibs 1450, LeatherChest 36, LeatherBustierArms 32, Feather 25, GreaterHealScroll 5, MindBlastScroll 4","Bloodmoss 569, BlackPearl 461, Nightshade 413, MandrakeRoot 380, SpidersSilk 348, Ginseng 302"
2026-09-18_15-16,2026-09-18T15:26:12,10.1,5.0,422,5732,35157,208,1561,12103,0,0,70,40,4051,0,4051,73,94,0,0,26,0,1248,7274,0,250,428,0,0,74,178,466,Ilsa the Sage,12796,6025,6771,0,0,0,0,,9,1185,8,,"RawRibs 1387, LeatherChest 39, LeatherBustierArms 36, Feather 31, HarmScroll 27, Log 14","Bloodmoss 799, BlackPearl 581, Nightshade 553, MandrakeRoot 523, SpidersSilk 424, IronIngot 390"
2026-09-18_15-16,2026-09-18T15:31:12,15.1,5.0,470,3861,19666,206,1294,13025,0,0,104,41,4276,0,4276,61,145,7,0,19,8098,2738,7524,0,250,0,0,0,74,271,699,Ulwin the Mage,17849,6998,10851,0,0,0,0,,9,1177,8,,"RawRibs 1153, LeatherChest 35, LeatherBustierArms 33, Feather 31, HarmScroll 27, MindBlastScroll 12","IronIngot 623, Leather 364, BlackPearl 331, Bloodmoss 330, Feather 265, SpidersSilk 259"
2026-09-18_15-33,2026-09-18T15:38:13,5.1,5.1,305,4376,27767,174,1632,10146,0,0,55,48,4598,0,4598,124,103,0,0,9,0,5776,7824,0,250,0,0,0,74,243,649,Calla Ashdown the WarriorMage,16454,9897,6557,0,0,0,0,,7,1237,0,,"RawRibs 1415, Log 72, Feather 55, LeatherBustierArms 42, LeatherChest 25, MindBlastScroll 12","Bloodmoss 561, BlackPearl 425, MandrakeRoot 405, Nightshade 405, SpidersSilk 330, Feather 327"
2026-09-18_15-33,2026-09-18T15:43:13,10.1,5.0,442,5663,35404,191,1397,11180,0,0,49,71,3473,0,3473,139,120,0,0,27,0,1744,8074,0,250,0,0,0,74,199,618,Lysa the Gatherer,15028,6118,8910,0,0,0,5,,12,1237,24,,"RawRibs 1256, LeatherBustierArms 43, LeatherChest 26, Feather 25, LeatherSkirt 14, MindBlastScroll 12","Bloodmoss 696, BlackPearl 594, MandrakeRoot 458, Nightshade 435, IronIngot 435, SpidersSilk 391"
2026-09-18_15-33,2026-09-18T15:48:13,15.1,5.0,493,4109,20901,218,1319,14023,0,0,100,41,4372,0,4372,46,141,6,0,11,7913,3629,8324,0,250,0,0,0,74,206,579,Hale the Architect,16837,5635,11202,0,0,0,0,,12,1417,180,,"RawRibs 1152, LeatherBustierArms 42, LeatherChest 26, Feather 25, LeatherSkirt 21, LightningScroll 18","IronIngot 603, Leather 425, BlackPearl 364, Bloodmoss 355, Feather 297, MandrakeRoot 258"
2026-09-18_15-33,2026-09-18T15:53:13,20.1,5.0,549,2669,13431,241,1293,15830,0,0,71,105,3953,0,3953,115,176,0,0,13,9672,4483,8574,0,250,0,0,0,74,214,1149,Ilsa the Sage,19526,4777,14749,0,132,0,0,,0,1545,624,,"RawRibs 1054, Feather 55, LeatherBustierArms 42, LeatherChest 26, LeatherSkirt 25, LightningScroll 18","Leather 516, IronIngot 455, Feather 449, Log 208, CopperIngot 150, ShadowIronIngot 144"
2026-09-18_15-33,2026-09-18T15:58:13,25.1,5.0,590,2858,12555,233,1079,15912,0,0,29,112,1865,0,1865,147,141,3,0,35,4037,4568,8774,0,250,0,50,0,74,234,1240,Ilsa the Sage,19559,4162,15397,0,0,0,1,,1,1237,60,,"RawRibs 835, Feather 60, LeatherBustierArms 42, LeatherChest 25, LeatherSkirt 25, LightningScroll 17","IronIngot 540, Leather 531, Feather 449, ShadowIronIngot 205, Log 181, CopperIngot 172"
2026-09-18_15-33,2026-09-18T16:03:14,30.1,5.0,620,2864,10709,217,682,15592,0,0,48,201,2815,0,2815,188,249,2,0,54,3274,3697,9024,0,250,0,0,0,74,260,1161,Ilsa the Sage,19573,2395,17178,0,0,0,4,,5,1177,120,,"RawRibs 450, Feather 45, LeatherBustierArms 42, LeatherSkirt 27, LeatherChest 26, LightningScroll 18","IronIngot 677, Feather 444, Log 237, CopperIngot 221, ShadowIronIngot 209, Leather 202"
2026-09-18_15-33,2026-09-18T16:08:14,35.1,5.0,612,2335,10564,238,1015,17665,19,3956,41,83,1809,593,1216,110,124,1,35,10,1514,748,8681,0,250,0,593,593,74,226,1269,Hale the Architect,18539,2044,16495,0,138,0,0,,0,1177,0,,"RawRibs 752, Feather 80, LeatherBustierArms 43, LeatherSkirt 28, LeatherChest 26, LightningScroll 18","IronIngot 450, Feather 271, CopperIngot 265, BronzeIngot 189, ShadowIronIngot 178, Log 175"
2026-09-18_15-33,2026-09-18T16:13:14,40.1,5.0,635,2934,13644,247,1103,18362,25,3471,85,99,2829,618,2211,76,184,0,28,152,2825,2497,8313,0,250,0,618,618,74,245,1453,Hale the Architect,19150,1999,17151,0,0,0,0,,0,1177,360,,"RawRibs 863, Feather 55, LeatherBustierArms 44, LeatherSkirt 30, LeatherChest 28, LightningScroll 18","IronIngot 986, Feather 374, CopperIngot 306, Log 199, BronzeIngot 196, ShadowIronIngot 196"
2026-09-18_15-33,2026-09-18T16:18:14,45.1,5.0,662,3390,14333,244,1130,19120,15,2464,51,11,1651,645,1006,30,62,8,22,54,1110,2176,7918,0,250,0,645,645,74,250,1548,Hale the Architect,20291,2341,17950,0,0,0,4,,4,1177,668,,"RawRibs 925, LeatherBustierArms 41, LeatherSkirt 30, LeatherChest 26, Feather 25, LightningScroll 18","IronIngot 1224, Feather 454, CopperIngot 314, ShadowIronIngot 289, BronzeIngot 221, GoldIngot 176"
2026-09-18_15-33,2026-09-18T16:23:14,50.1,5.0,660,3150,13180,243,1105,20435,18,2981,58,44,2323,670,1653,35,102,5,41,21,5019,2044,7498,0,250,0,670,670,74,227,1650,Hale the Architect,21229,2638,18591,0,144,0,0,,0,1677,500,,"RawRibs 857, Feather 65, LeatherBustierArms 41, LeatherSkirt 30, LeatherChest 25, HarmScroll 21","IronIngot 603, CopperIngot 369, Feather 349, ShadowIronIngot 330, BronzeIngot 298, Leather 209"
2026-09-18_15-33,2026-09-18T16:28:14,55.1,5.0,670,3200,14064,223,909,19249,19,3155,103,174,6213,710,5503,90,266,5,56,40,2400,2627,7038,0,250,0,710,700,74,225,2311,Hale the Architect,22317,1348,20969,0,0,0,0,,0,1477,322,,"RawRibs 655, Feather 65, LeatherBustierArms 39, HarmScroll 32, LeatherSkirt 30, LightningScroll 16","IronIngot 783, CopperIngot 380, ShadowIronIngot 353, Feather 332, BronzeIngot 279, GoldIngot 209"
2026-09-18_15-33,2026-09-18T16:33:14,60.1,5.0,696,3064,10131,219,910,19024,8,2151,44,75,3550,737,2813,76,110,1,15,60,3289,1993,6551,0,250,0,737,737,74,236,3853,Hale the Architect,24173,1186,22987,0,0,0,0,,0,1177,0,,"RawRibs 678, Feather 50, LeatherBustierArms 37, HarmScroll 33, LeatherSkirt 30, LightningScroll 17","IronIngot 759, CopperIngot 427, Feather 379, ShadowIronIngot 364, BronzeIngot 311, DullCopperIngot 207"
2026-09-18_15-33,2026-09-18T16:38:14,65.1,5.0,703,3000,9965,227,1068,19725,14,1834,45,60,2246,781,1465,66,101,3,25,16,2306,1582,6020,0,250,0,781,781,74,221,4205,Hale the Architect,24930,1725,23205,0,295,0,0,,0,1237,60,,"RawRibs 823, Feather 50, LeatherBustierArms 35, HarmScroll 33, LeatherSkirt 31, LightningScroll 17","IronIngot 634, BronzeIngot 382, Feather 374, CopperIngot 347, ShadowIronIngot 327, DullCopperIngot 196"
2026-09-18_15-33,2026-09-18T16:43:14,70.1,5.0,730,3087,8959,222,984,20687,12,1155,84,150,3700,831,2869,78,232,5,44,163,3582,2857,5439,0,250,0,831,831,74,221,5353,Hale the Architect,27579,2332,25247,0,0,0,12,,12,1129,60,,"RawRibs 738, Feather 68, LeatherBustierArms 37, LeatherSkirt 32, HarmScroll 32, LightningScroll 17","IronIngot 450, CopperIngot 438, BronzeIngot 395, ShadowIronIngot 382, Feather 294, DullCopperIngot 236"
2026-09-18_15-33,2026-09-18T16:48:14,75.1,5.0,734,2678,9405,212,1071,19182,9,466,84,67,5846,896,4950,61,135,4,28,136,2279,2279,4793,0,250,0,896,896,74,216,7860,Hale the Architect,30637,2350,28287,0,0,0,0,,12,1151,22,,"RawRibs 849, Feather 48, LeatherBustierArms 35, LeatherSkirt 32, HarmScroll 31, LightningScroll 16","CopperIngot 443, BronzeIngot 361, IronIngot 280, ShadowIronIngot 265, DullCopperIngot 250, GoldIngot 218"
2026-09-18_15-33,2026-09-18T16:53:14,80.1,5.0,719,2586,10209,209,966,20405,7,442,61,91,2414,983,1431,59,151,4,16,109,1940,2377,4060,0,250,0,983,983,74,220,8165,Hale the Architect,30390,2031,28359,0,457,0,0,,0,1153,24,,"RawRibs 672, Feather 85, Leather 45, LeatherBustierArms 33, LeatherSkirt 31, HarmScroll 29","CopperIngot 472, BronzeIngot 356, ShadowIronIngot 300, GoldIngot 244, DullCopperIngot 229, Feather 209"
2026-09-18_15-33,2026-09-18T16:58:14,85.1,5.0,731,2618,10682,212,960,21382,1,20,70,112,3620,1114,2506,84,178,2,25,107,1954,2574,3196,0,250,0,1114,1114,74,239,9163,Hale the Architect,30453,1701,28752,0,0,0,5,,5,1429,300,,"RawRibs 679, Feather 90, LeatherBustierArms 35, LeatherSkirt 31, HarmScroll 28, Leather 24","CopperIngot 502, BronzeIngot 397, ShadowIronIngot 288, DullCopperIngot 235, GoldIngot 215, Feather 204"
2026-09-18_15-33,2026-09-18T17:03:14,90.1,5.0,727,2728,8467,213,984,22744,6,160,78,82,2254,1446,808,80,159,4,13,121,3254,3038,2000,0,250,0,1446,1446,74,241,9380,Hale the Architect,32829,3536,29293,0,0,0,0,,5,1129,0,,"RawRibs 757, Feather 50, LeatherBustierArms 35, LeatherSkirt 31, HarmScroll 27, LightningScroll 17","CopperIngot 493, BronzeIngot 338, ShadowIronIngot 288, Leather 282, Feather 277, DullCopperIngot 232"
2026-09-18_17-05,2026-09-18T17:10:47,5.1,5.1,244,3059,21990,173,1604,10739,0,0,59,60,5341,0,5341,141,119,0,0,8,0,6722,2300,0,250,0,0,0,74,218,611,Wynn the Warrior,14624,8111,6513,0,0,0,0,,0,1129,0,,"RawRibs 1424, Feather 75, LeatherChest 34, LeatherBustierArms 27, MindBlastScroll 9, GreaterHealScroll 9","Bloodmoss 375, LesserCurePotion 318, Nightshade 305, Log 302, BlackPearl 225, WeakenScroll 200"
2026-09-18_17-13,2026-09-18T17:18:09,5.1,5.1,251,3711,24290,183,1747,11200,0,0,32,29,2796,0,2796,73,61,0,0,5,0,5968,2600,0,250,0,0,0,74,211,511,Brannoc the Warrior,15076,9774,5302,0,0,0,0,,0,1129,0,,"RawRibs 1497, Feather 85, Log 65, LeatherBustierArms 31, LeatherChest 30, MindBlastScroll 13","Bloodmoss 475, Nightshade 443, BlackPearl 381, LesserCurePotion 327, MandrakeRoot 275, IronIngot 246"
2026-09-18_17-13,2026-09-18T17:23:09,10.1,5.0,391,6059,34758,189,1541,11645,0,0,39,50,3011,0,3011,117,89,0,0,19,0,1366,2850,0,250,0,0,0,74,186,527,Gerda Ashdown the WarriorMage,14374,7356,7018,0,0,0,3,,3,1145,16,,"RawRibs 1404, LeatherBustierArms 33, LeatherChest 32, Feather 25, MindBlastScroll 13, LightningScroll 9","Bloodmoss 680, BlackPearl 646, Nightshade 548, IronIngot 509, MandrakeRoot 453, SpidersSilk 450"
2026-09-18_17-27,2026-09-18T17:33:00,5.1,5.1,253,3450,24596,175,1732,10950,0,0,40,41,3918,0,3918,121,81,0,0,6,0,6531,2640,0,250,340,1000,0,74,226,406,Ilsa the Sage,14063,7893,6170,0,0,0,0,,3,1080,0,,"RawRibs 1462, Log 100, Feather 50, LeatherChest 36, Leather 33, LeatherBustierArms 26","Bloodmoss 425, Nightshade 380, LesserCurePotion 317, BlackPearl 283, MandrakeRoot 254, IronIngot 231"
2026-09-18_17-27,2026-09-18T17:38:00,10.1,5.0,439,5965,37164,175,1482,10943,0,0,80,81,4871,0,4871,145,160,0,0,42,0,2038,2890,0,250,0,0,0,74,215,508,Lysa the Gatherer,13902,5919,7983,0,0,0,7,,10,1080,8,,"RawRibs 1335, LeatherChest 36, Leather 29, LeatherBustierArms 28, MindBlastScroll 12, Feather 10","Bloodmoss 791, BlackPearl 575, MandrakeRoot 560, IronIngot 494, Nightshade 485, SpidersSilk 476"
2026-09-18_17-27,2026-09-18T17:43:00,15.1,5.0,516,3417,19362,197,1197,13389,0,0,123,88,6031,0,6031,79,211,3,0,37,9796,3405,3040,100,250,0,0,0,74,247,1064,Ilsa the Sage,19654,6850,12804,0,0,0,4,,14,1080,8,,"RawRibs 1021, LeatherChest 38, Feather 37, LeatherBustierArms 30, LeatherSkirt 21, MindBlastScroll 14","Bloodmoss 410, BlackPearl 395, SpidersSilk 331, MandrakeRoot 321, Nightshade 184, Log 175"
2026-09-18_17-27,2026-09-18T17:48:00,20.1,5.0,567,1702,10891,209,1067,15231,0,0,86,130,5602,0,5602,161,215,1,0,30,7126,4959,3290,100,250,0,0,0,74,218,2075,Ilsa the Sage,19509,3827,15682,0,147,0,0,,0,1260,360,,"RawRibs 875, Feather 42, LeatherChest 39, LeatherBustierArms 31, LeatherSkirt 24, MindBlastScroll 14","Log 245, BronzeIngot 171, IronIngot 158, Leather 124, Feather 119, CopperIngot 115"
2026-09-18_17-27,2026-09-18T17:53:00,25.1,5.0,593,1742,10469,210,1036,15955,0,0,32,132,2885,0,2885,141,161,3,0,8,3028,3230,3540,100,250,0,0,0,74,200,1812,Ilsa the Sage,18877,2274,16603,0,0,0,0,,0,1119,76,,"RawRibs 854, LeatherChest 39, LeatherBustierArms 32, Feather 32, LeatherSkirt 25, MindBlastScroll 13","Log 240, BronzeIngot 194, IronIngot 193, Leather 175, CopperIngot 129, Feather 114"
2026-09-18_17-27,2026-09-18T17:58:01,30.1,5.0,630,2109,9556,213,986,15610,0,0,43,180,3471,0,3471,195,220,1,0,36,2613,3299,3890,0,250,0,0,0,74,205,2114,Hale the Architect,20356,1996,18360,0,0,0,9,,9,1239,616,,"RawRibs 800, LeatherChest 40, LeatherBustierArms 33, Feather 32, LeatherSkirt 26, MindBlastScroll 13","Leather 290, IronIngot 273, Feather 243, BronzeIngot 214, CopperIngot 179, Log 140"
2026-09-18_17-59,2026-09-18T18:04:43,5.1,5.1,305,4232,26766,179,1626,11196,0,0,44,52,4168,0,4168,141,95,0,0,12,0,6156,4090,0,250,0,0,0,74,208,845,Alden Ashdown the WarriorMage,14784,8173,6611,0,0,0,0,,5,1179,0,,"RawRibs 1441, Feather 50, LeatherChest 33, LeatherBustierArms 30, Log 21, Leather 18","Bloodmoss 550, BlackPearl 450, Nightshade 430, MandrakeRoot 369, SpidersSilk 360, LesserCurePotion 300"
2026-09-18_18-07,2026-09-18T18:12:36,5.1,5.1,283,3995,27108,171,1615,10328,0,0,48,48,4560,0,4560,145,96,0,0,5,0,6724,4440,0,250,0,0,0,74,200,929,Edda Ashdown the WarriorMage,14482,8109,6373,0,0,0,0,,9,1179,0,,"RawRibs 1453, Log 35, LeatherBustierArms 33, LeatherChest 31, Feather 25, Leather 15","Bloodmoss 506, BlackPearl 425, MandrakeRoot 350, Nightshade 350, LesserCurePotion 317, Ginseng 262"
2026-09-18_18-07,2026-09-18T18:17:36,10.1,5.0,429,6105,38274,167,1464,10498,0,0,48,56,3110,0,3110,105,98,0,0,46,0,1564,4690,0,250,0,0,0,74,206,780,Orin the Gatherer,15491,8231,7260,0,0,0,10,,19,1179,0,,"RawRibs 1359, LeatherBustierArms 35, LeatherChest 32, MindBlastScroll 11, LightningScroll 7, LeatherSkirt 5","Bloodmoss 686, BlackPearl 597, Nightshade 480, IronIngot 460, MandrakeRoot 460, SpidersSilk 444"
2026-09-18_18-07,2026-09-18T18:22:36,15.1,5.0,507,3964,21898,203,1190,13309,0,0,128,95,5830,0,5830,138,223,5,0,26,8982,3923,4840,100,250,0,0,0,74,217,569,Cassia the Mage,17190,5203,11987,0,0,0,0,,19,1179,0,,"RawRibs 1013, LeatherBustierArms 37, LeatherChest 31, Feather 23, Leather 20, LeatherSkirt 19","IronIngot 533, Feather 461, Bloodmoss 330, BlackPearl 297, SpidersSilk 279, MandrakeRoot 266"
2026-09-18_18-07,2026-09-18T18:27:36,20.1,5.0,540,2484,13963,216,1040,14462,0,0,87,115,4242,0,4242,162,202,1,0,14,7790,3822,5090,100,250,0,0,0,74,242,1115,Ilsa the Sage,19524,2432,17092,0,119,0,0,,6,1367,400,,"RawRibs 853, LeatherBustierArms 38, LeatherChest 30, Feather 28, LeatherSkirt 20, LightningScroll 18","IronIngot 466, Feather 461, Leather 285, Log 273, CopperIngot 197, ShadowIronIngot 154"
2026-09-18_18-07,2026-09-18T18:32:36,25.1,5.0,578,2006,11198,221,917,16257,0,0,69,153,3803,1669,2134,115,223,1,0,41,3464,4049,3771,0,250,0,1669,1669,74,202,1215,Ilsa the Sage,17350,1130,16220,0,0,0,0,,6,1299,196,,"RawRibs 725, LeatherBustierArms 37, LeatherChest 32, LeatherSkirt 24, LightningScroll 18, MindBlastScroll 16","IronIngot 498, Log 328, Feather 290, BronzeIngot 164, CopperIngot 149, Leather 98"
2026-09-18_18-07,2026-09-18T18:37:36,30.1,5.0,612,2006,10628,225,899,16639,0,0,80,198,3954,2020,1934,173,281,0,0,44,2869,3729,2001,0,250,0,2020,2020,73,230,753,Orin the Gatherer,18665,2008,16657,0,0,0,9,,15,1359,420,,"RawRibs 683, Feather 40, LeatherBustierArms 37, LeatherChest 34, LeatherSkirt 27, LightningScroll 18","IronIngot 605, Feather 270, Leather 228, Log 213, CopperIngot 149, ShadowIronIngot 91"
2026-09-18_18-41,2026-09-18T18:47:03,5.1,5.1,268,4154,26160,193,1694,11511,0,0,36,55,3285,0,3285,132,91,0,0,7,0,6127,2401,0,250,0,0,0,74,222,385,Vance the Gatherer,14174,7934,6240,0,0,0,0,,0,1069,0,,"RawRibs 1483, Feather 90, LeatherBustierArms 38, LeatherChest 33, MindBlastScroll 13, Leather 11","Bloodmoss 482, Nightshade 475, LesserCurePotion 397, BlackPearl 350, MandrakeRoot 316, SpidersSilk 306"
2026-09-18_18-41,2026-09-18T18:52:03,10.1,5.0,418,5528,35046,190,1552,11364,0,0,65,63,4491,0,4491,116,128,0,0,47,0,1651,2651,0,250,0,0,0,74,182,758,Ilsa the Sage,13446,5514,7932,0,0,0,0,,0,1069,0,,"RawRibs 1419, LeatherBustierArms 40, LeatherChest 34, Feather 20, MindBlastScroll 14, LeatherSkirt 8","Bloodmoss 737, MandrakeRoot 551, Nightshade 519, BlackPearl 510, LesserCurePotion 408, IronIngot 393"
2026-09-18_18-41,2026-09-18T18:57:03,15.1,5.0,503,4450,22615,202,1244,13428,0,0,93,70,4102,0,4102,92,163,3,0,28,9478,3762,2901,0,250,0,0,0,74,199,690,Ivo the Healer,17677,7412,10265,0,0,0,0,,0,1069,0,,"RawRibs 1095, LeatherBustierArms 38, Feather 35, LeatherChest 33, MindBlastScroll 18, LeatherSkirt 18","Leather 413, Bloodmoss 410, IronIngot 402, BlackPearl 382, MandrakeRoot 333, Ginseng 315"
2026-09-18_18-41,2026-09-18T19:02:03,20.1,5.0,554,2727,15053,214,1155,15169,0,0,148,102,6671,0,6671,113,250,0,0,34,6492,4351,3151,0,250,0,0,0,74,243,646,Sable the Gatherer,18110,3488,14622,0,165,0,0,,0,1129,240,,"RawRibs 940, Feather 65, LeatherBustierArms 40, LeatherChest 34, LeatherSkirt 20, MindBlastScroll 18","IronIngot 529, Leather 450, Feather 187, Log 176, CopperIngot 168, ShadowIronIngot 165"
2026-09-18_19-03,2026-09-18T19:08:19,5.1,5.1,316,4179,27433,173,1677,10682,0,0,49,46,4375,0,4375,94,95,0,0,5,0,6260,3401,0,250,0,0,0,74,222,404,Selwyn the Archer,15182,8765,6417,0,0,0,0,,0,1129,0,,"RawRibs 1425, Feather 100, Log 65, LeatherChest 35, LeatherBustierArms 28, MindBlastScroll 8","Bloodmoss 525, BlackPearl 450, MandrakeRoot 400, SpidersSilk 346, Ginseng 321, Nightshade 311"
2026-09-18_19-09,2026-09-18T19:14:27,5.1,5.1,283,3895,26865,172,1729,10774,0,0,42,44,4149,0,4149,110,86,0,0,1,0,6144,3651,0,250,0,0,0,74,221,786,Gerda Ashdown the WarriorMage,14968,8546,6422,0,0,0,0,,0,1129,0,,"RawRibs 1466, Feather 90, Log 86, LeatherChest 34, LeatherBustierArms 30, MindBlastScroll 10","Bloodmoss 525, Nightshade 430, BlackPearl 411, MandrakeRoot 325, LesserCurePotion 319, SpidersSilk 281"
2026-09-18_19-17,2026-09-18T19:22:32,5.1,5.1,297,4116,26532,166,1635,9832,0,0,54,51,4768,0,4768,155,101,0,0,11,0,5922,4001,0,250,0,0,0,74,240,426,Ilsa the Sage,16185,9292,6893,0,0,0,0,,11,1129,60,,"RawRibs 1497, Feather 55, LeatherBustierArms 36, LeatherChest 26, MindBlastScroll 10, GreaterHealScroll 9","Bloodmoss 550, BlackPearl 435, Nightshade 409, MandrakeRoot 382, SpidersSilk 312, LesserCurePotion 290"
2026-09-18_19-25,2026-09-18T19:30:13,5.1,5.1,293,4053,29326,174,1644,10317,0,0,53,49,4608,0,4608,118,102,0,0,9,0,6236,4351,0,250,0,0,0,74,226,598,Calla Ashdown the WarriorMage,14944,8508,6436,0,0,0,0,,11,1129,0,,"RawRibs 1387, Log 90, Feather 45, LeatherBustierArms 42, Leather 31, LeatherChest 23","Bloodmoss 450, BlackPearl 443, Nightshade 385, LesserCurePotion 320, MandrakeRoot 253, IronIngot 239"
2026-09-18_19-34,2026-09-18T19:39:57,5.1,5.1,291,4411,27574,177,1640,10312,0,0,37,48,3360,0,3360,145,85,0,0,13,0,6282,4801,0,250,0,0,0,74,214,598,Perri Ashdown the WarriorArcher,15797,10300,5497,0,0,0,0,,11,1080,60,,"RawRibs 1453, Log 54, Feather 40, LeatherBustierArms 32, LeatherChest 23, MindBlastScroll 17","Bloodmoss 550, BlackPearl 409, Nightshade 400, MandrakeRoot 373, SpidersSilk 345, LesserCurePotion 300"
2026-09-18_19-43,2026-09-18T19:48:47,5.1,5.1,0,0,0,0,0,0,0,0,0,0,0,0,0,0,0,0,0,0,0,0,5201,0,250,0,0,0,74,225,572,Pell the Archer,15842,7815,8027,0,0,0,0,,11,1080,0,,nothing,nothing
2026-09-18_19-43,2026-09-18T19:53:47,10.1,5.0,0,0,0,0,0,0,0,0,0,0,0,0,0,0,0,0,0,0,0,0,5451,0,250,0,0,0,74,225,572,Pell the Archer,15842,7815,8027,0,0,0,0,,11,1080,0,,nothing,nothing
2026-09-18_19-43,2026-09-18T19:58:47,15.1,5.0,0,0,0,0,0,0,0,0,0,0,0,0,0,0,0,0,0,0,0,0,5701,0,250,0,0,0,74,225,572,Pell the Archer,15842,7815,8027,0,0,0,0,,11,1080,0,,nothing,nothing
2026-09-18_20-02,2026-09-18T20:08:04,5.1,5.1,201,1621,8931,125,702,6539,0,0,33,77,2049,0,2049,74,110,0,0,56,0,813,6101,0,250,0,0,0,74,174,490,Nessa Ashdown the WarriorArcher,13102,4961,8141,0,0,0,0,,11,1080,0,,"RawRibs 615, LeatherBustierArms 32, LeatherSkirt 18, LightningScroll 14, LeatherChest 13, GreaterHealScroll 7","Leather 466, IronIngot 197, BlackPearl 137, Bloodmoss 122, Garlic 110, Ginseng 108"
2026-09-18_20-02,2026-09-18T20:13:04,10.1,5.0,302,2557,14605,149,627,7678,0,0,30,108,1980,0,1980,72,138,0,0,49,0,792,6351,0,250,0,0,0,73,187,580,Hale the Architect,12710,3281,9429,0,0,0,0,,11,1140,60,,"RawRibs 513, LeatherBustierArms 36, LeatherSkirt 22, LeatherChest 18, LightningScroll 16, GreaterHealScroll 11","Leather 874, IronIngot 348, Ginseng 187, MandrakeRoot 160, Bloodmoss 152, Garlic 123"
2026-09-18_20-02,2026-09-18T20:18:04,15.1,5.0,347,2050,9190,164,771,8747,0,0,61,5,1930,0,1930,5,60,2,0,57,2384,823,6601,0,250,0,0,0,74,202,686,Hale the Architect,15791,5703,10088,0,0,0,0,,11,1140,0,,"RawRibs 640, LeatherBustierArms 37, LeatherSkirt 22, LightningScroll 17, LeatherChest 17, Feather 13","Leather 718, IronIngot 218, MandrakeRoot 127, Ginseng 109, Garlic 108, CopperIngot 102"
2026-09-18_20-02,2026-09-18T20:23:04,20.1,5.0,397,1288,8493,176,892,8992,0,0,57,51,2679,0,2679,71,102,0,0,59,3112,2389,6851,0,250,0,0,0,74,253,610,Joss the Brawler,17317,4965,12352,0,25,0,0,,11,1069,0,,"RawRibs 733, LeatherBustierArms 38, Feather 37, LeatherSkirt 23, LightningScroll 17, LeatherChest 13","Leather 190, Feather 130, CopperIngot 130, MagicArrowScroll 108, BronzeIngot 95, LesserCurePotion 93"
2026-09-18_20-02,2026-09-18T20:28:04,25.1,5.0,458,990,6780,199,965,11557,0,0,87,105,3273,2089,1184,65,194,2,0,36,1887,1997,5012,0,250,0,2089,2089,74,231,556,Sable the Gatherer,16727,3168,13559,0,0,0,0,,11,1077,8,,"RawRibs 802, LeatherBustierArms 44, LeatherSkirt 29, Feather 20, LightningScroll 17, LeatherChest 15","Log 163, CopperIngot 101, BronzeIngot 101, Leather 79, IronIngot 74, LesserCurePotion 70"
2026-09-18_20-02,2026-09-18T20:33:04,30.1,5.0,481,1060,6183,192,904,11199,0,0,81,94,3949,2287,1662,114,170,1,0,14,751,1316,2975,0,250,0,2287,2287,74,265,965,Hale the Architect,18726,2765,15961,0,0,0,0,,11,1159,82,,"RawRibs 693, Feather 68, LeatherBustierArms 44, LeatherSkirt 29, LightningScroll 17, GreaterHealScroll 10","IronIngot 257, Leather 164, Log 123, BronzeIngot 103, CopperIngot 90, Shoes 61"
2026-09-20_08-22,2026-09-20T08:27:06,5.1,5.1,184,2178,13069,140,1267,9151,0,0,38,77,3017,0,3017,195,112,0,0,36,0,1742,2501,0,250,0,0,0,79,207,464,Garrow the Warrior,16454,9741,6713,0,0,0,0,,0,0,0,,"RawRibs 1177, LeatherChest 35, LeatherBustierArms 28, Feather 15, LeatherSkirt 6, LeatherLegs 4","Bloodmoss 250, Log 204, MandrakeRoot 201, Nightshade 195, SpidersSilk 184, BlackPearl 180"
2026-09-20_08-22,2026-09-20T08:32:06,10.1,5.0,277,3398,19612,152,1345,9693,0,0,38,34,2640,96,2544,56,63,0,0,24,0,2276,2655,0,250,0,96,0,79,180,499,Delwyn the Warrior,13921,7345,6576,0,0,0,0,,0,0,0,,"RawRibs 1231, LeatherChest 36, Leather 30, LeatherBustierArms 28, LeatherSkirt 7, LeatherLegs 6","IronIngot 413, Bloodmoss 342, BlackPearl 338, Feather 332, SpidersSilk 321, Nightshade 307"
2026-09-20_08-22,2026-09-20T08:37:06,15.1,5.0,340,3086,14048,167,1214,11272,0,0,33,52,1997,0,1997,54,80,1,0,18,3205,1181,2905,0,250,0,0,0,79,169,551,Ulla the Gatherer,14493,5940,8553,0,0,0,0,,0,0,0,,"RawRibs 1117, LeatherChest 31, LeatherBustierArms 29, LeatherSkirt 14, LightningScroll 11, Leather 9","IronIngot 499, Feather 332, BlackPearl 319, SpidersSilk 277, Bloodmoss 272, MandrakeRoot 252"
2026-09-20_08-22,2026-09-20T08:42:06,20.1,5.0,417,1835,9930,190,1183,12839,0,0,69,55,2923,0,2923,69,122,0,0,17,7994,3677,3155,0,250,0,0,0,79,168,1012,Ilsa the Sage,16469,5622,10847,0,0,0,0,,0,0,0,,"RawRibs 1049, LeatherChest 33, LeatherBustierArms 31, LeatherSkirt 19, LightningScroll 15, Feather 10","Feather 315, Log 194, Leather 193, IronIngot 158, BlackPearl 133, Nightshade 124"
2026-09-20_08-22,2026-09-20T08:47:06,25.1,5.0,483,2483,12181,190,1088,13418,0,0,51,62,2019,0,2019,75,109,1,0,20,2181,1211,3405,0,250,0,0,0,79,178,1059,Hale the Architect,18555,5481,13074,0,0,0,0,,0,0,0,,"RawRibs 946, LeatherChest 32, LeatherBustierArms 31, LeatherSkirt 19, LightningScroll 17, IronIngot 15","Feather 482, Leather 333, Bloodmoss 201, IronIngot 187, Nightshade 178, Log 174"
2026-09-20_08-22,2026-09-20T08:52:06,30.1,5.0,530,2200,10546,189,922,13788,0,0,49,120,3295,0,3295,142,167,2,0,26,2557,1347,3655,0,250,0,0,0,79,207,1408,Hale the Architect,18701,3817,14884,0,0,0,0,,0,0,0,,"RawRibs 787, LeatherChest 32, LeatherBustierArms 30, LeatherSkirt 20, LightningScroll 17, LeatherLegs 10","Feather 648, IronIngot 365, Leather 201, Log 153, MagicArrowScroll 103, Bloodmoss 102"
2026-09-20_08-22,2026-09-20T08:57:07,35.1,5.0,587,2017,8329,188,856,14120,9,1269,62,194,2968,22,2946,147,253,1,7,28,3004,1634,3883,0,250,0,22,0,79,190,2061,Hale the Architect,20075,2247,17828,0,0,0,0,,0,0,0,,"RawRibs 717, LeatherChest 33, LeatherBustierArms 29, LeatherSkirt 21, LightningScroll 17, LeatherLegs 10","Feather 748, IronIngot 396, Leather 330, Log 148, LesserHealPotion 40, OilCloth 29"
2026-09-20_08-22,2026-09-20T09:02:07,40.1,5.0,592,1795,7295,195,910,14225,11,908,36,145,2013,0,2013,136,180,1,23,43,3291,2106,4133,0,250,0,0,0,79,238,2637,Hale the Architect,21555,1933,19622,0,0,0,0,,0,0,0,,"RawRibs 760, LeatherChest 33, LeatherBustierArms 30, LeatherSkirt 24, LightningScroll 16, LeatherLegs 10","IronIngot 429, Leather 418, Feather 316, Log 113, Nightshade 61, Bloodmoss 61"
2026-09-20_08-22,2026-09-20T09:07:07,45.1,5.0,609,1903,7696,200,1071,15350,12,642,34,7,588,8,580,5,41,3,14,85,2289,1618,4375,0,250,0,8,0,79,275,3022,Hale the Architect,24028,4016,20012,0,0,0,0,,0,0,0,,"RawRibs 925, LeatherChest 32, LeatherBustierArms 29, LeatherSkirt 24, LightningScroll 16, LeatherLegs 10","IronIngot 723, Leather 356, Feather 262, Log 113, Nightshade 61, Bloodmoss 55"
2026-09-20_08-22,2026-09-20T09:12:07,50.1,5.0,616,1838,7411,201,1067,16352,11,640,12,18,442,0,442,22,30,3,32,16,3075,1600,4625,0,250,0,0,0,79,289,3163,Hale the Architect,25533,4967,20566,0,0,0,0,,0,0,0,,"RawRibs 926, LeatherChest 32, LeatherBustierArms 28, LeatherSkirt 24, LightningScroll 16, LeatherLegs 10","IronIngot 646, Feather 407, Leather 168, Log 103, Bloodmoss 75, Nightshade 66"
2026-09-20_08-22,2026-09-20T09:17:07,55.1,5.0,641,1779,8552,192,1120,17219,9,554,69,77,1779,0,1779,38,146,6,39,13,4265,909,4875,0,250,0,0,0,78,291,3449,Hale the Architect,29057,5979,23078,0,0,0,0,,0,0,0,,"RawRibs 803, Bolt 174, LeatherChest 30, LeatherBustierArms 28, LeatherSkirt 24, LightningScroll 14","IronIngot 567, Feather 397, Leather 246, Log 123, MandrakeRoot 63, MagicArrowScroll 61"
2026-09-20_08-22,2026-09-20T09:22:07,60.1,5.0,680,2891,12100,185,1010,18011,10,837,35,140,1226,0,1226,47,168,2,27,80,1954,704,5125,0,250,0,0,0,79,286,3483,Hale the Architect,29917,2691,27226,0,0,0,0,,0,0,0,,"RawRibs 619, Bolt 164, Arrow 82, LeatherChest 31, LeatherBustierArms 28, LeatherSkirt 24","Log 898, IronIngot 622, Leather 555, Feather 397, MagicArrowScroll 65, MandrakeRoot 64"
2026-09-20_08-22,2026-09-20T09:27:07,65.1,5.0,695,4192,12319,184,1017,19655,6,739,31,30,895,8,887,5,61,2,9,50,2563,1990,5367,0,250,0,8,0,79,269,3652,Hale the Architect,31231,4245,26986,0,0,0,0,,0,0,0,,"RawRibs 623, Bolt 164, Arrow 69, LeatherChest 30, LeatherBustierArms 27, LeatherSkirt 24","Log 2483, IronIngot 448, Leather 431, Feather 397, MagicArrowScroll 83, Shoes 61"
2026-09-20_08-22,2026-09-20T09:32:07,70.1,5.0,695,3253,9153,182,944,19784,5,465,47,127,2176,0,2176,119,169,3,24,37,4920,1226,5617,0,250,0,0,0,79,316,4675,Hale the Architect,35850,7203,28647,0,0,0,0,,0,0,0,,"RawRibs 588, Bolt 159, Arrow 60, LeatherChest 31, LeatherBustierArms 27, LeatherSkirt 24","Log 2046, Leather 448, Feather 340, MagicArrowScroll 111, IronIngot 74, RawRibs 32"
2026-09-20_08-22,2026-09-20T09:37:07,75.1,5.0,690,3935,11287,187,1141,21265,7,2213,13,32,640,0,640,49,44,3,8,38,2085,627,5867,0,250,0,0,0,79,301,4973,Hale the Architect,36295,7719,28576,0,0,0,0,,0,0,0,,"RawRibs 608, Arrow 241, Bolt 155, LeatherChest 31, LeatherBustierArms 26, LeatherSkirt 24","Log 2976, Leather 582, MagicArrowScroll 81, IronIngot 74, RawRibs 45, LesserCurePotion 25"
2026-09-20_08-22,2026-09-20T09:42:07,80.1,5.0,647,4005,10774,183,1189,22275,3,1152,13,71,771,0,771,43,83,1,25,41,3151,759,6117,0,250,0,0,0,79,277,5489,Hale the Architect,38210,9029,29181,0,0,0,0,,0,0,0,,"RawRibs 483, Arrow 415, Bolt 155, LeatherChest 31, LeatherBustierArms 26, LeatherSkirt 24","Log 2894, Leather 730, IronIngot 74, RawRibs 49, MagicArrowScroll 40, Shoes 26"
2026-09-20_08-22,2026-09-20T09:47:07,85.1,5.0,631,5554,13660,179,1215,24657,6,1664,22,52,570,8,562,29,74,4,35,58,2707,964,6359,0,250,0,8,0,79,285,5438,Hale the Architect,39095,7051,32044,0,0,0,0,,0,0,0,,"Arrow 530, RawRibs 397, Bolt 155, LeatherChest 30, LeatherBustierArms 26, LeatherSkirt 24","Log 4335, Leather 729, RawRibs 65, SpidersSilk 52, MandrakeRoot 50, Garlic 50"
2026-09-20_08-22,2026-09-20T09:52:07,90.1,5.0,623,6332,14691,189,1375,27262,10,5430,29,99,892,0,892,15,120,0,41,76,5268,2108,6609,0,250,0,0,0,79,274,5597,Hale the Architect,39349,6966,32383,0,0,0,0,,0,0,0,,"Arrow 596, RawRibs 482, Bolt 152, LeatherChest 30, LeatherBustierArms 26, LeatherSkirt 24","Log 5329, Leather 507, IronIngot 124, RawRibs 77, MagicArrowScroll 44, Nightshade 33"
2026-09-20_08-22,2026-09-20T09:57:07,95.1,5.0,589,8506,19205,183,1446,27256,9,5990,16,67,1168,8,1160,22,81,7,52,68,2284,528,6851,0,250,0,8,0,79,292,6655,Hale the Architect,42293,7937,34356,0,0,0,0,,0,0,0,,"Arrow 588, RawRibs 570, Bolt 151, LeatherChest 28, LeatherBustierArms 25, LeatherSkirt 24","Log 7304, Leather 566, Feather 139, IronIngot 136, RawRibs 85, SpidersSilk 50"
2026-09-20_08-22,2026-09-20T10:02:07,100.1,5.0,601,10665,24280,179,1646,28329,11,12630,41,109,1118,0,1118,29,150,8,51,42,3486,904,7101,0,250,0,0,0,79,299,6859,Hale the Architect,43227,5831,37396,0,0,0,0,,0,0,0,,"Arrow 775, RawRibs 589, Bolt 151, LeatherChest 28, LeatherSkirt 24, LeatherBustierArms 22","Log 8624, Leather 830, Feather 583, IronIngot 129, RawRibs 116, SpidersSilk 62"
2026-09-20_08-22,2026-09-20T10:07:07,105.1,5.0,600,11251,25392,181,1815,30472,13,13413,16,79,903,0,903,12,84,2,56,105,3783,1612,7351,0,250,0,0,0,79,282,7549,Hale the Architect,45606,8363,37243,0,0,0,0,,0,0,0,,"Arrow 933, RawRibs 604, Bolt 150, LeatherChest 28, LeatherSkirt 24, LeatherBustierArms 22","Log 8776, Feather 983, Leather 848, RawRibs 113, IronIngot 86, SpidersSilk 63"
2026-09-20_08-22,2026-09-20T10:12:07,110.1,5.0,603,12539,27863,186,1994,32989,12,15130,16,69,547,0,547,0,85,4,51,82,5389,1430,7601,0,250,0,0,0,79,348,7304,Hale the Architect,47644,7520,40124,0,0,0,0,,0,0,0,,"Arrow 1072, RawRibs 642, Bolt 148, LeatherChest 26, LeatherSkirt 23, LeatherBustierArms 22","Log 10566, Feather 811, Leather 639, IronIngot 86, RawRibs 77, MagicArrowScroll 67"
2026-09-20_08-22,2026-09-20T10:17:08,115.1,5.0,587,14894,34088,179,1931,34335,9,16984,8,91,429,0,429,38,99,2,57,59,3024,834,7851,0,250,0,0,0,79,345,7361,Hale the Architect,47603,7088,40515,0,0,0,0,,0,0,0,,"Arrow 1148, RawRibs 496, Bolt 148, LeatherChest 26, LeatherSkirt 23, LeatherBustierArms 22","Log 13165, Leather 631, Feather 583, MagicArrowScroll 103, RawRibs 83, IronIngot 58"
2026-09-20_08-22,2026-09-20T10:22:08,120.1,5.0,560,14370,30855,180,1945,35986,10,18702,42,32,768,0,768,10,74,2,54,46,5959,1273,8101,0,250,0,0,0,79,336,7370,Hale the Architect,52403,8022,44381,0,0,0,0,,0,0,0,,"Arrow 1148, RawRibs 560, Bolt 146, LeatherChest 26, LeatherSkirt 23, LeatherBustierArms 22","Log 13345, Feather 483, Leather 278, RawRibs 73, MagicArrowScroll 57, MandrakeRoot 27"
2026-09-20_08-22,2026-09-20T10:27:08,125.1,5.0,575,15758,34163,163,1895,31654,11,26744,36,92,746,0,746,54,127,29,69,60,3157,4972,8351,0,250,0,0,0,79,394,7482,Hale the Architect,56046,6832,49214,0,0,0,0,,0,0,0,,"Arrow 1147, RawRibs 532, Bolt 145, LeatherSkirt 23, LeatherChest 16, LeatherArms 15","Log 14825, Leather 414, Feather 244, MagicArrowScroll 103, RawRibs 59, Shoes 31"
2026-09-20_08-22,2026-09-20T10:32:08,130.1,5.0,581,17989,39923,142,1853,28085,11,29606,18,53,596,0,596,10,69,29,68,109,2387,3133,8601,0,250,0,0,0,76,446,7458,Hale the Architect,56754,4697,52057,0,0,0,0,,0,0,0,,"Arrow 1173, RawRibs 480, Bolt 144, BronzeIngot 20, LeatherSkirt 18, LeatherArms 15","Log 16715, Leather 682, MagicArrowScroll 155, Feather 122, RawRibs 92, SpidersSilk 32"
2026-09-20_08-22,2026-09-20T10:37:08,135.1,5.0,593,15255,33376,143,1849,29443,8,23964,35,95,565,0,565,3,130,15,70,84,6738,1566,8851,0,250,0,0,0,79,449,7588,Hale the Architect,61108,7010,54098,0,0,0,0,,0,0,0,,"Arrow 1189, RawRibs 462, Bolt 141, BronzeIngot 20, LightningScroll 15, LeatherArms 15","Log 14335, Leather 498, MagicArrowScroll 126, RawRibs 96, SpidersSilk 39, LesserCurePotion 21"
2026-09-20_08-22,2026-09-20T10:42:08,140.1,5.0,599,16848,35254,129,1878,30137,9,26538,19,46,668,0,668,4,65,18,75,66,4383,1925,9101,0,250,0,0,0,79,433,8008,Hale the Architect,63480,6711,56769,0,0,0,0,,0,0,0,,"Arrow 1201, RawRibs 431, Bolt 139, BronzeIngot 20, LeatherBustierArms 16, LeatherArms 15","Log 15715, Leather 686, RawRibs 126, MagicArrowScroll 112, SpidersSilk 33, LesserCurePotion 24"
2026-09-20_08-22,2026-09-20T10:47:08,145.1,5.0,620,13836,32366,127,1990,32390,12,26179,44,86,1194,0,1194,23,130,9,84,91,8554,3256,9351,0,250,0,0,0,79,460,8143,Hale the Architect,68169,11081,57088,0,0,0,0,,0,0,0,,"Arrow 1339, RawRibs 383, Bolt 137, IronIngot 20, BronzeIngot 20, LeatherBustierArms 18","Log 12874, Leather 474, Feather 136, RawRibs 119, LesserCurePotion 36, Garlic 33"
2026-09-20_08-22,2026-09-20T10:52:08,150.1,5.0,613,9183,26100,128,1997,34208,13,21204,52,84,1260,0,1260,20,135,8,39,174,3171,1513,9601,0,250,0,0,0,79,441,7599,Hale the Architect,68078,2181,65897,0,0,0,0,,0,0,0,,"Arrow 1327, RawRibs 424, Bolt 136, CopperIngot 20, LeatherBustierArms 19, LeatherArms 13","Log 8039, Leather 599, Feather 136, RawRibs 112, Bloodmoss 35, LesserCurePotion 34"
2026-09-20_08-22,2026-09-20T10:57:08,155.1,5.0,583,6701,21165,132,2042,36721,7,17062,19,101,562,0,562,0,120,8,27,92,4666,1481,9851,0,250,0,0,0,79,430,7879,Hale the Architect,69700,2788,66912,0,0,0,0,,0,0,0,,"Arrow 1325, RawRibs 497, Bolt 134, LeatherBustierArms 19, LeatherArms 14, LightningScroll 13","Log 5769, Leather 554, RawRibs 75, Feather 41, Bloodmoss 35, MagicArrowScroll 32"
2026-09-20_08-22,2026-09-20T11:02:08,160.1,5.0,589,5795,13231,134,2065,39263,9,10382,40,135,1407,0,1407,28,172,6,22,158,4060,1690,10101,0,250,0,0,0,79,419,7747,Hale the Architect,70324,2403,67921,0,0,0,0,,0,0,0,,"Arrow 1317, RawRibs 489, Bolt 134, LeatherBustierArms 19, Feather 15, DullCopperIngot 14","Log 5125, Leather 270, Feather 41, SpidersSilk 40, RawRibs 36, MagicArrowScroll 31"
2026-09-20_08-22,2026-09-20T11:07:08,165.1,5.0,598,5906,19158,140,2091,41610,5,14856,55,73,1565,378,1187,13,127,1,14,115,571,796,9973,0,250,0,378,338,79,456,8038,Hale the Architect,70951,3482,67469,0,0,0,0,,0,0,0,,"Arrow 1300, RawRibs 598, Bolt 132, LeatherBustierArms 19, LeatherArms 14, LightningScroll 12","Log 5137, IronIngot 265, Leather 74, MagicArrowScroll 59, Feather 41, SpidersSilk 40"
2026-09-20_08-22,2026-09-20T11:12:08,170.1,5.0,613,8016,23829,147,2258,41149,10,17820,38,111,4220,350,3870,38,145,2,4,70,1099,952,9873,0,250,0,350,350,79,385,11489,Hale the Architect,72496,2012,70484,0,0,0,0,,0,0,0,,"Arrow 1300, RawRibs 791, Bolt 131, LeatherBustierArms 18, LeatherArms 15, LeatherSkirt 13","Log 6908, IronIngot 502, Leather 237, MagicArrowScroll 94, Feather 41, Bloodmoss 39"
2026-09-20_08-22,2026-09-20T11:17:08,175.1,5.0,606,9918,28357,142,2123,44177,6,20818,31,48,895,362,533,33,74,4,11,48,2068,385,9761,0,250,0,362,362,79,352,10891,Hale the Architect,71991,2644,69347,0,0,0,0,,0,0,0,,"Arrow 1298, RawRibs 683, Bolt 129, LeatherBustierArms 18, LeatherArms 14, LeatherSkirt 13","Log 8910, IronIngot 492, Leather 290, MagicArrowScroll 32, RawRibs 28, Bloodmoss 24"
2026-09-20_08-22,2026-09-20T11:22:08,180.1,5.0,595,11119,30929,143,2307,46836,5,24033,41,70,1860,373,1487,59,109,2,9,36,4269,666,9638,0,250,0,373,373,79,371,10934,Hale the Architect,74110,3609,70501,0,0,0,0,,0,0,0,,"Arrow 1283, RawRibs 601, Bolt 420, LeatherBustierArms 18, LeatherArms 14, LeatherSkirt 13","Log 10207, IronIngot 333, Leather 239, Feather 171, LesserCurePotion 34, RawRibs 32"
2026-09-20_08-22,2026-09-20T11:27:08,185.1,5.0,600,12753,36035,150,2411,47496,4,26994,50,84,1377,386,991,78,133,6,2,34,3310,4981,9502,0,250,0,386,386,79,387,11249,Hale the Architect,74960,5457,69503,0,0,0,0,,0,0,0,,"Arrow 1200, RawRibs 809, Bolt 420, LeatherBustierArms 17, LeatherArms 14, LeatherSkirt 14","Log 11636, Feather 421, IronIngot 326, Leather 194, SulfurousAsh 39, LesserHealPotion 17"
2026-09-20_08-22,2026-09-20T11:32:08,190.1,5.0,619,14533,41370,139,2047,48531,8,29030,36,103,1212,398,814,91,139,4,17,57,2061,2278,9354,0,250,0,398,398,79,309,11259,Hale the Architect,74819,2752,72067,0,0,0,0,,0,0,0,,"Arrow 1046, RawRibs 650, Bolt 419, LeatherBustierArms 17, LeatherArms 14, LeatherSkirt 14","Log 13110, IronIngot 446, Feather 335, Leather 332, SulfurousAsh 59, Nightshade 39"
2026-09-20_08-22,2026-09-20T11:37:08,195.1,5.0,634,15449,44385,139,1975,50231,14,35553,70,48,2260,412,1848,22,117,5,17,28,2665,1739,9192,0,250,0,412,412,79,352,11518,Hale the Architect,76117,3358,72759,0,0,0,0,,0,0,0,,"Arrow 984, RawRibs 620, Bolt 413, LeatherBustierArms 16, LeatherSkirt 14, LeatherArms 13","Log 14183, Leather 391, Feather 240, IronIngot 228, SulfurousAsh 94, Bloodmoss 30"
2026-09-20_08-22,2026-09-20T11:42:08,200.1,5.0,610,17390,49636,135,1938,52177,13,42279,45,72,1517,428,1089,64,117,4,16,37,2595,1828,9014,0,250,0,428,428,78,374,11763,Hale the Architect,73818,3554,70264,0,0,0,0,,0,0,0,,"Arrow 968, RawRibs 630, Bolt 408, LeatherBustierArms 15, LeatherSkirt 14, LeatherArms 13","Log 16072, Leather 389, IronIngot 314, Feather 280, SulfurousAsh 75, MandrakeRoot 29"
2026-09-20_08-22,2026-09-20T11:47:08,205.1,5.0,604,19537,55422,143,2046,53465,15,46336,48,142,1768,442,1326,83,190,4,19,41,1791,2236,8822,0,250,0,442,442,79,386,11835,Hale the Architect,77509,3959,73550,0,0,0,0,,0,0,0,,"Arrow 953, RawRibs 699, Bolt 407, LeatherBustierArms 15, Feather 15, LeatherSkirt 14","Log 18349, Leather 372, IronIngot 274, Feather 180, SulfurousAsh 100, DullCopperIngot 37"
2026-09-20_08-22,2026-09-20T11:52:08,210.1,5.0,594,21612,60825,138,2000,56496,17,54730,41,46,1063,461,602,33,86,1,16,65,3002,907,8611,0,250,0,461,461,79,399,11765,Hale the Architect,77731,4334,73397,0,0,0,0,,0,0,0,,"Arrow 952, RawRibs 683, Bolt 407, Feather 30, LeatherBustierArms 15, LeatherSkirt 14","Log 20585, IronIngot 312, Leather 204, Feather 137, RawRibs 51, SulfurousAsh 41"
2026-09-20_08-22,2026-09-20T11:57:08,215.1,5.0,575,23871,48402,136,1920,57227,15,42033,60,58,1736,479,1257,74,118,5,18,29,2318,1161,8382,0,250,0,479,479,78,333,11928,Hale the Architect,79153,2495,76658,0,0,0,0,,0,0,0,,"Arrow 947, RawRibs 668, Bolt 407, Feather 25, LeatherBustierArms 15, LeatherSkirt 13","Log 22900, Leather 326, IronIngot 167, Feather 100, SpidersSilk 42, DullCopperIngot 41"
2026-09-20_08-22,2026-09-20T12:02:08,220.1,5.0,547,24908,66104,127,1809,57491,15,59555,37,128,1739,497,1242,123,164,3,18,20,2498,1123,8135,0,250,0,497,497,79,358,11827,Hale the Architect,81796,3444,78352,0,0,0,0,,0,0,0,,"Arrow 931, RawRibs 594, Bolt 407, LeatherBustierArms 15, LeatherSkirt 13, LeatherArms 11","Log 23927, Leather 306, IronIngot 197, Feather 100, Nightshade 42, DullCopperIngot 37"
2026-09-20_08-22,2026-09-20T12:07:08,225.1,5.0,553,26608,71978,125,1753,57178,18,63095,41,135,1584,521,1063,104,176,3,22,39,1397,1579,7366,0,250,0,1019,509,79,443,11831,Hale the Architect,86050,3283,82767,0,0,0,0,,0,0,0,,"Arrow 922, RawRibs 587, Bolt 406, LeatherBustierArms 14, LeatherSkirt 13, LeatherArms 11","Log 25607, Leather 446, IronIngot 278, DullCopperIngot 53, RawRibs 31, SpidersSilk 30"
2026-09-20_08-22,2026-09-20T12:12:09,230.1,5.0,541,26729,72204,128,1794,66403,15,68786,40,40,1043,504,539,35,80,4,17,60,4366,908,7112,0,250,0,504,500,79,386,11772,Hale the Architect,81163,5607,75556,0,0,0,0,,0,0,0,,"Arrow 994, RawRibs 573, Bolt 405, LeatherBustierArms 13, LeatherSkirt 13, LeatherArms 11","Log 25558, Leather 649, IronIngot 285, DullCopperIngot 53, Shoes 29, RawRibs 28"
2026-09-20_08-22,2026-09-20T12:17:09,235.1,5.0,539,28472,73396,129,1749,70049,19,68873,41,88,1146,530,616,60,127,2,33,62,2053,832,6832,0,250,0,530,522,79,371,11832,Hale the Architect,80268,5747,74521,0,0,0,0,,0,0,0,,"Arrow 994, RawRibs 551, Bolt 401, LeatherBustierArms 13, LeatherSkirt 13, LeatherArms 12","Log 27091, Leather 814, IronIngot 232, DullCopperIngot 37, SpidersSilk 36, MandrakeRoot 36"
2026-09-20_08-22,2026-09-20T12:22:09,240.1,5.0,545,30900,78578,127,1793,67635,19,73022,41,59,1152,549,603,29,100,7,21,70,2651,805,6533,0,250,0,549,549,79,430,11866,Hale the Architect,85915,3345,82570,0,0,0,0,,0,0,0,,"Arrow 927, RawRibs 629, Bolt 391, LeatherBustierArms 13, LeatherArms 12, LeatherSkirt 11","Log 29397, Leather 761, IronIngot 286, Ginseng 55, SpidersSilk 53, Garlic 45"
2026-09-20_08-22,2026-09-20T12:27:09,245.1,5.0,562,31449,84452,129,1897,64253,14,80009,72,62,2621,582,2039,66,127,5,22,42,3874,4393,6201,0,250,0,582,582,79,371,11869,Hale the Architect,91347,5874,85473,0,0,0,0,,0,0,0,,"Arrow 869, RawRibs 707, Bolt 386, Feather 46, LeatherArms 13, LeatherBustierArms 13","Log 30029, Leather 712, IronIngot 215, MagicArrowScroll 96, RawRibs 47, SpidersSilk 35"
2026-09-20_08-22,2026-09-20T12:32:09,250.1,5.0,560,33642,77188,119,1836,62222,15,71584,37,106,1438,615,823,107,143,12,31,22,2550,2134,5836,0,250,0,615,615,77,452,11752,Hale the Architect,93492,4443,89049,0,0,0,0,,0,0,0,,"Arrow 851, RawRibs 645, Bolt 377, Feather 40, LeatherArms 13, LeatherSkirt 10","Log 32282, Leather 596, IronIngot 245, MagicArrowScroll 225, Nightshade 32, DullCopperIngot 28"
2026-09-20_08-22,2026-09-20T12:37:09,255.1,5.0,568,36478,94898,118,1768,66077,17,89257,41,133,1783,666,1117,66,173,6,19,50,4130,3411,5420,0,250,0,666,658,79,489,11728,Hale the Architect,93819,3695,90124,0,0,0,0,,0,0,0,,"Arrow 827, RawRibs 604, Bolt 376, Feather 20, LeatherArms 12, LeatherSkirt 10","Log 35270, Leather 472, MagicArrowScroll 208, IronIngot 199, Feather 67, ShadowIronIngot 32"
2026-09-20_08-22,2026-09-20T12:42:09,260.1,5.0,564,37628,97810,124,1920,68446,15,94090,36,85,1590,710,880,15,119,9,15,117,4600,1848,4960,0,250,0,710,710,79,614,14595,Hale the Architect,95959,4735,91224,0,0,0,0,,0,0,0,,"Arrow 806, RawRibs 747, Bolt 374, Feather 25, Leather 16, LeatherBustierArms 11","Log 36587, IronIngot 242, Leather 223, MagicArrowScroll 176, Feather 67, LesserHealPotion 41"
2026-09-20_08-22,2026-09-20T12:47:09,265.1,5.0,549,38584,104577,124,1924,68745,13,101744,54,43,1841,776,1065,26,97,7,22,103,1896,2448,4434,0,250,0,776,776,79,687,14392,Hale the Architect,99809,5398,94411,0,0,0,0,,0,0,0,,"Arrow 787, RawRibs 757, Bolt 369, Feather 26, LeatherBustierArms 11, Leather 10","Log 37791, IronIngot 283, MagicArrowScroll 90, Feather 67, Shoes 49, BronzeIngot 35"
2026-09-20_08-22,2026-09-20T12:52:09,270.1,5.0,589,40995,113690,116,1695,73935,18,109226,44,127,1900,863,1037,72,170,3,32,68,2139,2246,3821,0,250,0,863,863,79,713,14718,Hale the Architect,97581,3924,93657,0,0,0,0,,0,0,0,,"Arrow 770, RawRibs 549, Bolt 368, Feather 21, LeatherBustierArms 12, LeatherGloves 8","Log 39719, Leather 360, IronIngot 346, Feather 67, Shoes 58, BronzeIngot 51"
2026-09-20_08-22,2026-09-20T12:57:09,275.1,5.0,587,43040,120163,115,1767,74324,16,113096,44,17,4804,4021,783,13,88,4,16,49,753,869,50,0,250,0,4021,782,79,710,14625,Hale the Architect,103292,4879,98413,0,0,0,0,,0,0,0,,"Arrow 755, RawRibs 565, Bolt 368, Feather 40, LeatherBustierArms 11, LeatherGloves 8","Log 40998, Leather 890, IronIngot 428, Shoes 68, RawRibs 67, Feather 67"
2026-09-20_08-22,2026-09-20T13:02:09,280.1,5.0,601,45223,114358,126,1854,83223,21,108430,27,91,1035,0,1035,72,118,3,16,23,2344,956,300,0,250,0,0,0,79,630,14743,Hale the Architect,100055,7512,92543,0,0,0,0,,0,0,0,,"Arrow 754, RawRibs 637, Bolt 368, Feather 30, LeatherBustierArms 12, LeatherArms 8","Log 43068, Leather 848, IronIngot 513, MandrakeRoot 83, Shoes 77, Bloodmoss 76"
2026-09-20_08-22,2026-09-20T13:07:09,285.1,5.0,629,46906,95036,123,1857,84572,22,89716,40,102,1405,0,1405,20,142,4,71,111,3770,1990,550,0,250,0,0,0,79,723,11376,Hale the Architect,103115,10121,92994,0,0,0,0,,0,0,0,,"Arrow 738, RawRibs 636, Bolt 365, Feather 30, IronIngot 25, LeatherBustierArms 12","Log 45448, Leather 760, IronIngot 157, Bloodmoss 76, RawRibs 66, Nightshade 54"
2026-09-20_08-22,2026-09-20T13:12:09,290.1,5.0,639,49629,120051,123,1862,84322,25,113514,30,111,1452,0,1452,6,139,7,88,108,1897,520,800,0,250,0,0,0,78,792,11525,Hale the Architect,104366,7224,97142,0,0,0,0,,0,0,0,,"Arrow 716, RawRibs 697, Bolt 365, Feather 20, LeatherBustierArms 13, EnergyBoltScroll 10","Log 47908, Leather 857, IronIngot 157, Bloodmoss 66, MandrakeRoot 62, RawRibs 59"
2026-09-20_08-22,2026-09-20T13:17:09,295.1,5.0,629,51385,128076,113,1688,87021,20,123740,40,97,1282,0,1282,32,137,2,100,50,3044,762,950,0,250,0,100,0,79,930,10837,Hale the Architect,106211,7604,98607,0,0,0,0,,0,0,0,,"Arrow 701, RawRibs 533, Bolt 364, Feather 25, LeatherBustierArms 14, EnergyBoltScroll 10","Log 49958, Leather 836, IronIngot 129, RawRibs 98, BronzeIngot 74, Garlic 35"
2026-09-20_08-22,2026-09-20T13:22:09,300.1,5.0,625,53473,116793,114,1645,97778,18,106607,19,76,827,0,827,54,85,1,132,36,2965,540,1200,0,250,0,0,0,78,660,10899,Hale the Architect,98238,7642,90596,0,0,0,0,,0,0,0,,"Arrow 701, RawRibs 491, Bolt 363, Feather 25, LeatherBustierArms 14, EnergyBoltScroll 10","Log 51558, Leather 1106, IronIngot 135, RawRibs 103, MandrakeRoot 82, BronzeIngot 74"
2026-09-20_08-22,2026-09-20T13:27:09,305.1,5.0,631,55632,118084,113,1600,101688,15,104100,28,71,889,0,889,10,99,0,93,82,2007,3288,1450,0,250,0,0,0,79,686,9938,Hale the Architect,96972,7049,89923,0,0,0,0,,0,0,0,,"Arrow 677, RawRibs 470, Bolt 361, Feather 25, LeatherBustierArms 14, EnergyBoltScroll 11","Log 53183, Leather 1243, IronIngot 293, Feather 167, RawRibs 107, DullCopperIngot 87"
2026-09-20_08-22,2026-09-20T13:32:09,310.1,5.0,628,55497,126364,117,1683,104041,15,114954,13,113,741,0,741,34,125,4,114,71,6390,2339,1700,0,250,0,0,0,79,831,10067,Hale the Architect,100094,8404,91690,0,0,0,0,,0,0,0,,"Arrow 665, RawRibs 511, Bolt 361, Feather 50, IronIngot 31, LeatherBustierArms 14","Log 53178, Leather 1025, IronIngot 315, Feather 167, RawRibs 103, DullCopperIngot 96"
2026-09-21_18-06,2026-09-21T18:11:50,5.1,5.1,171,1268,6666,160,721,9143,0,0,35,190,2459,0,2459,126,224,0,0,89,0,5823,1800,0,250,0,0,0,78,317,10160,Hale the Architect,62279,3755,58524,21900,0,0,0,,0,3000,0,,"RawRibs 575, Feather 25, LeatherBustierArms 24, LeatherChest 23, LeatherSkirt 17, LeatherArms 16","Leather 357, Feather 242, IronIngot 189, Garlic 89, SpidersSilk 75, Ginseng 52"
2026-09-21_18-12,2026-09-21T18:17:39,5.1,5.1,164,1606,9619,128,711,6484,0,0,43,113,2514,0,2514,85,151,0,0,81,0,1908,2050,0,250,0,0,0,79,381,10543,Hale the Architect,56303,3177,53126,0,0,0,0,,0,3200,200,,"RawRibs 615, LeatherBustierArms 20, LeatherChest 19, LightningScroll 17, LeatherSkirt 12, LeatherArms 9","Leather 485, IronIngot 405, Feather 227, SpidersSilk 59, Nightshade 48, MandrakeRoot 48"
2026-09-21_18-25,2026-09-21T18:30:13,5.1,5.1,142,1313,7152,102,356,5022,0,0,36,141,2153,0,2153,93,170,0,0,74,0,1754,2600,0,250,0,0,0,79,208,11421,Hale the Architect,45508,3047,42461,0,0,0,0,,0,3200,0,,"RawRibs 266, LeatherBustierArms 17, LeatherArms 15, LightningScroll 13, LeatherSkirt 11, LeatherChest 11","Leather 426, IronIngot 293, Feather 214, SpidersSilk 52, Garlic 39, Bloodmoss 37"
2026-09-21_18-25,2026-09-21T18:35:13,10.1,5.0,185,1807,9254,117,405,5323,0,0,11,35,1460,0,1460,49,43,0,0,44,0,1106,2850,0,250,0,0,0,79,196,11988,Hale the Architect,44895,2971,41924,0,0,0,0,,0,3200,0,,"RawRibs 292, LeatherBustierArms 18, LeatherArms 18, LightningScroll 15, LeatherChest 15, IronIngot 15","Leather 506, IronIngot 485, Feather 214, Log 65, SpidersSilk 53, Bloodmoss 47"
2026-09-21_18-25,2026-09-21T18:40:13,15.1,5.0,201,1652,6776,133,423,6750,0,0,17,42,717,0,717,44,58,0,0,26,3038,1677,3100,0,250,0,0,0,78,197,12185,Hale the Architect,44404,2815,41589,0,0,0,1,,1,3200,0,,"RawRibs 298, LeatherArms 21, LeatherBustierArms 20, LightningScroll 17, LeatherChest 17, LeatherSkirt 15","IronIngot 627, Leather 366, Feather 249, ShadowIronIngot 42, CopperIngot 33, Arrow 31"
2026-09-21_18-49,2026-09-21T18:54:19,5.1,5.1,118,1211,8115,83,205,3983,0,0,14,81,1043,0,1043,29,94,0,0,72,0,1556,8650,0,250,5000,0,0,79,120,12038,Hale the Architect,29856,1816,28040,5000,0,5000,16,,18,3320,0,,"RawRibs 135, LeatherArms 16, LeatherChest 12, LeatherBustierArms 11, LightningScroll 8, LeatherSkirt 7","Leather 390, IronIngot 332, Bloodmoss 50, Nightshade 49, MandrakeRoot 49, SulfurousAsh 46"
2026-09-21_18-49,2026-09-21T18:59:19,10.1,5.0,190,2881,15029,105,292,5007,0,0,12,23,595,0,595,11,34,0,0,63,0,769,8900,0,250,0,0,0,75,102,12067,Hale the Architect,28043,1836,26207,0,0,0,5,,23,3320,0,,"RawRibs 201, LeatherArms 19, LeatherBustierArms 16, LeatherChest 15, LightningScroll 12, LeatherSkirt 12","Leather 850, Feather 616, IronIngot 598, MandrakeRoot 81, SpidersSilk 78, Garlic 76"
2026-09-21_21-58,2026-09-21T22:03:56,5.1,5.1,143,835,8266,85,234,4113,0,0,42,58,2116,0,2116,54,88,0,0,101,0,860,9150,0,250,0,0,0,76,104,11975,Hale the Architect,26200,2015,24185,0,0,0,40,,64,3320,0,,"RawRibs 164, LeatherArms 14, LeatherBustierArms 12, LeatherChest 12, LightningScroll 11, LeatherSkirt 5","IronIngot 338, Leather 52, SulfurousAsh 46, CopperIngot 44, Sandals 39, Dagger 29"
2026-09-21_21-58,2026-09-21T22:08:56,10.1,5.0,214,1766,14404,111,425,5529,0,0,25,51,921,0,921,2,74,0,0,164,0,1513,9400,0,250,0,0,0,77,100,12577,Hale the Architect,25521,1713,23808,0,0,0,4,,68,3323,3,,"RawRibs 335, LeatherArms 16, LeatherBustierArms 16, LeatherChest 14, LightningScroll 13, LeatherSkirt 9","IronIngot 818, Leather 370, MandrakeRoot 52, CopperIngot 50, Dagger 49, DullCopperIngot 47"
2026-09-21_21-58,2026-09-21T22:13:56,15.1,5.0,257,1672,6970,151,617,7664,0,0,103,47,5009,3785,1224,0,155,0,0,98,3022,2517,5865,0,250,0,3785,3785,79,125,13808,Hale the Architect,30046,2693,27353,0,0,0,0,,68,3446,123,,"RawRibs 497, LeatherBustierArms 24, LeatherArms 20, LeatherChest 20, LightningScroll 16, LeatherSkirt 15","IronIngot 724, Leather 562, DullCopperIngot 51, Dagger 31, CopperIngot 29, LesserHealPotion 29"
2026-09-21_21-58,2026-09-21T22:18:56,20.1,5.0,322,1634,5328,174,821,8710,0,0,124,127,5985,4115,1870,75,257,1,0,143,1698,2794,2000,0,250,0,4115,4115,77,176,14302,Hale the Architect,32576,2392,30184,0,265,0,0,,49,3680,420,,"RawRibs 671, LeatherBustierArms 25, LeatherArms 23, LeatherChest 21, LightningScroll 17, LeatherSkirt 17","IronIngot 658, Leather 541, Feather 140, Log 61, ShadowIronIngot 49, SulfurousAsh 30"
2026-09-21_21-58,2026-09-21T22:23:56,25.1,5.0,382,2199,7789,177,840,9705,0,0,33,73,1298,0,1298,43,105,3,0,54,1530,2969,2250,0,250,0,0,0,79,168,14396,Hale the Architect,33295,2349,30946,0,0,0,0,,49,3683,3,,"RawRibs 707, LeatherBustierArms 25, LeatherArms 23, LeatherChest 22, LightningScroll 17, LeatherSkirt 17","IronIngot 772, Leather 602, Feather 352, DullCopperIngot 76, ShadowIronIngot 68, CopperIngot 48"
2026-09-21_21-58,2026-09-21T22:28:56,30.1,5.0,466,3139,9644,178,745,10584,0,0,41,125,1507,0,1507,53,166,2,0,137,2077,2552,2500,0,250,0,0,0,79,168,14520,Hale the Architect,32943,2127,30816,1000,0,0,0,,49,3680,300,,"RawRibs 583, LeatherArms 26, LeatherBustierArms 26, Feather 25, LeatherChest 23, LeatherSkirt 19","IronIngot 875, Leather 873, Feather 531, Log 135, DullCopperIngot 97, CopperIngot 94"
2026-09-21_21-58,2026-09-21T22:33:56,35.1,5.0,494,3157,9909,175,680,11394,4,186,30,117,1242,0,1242,11,138,4,26,68,2546,1536,2650,0,250,0,100,0,79,182,15043,Hale the Architect,34554,2243,32311,0,312,0,2,,42,3680,123,,"RawRibs 498, Feather 45, LeatherArms 26, LeatherBustierArms 24, LeatherChest 23, LeatherSkirt 19","IronIngot 1000, Leather 635, Feather 531, DullCopperIngot 182, Log 115, ShadowIronIngot 102"
2026-09-21_21-58,2026-09-21T22:38:56,40.1,5.0,534,3423,10366,174,632,12413,7,611,28,40,953,0,953,10,69,5,13,69,3343,2262,2900,0,250,0,0,0,79,176,15249,Hale the Architect,36802,3313,33489,0,0,0,0,,42,3680,300,,"RawRibs 439, Feather 50, LeatherArms 26, LeatherChest 25, LeatherBustierArms 24, LeatherSkirt 19","IronIngot 1082, Leather 770, Feather 531, DullCopperIngot 187, ShadowIronIngot 182, Log 90"
2026-09-21_21-58,2026-09-21T22:43:56,45.1,5.0,580,3200,11603,170,489,13304,7,751,37,73,1652,0,1652,17,108,3,16,73,6110,1874,3150,0,250,0,0,0,79,179,15833,Hale the Architect,42690,6096,36594,0,0,0,13,,55,3680,232,,"RawRibs 309, Feather 35, LeatherArms 26, LeatherChest 25, LeatherBustierArms 24, LeatherSkirt 19","Leather 768, IronIngot 720, Feather 621, ShadowIronIngot 244, DullCopperIngot 217, CopperIngot 126"
2026-09-21_21-58,2026-09-21T22:48:56,50.1,5.0,621,3065,10376,169,431,13821,15,1262,46,57,1912,0,1912,23,102,2,20,82,3793,4403,3400,0,250,0,0,0,79,216,16254,Hale the Architect,42856,4940,37916,0,757,0,0,,0,4680,435,,"RawRibs 275, LeatherArms 26, LeatherBustierArms 26, LeatherChest 25, LeatherSkirt 19, LightningScroll 18","IronIngot 734, Feather 670, Leather 476, ShadowIronIngot 268, CopperIngot 155, DullCopperIngot 126"
2026-09-21_21-58,2026-09-21T22:53:56,55.1,5.0,660,2159,7204,167,474,14778,11,532,50,36,1388,0,1388,17,86,11,21,62,5550,2537,8650,0,250,5000,0,0,79,254,16448,Hale the Architect,41820,3117,38703,5000,0,5000,0,,0,4680,0,,"RawRibs 295, Feather 30, LeatherBustierArms 26, LeatherArms 24, LeatherChest 23, LeatherSkirt 20","Feather 381, IronIngot 305, ShadowIronIngot 291, DullCopperIngot 249, Leather 244, CopperIngot 145"
2026-09-21_21-58,2026-09-21T22:58:56,60.1,5.0,676,2485,9386,178,652,16039,7,340,40,81,1338,0,1338,27,120,3,31,91,1996,1506,8900,0,250,0,0,0,79,247,16683,Hale the Architect,41226,1801,39425,0,0,0,0,,0,4860,180,,"RawRibs 431, Feather 73, LeatherArms 26, LeatherBustierArms 26, LeatherChest 24, LeatherSkirt 21","IronIngot 439, DullCopperIngot 324, ShadowIronIngot 318, Feather 239, Leather 185, CopperIngot 160"
2026-09-21_21-58,2026-09-21T23:03:56,65.1,5.0,682,2258,7918,176,741,16603,9,482,64,58,1861,8,1853,19,112,7,24,139,2559,4328,9142,0,250,0,8,0,79,227,17140,Hale the Architect,42371,2010,40361,0,571,0,5,,5,4680,106,,"RawRibs 556, Feather 43, LeatherArms 27, LeatherBustierArms 26, LeatherChest 23, LeatherSkirt 19","DullCopperIngot 309, IronIngot 271, ShadowIronIngot 263, Feather 239, Leather 214, CopperIngot 208"
2026-09-21_21-58,2026-09-21T23:08:56,70.1,5.0,710,1946,8520,168,888,13647,6,256,65,102,5609,0,5609,24,153,3,23,179,2219,3610,9392,0,250,0,0,0,78,224,19963,Hale the Architect,46406,2141,44265,0,0,0,0,,5,4740,260,,"RawRibs 740, LeatherBustierArms 26, LeatherArms 24, Feather 23, LeatherSkirt 19, LightningScroll 16","Feather 381, DullCopperIngot 311, ShadowIronIngot 211, CopperIngot 198, BronzeIngot 136, IronIngot 113"
2026-09-21_21-58,2026-09-21T23:13:56,75.1,5.0,698,2044,8223,158,793,13391,6,502,47,84,2709,0,2709,52,126,8,22,125,1408,2477,9642,0,250,0,0,0,79,213,21227,Hale the Architect,46843,2036,44807,0,0,0,0,,5,4845,660,,"RawRibs 649, LeatherArms 29, LeatherBustierArms 26, LeatherSkirt 19, Feather 17, LeatherGloves 15","Feather 381, DullCopperIngot 277, IronIngot 263, ShadowIronIngot 228, BronzeIngot 136, CopperIngot 119"
2026-09-21_21-58,2026-09-21T23:18:56,80.1,5.0,662,1683,6823,158,680,13837,7,639,31,70,1180,0,1180,114,97,5,14,59,2094,1712,9892,0,250,0,0,0,79,230,21778,Hale the Architect,46902,2387,44515,0,676,0,0,,0,4845,480,,"RawRibs 516, Feather 34, LeatherArms 31, Leather 30, LeatherBustierArms 24, LeatherSkirt 18","DullCopperIngot 289, IronIngot 250, Feather 217, ShadowIronIngot 166, CopperIngot 117, MagicArrowScroll 96"
2026-09-21_21-58,2026-09-21T23:23:56,85.1,5.0,686,1480,5222,170,850,15238,0,0,102,119,4255,2973,1282,121,218,2,9,79,1527,1875,7169,0,250,0,2973,2973,79,215,22578,Hale the Architect,50573,2067,48506,0,0,0,7,,7,5145,600,,"RawRibs 606, Leather 77, Feather 43, LeatherArms 33, LeatherBustierArms 22, LeatherGloves 20","Feather 507, IronIngot 230, ShadowIronIngot 188, DullCopperIngot 118, BronzeIngot 111, Scissors 44"
2026-09-21_21-58,2026-09-21T23:28:56,90.1,5.0,686,165,590,179,988,16112,0,0,101,113,5311,4570,741,109,208,3,3,81,502,2243,7849,0,250,5000,4570,4570,79,233,23521,Hale the Architect,43614,1089,42525,10000,0,5000,0,,7,4845,680,,"RawRibs 718, Leather 80, Feather 68, LeatherArms 30, LeatherBustierArms 22, LeatherGloves 21","Feather 95, Log 25, AgapiteIngot 18, Pickaxe 12, ShadowIronIngot 8, Arrow 3"
2026-09-21_21-58,2026-09-21T23:33:57,95.1,5.0,698,622,2035,176,907,17141,6,222,32,166,1496,174,1322,138,193,5,11,113,152,2779,7925,0,250,0,174,174,79,212,24114,Hale the Architect,41822,1140,40682,0,276,0,0,,0,4867,22,,"RawRibs 654, Feather 70, Leather 62, LeatherArms 29, LeatherGloves 21, LeatherBustierArms 20","IronIngot 161, Feather 151, Scissors 83, Bloodmoss 47, ShadowIronIngot 30, MandrakeRoot 22"
2026-09-21_21-58,2026-09-21T23:38:57,100.1,5.0,683,881,3405,167,711,17890,11,574,27,97,1103,0,1103,80,121,4,14,94,380,930,8175,0,250,0,0,0,77,198,24262,Hale the Architect,40555,766,39789,0,0,0,0,,0,4867,405,,"RawRibs 465, Leather 72, Feather 50, LeatherArms 31, LeatherGloves 22, LeatherBustierArms 20","IronIngot 202, Feather 131, Scissors 126, Bloodmoss 67, ShadowIronIngot 57, RawRibs 54"
2026-09-21_21-58,2026-09-21T23:43:57,105.1,5.0,672,1152,4402,167,736,18421,5,364,28,64,915,0,915,98,90,5,21,76,828,1045,8425,0,250,0,0,0,77,214,24678,Hale the Architect,42412,1728,40684,0,0,0,20,,20,5287,420,,"RawRibs 512, Leather 70, Feather 35, LeatherArms 30, LeatherGloves 23, LeatherBustierArms 20","IronIngot 252, Feather 221, Scissors 119, SulfurousAsh 64, Bloodmoss 62, MandrakeRoot 51"
2026-09-21_21-58,2026-09-21T23:48:57,110.1,5.0,654,1109,4991,163,657,19354,9,577,32,134,1555,0,1555,119,162,1,17,130,1184,1678,8675,0,250,0,0,0,78,212,24964,Hale the Architect,42153,1372,40781,0,169,0,3,,13,4987,420,,"RawRibs 470, Leather 53, LeatherArms 30, LeatherGloves 23, LeatherBustierArms 20, LeatherSkirt 16","IronIngot 260, Feather 216, Scissors 115, FireballScroll 106, ShadowIronIngot 68, CopperIngot 62"
2026-09-21_21-58,2026-09-21T23:53:57,115.1,5.0,624,1321,4129,161,667,20115,8,449,28,69,1360,0,1360,68,92,2,24,70,1814,2045,8925,0,250,0,0,0,79,210,25825,Hale the Architect,43574,2879,40695,0,0,0,0,,13,4987,120,,"RawRibs 447, Leather 63, Feather 40, LeatherArms 29, LeatherGloves 23, LeatherBustierArms 19","IronIngot 356, Feather 355, Scissors 113, ShadowIronIngot 84, CopperIngot 78, DullCopperIngot 75"
2026-09-21_21-58,2026-09-21T23:58:57,120.1,5.0,636,1848,5803,160,702,20573,11,530,35,116,1396,0,1396,76,146,3,34,134,1532,1937,9175,0,250,0,0,0,79,216,26413,Hale the Architect,43759,1750,42009,0,0,0,0,,13,4867,22,,"RawRibs 527, Feather 44, LeatherArms 28, LeatherGloves 24, LeatherBustierArms 18, LeatherSkirt 16","IronIngot 492, Feather 355, Scissors 207, CopperIngot 97, ShadowIronIngot 96, BronzeIngot 89"
2026-09-21_21-58,2026-09-22T00:03:57,125.1,5.0,621,2070,5805,148,772,19400,13,683,21,43,1132,0,1132,21,61,15,25,105,880,2880,9425,0,250,0,0,0,79,212,27045,Hale the Architect,45003,2184,42819,0,141,0,6,,16,4867,0,,"RawRibs 615, Feather 29, LeatherArms 26, Leather 25, LeatherGloves 20, LeatherBustierArms 17","IronIngot 587, Feather 316, Scissors 159, ShadowIronIngot 137, CopperIngot 130, BronzeIngot 114"
2026-09-21_21-58,2026-09-22T00:08:57,130.1,5.0,599,1886,5806,141,828,18894,7,632,23,66,699,0,699,99,87,22,16,54,2629,2311,9675,0,250,0,0,0,79,260,27214,Hale the Architect,46799,1400,45399,0,0,0,0,,16,4867,180,,"RawRibs 646, Leather 55, Feather 35, LeatherArms 23, LeatherGloves 18, LightningScroll 14","Feather 331, IronIngot 304, Scissors 295, ShadowIronIngot 157, BronzeIngot 153, CopperIngot 105"
2026-09-21_21-58,2026-09-22T00:13:57,135.1,5.0,576,1984,5743,132,728,17506,8,758,26,121,935,0,935,61,142,14,16,110,1184,3064,9925,0,250,0,0,0,79,276,27335,Hale the Architect,47978,928,47050,0,0,0,2,,18,4845,300,,"RawRibs 521, Feather 80, Leather 40, LeatherArms 23, LeatherGloves 19, LightningScroll 15","Scissors 370, Feather 331, IronIngot 262, BronzeIngot 177, ShadowIronIngot 152, CopperIngot 132"
2026-09-21_21-58,2026-09-22T00:18:57,140.1,5.0,551,1844,5349,127,734,17635,6,814,12,44,522,0,522,28,55,7,16,95,2682,1914,10175,0,250,0,0,0,79,300,27870,Hale the Architect,49175,2159,47016,0,202,0,2,,2,5145,420,,"RawRibs 543, Feather 70, Leather 30, LeatherArms 22, LeatherGloves 16, LightningScroll 15","Feather 331, IronIngot 261, Scissors 259, CopperIngot 188, BronzeIngot 158, ShadowIronIngot 150"
2026-09-21_21-58,2026-09-22T00:23:57,145.1,5.0,519,1911,5782,134,764,18763,8,762,44,109,1518,0,1518,124,107,7,28,96,2018,2496,10425,0,250,0,0,0,79,300,27891,Hale the Architect,48910,1160,47750,0,0,0,15,,17,5505,860,,"RawRibs 589, Leather 40, Feather 35, LeatherArms 21, IronIngot 20, LeatherGloves 16","Feather 432, IronIngot 281, CopperIngot 217, BronzeIngot 185, ShadowIronIngot 184, DullCopperIngot 123"
2026-09-21_21-58,2026-09-22T00:28:57,150.1,5.0,514,2240,7918,124,740,19106,13,1570,36,122,2386,0,2386,44,151,2,32,103,1249,1063,10675,0,250,0,0,0,79,282,29216,Hale the Architect,50704,1438,49266,0,0,0,6,,23,4987,145,,"RawRibs 572, Leather 51, Feather 40, LeatherArms 19, LeatherGloves 16, LightningScroll 14","Feather 432, IronIngot 247, CopperIngot 241, BronzeIngot 219, ShadowIronIngot 203, DullCopperIngot 194"
2026-09-21_21-58,2026-09-22T00:33:57,155.1,5.0,534,2402,9085,124,899,18541,4,486,35,119,2335,30,2305,35,149,7,29,170,1763,2300,10895,0,250,0,30,0,79,272,30613,Hale the Architect,51428,1047,50381,0,176,0,4,,27,4907,0,,"RawRibs 642, Leather 95, Feather 65, IronIngot 25, LeatherGloves 18, LeatherArms 17","IronIngot 287, CopperIngot 256, Feather 246, LesserHealPotion 206, DullCopperIngot 204, ShadowIronIngot 178"
2026-09-21_21-58,2026-09-22T00:38:57,160.1,5.0,562,2461,8426,122,912,19975,3,206,41,122,1264,0,1264,11,162,2,14,188,583,2447,11145,0,250,0,0,0,79,252,30731,Hale the Architect,49147,950,48197,0,0,0,3,,30,4885,0,,"RawRibs 649, Leather 90, Feather 59, IronIngot 40, LeatherGloves 18, LeatherArms 17","IronIngot 287, CopperIngot 242, BronzeIngot 236, LesserHealPotion 229, Feather 222, ShadowIronIngot 199"
2026-09-21_21-58,2026-09-22T00:43:57,165.1,5.0,585,2647,9344,121,911,20356,2,69,31,120,1396,20,1376,38,149,5,14,155,1962,2862,11375,0,250,0,20,0,79,273,31145,Hale the Architect,50278,1520,48758,0,0,0,14,,44,5065,180,,"RawRibs 733, Leather 70, Feather 39, LeatherGloves 18, LeatherArms 15, LightningScroll 10","Feather 302, CopperIngot 285, BronzeIngot 244, IronIngot 229, ShadowIronIngot 227, LesserHealPotion 205"
2026-09-21_21-58,2026-09-22T00:48:57,170.1,5.0,592,2611,8731,121,871,21280,4,188,16,86,1754,0,1754,50,98,1,10,124,2934,2136,11625,0,250,0,0,0,79,266,32337,Hale the Architect,51572,1365,50207,0,111,0,0,,43,4856,480,,"RawRibs 678, Leather 80, Feather 29, LeatherGloves 19, LeatherArms 15, IronIngot 15","Feather 397, CopperIngot 308, BronzeIngot 263, DullCopperIngot 238, ShadowIronIngot 232, LesserHealPotion 173"
2026-09-21_21-58,2026-09-22T00:53:57,175.1,5.0,604,2295,6820,116,783,21688,7,414,31,127,2999,25,2974,55,151,2,28,125,2815,2549,11850,0,250,0,25,0,79,300,34005,Hale the Architect,54179,1066,53113,0,0,0,0,,43,4856,120,,"RawRibs 581, Leather 70, Feather 60, LeatherGloves 20, LeatherArms 14, LightningScroll 9","CopperIngot 328, Feather 321, BronzeIngot 295, ShadowIronIngot 231, IronIngot 215, LesserHealPotion 193"
2026-09-21_21-58,2026-09-22T00:58:57,180.1,5.0,605,2196,7524,109,757,20741,2,298,38,82,1991,0,1991,25,115,4,27,146,1377,3211,12100,0,250,0,0,0,79,278,35236,Hale the Architect,54670,767,53903,0,0,0,13,,56,4856,660,,"RawRibs 530, Feather 86, Leather 68, LeatherGloves 21, LeatherArms 14, IronIngot 10","Feather 321, BronzeIngot 290, CopperIngot 288, IronIngot 244, ShadowIronIngot 243, LesserHealPotion 193"
2026-09-21_21-58,2026-09-22T01:03:57,185.1,5.0,623,1969,7633,113,763,23428,3,218,49,89,1830,579,1251,59,132,2,14,165,2196,2084,11771,0,250,0,579,509,79,273,35996,Hale the Architect,55269,1632,53637,0,51,0,34,,90,5156,600,,"RawRibs 587, Feather 71, IronIngot 28, LeatherGloves 21, LeatherArms 14, Leather 10","CopperIngot 314, BronzeIngot 300, Feather 244, ShadowIronIngot 196, Scissors 182, LesserHealPotion 161"
2026-09-22_02-48,2026-09-22T02:53:46,5.1,5.1,188,1903,9443,105,565,3844,0,0,53,181,4482,65,4417,130,214,0,0,137,0,1849,11834,0,250,0,65,0,79,196,36522,Hale the Architect,51856,1137,50719,0,0,0,27,,117,5036,183,,"RawRibs 479, Feather 20, LeatherGloves 18, LightningScroll 16, LeatherArms 13, LeatherBustierArms 6","Feather 548, IronIngot 211, Leather 202, Log 135, CopperIngot 102, Nightshade 67"
2026-09-22_02-48,2026-09-22T02:58:46,10.1,5.0,244,2644,14539,102,539,3572,0,0,29,47,1480,80,1400,48,74,0,0,150,0,1037,12004,0,250,0,80,0,79,159,36798,Hale the Architect,52002,1371,50631,0,0,0,5,,122,4941,520,,"RawRibs 453, Feather 20, LeatherGloves 19, LightningScroll 16, LeatherArms 14, LeatherBustierArms 6","Leather 659, Feather 548, IronIngot 418, Log 120, CopperIngot 107, BronzeIngot 79"
2026-09-22_02-48,2026-09-22T03:03:46,15.1,5.0,275,2842,12683,105,533,4080,0,0,10,44,466,0,466,37,44,0,0,61,2586,1063,12254,0,250,0,0,0,79,204,36830,Hale the Architect,53566,1952,51614,0,0,0,0,,122,4941,22,,"RawRibs 468, LeatherGloves 21, LightningScroll 16, LeatherArms 15, Feather 15, LeatherBustierArms 6","Leather 838, Feather 695, IronIngot 209, CopperIngot 127, BronzeIngot 118, Arrow 67"
2026-09-22_02-48,2026-09-22T03:08:46,20.1,5.0,313,2642,10387,114,601,4173,0,0,32,58,2016,0,2016,90,89,0,0,62,2641,1048,12504,0,250,0,0,0,79,200,37314,Hale the Architect,55482,1774,53708,0,118,0,4,,99,4941,120,,"RawRibs 487, Feather 30, LeatherGloves 23, LightningScroll 16, LeatherArms 15, IronIngot 15","Feather 824, Leather 479, IronIngot 269, CopperIngot 164, BronzeIngot 138, ShadowIronIngot 73"
2026-09-22_02-48,2026-09-22T03:13:46,25.1,5.0,342,2427,9138,112,610,4352,0,0,38,34,1500,180,1320,35,70,1,0,96,1369,1479,12574,0,250,0,180,0,79,217,37694,Hale the Architect,57621,2517,55104,0,0,0,24,,123,4941,300,,"RawRibs 513, Feather 30, LeatherGloves 24, LightningScroll 16, LeatherArms 16, LeatherBustierArms 6","Feather 824, Leather 264, IronIngot 235, CopperIngot 191, BronzeIngot 146, ShadowIronIngot 124"
2026-09-22_02-48,2026-09-22T03:18:46,30.1,5.0,361,2457,8548,116,699,4723,0,0,23,54,1145,0,1145,73,72,1,0,61,1585,1465,12824,0,250,0,0,0,79,200,38020,Hale the Architect,57846,2207,55639,0,0,0,0,,123,4941,723,,"RawRibs 574, Feather 32, LeatherGloves 24, Leather 20, LeatherArms 17, LightningScroll 16","Feather 824, Leather 301, IronIngot 278, CopperIngot 189, BronzeIngot 177, ShadowIronIngot 154"
2026-09-22_02-48,2026-09-22T03:23:46,35.1,5.0,396,2177,9233,135,590,6236,7,1120,27,168,1185,0,1185,75,193,0,42,128,1632,995,13074,0,250,0,0,0,79,192,38257,Hale the Architect,57421,2018,55403,0,210,0,9,,96,4941,180,,"RawRibs 467, Feather 32, LeatherGloves 28, LeatherArms 24, LightningScroll 16, LeatherBustierArms 7","Leather 483, IronIngot 408, Feather 234, ShadowIronIngot 196, CopperIngot 158, BronzeIngot 117"
2026-09-22_02-48,2026-09-22T03:28:46,40.1,5.0,467,2813,13078,141,699,6727,10,984,37,87,1497,0,1497,6,122,0,19,232,1088,938,13324,0,250,0,0,0,79,206,38715,Hale the Architect,59670,3838,55832,0,0,0,1,,97,4941,180,,"RawRibs 574, LeatherGloves 28, LeatherArms 27, Feather 20, LightningScroll 17, LeatherBustierArms 8","Leather 875, Feather 234, ShadowIronIngot 229, IronIngot 212, CopperIngot 188, BlackPearl 111"
2026-09-22_02-48,2026-09-22T03:33:46,45.1,5.0,537,2720,11978,151,836,7698,1,36,120,125,5608,2463,3145,82,244,2,13,239,1820,1143,11111,0,250,0,2463,2463,79,300,39377,Hale the Architect,66867,4918,61949,0,0,0,27,,124,5026,985,,"RawRibs 682, Feather 45, LeatherGloves 30, LeatherArms 27, LightningScroll 17, LeatherSkirt 8","Leather 848, IronIngot 472, CopperIngot 176, ShadowIronIngot 146, Log 135, GoldIngot 98"
2026-09-22_02-48,2026-09-22T03:38:46,50.1,5.0,604,1350,7276,161,927,8094,0,0,173,153,10618,6265,4353,103,333,0,5,124,1596,2409,12596,0,250,7500,6265,6192,79,300,40033,Hale the Architect,65709,2532,63177,7500,496,7500,8,,34,4941,600,,"RawRibs 771, LeatherGloves 31, LeatherArms 30, Feather 30, Leather 18, LightningScroll 17","Leather 455, IronIngot 129, CopperIngot 127, BronzeIngot 113, ShadowIronIngot 78, Log 48"
2026-09-22_02-48,2026-09-22T03:43:46,55.1,5.0,632,699,3196,160,970,8831,0,0,119,81,7546,6244,1302,15,230,0,15,164,556,2050,11602,0,250,5000,6244,6244,79,300,40354,Hale the Architect,65920,2504,63416,5000,0,5000,32,,66,5124,625,,"RawRibs 780, Feather 70, LeatherGloves 31, LeatherArms 30, LightningScroll 17, Leather 10","Leather 179, BronzeIngot 95, CopperIngot 67, MagicArrowScroll 56, IronIngot 46, Ginseng 42"
2026-09-22_02-48,2026-09-22T03:48:46,60.1,5.0,669,1319,7187,161,888,9538,5,360,41,99,1567,0,1567,75,140,0,13,139,685,2718,11852,0,250,0,0,0,77,294,40494,Hale the Architect,64173,2683,61490,0,0,0,1,,67,5007,632,,"RawRibs 741, Feather 40, LeatherArms 30, LeatherGloves 29, LightningScroll 18, LeatherSkirt 9","Leather 429, IronIngot 182, BronzeIngot 125, MagicArrowScroll 77, CopperIngot 76, GoldIngot 70"
2026-09-22_02-48,2026-09-22T03:53:46,65.1,5.0,672,1651,7870,165,898,10440,3,205,16,49,680,0,680,70,65,2,25,72,467,1314,12102,0,250,0,0,0,79,288,40611,Hale the Architect,65775,3101,62674,0,398,0,30,,53,4884,445,,"RawRibs 716, Feather 50, LeatherArms 29, LeatherGloves 29, Leather 25, LightningScroll 18","Leather 384, IronIngot 319, BronzeIngot 161, GoldIngot 138, DullCopperIngot 98, CopperIngot 92"
2026-09-22_03-57,2026-09-22T04:02:29,5.1,5.1,229,2426,12347,114,626,3947,0,0,79,196,4983,144,4839,82,264,0,0,124,0,2376,12358,0,250,0,144,0,79,189,41544,Hale the Architect,60356,750,59606,0,0,0,33,,90,4805,311,,"RawRibs 549, LeatherArms 27, LeatherGloves 21, LightningScroll 14, LeatherSkirt 7, GreaterHealScroll 3","Feather 696, IronIngot 462, Leather 236, Bloodmoss 140, Nightshade 102, CopperIngot 76"
2026-09-22_04-06,2026-09-22T04:11:54,5.1,5.1,177,1423,9235,102,572,3653,0,0,23,103,1573,0,1573,48,126,0,0,132,0,1836,12708,0,250,0,0,0,79,150,41712,Hale the Architect,57973,1945,56028,0,0,0,24,,114,4761,22,,"RawRibs 504, LeatherArms 23, LeatherGloves 18, LightningScroll 14, LeatherSkirt 7, GreaterHealScroll 3","IronIngot 500, Leather 280, CopperIngot 88, BronzeIngot 62, ShadowIronIngot 51, MandrakeRoot 48"
2026-09-22_04-06,2026-09-22T04:16:54,10.1,5.0,237,2311,14837,108,630,3705,0,0,21,32,693,0,693,5,53,0,0,166,0,1660,12958,0,250,0,0,0,79,149,41620,Hale the Architect,57201,1508,55693,0,0,0,10,,124,4782,321,,"RawRibs 561, LeatherArms 23, LeatherGloves 19, LightningScroll 14, LeatherSkirt 7, GreaterHealScroll 3","IronIngot 701, Leather 602, CopperIngot 156, Scissors 129, BronzeIngot 70, MandrakeRoot 69"
2026-09-22_04-06,2026-09-22T04:21:54,15.1,5.0,293,1662,10620,122,689,4586,0,0,50,33,2137,0,2137,55,83,2,0,58,5782,2271,13208,0,250,0,0,0,79,212,42004,Hale the Architect,61290,2719,58571,0,0,0,30,,154,4761,0,,"RawRibs 604, LeatherArms 25, LeatherGloves 22, LightningScroll 14, LeatherSkirt 7, Feather 5","Leather 428, CopperIngot 179, IronIngot 157, Feather 135, Scissors 128, ShadowIronIngot 121"
2026-09-22_04-06,2026-09-22T04:26:54,20.1,5.0,341,1752,9720,121,773,4571,0,0,40,78,3226,0,3226,100,97,0,0,16,3320,2803,13458,0,250,0,0,0,79,220,42466,Hale the Architect,63631,3633,59998,0,212,0,6,,107,5361,1100,,"RawRibs 659, LeatherGloves 26, Feather 25, LeatherArms 22, LightningScroll 16, Leather 15","Scissors 271, CopperIngot 221, Leather 216, ShadowIronIngot 179, BronzeIngot 159, Feather 135"
2026-09-22_04-06,2026-09-22T04:31:54,25.1,5.0,455,2414,14241,124,655,4803,0,0,27,118,2570,0,2570,100,131,2,0,47,1981,1882,13708,0,250,0,0,0,79,240,43738,Hale the Architect,66861,3687,63174,0,0,0,28,,135,5321,420,,"RawRibs 527, LeatherGloves 33, Feather 30, LeatherArms 21, LightningScroll 16, CopperIngot 15","Leather 379, Scissors 272, BronzeIngot 255, ShadowIronIngot 239, CopperIngot 210, IronIngot 137"
2026-09-22_04-06,2026-09-22T04:36:54,30.1,5.0,499,2510,13492,125,649,4967,0,0,28,29,1220,0,1220,17,56,1,0,88,2996,1538,16458,0,250,2500,0,0,79,269,44036,Hale the Architect,67485,3934,63551,2500,0,2500,6,,73,5027,0,,"RawRibs 546, LeatherGloves 35, LeatherArms 20, LightningScroll 16, Feather 15, EnergyBoltScroll 6","Leather 370, ShadowIronIngot 289, BronzeIngot 271, CopperIngot 244, IronIngot 233, Scissors 145"
2026-09-22_04-06,2026-09-22T04:41:54,35.1,5.0,520,2302,11219,133,691,5478,8,767,19,98,1544,0,1544,137,112,1,38,20,2795,405,16658,0,250,0,50,0,79,277,44969,Hale the Architect,71075,4415,66660,0,375,0,58,,125,5048,87,,"RawRibs 561, Feather 40, LeatherGloves 38, LeatherArms 21, LightningScroll 16, EnergyBoltScroll 6","Leather 421, ShadowIronIngot 262, CopperIngot 261, BronzeIngot 227, Scissors 144, Feather 135"
2026-09-22_04-06,2026-09-22T04:46:55,40.1,5.0,585,3057,14159,135,831,5139,5,346,57,68,3202,0,3202,68,106,0,22,182,3852,1780,19408,0,250,2500,0,0,79,277,45271,Hale the Architect,72377,4081,68296,2500,0,2500,1,,120,5052,827,,"RawRibs 661, Feather 65, LeatherGloves 38, Leather 23, LightningScroll 16, LeatherArms 11","Leather 521, IronIngot 485, ShadowIronIngot 361, CopperIngot 338, BronzeIngot 322, Feather 135"
2026-09-22_04-06,2026-09-22T04:51:55,45.1,5.0,621,3268,15292,122,643,5047,8,340,40,120,1870,0,1870,45,155,3,26,145,1581,1540,20000,0,250,2500,100,0,78,289,45633,Hale the Architect,70543,2867,67676,2500,0,2500,7,,124,5027,800,,"RawRibs 533, LeatherGloves 40, Feather 30, LightningScroll 16, EnergyBoltScroll 7, HarmScroll 6","IronIngot 751, BronzeIngot 367, CopperIngot 367, Leather 360, Scissors 272, ShadowIronIngot 258"
2026-09-22_04-06,2026-09-22T04:56:55,50.1,5.0,648,3047,11089,137,744,5494,11,656,46,71,2059,0,2059,23,109,0,37,95,6025,3292,20000,0,0,0,0,0,79,239,46596,Hale the Architect,76356,3603,72753,0,494,0,0,,24,5727,801,,"RawRibs 635, LeatherGloves 42, HarmScroll 20, LightningScroll 16, Feather 15, EnergyBoltScroll 9","IronIngot 462, CopperIngot 371, BronzeIngot 366, Leather 334, ShadowIronIngot 288, Scissors 250"
2026-09-22_04-06,2026-09-22T05:01:55,55.1,5.0,669,3507,10864,142,793,6247,8,386,41,76,1471,0,1471,101,117,2,39,44,2606,1878,20000,0,0,5000,0,0,78,288,46941,Hale the Architect,72436,2569,69867,5000,0,5000,3,,27,5779,340,,"RawRibs 635, Feather 57, LeatherGloves 43, HarmScroll 20, LightningScroll 16, EnergyBoltScroll 9","IronIngot 661, Leather 553, ShadowIronIngot 405, BronzeIngot 387, CopperIngot 383, Scissors 250"
2026-09-22_04-06,2026-09-22T05:06:55,60.1,5.0,695,3858,12629,147,712,7019,5,683,25,73,1100,0,1100,33,97,0,22,105,4676,760,20000,0,0,7500,0,0,79,286,47307,Hale the Architect,68667,2339,66328,7500,0,7500,0,,27,5861,492,,"RawRibs 553, Feather 55, LeatherGloves 43, HarmScroll 25, LightningScroll 16, EnergyBoltScroll 11","IronIngot 731, BronzeIngot 482, Leather 477, ShadowIronIngot 462, CopperIngot 415, Log 256"
2026-09-22_05-11,2026-09-22T05:16:38,5.1,5.1,209,1592,10251,99,434,3467,0,0,48,168,3512,0,3512,137,214,0,0,174,0,2383,20000,0,0,0,0,0,79,190,47760,Hale the Architect,65852,1108,64744,0,0,0,43,,63,6019,642,,"RawRibs 355, LeatherGloves 34, LightningScroll 16, Feather 5, EnergyBoltScroll 5, Leather 5","IronIngot 342, Leather 277, Feather 243, BronzeIngot 72, CopperIngot 47, SpidersSilk 44"
2026-09-22_05-11,2026-09-22T05:21:38,10.1,5.0,267,2601,18156,98,437,3251,0,0,39,52,1552,0,1552,21,89,0,0,131,0,1818,20000,0,0,0,0,0,79,172,48089,Hale the Architect,64903,940,63963,0,0,0,14,,77,6041,685,,"RawRibs 364, LeatherGloves 36, LightningScroll 16, LeatherArms 5, EnergyBoltScroll 5, GreaterHealScroll 4","IronIngot 806, Feather 513, ShadowIronIngot 100, BronzeIngot 100, CopperIngot 94, Leather 92"
2026-09-22_05-11,2026-09-22T05:26:38,15.1,5.0,314,2519,12882,111,583,4205,0,0,20,63,924,0,924,56,83,6,0,47,4500,1016,20000,0,100,0,100,0,79,212,48552,Hale the Architect,69846,3832,66014,0,0,0,2,,79,6063,344,,"RawRibs 475, LeatherGloves 37, Feather 30, LightningScroll 14, EnergyBoltScroll 8, LeatherArms 5","IronIngot 555, Feather 508, Leather 231, CopperIngot 164, BronzeIngot 148, ShadowIronIngot 139"
2026-09-22_05-11,2026-09-22T05:31:38,20.1,5.0,364,3081,11313,119,674,4269,0,0,31,47,1874,0,1874,35,75,0,0,94,2743,1229,20000,0,0,0,0,0,79,274,49023,Hale the Architect,74581,5439,69142,0,312,0,17,,46,6041,202,,"RawRibs 569, LeatherGloves 39, Feather 25, LightningScroll 14, EnergyBoltScroll 9, LeatherArms 6","IronIngot 611, Feather 508, Leather 370, BronzeIngot 205, CopperIngot 196, ShadowIronIngot 170"
2026-09-22_05-11,2026-09-22T05:36:38,25.1,5.0,415,2449,9611,126,782,4939,0,0,87,59,3176,1504,1672,61,135,2,0,32,2334,1783,18696,0,200,0,1504,1504,79,300,49513,Hale the Architect,79453,7819,71634,0,0,0,18,,64,6219,448,,"RawRibs 641, Feather 62, LeatherGloves 39, LightningScroll 14, EnergyBoltScroll 11, LeatherArms 7","Feather 413, IronIngot 400, Leather 247, CopperIngot 183, ShadowIronIngot 178, BronzeIngot 152"
2026-09-22_05-11,2026-09-22T05:41:38,30.1,5.0,494,2485,9102,123,687,4889,0,0,74,98,2826,1527,1299,90,167,0,0,44,2062,2178,17419,0,250,0,1527,1527,79,300,50104,Hale the Architect,81686,4006,77680,0,0,0,0,,64,6039,1329,,"RawRibs 543, Feather 52, LeatherGloves 41, LightningScroll 14, EnergyBoltScroll 11, Leather 11","IronIngot 382, Leather 305, CopperIngot 222, ShadowIronIngot 210, Feather 191, Log 161"
2026-09-22_05-11,2026-09-22T05:46:38,35.1,5.0,512,2157,6865,142,863,5991,2,127,64,106,3097,1744,1353,80,169,2,22,25,2046,1746,18973,0,200,6000,1744,1744,79,296,50642,Hale the Architect,78407,3706,74701,6000,763,6000,13,,17,6519,1506,,"RawRibs 671, Feather 65, LeatherGloves 45, Leather 38, LightningScroll 14, EnergyBoltScroll 11","CopperIngot 278, ShadowIronIngot 227, Feather 225, IronIngot 174, Log 166, BronzeIngot 161"
2026-09-22_05-11,2026-09-22T05:51:38,40.1,5.0,576,1984,5842,145,919,6068,0,0,97,76,3110,1894,1216,23,167,0,12,119,869,2378,17329,0,250,0,1894,1894,79,324,51233,Hale the Architect,82134,4095,78039,0,0,0,32,,49,6244,369,,"RawRibs 749, Feather 50, LeatherGloves 45, Leather 30, LightningScroll 14, EnergyBoltScroll 12","IronIngot 321, Feather 288, CopperIngot 227, ShadowIronIngot 212, BronzeIngot 150, DullCopperIngot 124"
2026-09-22_05-11,2026-09-22T05:56:38,45.1,5.0,644,2340,8412,151,908,6977,3,200,88,117,3532,2145,1387,107,204,2,12,86,738,1842,19078,0,200,5000,2145,2125,78,300,51710,Hale the Architect,79253,2510,76743,5000,0,5000,0,,39,6339,794,,"RawRibs 740, LeatherGloves 47, Feather 40, Leather 35, LightningScroll 13, EnergyBoltScroll 12","IronIngot 504, Feather 262, BronzeIngot 198, CopperIngot 181, DullCopperIngot 152, ShadowIronIngot 138"
2026-09-22_05-11,2026-09-22T06:01:38,50.1,5.0,684,2049,7423,153,932,7290,3,230,131,89,4612,2609,2003,70,215,1,16,63,1561,1957,19420,0,150,5000,2609,2609,79,260,52141,Hale the Architect,76362,1504,74858,5000,516,5000,1,,1,6039,966,,"RawRibs 808, LeatherGloves 46, Feather 25, LightningScroll 13, EnergyBoltScroll 13, LeatherArms 9","IronIngot 324, Feather 247, CopperIngot 176, DullCopperIngot 155, BronzeIngot 134, GoldIngot 106"
2026-09-22_05-11,2026-09-22T06:06:38,55.1,5.0,746,1580,5254,151,873,7717,2,18,119,192,4774,2684,2090,28,307,3,11,221,1354,2667,16986,0,250,0,2684,2684,79,271,52940,Hale the Architect,78224,1617,76607,0,0,0,5,,6,6039,423,,"RawRibs 708, LeatherGloves 49, Leather 45, Feather 20, LightningScroll 15, LeatherArms 11","CopperIngot 197, Feather 192, BronzeIngot 148, IronIngot 142, GoldIngot 104, DullCopperIngot 89"
2026-09-22_05-11,2026-09-22T06:11:38,60.1,5.0,804,1221,4098,163,1020,8270,1,20,135,133,4495,2719,1776,17,266,2,7,241,644,2267,14517,0,250,0,2719,2719,79,313,53193,Hale the Architect,82215,2608,79607,0,0,0,39,,45,6039,898,,"RawRibs 808, Feather 60, LeatherGloves 50, Leather 40, LightningScroll 16, LeatherArms 12","IronIngot 147, CopperIngot 140, BronzeIngot 120, GoldIngot 112, Scissors 87, Feather 80"
2026-09-22_05-11,2026-09-22T06:16:38,65.1,5.0,795,1022,3501,160,1036,8752,0,0,95,74,3558,2714,844,40,164,4,15,93,584,2633,12053,0,250,0,2714,2714,79,279,54025,Hale the Architect,82937,2378,80559,0,562,0,0,,0,5859,0,,"RawRibs 871, Feather 55, LeatherGloves 50, LightningScroll 15, Leather 15, EnergyBoltScroll 11","IronIngot 227, CopperIngot 158, Log 98, ShadowIronIngot 76, DullCopperIngot 70, GoldIngot 70"
2026-09-22_05-11,2026-09-22T06:21:38,70.1,5.0,843,895,2572,166,1036,9163,1,80,128,143,5055,3320,1735,47,272,1,12,181,278,4257,15983,0,250,7000,3320,3320,79,241,54536,Hale the Architect,75953,1239,74714,7000,0,7000,32,,20,5979,408,,"RawRibs 871, Feather 55, LeatherGloves 52, LightningScroll 16, LeatherArms 12, EnergyBoltScroll 11","IronIngot 192, Feather 185, CopperIngot 136, Log 101, ShadowIronIngot 64, GoldIngot 58"
2026-09-22_05-11,2026-09-22T06:26:38,75.1,5.0,845,340,952,156,1030,8641,0,0,131,95,6521,4266,2255,76,214,4,5,123,771,3075,11967,0,250,0,4266,4246,79,235,56088,Hale the Architect,79595,1381,78214,0,0,0,0,,20,5859,347,,"RawRibs 879, Feather 60, LeatherGloves 51, LightningScroll 15, EnergyBoltScroll 10, LeatherArms 5","Feather 95, CopperIngot 79, IronIngot 33, Arrow 25, ShadowIronIngot 20, ValoriteIngot 17"
2026-09-22_05-11,2026-09-22T06:31:39,80.1,5.0,865,330,812,151,961,9203,0,0,111,117,4153,2942,1211,117,223,3,15,86,275,2352,9275,0,250,0,2942,2942,79,240,56746,Hale the Architect,82724,2959,79765,0,319,0,35,,35,5881,66,,"RawRibs 797, LeatherGloves 51, Feather 40, Leather 28, LightningScroll 15, EnergyBoltScroll 12","Feather 190, IronIngot 64, CopperIngot 20, ShadowIronIngot 17, BronzeIngot 10, Cloth 6"
2026-09-22_05-11,2026-09-22T06:36:39,85.1,5.0,880,1141,4831,144,878,9272,18,1596,33,192,2332,0,2332,134,217,2,37,145,175,2709,9525,0,250,0,0,0,79,247,57484,Hale the Architect,82805,2091,80714,0,0,0,11,,46,6134,1097,,"RawRibs 714, LeatherGloves 51, Feather 40, Leather 35, LightningScroll 15, EnergyBoltScroll 11","IronIngot 396, Feather 242, CopperIngot 90, BronzeIngot 42, ShadowIronIngot 38, DullCopperIngot 36"
2026-09-22_05-11,2026-09-22T06:41:39,90.1,5.0,845,1339,5461,141,775,9611,8,784,17,31,546,0,546,7,46,2,40,127,750,2307,9775,0,250,0,0,0,79,222,57581,Hale the Architect,82492,2746,79746,0,0,0,0,,46,5867,66,,"RawRibs 630, LeatherGloves 50, Leather 30, Feather 25, LightningScroll 15, EnergyBoltScroll 11","IronIngot 423, Feather 242, CopperIngot 90, DullCopperIngot 87, ShadowIronIngot 72, GoldIngot 63"
2026-09-22_05-11,2026-09-22T06:46:39,95.1,5.0,846,2267,7672,139,943,9783,6,1043,30,94,1795,0,1795,58,118,6,40,132,513,604,12525,0,250,2500,0,0,79,272,58134,Hale the Architect,82364,2216,80148,2500,415,2500,23,,4,5823,113,,"RawRibs 824, LeatherGloves 44, Leather 30, LightningScroll 13, EnergyBoltScroll 12, LeatherSkirt 5","IronIngot 905, Feather 282, ShadowIronIngot 127, CopperIngot 118, BronzeIngot 108, GoldIngot 97"
2026-09-22_05-11,2026-09-22T06:51:39,100.1,5.0,838,2555,9559,132,926,9124,10,1858,54,138,2906,0,2906,90,182,4,37,99,2247,1727,12775,0,250,0,0,0,79,288,58935,Hale the Architect,85979,3719,82260,0,0,0,53,,57,5823,546,,"RawRibs 790, Leather 45, LeatherGloves 40, Feather 15, LightningScroll 13, EnergyBoltScroll 8","IronIngot 915, Feather 282, CopperIngot 180, ShadowIronIngot 135, BronzeIngot 129, Log 120"
2026-09-22_05-11,2026-09-22T06:56:39,105.1,5.0,886,2391,10996,125,848,9182,9,1625,91,129,3250,0,3250,76,213,4,31,123,4708,2063,13025,0,250,0,0,0,79,299,59840,Hale the Architect,91353,4595,86758,0,0,0,40,,97,6225,1473,,"RawRibs 658, Leather 70, Feather 45, LeatherGloves 38, LightningScroll 13, EnergyBoltScroll 7","IronIngot 391, Feather 282, CopperIngot 220, ShadowIronIngot 195, BronzeIngot 189, DullCopperIngot 131"
2026-09-22_05-11,2026-09-22T07:01:39,110.1,5.0,869,2407,10934,107,713,8702,14,1344,55,91,2491,0,2491,20,137,2,35,187,2244,2199,13275,0,250,0,0,0,79,315,60015,Hale the Architect,91786,2540,89246,0,705,0,2,,2,5760,579,,"RawRibs 580, LeatherGloves 32, Leather 30, Feather 26, LightningScroll 13, IronIngot 10","IronIngot 348, BronzeIngot 246, ShadowIronIngot 245, CopperIngot 220, DullCopperIngot 179, GoldIngot 137"
2026-09-22_05-11,2026-09-22T07:06:39,115.1,5.0,833,2712,12029,100,599,8795,10,1543,66,96,3132,0,3132,72,149,1,35,74,4572,1633,13525,0,250,0,0,0,79,344,60000,Hale the Architect,95080,3625,91455,0,0,0,3,,5,6153,415,,"RawRibs 502, Feather 35, LeatherGloves 24, LightningScroll 12, EnergyBoltScroll 9, LeatherGorget 5","IronIngot 410, BronzeIngot 331, ShadowIronIngot 298, DullCopperIngot 262, GoldIngot 190, Leather 157"
2026-09-22_05-11,2026-09-22T07:11:39,120.1,5.0,820,3637,13062,94,630,8667,13,2491,50,74,2378,0,2378,78,118,5,34,113,3199,2285,13775,0,250,0,0,0,79,371,60014,Hale the Architect,100473,6707,93766,0,0,0,47,,52,6065,636,,"RawRibs 444, Arrow 99, Feather 25, LeatherGloves 17, LightningScroll 13, EnergyBoltScroll 8","IronIngot 567, Leather 420, BronzeIngot 338, DullCopperIngot 329, ShadowIronIngot 298, Log 290"
2026-09-22_05-11,2026-09-22T07:16:39,125.1,5.0,832,7700,20496,80,587,7480,15,3937,34,93,2355,0,2355,37,117,9,31,107,2525,3090,20000,0,150,7500,0,0,79,300,60139,Hale the Architect,93412,3270,90142,7500,1213,7500,12,,2,5680,644,,"RawRibs 428, Arrow 86, Feather 25, LeatherGloves 13, LightningScroll 10, EnergyBoltScroll 7","Log 4770, Leather 619, IronIngot 437, ShadowIronIngot 320, BronzeIngot 289, DullCopperIngot 268"
2026-09-22_05-11,2026-09-22T07:21:39,130.1,5.0,778,9897,25927,84,651,7685,12,5304,29,75,1105,0,1105,11,102,3,34,78,3199,1859,20000,0,0,8000,0,0,79,300,60139,Hale the Architect,86639,4154,82485,8000,0,8000,0,,2,6040,540,,"RawRibs 494, Arrow 78, Feather 30, LeatherGloves 13, LightningScroll 8, EnergyBoltScroll 7","Log 6980, Leather 716, ShadowIronIngot 398, IronIngot 374, DullCopperIngot 238, BronzeIngot 229"
2026-09-22_05-11,2026-09-22T07:26:39,135.1,5.0,747,9085,22701,93,706,8794,15,5867,22,46,701,0,701,36,67,3,42,60,6265,2775,20000,0,0,0,0,0,79,308,60467,Hale the Architect,89996,7647,82349,0,0,0,1,,3,5740,360,,"RawRibs 550, Arrow 68, Feather 23, LeatherGloves 13, ShadowIronIngot 11, LightningScroll 9","Log 6475, Leather 709, IronIngot 359, ShadowIronIngot 313, DullCopperIngot 218, BronzeIngot 208"
2026-09-22_05-11,2026-09-22T07:31:39,140.1,5.0,729,9857,24831,82,517,8350,19,10248,28,84,1059,0,1059,51,110,5,47,51,4607,2844,20000,0,0,2500,0,0,79,311,60578,Hale the Architect,90808,8491,82317,2500,571,2500,27,,23,5860,407,,"RawRibs 366, Arrow 55, Feather 27, LeatherGloves 13, IronIngot 10, LightningScroll 10","Log 7335, Leather 549, ShadowIronIngot 296, BronzeIngot 276, IronIngot 268, GoldIngot 179"
2026-09-22_05-11,2026-09-22T07:36:39,145.1,5.0,748,10248,29653,90,654,9122,15,13479,59,38,1890,0,1890,25,96,2,33,86,3127,2419,20000,100,100,0,0,0,79,313,60672,Hale the Architect,91753,7588,84165,0,0,0,12,,35,5840,365,,"RawRibs 471, Feather 55, Arrow 44, IronIngot 20, LeatherGloves 14, Leather 12","Log 7805, Leather 437, IronIngot 364, ShadowIronIngot 245, BronzeIngot 230, DullCopperIngot 201"
2026-09-22_05-11,2026-09-22T07:41:39,150.1,5.0,770,11980,32716,83,527,9029,18,15262,57,76,2104,0,2104,40,134,4,52,82,4795,2698,20000,0,0,0,100,0,79,367,60911,Hale the Architect,95664,9620,86044,0,0,0,11,,46,5860,720,,"RawRibs 391, Feather 30, Arrow 29, Leather 15, LeatherGloves 14, IronIngot 10","Log 9445, Leather 513, IronIngot 365, BronzeIngot 258, DullCopperIngot 189, ShadowIronIngot 187"
2026-09-22_05-11,2026-09-22T07:46:39,155.1,5.0,782,13528,36975,73,599,6666,16,25210,65,123,4807,20,4787,61,172,6,64,124,1615,1792,20000,0,20,0,20,0,79,452,60541,Hale the Architect,95184,7443,87741,0,852,0,33,,33,5800,622,,"RawRibs 493, Feather 35, Arrow 22, Leather 15, LightningScroll 7, IronIngot 6","Log 11305, IronIngot 427, DullCopperIngot 188, Leather 181, BronzeIngot 175, GoldIngot 151"
2026-09-22_05-11,2026-09-22T07:51:39,160.1,5.0,789,13413,37882,62,680,6307,19,28164,51,76,2953,0,2953,26,108,1,84,83,2733,1677,20000,0,0,0,0,0,79,438,60081,Hale the Architect,97896,9157,88739,0,0,0,34,,67,5844,884,,"RawRibs 593, Feather 40, Arrow 16, Leather 15, LightningScroll 8, EnergyBoltScroll 4","Log 11215, IronIngot 535, BronzeIngot 214, DullCopperIngot 196, GoldIngot 151, RawRibs 144"
2026-09-22_05-11,2026-09-22T07:56:39,165.1,5.0,761,13027,38312,65,637,8102,16,27577,72,83,3241,0,3241,8,149,1,85,118,4279,2633,20000,0,0,2500,0,0,79,349,60119,Hale the Architect,97076,9820,87256,2500,0,2500,22,,69,5680,284,,"RawRibs 608, LightningScroll 11, EnergyBoltScroll 5, Arrow 5, Feather 5, GreaterHealScroll 3","Log 11135, BronzeIngot 282, IronIngot 231, DullCopperIngot 202, RawRibs 162, CopperIngot 118"
2026-09-22_05-11,2026-09-22T08:01:39,170.1,5.0,807,9489,32652,55,524,7998,12,17315,37,73,2894,0,2894,40,102,3,32,109,6006,864,20000,0,0,9000,0,0,78,350,60000,Hale the Architect,93598,4107,89491,9000,933,9000,0,,0,5702,290,,"RawRibs 488, Leather 20, LightningScroll 10, EnergyBoltScroll 6, GreaterHealScroll 3, MindBlastScroll 1","Log 6655, IronIngot 548, BronzeIngot 313, DullCopperIngot 265, ShadowIronIngot 235, GoldIngot 191"
2026-09-22_05-11,2026-09-22T08:06:39,175.1,5.0,812,8480,28090,60,508,8184,10,11743,81,102,8379,6033,2346,24,188,4,18,112,2970,2449,16667,0,200,7500,6033,6033,79,316,59998,Hale the Architect,92095,2216,89879,7500,0,7500,2,,2,5860,773,,"RawRibs 457, Feather 15, IronIngot 11, LightningScroll 10, Leather 5, EnergyBoltScroll 4","Log 5377, IronIngot 751, BronzeIngot 438, ShadowIronIngot 286, CopperIngot 247, GoldIngot 220"
2026-09-22_05-11,2026-09-22T08:11:39,180.1,5.0,810,3697,13280,72,597,9048,3,4022,84,85,9877,8357,1520,28,223,0,17,160,6877,1646,13560,0,250,5000,8357,8357,77,321,60225,Hale the Architect,98933,3274,95659,5000,0,5000,15,,16,6160,868,,"RawRibs 540, Feather 15, LightningScroll 10, HarmScroll 10, Leather 10, EnergyBoltScroll 4","Log 1454, BronzeIngot 415, ShadowIronIngot 314, DullCopperIngot 269, CopperIngot 239, GoldIngot 190"
2026-09-22_05-11,2026-09-22T08:16:39,185.1,5.0,810,1569,4941,83,812,9517,0,0,125,72,8333,6930,1403,40,211,2,15,76,2022,2267,16959,0,200,12500,6930,6930,79,367,60043,Hale the Architect,96724,5405,91319,12500,1161,12500,43,,25,6148,430,,"RawRibs 734, Leather 25, Feather 22, LightningScroll 9, HarmScroll 8, EnergyBoltScroll 4","ShadowIronIngot 297, BronzeIngot 290, CopperIngot 229, DullCopperIngot 187, Garlic 91, VeriteIngot 78"
2026-09-22_05-11,2026-09-22T08:21:39,190.1,5.0,810,1788,6177,81,844,10622,10,643,27,51,1318,0,1318,39,75,1,19,86,1211,2784,19709,0,250,2500,0,0,78,335,60091,Hale the Architect,93936,4771,89165,2500,0,2500,7,,32,5860,326,,"RawRibs 710, Feather 52, Leather 45, LightningScroll 10, IronIngot 5, EnergyBoltScroll 4","ShadowIronIngot 309, BronzeIngot 305, DullCopperIngot 222, CopperIngot 165, IronIngot 146, VeriteIngot 94"
2026-09-22_05-11,2026-09-22T08:26:39,195.1,5.0,824,2482,7566,77,728,10540,9,370,40,126,1673,0,1673,57,166,3,49,123,1998,3386,19959,0,250,0,0,0,79,321,60186,Hale the Architect,94188,4068,90120,0,0,0,10,,42,5683,584,,"RawRibs 628, Feather 62, LightningScroll 8, IronIngot 5, EnergyBoltScroll 4, GreaterHealScroll 3","ShadowIronIngot 331, IronIngot 318, CopperIngot 306, BronzeIngot 301, DullCopperIngot 219, Log 115"
2026-09-22_05-11,2026-09-22T08:31:39,200.1,5.0,850,3651,11047,75,697,10256,13,1181,37,58,1473,0,1473,47,93,2,42,103,1386,2084,20000,0,41,0,0,0,79,361,60194,Hale the Architect,95820,5937,89883,0,745,0,15,,15,5882,290,,"RawRibs 618, Feather 42, IronIngot 7, LightningScroll 7, EnergyBoltScroll 4, GreaterHealScroll 3","IronIngot 665, ShadowIronIngot 444, Feather 402, CopperIngot 396, BronzeIngot 394, DullCopperIngot 236"
2026-09-22_05-11,2026-09-22T08:36:40,205.1,5.0,867,4078,12490,68,601,10818,8,637,51,119,1664,0,1664,62,157,2,43,118,2849,2617,20000,0,0,2500,0,0,79,356,60321,Hale the Architect,94180,4735,89445,2500,0,2500,21,,21,5943,884,,"RawRibs 540, Feather 30, LightningScroll 8, EnergyBoltScroll 4, GreaterHealScroll 3, LeatherArms 3","IronIngot 611, Feather 490, CopperIngot 411, BronzeIngot 392, ShadowIronIngot 380, Leather 369"
2026-09-22_05-11,2026-09-22T08:41:40,210.1,5.0,863,4300,12478,60,616,10401,13,2039,54,125,2860,0,2860,66,164,1,38,109,4268,3633,20000,0,0,5000,0,0,79,334,60368,Hale the Architect,91468,3336,88132,5000,0,5000,2,,18,5745,798,,"RawRibs 549, Feather 25, Leather 20, LightningScroll 7, EnergyBoltScroll 4, GreaterHealScroll 3","IronIngot 668, ShadowIronIngot 500, Feather 490, Leather 448, BronzeIngot 437, CopperIngot 423"
2026-09-22_05-11,2026-09-22T08:46:40,215.1,5.0,878,4194,13118,64,729,9541,14,2370,39,75,1640,0,1640,38,108,3,25,154,3599,2028,20000,0,0,0,0,0,79,331,60179,Hale the Architect,93526,3173,90353,0,552,0,11,,11,5845,290,,"RawRibs 610, Leather 55, Feather 45, LightningScroll 4, EnergyBoltScroll 4, GreaterHealScroll 3","IronIngot 616, ShadowIronIngot 542, BronzeIngot 495, Feather 490, CopperIngot 437, DullCopperIngot 278"
2026-09-22_05-11,2026-09-22T08:51:40,220.1,5.0,882,3938,13715,48,455,9562,11,1949,53,96,1391,0,1391,7,145,1,19,147,2650,2317,20000,0,0,0,0,0,79,359,59952,Hale the Architect,96727,4977,91750,0,0,0,27,,38,5965,1591,,"RawRibs 379, Feather 23, ShadowIronIngot 20, Leather 15, LightningScroll 4, EnergyBoltScroll 4","ShadowIronIngot 583, IronIngot 539, BronzeIngot 527, Feather 490, CopperIngot 459, DullCopperIngot 315"
2026-09-22_05-11,2026-09-22T08:56:40,225.1,5.0,882,3892,12979,71,895,10154,16,1527,57,167,1391,200,1191,125,222,3,33,219,2660,2914,20000,0,200,2500,200,0,79,341,60065,Hale the Architect,95509,2578,92931,2500,0,2500,21,,59,5646,445,,"RawRibs 830, Feather 22, Leather 20, IronIngot 7, EnergyBoltScroll 4, LightningScroll 3","BronzeIngot 569, ShadowIronIngot 509, Feather 490, CopperIngot 460, IronIngot 458, DullCopperIngot 347"
2026-09-22_05-11,2026-09-22T09:01:40,230.1,5.0,872,2986,10559,67,808,10599,16,1172,20,73,903,0,903,37,93,0,50,183,4908,1568,20000,0,0,0,0,0,79,354,61548,Hale the Architect,97987,3995,93992,0,788,0,0,,0,5520,388,,"RawRibs 719, Leather 35, Feather 25, ShadowIronIngot 19, EnergyBoltScroll 4, LightningScroll 3","BronzeIngot 493, CopperIngot 428, ShadowIronIngot 422, DullCopperIngot 336, VeriteIngot 197, IronIngot 151"
2026-09-22_05-11,2026-09-22T09:06:40,235.1,5.0,837,2963,9232,66,770,10238,9,941,26,139,1091,0,1091,133,163,2,35,137,1695,1327,20000,0,0,2500,0,0,79,321,61603,Hale the Architect,96898,3740,93158,2500,0,2500,1,,1,5541,65,,"RawRibs 681, Feather 55, Leather 25, LightningScroll 3, EnergyBoltScroll 3, Bow 2","BronzeIngot 578, ShadowIronIngot 514, CopperIngot 466, DullCopperIngot 340, IronIngot 250, VeriteIngot 155"
2026-09-22_05-11,2026-09-22T09:11:40,240.1,5.0,835,3243,10335,77,995,10748,10,849,54,200,1939,0,1939,156,252,3,44,139,1420,2977,20000,0,0,0,0,0,79,305,61716,Hale the Architect,97986,3565,94421,0,0,0,19,,20,5498,868,,"RawRibs 872, Feather 50, Leather 45, IronIngot 20, LightningScroll 4, Bow 2","BronzeIngot 586, ShadowIronIngot 484, CopperIngot 442, IronIngot 416, DullCopperIngot 354, GoldIngot 221"
2026-09-22_05-11,2026-09-22T09:16:40,245.1,5.0,816,3678,11319,69,843,11103,7,762,35,121,1267,0,1267,80,156,2,40,164,2908,2618,20000,0,0,0,0,0,79,337,61889,Hale the Architect,99251,4952,94299,0,876,0,23,,23,5520,448,,"RawRibs 794, Feather 20, Leather 15, EnergyBoltScroll 3, LightningScroll 3, GreaterHealScroll 2","ShadowIronIngot 602, BronzeIngot 542, CopperIngot 470, IronIngot 370, DullCopperIngot 326, GoldIngot 242"
2026-09-22_09-19,2026-09-22T09:24:39,5.1,5.1,218,2037,11675,58,704,3234,0,0,33,161,2888,0,2888,122,192,0,0,96,0,2078,20000,0,0,0,0,0,79,300,61589,Hale the Architect,95630,3148,92482,0,0,0,8,,36,5498,167,,"RawRibs 603, Bolt 73, LightningScroll 12, Feather 10, LeatherChest 1, BladeSpiritsScroll 1","Leather 385, IronIngot 305, Bloodmoss 142, Feather 142, SpidersSilk 138, SulfurousAsh 136"
2026-09-22_09-19,2026-09-22T09:29:40,10.1,5.0,277,2958,17983,62,710,2724,0,0,3,98,657,0,657,60,100,0,0,156,0,676,20000,0,0,0,0,0,79,304,61589,Hale the Architect,96795,4284,92511,0,0,0,16,,52,5498,66,,"RawRibs 611, Bolt 73, LightningScroll 13, Feather 5, GreaterHealScroll 2, EnergyBoltScroll 2","Leather 757, IronIngot 507, SulfurousAsh 177, Bloodmoss 153, Feather 142, SpidersSilk 141"
2026-09-22_09-19,2026-09-22T09:34:40,15.1,5.0,387,2306,11527,81,913,3665,0,0,100,34,3793,0,3793,41,129,0,0,182,5023,2393,20000,0,0,0,0,0,79,377,61546,Hale the Architect,101809,6667,95142,0,0,0,42,,94,5678,489,,"RawRibs 812, Bolt 70, LightningScroll 16, EnergyBoltScroll 10, GreaterHealScroll 2, BladeSpiritsScroll 1","Leather 745, Feather 503, IronIngot 214, ShadowIronIngot 141, BronzeIngot 94, CopperIngot 91"
2026-09-22_09-19,2026-09-22T09:39:40,20.1,5.0,469,2481,17462,83,825,3695,0,0,49,111,2983,0,2983,141,148,0,0,50,3284,936,20000,0,0,7500,0,0,79,300,59882,Hale the Architect,96678,2176,94502,7500,1147,7500,10,,2,5498,566,,"RawRibs 718, Bolt 68, LightningScroll 16, EnergyBoltScroll 10, ShadowIronIngot 6, GreaterHealScroll 3","Feather 725, Leather 454, ShadowIronIngot 170, BronzeIngot 138, CopperIngot 114, IronIngot 104"
2026-09-22_09-19,2026-09-22T09:44:40,25.1,5.0,509,2896,16398,75,684,3641,0,0,22,110,1040,0,1040,121,132,3,0,48,2109,1083,20000,0,0,0,0,0,79,317,60150,Hale the Architect,98524,1913,96611,0,0,0,0,,2,5498,230,,"RawRibs 589, Bolt 66, LightningScroll 16, EnergyBoltScroll 9, GreaterHealScroll 3, BladeSpiritsScroll 1","Leather 740, Feather 631, BronzeIngot 224, CopperIngot 180, IronIngot 171, ShadowIronIngot 170"
2026-09-22_09-19,2026-09-22T09:49:40,30.1,5.0,557,2828,10544,85,810,4001,0,0,40,33,1020,0,1020,42,72,1,0,105,7865,1766,20000,0,0,13500,0,0,79,302,62772,Hale the Architect,94110,6239,87871,13500,0,13500,24,,24,6300,1128,,"RawRibs 713, Bolt 65, LightningScroll 16, EnergyBoltScroll 10, GreaterHealScroll 3, BladeSpiritsScroll 1","Feather 698, Leather 659, BronzeIngot 230, CopperIngot 227, ShadowIronIngot 216, IronIngot 158"
2026-09-22_09-19,2026-09-22T09:54:40,35.1,5.0,586,2481,9799,93,867,4451,7,568,24,116,1145,0,1145,108,136,0,31,56,3900,2312,20000,0,0,2500,0,0,79,339,62709,Hale the Architect,95601,6753,88848,2500,489,2500,56,,71,5523,369,,"RawRibs 769, Bolt 62, LightningScroll 16, EnergyBoltScroll 11, HarmScroll 3, GreaterHealScroll 2","Feather 858, Leather 243, CopperIngot 234, DullCopperIngot 169, ShadowIronIngot 149, IronIngot 141"
2026-09-22_09-19,2026-09-22T09:59:40,40.1,5.0,640,2557,10739,92,810,4285,12,401,45,58,1625,0,1625,34,103,0,32,128,3360,2237,20000,0,0,2500,0,0,79,339,62813,Hale the Architect,97175,7755,89420,2500,0,2500,5,,68,5678,454,,"RawRibs 719, Bolt 56, LightningScroll 16, EnergyBoltScroll 10, HarmScroll 8, GreaterHealScroll 2","Feather 877, BronzeIngot 233, CopperIngot 217, IronIngot 203, Leather 160, DullCopperIngot 137"
2026-09-22_09-19,2026-09-22T10:04:40,45.1,5.0,698,2897,14750,86,673,4347,12,935,34,96,1180,0,1180,29,130,1,35,124,3325,2635,20000,0,60,0,60,0,79,326,62804,Hale the Architect,97727,6395,91332,0,0,0,1,,69,6180,884,,"RawRibs 569, Bolt 54, LightningScroll 16, HarmScroll 12, EnergyBoltScroll 10, Feather 10","Feather 579, IronIngot 445, CopperIngot 287, BronzeIngot 248, ShadowIronIngot 231, Leather 189"
2026-09-22_09-19,2026-09-22T10:09:40,50.1,5.0,739,3372,14395,87,617,4589,14,1307,57,94,2017,0,2017,42,151,1,33,111,2869,2023,20000,0,0,2500,0,0,79,322,62908,Hale the Architect,97250,5850,91400,2500,717,2500,23,,23,5902,773,,"RawRibs 516, Bolt 51, LightningScroll 16, HarmScroll 14, EnergyBoltScroll 10, GreaterHealScroll 2","Feather 724, IronIngot 516, Leather 384, CopperIngot 336, BronzeIngot 245, ShadowIronIngot 229"
2026-09-22_09-19,2026-09-22T10:14:40,55.1,5.0,803,3235,14154,89,662,5022,9,969,65,73,2516,0,2516,62,137,4,23,143,4387,2457,20000,0,0,5000,0,0,79,334,62591,Hale the Architect,97404,6490,90914,5000,0,5000,23,,46,5558,704,,"RawRibs 544, Bolt 49, HarmScroll 21, LightningScroll 15, Leather 15, EnergyBoltScroll 9","IronIngot 605, Leather 435, Feather 345, BronzeIngot 338, CopperIngot 309, ShadowIronIngot 282"
2026-09-22_09-19,2026-09-22T10:19:40,60.1,5.0,843,3075,12629,95,687,5218,12,618,81,89,4373,0,4373,86,170,3,12,173,5675,2856,20000,0,0,0,0,0,79,332,61828,Hale the Architect,100494,5391,95103,0,0,0,0,,46,5640,582,,"RawRibs 565, Bolt 46, HarmScroll 23, IronIngot 15, LightningScroll 14, EnergyBoltScroll 10","IronIngot 526, CopperIngot 380, BronzeIngot 370, Feather 345, ShadowIronIngot 310, Leather 203"
2026-09-22_09-19,2026-09-22T10:24:40,65.1,5.0,868,2938,10416,89,638,5532,12,1327,30,55,1057,0,1057,55,85,2,17,98,2674,3040,20000,0,0,5000,0,0,79,300,62068,Hale the Architect,96298,4352,91946,5000,917,5000,9,,9,5700,224,,"RawRibs 545, Bolt 46, HarmScroll 18, LightningScroll 15, EnergyBoltScroll 11, Leather 5","IronIngot 520, CopperIngot 417, ShadowIronIngot 394, BronzeIngot 382, DullCopperIngot 234, Leather 157"
2026-09-22_09-19,2026-09-22T10:29:40,70.1,5.0,884,3153,10305,97,758,5924,9,1071,42,66,1327,0,1327,52,108,0,42,58,3220,1164,20000,0,0,0,0,0,79,331,62383,Hale the Architect,99865,5955,93910,0,0,0,35,,44,5678,66,,"RawRibs 646, Bolt 46, HarmScroll 18, LightningScroll 15, Leather 15, EnergyBoltScroll 12","IronIngot 823, BronzeIngot 450, CopperIngot 364, ShadowIronIngot 307, DullCopperIngot 201, Feather 178"
2026-09-22_09-19,2026-09-22T10:34:40,75.1,5.0,845,3614,14103,100,842,6539,5,698,46,57,1712,0,1712,40,103,0,49,161,2714,2561,19250,1000,250,0,0,0,79,370,61905,Hale the Architect,101931,5342,96589,0,0,0,25,,69,5564,1057,,"RawRibs 720, Bolt 42, Leather 25, LightningScroll 15, HarmScroll 15, EnergyBoltScroll 12","IronIngot 700, BronzeIngot 515, CopperIngot 489, ShadowIronIngot 342, Feather 340, DullCopperIngot 215"
2026-09-22_09-19,2026-09-22T10:39:40,80.1,5.0,850,3946,14738,87,670,6134,10,915,29,97,876,0,876,46,126,4,34,192,716,1117,19500,1000,250,0,0,0,79,381,61873,Hale the Architect,102841,5509,97332,0,1008,0,2,,2,5483,268,,"RawRibs 563, Bolt 39, LightningScroll 15, Feather 15, HarmScroll 13, EnergyBoltScroll 10","IronIngot 667, CopperIngot 489, BronzeIngot 486, ShadowIronIngot 466, Leather 342, DullCopperIngot 275"
2026-09-22_09-19,2026-09-22T10:44:40,85.1,5.0,845,2994,12009,79,617,6152,7,614,27,50,731,0,731,23,77,4,37,123,4020,1178,19750,1000,250,0,0,0,79,393,62784,Hale the Architect,106439,8159,98280,0,0,0,28,,30,6061,732,,"RawRibs 535, Bolt 39, LightningScroll 12, HarmScroll 12, EnergyBoltScroll 9, Bow 4","Leather 496, ShadowIronIngot 481, BronzeIngot 342, CopperIngot 302, DullCopperIngot 264, IronIngot 210"
2026-09-22_09-19,2026-09-22T10:49:40,90.1,5.0,849,3569,13879,84,752,6461,5,266,32,65,1127,0,1127,34,97,0,30,188,3130,2337,20950,0,200,0,0,0,79,442,62596,Hale the Architect,110855,8685,102170,0,0,0,39,,69,6023,832,,"RawRibs 578, Bolt 122, LightningScroll 12, HarmScroll 11, EnergyBoltScroll 9, ShadowIronIngot 6","Leather 853, ShadowIronIngot 461, BronzeIngot 459, CopperIngot 392, DullCopperIngot 247, IronIngot 235"
2026-09-22_09-19,2026-09-22T10:54:40,95.1,5.0,869,4108,15609,82,690,7028,8,545,44,65,1634,0,1634,103,106,0,22,79,2268,1880,20950,0,0,17000,0,0,79,315,62507,Hale the Architect,96272,5845,90427,17000,1418,17000,78,,43,5641,547,,"RawRibs 506, Bolt 120, ShadowIronIngot 15, LightningScroll 13, HarmScroll 11, EnergyBoltScroll 9","Leather 851, ShadowIronIngot 495, BronzeIngot 485, IronIngot 425, CopperIngot 396, DullCopperIngot 313"
2026-09-22_09-19,2026-09-22T10:59:40,100.1,5.0,853,3980,15961,89,747,7877,12,773,40,65,1468,0,1468,53,105,0,37,86,5305,1422,20950,0,0,2500,0,0,79,328,62916,Hale the Architect,96692,7064,89628,2500,0,2500,24,,67,5915,688,,"RawRibs 582, Bolt 117, LightningScroll 14, EnergyBoltScroll 11, HarmScroll 11, Bow 4","Leather 799, ShadowIronIngot 450, BronzeIngot 441, CopperIngot 407, IronIngot 370, DullCopperIngot 284"
2026-09-22_11-04,2026-09-22T11:09:49,5.1,5.1,221,2265,14988,62,711,3062,0,0,58,84,3156,0,3156,71,141,0,0,41,0,2902,20950,0,0,0,0,0,79,283,62394,Hale the Architect,91807,4919,86888,0,0,0,16,,44,5311,224,,"RawRibs 690, LightningScroll 14, EnergyBoltScroll 3, GreaterHealScroll 1, ArchCureScroll 1, ResurrectionScroll 1","Leather 456, IronIngot 455, CopperIngot 144, MagicArrowScroll 129, SpidersSilk 109, Nightshade 107"
2026-09-22_11-04,2026-09-22T11:14:49,10.1,5.0,330,3101,20057,73,680,2915,0,0,55,144,3016,0,3016,97,183,0,0,151,0,1381,20950,0,0,0,0,0,78,311,61822,Hale the Architect,93567,5701,87866,0,0,0,57,,101,5355,88,,"RawRibs 644, LightningScroll 14, Leather 10, EnergyBoltScroll 5, GreaterHealScroll 2, ArchCureScroll 2","Leather 1061, IronIngot 661, CopperIngot 206, MagicArrowScroll 156, SpidersSilk 96, ShadowIronIngot 95"
2026-09-22_11-04,2026-09-22T11:19:49,15.1,5.0,419,3603,14869,83,778,3292,0,0,62,45,2207,0,2207,54,104,3,0,183,7014,3126,20850,100,0,2500,0,0,79,313,62534,Hale the Architect,97891,8784,89107,2500,0,2500,7,,108,5311,693,,"RawRibs 718, Leather 20, LightningScroll 15, Feather 10, EnergyBoltScroll 7, GreaterHealScroll 2","Leather 1365, Feather 349, IronIngot 319, CopperIngot 243, ShadowIronIngot 153, BronzeIngot 130"
2026-09-22_11-04,2026-09-22T11:24:49,20.1,5.0,528,4666,17118,84,805,3182,0,0,61,124,2542,0,2542,141,182,1,0,110,4701,2665,20850,0,0,2500,100,0,79,296,62610,Hale the Architect,97285,5168,92117,2500,656,2500,17,,17,5491,1161,,"RawRibs 770, LightningScroll 15, EnergyBoltScroll 8, Leather 5, GreaterHealScroll 2, ArchCureScroll 2","Leather 1732, Feather 538, CopperIngot 288, IronIngot 262, ShadowIronIngot 215, BronzeIngot 209"
2026-09-22_11-04,2026-09-22T11:29:49,25.1,5.0,589,5050,19549,81,830,3651,0,0,57,38,2026,0,2026,59,92,1,0,84,2383,1631,20750,0,0,0,100,0,79,295,62414,Hale the Architect,98604,5730,92874,0,0,0,19,,36,5911,688,,"RawRibs 702, Arrow 77, Leather 20, LightningScroll 16, EnergyBoltScroll 8, GreaterHealScroll 2","Leather 1782, Feather 697, IronIngot 340, CopperIngot 303, ShadowIronIngot 268, BronzeIngot 240"
2026-09-22_11-04,2026-09-22T11:34:49,30.1,5.0,635,9445,27767,80,792,3806,0,0,38,57,1351,0,1351,84,95,0,0,72,5322,1309,20750,0,0,5000,0,0,79,329,62414,Hale the Architect,103027,10539,92488,5000,0,5000,63,,54,5311,922,,"RawRibs 586, Arrow 157, LightningScroll 16, Feather 10, EnergyBoltScroll 9, IronIngot 5","Log 4489, Leather 1861, Feather 865, CopperIngot 365, ShadowIronIngot 286, BronzeIngot 254"
2026-09-22_11-40,2026-09-22T11:45:10,5.1,5.1,263,2479,13651,55,489,1954,0,0,72,203,3677,0,3677,92,275,0,0,144,0,1842,20750,0,0,0,0,0,79,322,61894,Hale the Architect,102595,4519,98076,0,0,0,9,,9,5376,389,,"RawRibs 451, LightningScroll 15, Feather 15, Bow 3, EnergyBoltScroll 2, GreaterHealScroll 1","Leather 500, Feather 307, IronIngot 270, CopperIngot 189, Log 165, ShadowIronIngot 108"
2026-09-22_11-40,2026-09-22T11:50:10,10.1,5.0,346,2768,18191,55,500,1782,0,0,61,102,2877,0,2877,45,154,0,0,321,0,1915,20750,0,0,0,0,0,79,359,60425,Hale the Architect,102654,3598,99056,0,0,0,50,,59,5633,851,,"RawRibs 476, LightningScroll 15, Bow 2, EnergyBoltScroll 2, GreaterHealScroll 1, DispelFieldScroll 1","Leather 443, IronIngot 405, Feather 307, CopperIngot 230, ShadowIronIngot 178, Log 160"
2026-09-22_11-40,2026-09-22T11:55:10,15.1,5.0,458,3068,16522,63,586,2419,0,0,36,62,1253,0,1253,53,98,1,0,93,4331,1906,20650,100,0,2500,0,0,79,390,60394,Hale the Architect,106249,5345,100904,2500,0,2500,23,,44,5431,582,,"RawRibs 565, LightningScroll 15, EnergyBoltScroll 5, ArchCureScroll 2, Bow 2, GreaterHealScroll 1","Leather 763, CopperIngot 271, ShadowIronIngot 245, IronIngot 236, Feather 190, BronzeIngot 188"
2026-09-22_11-40,2026-09-22T12:00:10,20.1,5.0,532,3824,12978,54,454,2151,0,0,30,51,1413,0,1413,48,80,0,0,88,4796,720,20650,0,0,9500,100,0,79,300,62199,Hale the Architect,104752,6153,98599,9500,1253,9500,1,,1,5311,246,,"RawRibs 418, LightningScroll 15, Leather 10, EnergyBoltScroll 5, ArchCureScroll 2, Bow 2","Leather 1300, CopperIngot 317, IronIngot 274, ShadowIronIngot 269, BronzeIngot 236, Feather 190"
2026-09-22_11-40,2026-09-22T12:05:10,25.1,5.0,600,3760,12141,57,433,2495,0,0,36,57,999,0,999,19,93,1,0,105,2954,831,20650,0,0,2500,0,0,79,319,62109,Hale the Architect,108319,7821,100498,2500,0,2500,10,,10,5311,388,,"RawRibs 380, Leather 25, LightningScroll 16, EnergyBoltScroll 7, ArchCureScroll 2, Bow 2","Leather 1112, CopperIngot 328, ShadowIronIngot 318, BronzeIngot 311, DullCopperIngot 207, Feather 190"
2026-09-22_11-40,2026-09-22T12:10:10,30.1,5.0,656,3627,11273,56,378,2428,0,0,34,77,1081,0,1081,26,111,0,0,134,2876,1630,20650,0,0,13000,0,0,79,338,62153,Hale the Architect,99694,10122,89572,13000,664,13000,18,,0,5333,928,,"RawRibs 309, Leather 25, LightningScroll 16, ShadowIronIngot 16, EnergyBoltScroll 7, ArchCureScroll 2","Leather 871, CopperIngot 392, ShadowIronIngot 362, BronzeIngot 343, DullCopperIngot 207, Feather 190"
2026-09-22_12-15,2026-09-22T12:20:28,5.1,5.1,225,2719,14818,73,544,2633,0,0,48,185,2917,0,2917,83,233,0,0,121,0,1815,20650,0,0,0,0,0,78,399,61937,Hale the Architect,100946,9409,91537,0,0,0,26,,46,5311,207,,"RawRibs 506, LightningScroll 15, HarmScroll 8, EnergyBoltScroll 4, Feather 3, Bow 2","Leather 650, IronIngot 380, CopperIngot 293, BronzeIngot 264, Feather 242, Log 230"
2026-09-22_12-15,2026-09-22T12:25:28,10.1,5.0,311,3588,18748,75,558,2757,0,0,14,46,742,0,742,16,59,0,0,131,0,2058,20650,0,0,2500,0,0,77,364,61814,Hale the Architect,98282,9496,88786,2500,0,2500,7,,53,5333,413,,"RawRibs 514, LightningScroll 16, HarmScroll 11, EnergyBoltScroll 6, Bow 3, ArchCureScroll 2","Leather 1040, IronIngot 474, CopperIngot 347, BronzeIngot 270, Log 269, Feather 242"
2026-09-22_12-15,2026-09-22T12:30:28,15.1,5.0,447,4371,17026,85,854,3388,0,0,72,195,2929,20,2909,21,255,2,0,183,2806,2314,20630,0,0,2500,20,0,79,303,61518,Hale the Architect,98168,7056,91112,2500,0,2500,34,,87,5311,420,,"RawRibs 687, Arrow 103, Leather 20, LightningScroll 16, HarmScroll 9, EnergyBoltScroll 8","Log 1300, Leather 1121, CopperIngot 380, BronzeIngot 278, IronIngot 251, ShadowIronIngot 150"
2026-09-22_12-15,2026-09-22T12:35:28,20.1,5.0,515,7378,22179,87,856,3054,0,0,57,108,2205,0,2205,11,163,0,0,121,7037,3471,20630,0,0,2500,0,0,79,316,61646,Hale the Architect,101256,8480,92776,2500,654,2500,17,,14,5311,1541,,"RawRibs 714, Arrow 99, LightningScroll 16, EnergyBoltScroll 8, HarmScroll 8, Bow 2","Log 4355, Leather 1018, CopperIngot 379, BronzeIngot 290, IronIngot 193, ShadowIronIngot 150"
2026-09-22_12-15,2026-09-22T12:40:28,25.1,5.0,575,8569,22116,78,739,3425,0,0,85,76,2821,1553,1268,13,158,2,0,68,5198,2769,19177,0,100,2500,1553,1553,79,399,61974,Hale the Architect,105391,9818,95573,2500,0,2500,5,,18,5311,360,,"RawRibs 599, Arrow 97, LightningScroll 15, EnergyBoltScroll 10, HarmScroll 7, Bow 3","Log 5339, Leather 1252, CopperIngot 341, BronzeIngot 261, MagicArrowScroll 192, IronIngot 181"
2026-09-22_12-15,2026-09-22T12:45:28,30.1,5.0,658,8764,21574,81,809,3465,0,0,79,125,2825,1573,1252,8,203,0,0,99,5671,2503,17854,0,250,0,1573,1573,79,464,61974,Hale the Architect,112176,10322,101854,0,0,0,23,,41,5274,360,,"RawRibs 633, Arrow 83, Feather 52, LightningScroll 16, EnergyBoltScroll 10, HarmScroll 6","Log 6014, Leather 1194, CopperIngot 293, BronzeIngot 260, ShadowIronIngot 150, MagicArrowScroll 117"
2026-09-22_12-15,2026-09-22T12:50:28,35.1,5.0,677,7843,20224,84,804,3739,6,8095,76,52,3087,1772,1315,20,126,0,15,45,4269,1690,19610,0,200,5000,1772,1772,78,308,61994,Hale the Architect,111112,9122,101990,5000,1373,5000,21,,21,5274,44,,"RawRibs 650, Arrow 68, Feather 42, LightningScroll 16, EnergyBoltScroll 10, CopperIngot 10","Log 6068, Leather 810, ShadowIronIngot 158, CopperIngot 138, MagicArrowScroll 130, BronzeIngot 114"
2026-09-22_12-15,2026-09-22T12:55:28,40.1,5.0,712,8908,22541,83,708,3923,10,11064,55,106,2886,2042,844,31,167,0,18,86,3020,1880,18843,0,200,8000,2042,2042,79,316,62054,Hale the Architect,107784,7899,99885,8000,0,8000,57,,65,5574,663,,"RawRibs 591, Arrow 53, Feather 30, LightningScroll 16, EnergyBoltScroll 10, HarmScroll 4","Log 6926, Leather 1146, BronzeIngot 130, ShadowIronIngot 118, CopperIngot 95, MagicArrowScroll 89"
2026-09-22_12-15,2026-09-22T13:00:28,45.1,5.0,749,11153,30173,84,698,4250,16,21389,58,80,3192,2136,1056,33,147,0,23,87,1669,2474,16957,0,250,0,2136,2116,79,361,62014,Hale the Architect,111905,8274,103631,0,0,0,21,,86,5514,622,,"RawRibs 577, Feather 40, Arrow 30, LightningScroll 16, EnergyBoltScroll 11, BronzeIngot 11","Log 9141, Leather 1128, ShadowIronIngot 135, MagicArrowScroll 131, BronzeIngot 128, CopperIngot 92"
2026-09-22_12-15,2026-09-22T13:05:28,50.1,5.0,792,13686,38482,89,851,4604,17,27637,56,157,3678,2155,1523,34,222,0,37,138,1368,1157,15052,0,250,0,2155,2155,79,463,61974,Hale the Architect,115550,10104,105446,0,1341,0,15,,22,5913,744,,"RawRibs 489, Arrow 248, Feather 40, IronIngot 25, LightningScroll 16, EnergyBoltScroll 11","Log 11875, Leather 540, ShadowIronIngot 149, BronzeIngot 128, MagicArrowScroll 107, CopperIngot 95"
2026-09-22_12-15,2026-09-22T13:10:29,55.1,5.0,804,15331,41848,93,1115,5036,17,32997,63,86,4115,2891,1224,10,165,3,24,98,2537,1718,18169,0,200,16500,2891,2891,79,364,62441,Hale the Architect,104065,7825,96240,16500,0,16500,12,,19,5759,1097,,"RawRibs 592, Arrow 399, IronIngot 45, Feather 25, LightningScroll 15, EnergyBoltScroll 12","Log 13756, Leather 645, ShadowIronIngot 149, BronzeIngot 97, CopperIngot 93, RawRibs 78"
2026-09-22_12-15,2026-09-22T13:15:29,60.1,5.0,847,14478,42170,97,1311,5359,15,35559,58,79,4249,3381,868,10,155,2,15,146,5749,1992,17538,0,250,2500,3381,3381,79,408,62511,Hale the Architect,110516,9470,101046,2500,0,2500,70,,32,5847,88,,"RawRibs 653, Arrow 548, Feather 35, IronIngot 20, LightningScroll 15, EnergyBoltScroll 12","Log 13228, Leather 323, ShadowIronIngot 145, CopperIngot 98, BronzeIngot 97, LesserHealPotion 72"
2026-09-22_12-15,2026-09-22T13:20:29,65.1,5.0,838,15310,46139,99,1289,6012,14,41505,44,84,5207,4447,760,95,153,3,18,36,2035,1867,15841,0,250,2500,4447,4447,79,420,62531,Hale the Architect,112991,7903,105088,2500,1180,2500,10,,10,5122,975,,"RawRibs 669, Arrow 530, Feather 20, LightningScroll 15, Leather 15, EnergyBoltScroll 12","Log 14424, Leather 134, ShadowIronIngot 106, LesserHealPotion 76, CopperIngot 59, IronIngot 59"
2026-09-22_13-25,2026-09-22T13:30:36,5.1,5.1,211,1954,15264,59,556,2442,0,0,70,163,4689,0,4689,113,227,0,0,132,0,2636,15068,0,250,2500,0,0,79,317,60731,Hale the Architect,109036,2312,106724,2500,0,2500,46,,60,5767,1053,,"RawRibs 535, LightningScroll 13, EnergyBoltScroll 3, PlateGorget 2, Bow 1, ArchProtectionScroll 1","Feather 281, Leather 280, BronzeIngot 230, IronIngot 181, ShadowIronIngot 170, SulfurousAsh 85"
2026-09-22_13-25,2026-09-22T13:35:36,10.1,5.0,303,3150,24005,71,782,2275,0,0,37,132,2057,0,2057,10,158,0,0,319,0,2783,15318,0,250,0,0,0,79,346,59979,Hale the Architect,109520,2114,107406,0,0,0,20,,80,5239,564,,"RawRibs 756, LightningScroll 15, EnergyBoltScroll 5, ArchProtectionScroll 2, GreaterHealScroll 2, Bow 1","Leather 684, IronIngot 350, Feather 281, BronzeIngot 245, ShadowIronIngot 225, MagicArrowScroll 151"
2026-09-22_13-25,2026-09-22T13:40:36,15.1,5.0,376,3345,14263,78,851,2527,0,0,50,102,2116,0,2116,46,151,0,0,154,5994,1637,15568,0,250,0,0,0,79,329,61712,Hale the Architect,114204,5592,108612,0,0,0,12,,92,5301,207,,"RawRibs 806, LightningScroll 16, Leather 12, EnergyBoltScroll 8, Feather 3, ArchProtectionScroll 2","Leather 879, ShadowIronIngot 291, BronzeIngot 281, Feather 281, IronIngot 249, CopperIngot 193"
2026-09-22_13-25,2026-09-22T13:45:36,20.1,5.0,431,3011,12776,73,691,2683,0,0,48,117,2047,0,2047,34,164,0,0,134,4757,1369,15818,0,250,0,0,0,79,397,62266,Hale the Architect,118635,7723,110912,0,1588,0,9,,9,5119,322,,"RawRibs 650, LightningScroll 16, Feather 10, EnergyBoltScroll 9, ArchProtectionScroll 2, GreaterHealScroll 2","Leather 803, ShadowIronIngot 326, BronzeIngot 289, Feather 231, CopperIngot 197, IronIngot 121"
2026-09-22_13-25,2026-09-22T13:50:36,25.1,5.0,538,3054,11481,64,521,2837,0,0,68,101,2884,0,2884,70,165,0,0,164,3815,1637,20000,0,100,20000,400,0,79,354,62096,Hale the Architect,105709,8265,97444,20000,0,20000,22,,22,5241,467,,"RawRibs 468, Leather 21, LightningScroll 16, EnergyBoltScroll 10, ArchProtectionScroll 2, Bow 1","Leather 937, BronzeIngot 330, ShadowIronIngot 310, CopperIngot 208, Feather 164, IronIngot 147"
2026-09-22_13-25,2026-09-22T13:55:36,30.1,5.0,584,3129,12729,66,486,3105,0,0,45,85,1552,0,1552,34,129,1,0,183,3172,2662,20000,0,0,2500,0,0,79,377,62079,Hale the Architect,105094,6794,98300,2500,0,2500,21,,43,5419,1326,,"RawRibs 416, Feather 20, LightningScroll 15, ShadowIronIngot 15, EnergyBoltScroll 12, Bow 2","Leather 852, BronzeIngot 348, ShadowIronIngot 329, CopperIngot 239, IronIngot 144, GoldIngot 141"
2026-09-22_13-25,2026-09-22T14:00:36,35.1,5.0,576,2627,11348,65,466,3107,16,1927,33,63,1240,0,1240,46,96,4,51,99,2931,2117,20000,0,0,0,0,0,79,414,62213,Hale the Architect,105599,6640,98959,0,889,0,0,,0,5119,268,,"RawRibs 432, LightningScroll 14, EnergyBoltScroll 11, Feather 5, Bow 2, ArchProtectionScroll 2","Leather 740, ShadowIronIngot 288, BronzeIngot 244, CopperIngot 197, IronIngot 178, Log 125"
2026-09-22_14-02,2026-09-22T14:07:57,5.1,5.1,225,2291,13982,56,611,2220,0,0,51,159,2962,0,2962,70,210,0,0,116,0,2096,20000,0,0,0,0,0,79,406,61813,Hale the Architect,101793,3411,98382,0,0,0,5,,7,5583,552,,"RawRibs 594, LightningScroll 11, ArchProtectionScroll 2, Bow 1, MindBlastScroll 1, EnergyBoltScroll 1","Leather 529, IronIngot 482, CopperIngot 187, BronzeIngot 113, Nightshade 104, MagicArrowScroll 89"
2026-09-22_14-02,2026-09-22T14:12:57,10.1,5.0,305,3353,20084,67,722,2463,0,0,49,42,2243,0,2243,24,91,0,0,155,0,1834,20000,0,0,0,0,0,79,411,60928,Hale the Architect,103872,4329,99543,0,0,0,32,,39,5122,205,,"RawRibs 680, Leather 21, LightningScroll 13, EnergyBoltScroll 3, ArchProtectionScroll 2, Bow 1","IronIngot 981, Leather 610, Feather 390, CopperIngot 233, MagicArrowScroll 144, BronzeIngot 134"
2026-09-22_14-02,2026-09-22T14:17:57,15.1,5.0,381,2415,14919,62,599,2430,0,0,39,110,1726,0,1726,56,149,1,0,185,7473,2018,20000,0,0,2500,0,0,79,375,62078,Hale the Architect,109180,5883,103297,2500,1185,2500,6,,0,5261,584,,"RawRibs 574, LightningScroll 13, EnergyBoltScroll 5, ArchProtectionScroll 2, Bow 1, MindBlastScroll 1","Feather 540, Leather 413, CopperIngot 255, IronIngot 171, BronzeIngot 161, ShadowIronIngot 126"
2026-09-22_14-02,2026-09-22T14:22:57,20.1,5.0,458,3037,16283,67,644,2925,0,0,31,41,1062,0,1062,22,72,0,0,113,4008,2997,20000,0,0,0,0,0,79,457,62329,Hale the Architect,111467,7196,104271,0,0,0,9,,9,5181,1142,,"RawRibs 584, LightningScroll 15, Feather 15, Leather 15, EnergyBoltScroll 6, ArchProtectionScroll 2","Feather 756, Leather 562, CopperIngot 310, BronzeIngot 181, DullCopperIngot 160, ShadowIronIngot 140"
2026-09-22_14-02,2026-09-22T14:27:57,25.1,5.0,516,3415,10922,65,538,2793,0,0,43,92,2001,200,1801,62,134,1,0,131,6847,2449,20000,0,50,2500,200,0,79,423,62573,Hale the Architect,114942,5887,109055,2500,0,2500,8,,16,5141,728,,"RawRibs 496, LightningScroll 15, Leather 13, EnergyBoltScroll 6, ArchProtectionScroll 2, Bow 1","Feather 857, Leather 648, CopperIngot 348, BronzeIngot 196, ShadowIronIngot 176, DullCopperIngot 174"
2026-09-22_14-02,2026-09-22T14:32:57,30.1,5.0,576,3565,11012,72,555,3445,0,0,60,51,2074,0,2074,37,111,0,0,161,3405,1145,20000,0,0,0,0,0,79,462,62752,Hale the Architect,118202,7555,110647,0,1647,0,54,,0,5321,245,,"RawRibs 508, LightningScroll 15, EnergyBoltScroll 12, Leather 5, Feather 5, ArchProtectionScroll 2","Feather 1059, Leather 590, CopperIngot 405, BronzeIngot 218, ShadowIronIngot 215, GoldIngot 182"
2026-09-22_14-02,2026-09-22T14:37:57,35.1,5.0,567,3257,12079,80,705,3745,6,842,30,62,1632,0,1632,59,91,3,54,99,1062,1315,20000,0,0,5000,0,0,79,387,62892,Hale the Architect,114491,6339,108152,5000,0,5000,8,,8,5141,132,,"RawRibs 649, Leather 20, LightningScroll 16, EnergyBoltScroll 13, ArchProtectionScroll 2, MindBlastScroll 2","Feather 1176, Leather 426, CopperIngot 267, IronIngot 216, DullCopperIngot 195, GoldIngot 191"
2026-09-22_14-02,2026-09-22T14:42:57,40.1,5.0,647,3080,15073,90,736,4624,10,2182,63,124,3175,0,3175,79,172,0,33,205,5004,2340,20000,0,0,0,0,0,79,465,62893,Hale the Architect,116427,6717,109710,0,0,0,5,,13,5847,999,,"RawRibs 679, LightningScroll 16, EnergyBoltScroll 15, Feather 15, ArchProtectionScroll 2, MindBlastScroll 2","Feather 710, CopperIngot 403, Leather 317, IronIngot 229, ShadowIronIngot 220, DullCopperIngot 199"
2026-09-22_14-02,2026-09-22T14:47:57,45.1,5.0,696,3202,14205,92,727,4903,9,1860,52,121,2088,0,2088,47,171,1,24,144,4540,3565,20000,0,0,9518,0,0,79,364,63003,Hale the Architect,112239,8253,103986,9000,0,9000,14,,27,5124,1228,,"RawRibs 620, Leather 35, Feather 25, LightningScroll 16, EnergyBoltScroll 15, CopperIngot 4","Feather 471, CopperIngot 453, IronIngot 451, BronzeIngot 259, ShadowIronIngot 249, DullCopperIngot 208"
2026-09-22_14-02,2026-09-22T14:52:57,50.1,5.0,760,3248,14436,85,766,4663,13,1534,57,146,2927,0,2927,72,201,1,26,152,2604,1083,20000,0,0,0,0,0,75,383,62843,Hale the Architect,103603,6377,97226,0,1223,0,64,,64,5124,47,,"RawRibs 697, Feather 25, LightningScroll 16, EnergyBoltScroll 14, Leather 5, ArchProtectionScroll 2","IronIngot 562, CopperIngot 476, BronzeIngot 278, ShadowIronIngot 270, DullCopperIngot 189, GoldIngot 160"
2026-09-22_14-02,2026-09-22T14:57:57,55.1,5.0,823,2969,12098,81,722,5004,9,1240,72,88,2763,0,2763,49,159,2,22,111,1882,1788,20000,0,0,2500,0,0,79,337,62867,Hale the Architect,114575,6778,107797,2500,0,2500,38,,101,5490,770,,"RawRibs 666, LightningScroll 16, EnergyBoltScroll 13, Feather 10, Leather 5, PlateGorget 3","CopperIngot 501, IronIngot 463, BronzeIngot 287, ShadowIronIngot 272, DullCopperIngot 185, GoldIngot 156"
2026-09-22_14-02,2026-09-22T15:02:57,60.1,5.0,864,3119,10593,77,586,5238,11,1643,49,72,1500,0,1500,61,120,1,19,94,3199,1241,20000,0,0,0,0,0,78,362,62909,Hale the Architect,117387,6861,110526,0,0,0,3,,104,5728,420,,"RawRibs 528, LightningScroll 15, Feather 15, EnergyBoltScroll 14, PlateGorget 3, ArchProtectionScroll 2","CopperIngot 523, IronIngot 457, BronzeIngot 316, ShadowIronIngot 308, Leather 289, DullCopperIngot 177"
2026-09-22_14-02,2026-09-22T15:07:57,65.1,5.0,866,3210,9441,80,558,5882,10,1342,21,76,797,0,797,56,97,4,28,97,1117,1750,20000,0,0,0,0,0,79,385,63011,Hale the Architect,117115,6886,110229,0,1539,0,0,,0,4970,669,,"RawRibs 507, LightningScroll 15, EnergyBoltScroll 13, Feather 10, Leather 5, PlateGorget 3","CopperIngot 565, IronIngot 489, BronzeIngot 371, ShadowIronIngot 258, Leather 249, Feather 209"
2026-09-22_15-10,2026-09-22T15:16:03,5.1,5.1,261,2357,12352,65,556,3555,0,0,65,210,5628,0,5628,228,269,0,0,89,0,3986,20000,0,0,0,0,0,78,426,62257,Hale the Architect,114887,6263,108624,0,0,0,68,,70,4923,220,,"RawRibs 502, Feather 15, LightningScroll 13, Leather 10, Bow 3, PlateGorget 3","IronIngot 453, Feather 392, Leather 220, BronzeIngot 191, Log 125, SulfurousAsh 99"
2026-09-22_15-10,2026-09-22T15:21:03,10.1,5.0,369,3816,19802,80,807,3303,0,0,37,101,3035,0,3035,57,134,0,0,149,0,3386,20000,0,0,0,0,0,79,397,61900,Hale the Architect,112501,4018,108483,0,0,0,9,,79,4923,160,,"RawRibs 762, IronIngot 15, LightningScroll 14, Bow 4, EnergyBoltScroll 2, ArchCureScroll 2","IronIngot 918, Feather 787, Leather 322, BronzeIngot 222, ShadowIronIngot 142, Log 131"
2026-09-22_15-10,2026-09-22T15:26:03,15.1,5.0,442,3786,15508,87,894,3653,0,0,59,61,2886,50,2836,88,118,0,0,98,5381,2108,20000,0,50,0,50,0,79,370,60809,Hale the Architect,115551,3350,112201,0,0,0,14,,93,4945,44,,"RawRibs 843, Feather 15, LightningScroll 14, EnergyBoltScroll 5, Bow 4, Leather 3","Feather 998, IronIngot 707, Leather 549, BronzeIngot 300, CopperIngot 184, ShadowIronIngot 160"
2026-09-22_15-10,2026-09-22T15:31:04,20.1,5.0,523,4051,19993,93,850,4008,0,0,64,173,2966,0,2966,198,235,0,0,117,2309,2685,20000,0,0,0,0,0,79,409,59955,Hale the Architect,114702,2746,111956,0,1433,0,26,,26,5503,1117,,"RawRibs 786, LightningScroll 15, Leather 15, IronIngot 15, EnergyBoltScroll 5, Feather 5","Feather 993, IronIngot 721, BronzeIngot 339, Leather 275, ShadowIronIngot 242, CopperIngot 190"
2026-09-22_15-10,2026-09-22T15:36:04,25.1,5.0,578,2433,10031,84,747,3695,0,0,151,135,8447,5405,3042,156,293,1,0,123,3134,2487,17295,0,200,2500,5405,5405,78,390,60167,Hale the Architect,119269,2209,117060,2500,0,2500,45,,37,5223,600,,"RawRibs 700, Feather 15, LightningScroll 14, Leather 6, EnergyBoltScroll 5, Bow 4","IronIngot 791, Feather 324, Leather 211, ShadowIronIngot 146, BronzeIngot 143, CopperIngot 134"
2026-09-22_15-10,2026-09-22T15:41:04,30.1,5.0,625,1309,5349,90,995,3726,0,0,136,87,6475,4993,1482,50,216,0,0,156,1411,2555,12552,0,250,0,4993,4993,79,441,60000,Hale the Architect,122637,2178,120459,0,0,0,24,,61,4923,1042,,"RawRibs 933, Leather 30, LightningScroll 15, EnergyBoltScroll 5, Bow 4, ArchCureScroll 2","IronIngot 474, Feather 222, BronzeIngot 94, GoldIngot 88, CopperIngot 78, MagicArrowScroll 61"
2026-09-22_15-10,2026-09-22T15:46:04,35.1,5.0,628,1382,6306,101,1210,4560,7,1687,8,45,425,0,425,46,51,1,14,101,867,1698,12802,0,250,0,0,0,79,421,59940,Hale the Architect,119705,2294,117411,0,1805,0,1,,1,4967,726,,"RawRibs 1108, Leather 60, LightningScroll 14, Feather 10, EnergyBoltScroll 5, Bow 4","IronIngot 520, Feather 262, CopperIngot 103, GoldIngot 67, BronzeIngot 53, MagicArrowScroll 52"
2026-09-22_15-48,2026-09-22T15:53:25,5.1,5.1,260,2444,14573,68,808,3155,0,0,39,197,3372,0,3372,250,236,0,0,68,0,2016,13052,0,250,0,0,0,79,398,59936,Hale the Architect,118960,2047,116913,0,0,0,48,,53,4967,44,,"RawRibs 761, Feather 30, LightningScroll 11, MindBlastScroll 2, ArchProtectionScroll 1, EnergyBoltScroll 1","Feather 456, IronIngot 412, Leather 374, ShadowIronIngot 107, BronzeIngot 102, CopperIngot 98"
2026-09-22_15-48,2026-09-22T15:58:25,10.1,5.0,363,3316,22790,75,762,2823,0,0,49,104,2665,0,2665,70,153,0,0,138,0,1187,13302,0,250,0,0,0,79,468,59624,Hale the Architect,121795,3119,118676,0,0,0,20,,73,4944,221,,"RawRibs 715, Feather 20, LightningScroll 14, ArchProtectionScroll 3, MindBlastScroll 3, EnergyBoltScroll 3","IronIngot 830, Leather 464, Feather 456, CopperIngot 157, ShadowIronIngot 152, BronzeIngot 117"
2026-09-22_15-48,2026-09-22T16:03:25,15.1,5.0,427,3119,22601,86,932,3391,0,0,53,48,3299,0,3299,55,100,1,0,133,4745,1490,20000,0,100,18500,0,0,79,368,58825,Hale the Architect,108871,5549,103322,18500,0,18500,0,,56,4923,166,,"RawRibs 787, Feather 80, IronIngot 20, Leather 16, LightningScroll 14, EnergyBoltScroll 6","Leather 607, Feather 456, IronIngot 352, ShadowIronIngot 254, CopperIngot 171, BronzeIngot 118"
2026-09-22_15-48,2026-09-22T16:08:25,20.1,5.0,500,2745,14986,82,803,3014,0,0,61,180,3175,0,3175,140,225,0,0,131,6549,2020,20000,0,0,0,0,0,79,441,60731,Hale the Architect,114281,6804,107477,0,1194,0,9,,9,5223,622,,"RawRibs 712, Feather 55, LightningScroll 13, EnergyBoltScroll 9, Leather 5, ArchProtectionScroll 3","Feather 456, IronIngot 392, ShadowIronIngot 262, CopperIngot 192, BronzeIngot 176, GoldIngot 155"
2026-09-22_15-48,2026-09-22T16:13:25,25.1,5.0,578,3519,17759,76,672,3099,0,0,39,55,1411,0,1411,32,93,0,0,94,2543,1608,20000,0,0,5000,0,0,79,377,60757,Hale the Architect,113414,6186,107228,5000,0,5000,59,,68,4923,630,,"RawRibs 603, Feather 35, LightningScroll 13, EnergyBoltScroll 12, ArchProtectionScroll 3, MindBlastScroll 3","IronIngot 528, Feather 456, Leather 402, ShadowIronIngot 308, CopperIngot 282, BronzeIngot 247"
2026-09-22_15-48,2026-09-22T16:18:25,30.1,5.0,633,3856,13722,75,628,3383,0,0,32,79,1623,0,1623,103,110,3,0,59,5436,1697,20000,0,0,2500,0,0,79,339,61224,Hale the Architect,115538,7652,107886,2500,0,2500,6,,39,4923,764,,"RawRibs 558, Feather 30, LightningScroll 14, EnergyBoltScroll 13, Leather 5, MindBlastScroll 3","IronIngot 696, Leather 507, Feather 446, CopperIngot 363, ShadowIronIngot 333, BronzeIngot 277"
2026-09-22_15-48,2026-09-22T16:23:26,35.1,5.0,641,3537,14874,84,807,3736,11,1765,26,59,890,0,890,47,85,2,47,70,2367,2709,20000,0,0,2500,0,0,79,318,61299,Hale the Architect,111642,4772,106870,2500,1445,2500,2,,2,4923,44,,"RawRibs 758, Feather 15, LightningScroll 13, EnergyBoltScroll 12, MindBlastScroll 3, ArchProtectionScroll 2","IronIngot 883, Leather 515, BronzeIngot 305, CopperIngot 299, ShadowIronIngot 248, GoldIngot 228"
2026-09-22_15-48,2026-09-22T16:28:26,40.1,5.0,697,3822,19128,90,887,4153,12,1079,36,49,1186,0,1186,25,85,0,31,162,4008,1917,20000,0,0,0,0,0,79,351,61347,Hale the Architect,115663,5733,109930,0,0,0,5,,7,4923,227,,"RawRibs 786, Feather 45, LightningScroll 13, EnergyBoltScroll 13, Leather 10, IronIngot 10","IronIngot 864, Leather 462, BronzeIngot 351, CopperIngot 324, ShadowIronIngot 251, DullCopperIngot 247"
2026-09-22_15-48,2026-09-22T16:33:26,45.1,5.0,746,2844,11315,96,1000,4626,1,190,133,150,5570,3988,1582,86,281,1,17,188,2191,2288,17946,0,100,12500,3988,3988,78,329,62058,Hale the Architect,109759,4739,105020,12500,0,12500,26,,13,4923,1244,,"RawRibs 921, Feather 40, EnergyBoltScroll 14, LightningScroll 12, ArchProtectionScroll 3, MindBlastScroll 3","IronIngot 838, Leather 337, BronzeIngot 274, ShadowIronIngot 219, DullCopperIngot 191, CopperIngot 185"
2026-09-22_15-48,2026-09-22T16:38:26,50.1,5.0,769,1546,4373,100,1062,5030,2,78,122,44,6530,5384,1146,16,171,1,7,154,2915,1999,12812,0,250,0,5384,5384,79,401,62153,Hale the Architect,116285,6306,109979,0,1058,0,29,,29,5245,1026,,"RawRibs 940, Feather 80, EnergyBoltScroll 13, LightningScroll 12, IronIngot 5, ArchProtectionScroll 3","IronIngot 356, BronzeIngot 215, CopperIngot 153, Leather 116, GoldIngot 105, ShadowIronIngot 91"
2026-09-22_15-48,2026-09-22T16:43:26,55.1,5.0,807,1731,5372,92,872,5270,8,463,86,122,2980,1420,1560,97,207,3,39,140,1596,3526,11642,0,250,0,1420,1420,79,401,62166,Hale the Architect,116328,4369,111959,0,0,0,12,,41,4945,808,,"RawRibs 758, Feather 60, IronIngot 20, LightningScroll 13, EnergyBoltScroll 12, MindBlastScroll 3","IronIngot 453, BronzeIngot 171, CopperIngot 133, Leather 133, Garlic 105, GoldIngot 80"
2026-09-22_15-48,2026-09-22T16:48:26,60.1,5.0,849,1909,7828,88,881,5159,9,320,50,102,2367,0,2367,68,151,3,28,196,632,894,14392,0,250,2500,0,0,79,400,62191,Hale the Architect,116352,5518,110834,2500,0,2500,9,,34,5200,346,,"RawRibs 700, Feather 80, Leather 70, LightningScroll 12, EnergyBoltScroll 11, ArchProtectionScroll 3","IronIngot 453, BronzeIngot 249, CopperIngot 201, Feather 107, GoldIngot 103, ShadowIronIngot 87"
2026-09-22_15-48,2026-09-22T16:53:26,65.1,5.0,878,1669,6600,90,922,5387,3,242,60,65,1965,1041,924,31,124,2,13,117,736,3103,13601,0,250,0,1041,1041,78,401,62125,Hale the Architect,116648,6011,110637,0,1438,0,93,,93,5024,167,,"RawRibs 760, Feather 83, Leather 50, LightningScroll 13, EnergyBoltScroll 11, MindBlastScroll 2","CopperIngot 261, IronIngot 249, BronzeIngot 197, GoldIngot 130, ShadowIronIngot 123, Feather 95"
2026-09-22_16-56,2026-09-22T17:01:22,5.1,5.1,255,2348,13215,63,526,2566,0,0,63,184,3951,0,3951,213,247,0,0,81,0,4016,16190,0,250,0,0,0,79,286,61679,Hale the Architect,110063,3278,106785,0,0,0,9,,18,4879,44,,"RawRibs 467, Feather 35, LightningScroll 12, EnergyBoltScroll 4, ArchProtectionScroll 2, MindBlastScroll 1","Leather 457, IronIngot 436, CopperIngot 144, BronzeIngot 128, MagicArrowScroll 119, BlackPearl 118"
2026-09-22_16-56,2026-09-22T17:06:22,10.1,5.0,331,3751,20641,84,798,3133,0,0,37,56,1805,0,1805,52,92,0,0,130,0,1669,16440,0,250,0,0,0,79,277,61559,Hale the Architect,108040,2319,105721,0,0,0,6,,24,4879,122,,"RawRibs 734, Feather 25, LightningScroll 13, Leather 10, EnergyBoltScroll 5, ArchProtectionScroll 2","IronIngot 1004, Leather 861, BronzeIngot 202, CopperIngot 196, MagicArrowScroll 154, Log 140"
2026-09-22_16-56,2026-09-22T17:11:22,15.1,5.0,421,3197,13751,86,971,3334,0,0,66,57,2993,0,2993,62,121,3,0,139,8002,1628,16690,0,250,0,0,0,79,328,61559,Hale the Architect,116516,5207,111309,0,0,0,26,,50,5046,584,,"RawRibs 767, Bolt 92, Feather 70, LightningScroll 14, IronIngot 9, EnergyBoltScroll 6","Leather 788, IronIngot 521, Log 240, CopperIngot 232, BronzeIngot 222, ShadowIronIngot 141"
2026-09-22_16-56,2026-09-22T17:16:22,20.1,5.0,504,2999,11806,82,929,3094,0,0,26,165,1996,0,1996,87,185,0,0,151,5759,1687,16940,0,250,0,0,0,79,358,61934,Hale the Architect,121821,6438,115383,0,1496,0,29,,35,4826,850,,"RawRibs 767, Bolt 82, Feather 55, LightningScroll 14, EnergyBoltScroll 6, ArchProtectionScroll 2","Leather 407, IronIngot 404, BronzeIngot 270, Log 270, CopperIngot 249, GoldIngot 177"
2026-09-22_16-56,2026-09-22T17:21:22,25.1,5.0,559,3043,11717,78,813,3329,0,0,27,63,1027,0,1027,3,90,1,0,95,6140,2103,20000,50,200,5000,0,0,79,348,62106,Hale the Architect,123358,7446,115912,5000,0,5000,9,,38,5118,934,,"RawRibs 664, Bolt 80, Feather 40, LightningScroll 13, EnergyBoltScroll 8, ArchProtectionScroll 2","Leather 421, IronIngot 390, CopperIngot 337, BronzeIngot 333, ShadowIronIngot 226, Log 225"
2026-09-22_16-56,2026-09-22T17:26:22,30.1,5.0,603,3182,10207,86,976,3766,0,0,21,91,1180,0,1180,94,112,1,0,68,3456,1521,20050,0,0,19500,0,0,79,327,62331,Hale the Architect,107372,7361,100011,19500,0,19500,12,,46,5044,705,,"RawRibs 834, Bolt 77, Feather 40, LightningScroll 13, EnergyBoltScroll 9, ArchProtectionScroll 2","IronIngot 442, Leather 429, BronzeIngot 419, CopperIngot 380, ShadowIronIngot 283, Log 215"
2026-09-22_16-56,2026-09-22T17:31:22,35.1,5.0,631,2346,7561,97,1084,4393,8,447,80,125,3556,1508,2048,147,203,2,25,84,3186,1051,18742,0,200,0,1508,1508,79,373,62346,Hale the Architect,110941,6181,104760,0,822,0,19,,19,4726,284,,"RawRibs 939, Bolt 75, Feather 30, LightningScroll 13, EnergyBoltScroll 10, Leather 10","CopperIngot 393, BronzeIngot 282, Leather 273, ShadowIronIngot 249, Log 225, GoldIngot 208"
2026-09-22_16-56,2026-09-22T17:36:22,40.1,5.0,683,1832,6020,97,1085,4133,4,69,105,85,3363,1531,1832,28,187,0,18,149,3515,1831,17461,0,250,0,1531,1531,79,391,62401,Hale the Architect,114806,5321,109485,0,0,0,20,,39,5026,426,,"RawRibs 908, Bolt 73, Leather 50, Feather 29, LightningScroll 13, EnergyBoltScroll 10","CopperIngot 406, BronzeIngot 319, ShadowIronIngot 308, GoldIngot 194, DullCopperIngot 96, Log 70"
2026-09-22_16-56,2026-09-22T17:41:22,45.1,5.0,743,2057,6528,92,1001,3969,3,45,90,132,3338,1736,1602,64,217,1,16,121,2882,1887,19611,0,200,5000,1736,1736,79,389,62463,Hale the Architect,117933,6215,111718,5000,0,5000,0,,20,4884,202,,"RawRibs 795, Bolt 72, Feather 60, Leather 40, LightningScroll 12, EnergyBoltScroll 8","ShadowIronIngot 352, CopperIngot 344, Log 305, IronIngot 237, BronzeIngot 188, GoldIngot 153"
2026-09-22_16-56,2026-09-22T17:46:22,50.1,5.0,786,2402,6569,88,917,4094,2,8,109,136,3572,1963,1609,84,243,0,12,105,1828,1531,19564,0,200,2500,1963,1963,79,400,62712,Hale the Architect,118365,6669,111696,2500,1421,2500,5,,5,4884,840,,"RawRibs 663, Feather 85, Bolt 71, Leather 57, LightningScroll 12, ShadowIronIngot 10","IronIngot 442, Log 401, ShadowIronIngot 347, CopperIngot 336, BronzeIngot 206, GoldIngot 166"
2026-09-22_16-56,2026-09-22T17:51:22,55.1,5.0,829,2314,6303,92,1121,4718,4,21,107,146,3392,2238,1154,106,248,1,6,78,1722,2115,17962,0,200,2500,2238,2238,79,383,62857,Hale the Architect,120194,7182,113012,2500,0,2500,42,,47,4704,409,,"RawRibs 818, Bolt 158, Feather 70, Leather 45, LightningScroll 13, EnergyBoltScroll 7","IronIngot 494, CopperIngot 362, Log 246, ShadowIronIngot 227, BronzeIngot 162, DullCopperIngot 147"
2026-09-22_16-56,2026-09-22T17:56:22,60.1,5.0,858,4002,10382,92,1137,4745,12,1826,81,115,3172,2099,1073,38,200,0,16,112,1659,1289,16113,0,250,0,2099,2099,79,409,63142,Hale the Architect,124859,8269,116590,0,0,0,58,,105,4704,0,,"RawRibs 808, Bolt 157, Arrow 71, Leather 40, Feather 30, LightningScroll 14","Log 1943, IronIngot 436, CopperIngot 409, ShadowIronIngot 237, Feather 235, BronzeIngot 173"
2026-09-22_16-56,2026-09-22T18:01:22,65.1,5.0,850,7084,16736,96,1238,5059,6,2759,53,70,3238,2373,865,55,127,3,15,69,1269,1727,13990,0,250,0,2373,2373,79,457,63288,Hale the Architect,125951,9341,116610,0,1749,0,5,,5,4704,704,,"RawRibs 860, Bolt 157, Arrow 58, Feather 45, Leather 45, IronIngot 45","Log 5193, IronIngot 458, CopperIngot 367, ShadowIronIngot 243, Feather 230, GoldIngot 100"
2026-09-22_18-06,2026-09-22T18:11:36,5.1,5.1,241,2640,13649,57,569,1904,0,0,31,199,3111,0,3111,198,229,0,0,178,0,1409,12942,0,250,0,0,0,79,457,63529,Hale the Architect,126896,8487,118409,0,0,0,45,,68,4704,225,,"RawRibs 508, Feather 40, LightningScroll 11, Leather 5, ResurrectionScroll 1, PoisonFieldScroll 1","Leather 540, Feather 420, IronIngot 250, SulfurousAsh 222, Log 150, CopperIngot 142"
2026-09-22_18-06,2026-09-22T18:16:36,10.1,5.0,347,3724,20596,70,869,2100,0,0,51,101,2608,0,2608,41,142,0,0,152,0,2125,15692,0,250,2500,0,0,79,450,63445,Hale the Architect,125886,7858,118028,2500,0,2500,49,,60,4704,382,,"RawRibs 788, Feather 60, LightningScroll 13, EnergyBoltScroll 3, ArchProtectionScroll 2, ResurrectionScroll 1","IronIngot 711, Leather 697, Feather 420, CopperIngot 213, BronzeIngot 201, ShadowIronIngot 163"
2026-09-22_18-06,2026-09-22T18:21:36,15.1,5.0,428,3921,17518,83,980,2990,0,0,53,108,2348,20,2328,86,161,1,0,96,4829,1391,18422,0,250,2500,20,0,79,418,63636,Hale the Architect,128239,9994,118245,2500,0,2500,15,,60,4704,246,,"RawRibs 864, Feather 50, IronIngot 40, LightningScroll 12, EnergyBoltScroll 7, ArchProtectionScroll 2","IronIngot 930, Leather 892, Feather 410, BronzeIngot 252, CopperIngot 250, ShadowIronIngot 203"
2026-09-22_18-06,2026-09-22T18:26:36,20.1,5.0,522,3835,15713,90,1030,3105,0,0,59,117,3078,0,3078,68,176,0,0,70,5063,2272,20000,0,200,2500,0,0,79,383,63919,Hale the Architect,127241,6694,120547,2500,1978,2500,13,,13,4726,464,,"RawRibs 930, Feather 62, Leather 20, LightningScroll 12, EnergyBoltScroll 5, ArchProtectionScroll 2","Leather 733, IronIngot 709, Feather 557, BronzeIngot 340, CopperIngot 308, ShadowIronIngot 269"
2026-09-22_18-06,2026-09-22T18:31:36,25.1,5.0,599,3115,11900,90,956,3543,0,0,115,103,3959,2842,1117,85,213,2,0,119,3921,2286,19555,0,100,29000,2842,2842,79,300,64202,Hale the Architect,104037,6741,97296,29000,0,29000,68,,46,5004,562,,"RawRibs 882, Feather 42, LightningScroll 14, EnergyBoltScroll 9, ResurrectionScroll 2, ArchProtectionScroll 2","IronIngot 743, Leather 649, Feather 377, BronzeIngot 250, GoldIngot 214, ShadowIronIngot 202"
2026-09-22_18-06,2026-09-22T18:36:36,30.1,5.0,656,2457,8248,86,823,3620,0,0,105,138,4097,3149,948,112,245,0,0,71,3541,1905,19156,0,250,2500,3149,3149,79,315,64307,Hale the Architect,108227,7287,100940,2500,0,2500,21,,32,4804,782,,"RawRibs 734, Feather 50, LightningScroll 14, EnergyBoltScroll 10, IronIngot 5, ArchProtectionScroll 3","Leather 574, IronIngot 508, Feather 301, ShadowIronIngot 208, GoldIngot 185, BronzeIngot 184"
2026-09-22_18-06,2026-09-22T18:41:36,35.1,5.0,673,1166,5040,105,1199,4426,0,0,97,50,4244,3897,347,58,147,1,9,93,1738,878,15509,0,250,0,3897,3897,79,384,64322,Hale the Architect,112346,7348,104998,0,734,0,0,,0,4704,202,,"RawRibs 1060, Feather 90, ShadowIronIngot 15, LightningScroll 14, EnergyBoltScroll 10, Bow 3","Leather 370, ShadowIronIngot 216, GoldIngot 121, DullCopperIngot 111, BronzeIngot 105, ValoriteIngot 49"
2026-09-22_18-06,2026-09-22T18:46:37,40.1,5.0,707,691,4510,99,1048,4286,0,0,118,102,4542,3525,1017,75,223,0,14,48,1845,1483,14734,0,250,2500,3525,3525,79,384,64437,Hale the Architect,114267,7016,107251,2500,0,2500,4,,4,4704,188,,"RawRibs 935, Feather 80, LightningScroll 14, EnergyBoltScroll 10, Bow 3, ArchProtectionScroll 3","Feather 117, DullCopperIngot 81, ShadowIronIngot 69, GoldIngot 68, CopperIngot 64, Ginseng 60"
2026-09-22_18-06,2026-09-22T18:51:37,45.1,5.0,784,732,4407,96,1025,4267,0,0,127,148,4843,3503,1340,93,275,0,9,168,1411,3492,13981,0,250,2500,3503,3503,79,347,64497,Hale the Architect,116914,7208,109706,2500,0,2500,54,,58,4698,1123,,"RawRibs 938, Feather 55, LightningScroll 14, EnergyBoltScroll 9, Bow 3, ArchProtectionScroll 3","DullCopperIngot 98, MagicArrowScroll 90, IronIngot 70, CopperIngot 67, GoldIngot 37, ShadowIronIngot 37"
2026-09-22_18-06,2026-09-22T18:56:37,50.1,5.0,850,1178,5332,97,1064,4305,4,154,133,22,4924,3825,1099,11,153,1,4,118,621,2190,12906,0,250,2500,3825,3825,79,350,64529,Hale the Architect,116851,7014,109837,2500,1239,2500,5,,5,4658,1085,,"RawRibs 983, Feather 50, LightningScroll 13, EnergyBoltScroll 10, Bow 3, ResurrectionScroll 2","Leather 356, IronIngot 149, CopperIngot 107, DullCopperIngot 102, Feather 67, MandrakeRoot 53"
2026-09-22_18-06,2026-09-22T19:01:37,55.1,5.0,858,1576,6016,97,987,4878,20,1327,45,121,2150,0,2150,97,166,0,46,63,1459,1526,13156,0,250,0,0,0,79,368,64539,Hale the Architect,117227,6657,110570,0,0,0,21,,26,4778,502,,"RawRibs 865, Feather 75, IronIngot 15, LightningScroll 13, EnergyBoltScroll 11, Bow 3","IronIngot 476, CopperIngot 176, DullCopperIngot 137, BronzeIngot 113, MandrakeRoot 67, Feather 62"
2026-09-22_18-06,2026-09-22T19:06:37,60.1,5.0,894,2453,9873,95,994,4743,14,1140,32,105,1498,0,1498,52,136,2,50,142,564,1781,13406,0,250,0,0,0,79,415,64211,Hale the Architect,113306,7547,105759,5000,0,0,0,,26,4980,826,,"RawRibs 885, Feather 75, LightningScroll 13, EnergyBoltScroll 12, Bow 3, ResurrectionScroll 1","IronIngot 704, CopperIngot 277, Leather 201, DullCopperIngot 159, BronzeIngot 128, Feather 124"
2026-09-22_18-06,2026-09-22T19:11:37,65.1,5.0,895,3273,12098,94,936,4901,6,297,26,45,995,0,995,46,71,3,37,53,890,847,16126,0,250,2500,30,0,79,400,64184,Hale the Architect,112267,7539,104728,2500,1000,2500,30,,25,5258,343,,"RawRibs 847, Feather 55, LightningScroll 12, EnergyBoltScroll 11, Bow 3, ArchProtectionScroll 2","IronIngot 1234, Leather 357, CopperIngot 277, DullCopperIngot 213, BronzeIngot 178, ShadowIronIngot 145"
2026-09-22_18-06,2026-09-22T19:16:37,70.1,5.0,948,3445,11232,95,931,5122,5,1580,69,156,3011,0,3011,175,223,0,34,125,3973,1884,18876,0,250,2500,0,0,79,358,64220,Hale the Architect,113600,6952,106648,2500,0,2500,20,,45,4784,344,,"RawRibs 798, Feather 45, Leather 45, LightningScroll 13, EnergyBoltScroll 11, IronIngot 7","IronIngot 1366, Feather 471, BronzeIngot 298, CopperIngot 258, DullCopperIngot 238, ShadowIronIngot 168"
2026-09-24_01-56,2026-09-24T02:01:55,5.1,5.1,278,2211,16456,67,776,3067,0,0,49,191,4471,0,4471,227,222,0,0,46,0,1601,20000,0,100,2500,0,0,79,376,64430,Hale the Architect,116413,7796,108617,2500,0,2500,94,,134,4805,225,,"RawRibs 725, Feather 25, LightningScroll 12, Leather 10, Crossbow 1, ArchProtectionScroll 1","IronIngot 369, Feather 234, Log 215, SulfurousAsh 145, CopperIngot 115, Garlic 114"
2026-09-24_01-56,2026-09-24T02:06:55,10.1,5.0,395,3222,25655,80,964,2910,0,0,57,142,3051,0,3051,86,197,0,0,163,0,1095,20000,0,0,2500,0,0,79,309,64430,Hale the Architect,115349,7235,108114,2500,0,2500,14,,143,4784,44,,"RawRibs 908, Feather 35, LightningScroll 12, EnergyBoltScroll 4, ArchProtectionScroll 3, Bow 1","IronIngot 763, Log 320, Leather 309, Feather 234, ShadowIronIngot 193, CopperIngot 143"
2026-09-24_02-12,2026-09-24T02:17:27,5.1,5.1,208,1977,11159,50,618,1828,0,0,31,138,1942,0,1942,109,169,0,0,84,0,1642,20000,0,0,0,0,0,79,280,63768,Hale the Architect,110676,5179,105497,0,0,0,11,,154,4648,366,,"RawRibs 582, Feather 25, LightningScroll 7, EnergyBoltScroll 4","IronIngot 545, Feather 266, Leather 236, GoldIngot 82, Log 80, BronzeIngot 76"
2026-09-24_02-12,2026-09-24T02:22:27,10.1,5.0,297,3198,19164,67,844,2487,0,0,29,20,1287,0,1287,0,49,0,0,248,0,1407,20000,0,0,0,0,0,79,282,63813,Hale the Architect,112515,7132,105383,0,0,0,43,,197,4828,890,,"RawRibs 783, Feather 40, LightningScroll 12, EnergyBoltScroll 6, ArchProtectionScroll 1, PlateGorget 1","IronIngot 944, Leather 616, Feather 266, Log 180, BronzeIngot 104, ShadowIronIngot 103"
2026-09-24_02-12,2026-09-24T02:27:27,15.1,5.0,371,3097,16476,72,916,2600,0,0,33,63,2001,500,1501,33,94,1,0,122,4926,1614,19700,0,200,0,500,0,79,370,63763,Hale the Architect,118567,7878,110689,0,0,0,3,,200,4572,416,,"RawRibs 806, Feather 90, LightningScroll 12, EnergyBoltScroll 5, ArchProtectionScroll 3","Leather 882, Log 340, Feather 266, IronIngot 174, ShadowIronIngot 169, CopperIngot 142"
2026-09-24_02-12,2026-09-24T02:32:28,20.1,5.0,439,3501,17617,63,639,2272,0,0,24,126,1334,0,1334,126,150,1,0,54,4633,1136,20000,0,0,2500,0,0,79,377,63828,Hale the Architect,119561,7929,111632,2500,1268,2500,11,,11,4784,742,,"RawRibs 564, Feather 60, LightningScroll 12, EnergyBoltScroll 5, ArchProtectionScroll 1, Crossbow 1","Leather 1076, IronIngot 354, Log 325, Feather 261, BronzeIngot 253, CopperIngot 249"
2026-09-24_02-12,2026-09-24T02:37:28,25.1,5.0,488,3090,11548,65,651,2668,0,0,69,56,2605,1126,1479,42,124,3,0,75,5732,1744,19074,0,200,2500,1126,1126,79,353,64220,Hale the Architect,122595,7715,114880,2500,0,2500,7,,18,4484,142,,"RawRibs 568, Feather 40, IronIngot 20, LightningScroll 11, EnergyBoltScroll 8, Crossbow 1","Leather 770, Feather 409, IronIngot 366, ShadowIronIngot 254, CopperIngot 248, BronzeIngot 224"
2026-09-24_02-12,2026-09-24T02:42:28,30.1,5.0,568,3359,12585,69,646,3015,0,0,82,85,3087,1202,1885,72,166,0,0,83,3228,3174,18998,0,200,2500,1202,1202,79,324,64432,Hale the Architect,123353,7680,115673,2500,0,2500,43,,38,4484,650,,"RawRibs 544, Feather 75, LightningScroll 12, EnergyBoltScroll 8, ArchProtectionScroll 2, ResurrectionScroll 2","Leather 737, IronIngot 558, Feather 342, BronzeIngot 284, CopperIngot 276, ShadowIronIngot 182"
2026-09-24_02-44,2026-09-24T02:49:06,5.1,5.1,170,1934,11381,51,565,1940,0,0,44,129,2971,0,2971,131,171,0,0,52,0,1786,19056,0,250,0,0,0,79,243,64169,Hale the Architect,118788,4926,113862,0,0,0,5,,5,4484,22,,"RawRibs 545, LightningScroll 10, Feather 5, EnergyBoltScroll 3, DispelScroll 1, LeatherGloves 1","IronIngot 548, Leather 398, Feather 199, BronzeIngot 139, CopperIngot 104, Nightshade 85"
2026-09-24_02-53,2026-09-24T02:58:06,5.1,5.1,178,1909,11104,63,919,3241,0,0,39,45,1481,0,1481,94,84,0,0,55,0,780,19456,0,250,0,0,0,77,203,63546,Hale the Architect,111842,5115,106727,0,0,0,28,,42,4534,50,3785,"RawRibs 893, Feather 15, LightningScroll 10, ResurrectionScroll 1","IronIngot 498, Leather 477, Feather 126, Ribs 125, BronzeIngot 84, Ginseng 84"
2026-09-24_02-53,2026-09-24T03:03:06,10.1,5.0,330,2857,17159,80,1050,3802,0,0,45,70,1812,0,1812,50,115,0,0,175,0,2335,19706,0,250,0,0,0,77,217,63524,Hale the Architect,111500,5415,106085,0,0,0,35,,77,4484,525,1775,"RawRibs 957, Feather 75, LightningScroll 12, ArchProtectionScroll 2, EnergyBoltScroll 2, ResurrectionScroll 1","Leather 691, IronIngot 656, Ribs 193, ShadowIronIngot 138, Log 130, Feather 126"
2026-09-24_02-53,2026-09-24T03:08:06,15.1,5.0,394,2365,10636,82,1070,3913,0,0,24,30,1046,20,1026,42,54,3,0,83,5402,1116,19936,0,250,0,20,0,75,276,63589,Hale the Architect,115102,7693,107409,0,0,0,13,,90,4484,322,1247,"RawRibs 946, Feather 105, LightningScroll 11, EnergyBoltScroll 4, ArchProtectionScroll 2, DispelScroll 1","Leather 717, ShadowIronIngot 202, IronIngot 178, Log 140, BronzeIngot 134, Feather 126"
2026-09-24_02-53,2026-09-24T03:13:06,20.1,5.0,454,2237,10189,87,1128,4564,0,0,41,44,1484,0,1484,98,84,2,0,80,2931,1206,20000,0,64,0,0,0,74,287,63571,Hale the Architect,114960,6458,108502,0,1235,0,1,,6,4484,546,841,"RawRibs 998, Feather 90, Leather 20, LightningScroll 11, EnergyBoltScroll 5, ArchProtectionScroll 1","Leather 495, ShadowIronIngot 209, IronIngot 204, BronzeIngot 168, CopperIngot 158, Feather 146"
2026-09-24_02-53,2026-09-24T03:18:06,25.1,5.0,506,1249,4857,100,1308,5518,0,0,138,34,5623,4468,1155,36,174,0,0,78,3075,1096,15732,0,200,0,4468,4468,73,325,63682,Hale the Architect,119512,6764,112748,0,0,0,48,,54,4664,180,804,"RawRibs 1108, Feather 115, Leather 65, LightningScroll 11, ShadowIronIngot 9, EnergyBoltScroll 5","Feather 291, BronzeIngot 125, Leather 114, ShadowIronIngot 105, CopperIngot 71, Log 70"
2026-09-24_02-53,2026-09-24T03:23:06,30.1,5.0,561,803,3405,101,1276,6280,0,0,111,60,4340,3571,769,88,175,1,0,127,1082,1754,18982,0,200,19000,3571,3571,71,300,63619,Hale the Architect,103133,5512,97621,19000,0,19000,14,,61,4484,922,193,"RawRibs 1095, Feather 85, Leather 65, LightningScroll 11, EnergyBoltScroll 6, IronIngot 4","Feather 213, Log 165, CopperIngot 78, GoldIngot 61, BronzeIngot 47, MagicArrowScroll 44"
2026-09-24_02-53,2026-09-24T03:28:06,35.1,5.0,581,1050,4071,102,1340,6998,4,72,18,24,671,0,671,45,42,2,14,92,420,686,19232,0,250,0,0,0,67,267,63576,Hale the Architect,100294,4688,95606,0,502,0,0,,0,4708,224,0,"RawRibs 1172, Leather 75, Feather 70, LightningScroll 10, EnergyBoltScroll 5, ResurrectionScroll 3","Feather 328, Log 135, CopperIngot 117, DullCopperIngot 51, MagicArrowScroll 44, OilCloth 43"
2026-09-24_03-29,2026-09-24T03:34:35,5.1,5.1,152,2223,13191,60,946,3275,0,0,8,36,970,0,970,98,44,0,0,40,0,865,19432,0,250,0,0,0,64,228,63196,Hale the Architect,96126,3802,92324,0,0,0,1,,1,4435,22,0,"RawRibs 913, Feather 25, LightningScroll 3, EnergyBoltScroll 2, ResurrectionScroll 1, ArchProtectionScroll 1","IronIngot 551, Leather 228, Feather 219, BlackPearl 163, SulfurousAsh 143, CopperIngot 130"
2026-09-24_03-29,2026-09-24T03:39:35,10.1,5.0,211,2941,19523,65,993,3473,0,0,7,5,440,0,440,5,12,0,0,58,0,993,19682,0,250,0,0,0,63,248,62887,Hale the Architect,96330,4500,91830,0,0,0,34,,35,4435,280,612,"RawRibs 959, Feather 25, LightningScroll 3, EnergyBoltScroll 2, ResurrectionScroll 1, ArchProtectionScroll 1","IronIngot 897, Leather 298, Feather 219, CopperIngot 198, BlackPearl 168, BronzeIngot 153"
2026-09-24_03-29,2026-09-24T03:44:35,15.1,5.0,290,2169,11683,66,944,4225,0,0,45,27,1708,40,1668,32,72,2,0,46,6110,1245,19892,0,250,0,40,0,61,264,62613,Hale the Architect,100615,5212,95403,0,0,0,17,,52,4435,65,0,"RawRibs 893, Feather 35, LightningScroll 5, EnergyBoltScroll 4, Leather 3, ArchProtectionScroll 2","Leather 297, IronIngot 264, Feather 219, BronzeIngot 216, CopperIngot 169, ShadowIronIngot 155"
2026-09-24_03-29,2026-09-24T03:49:35,20.1,5.0,339,2081,11749,73,1039,4738,0,0,25,41,1349,0,1349,55,65,0,0,37,3310,402,20000,0,108,0,0,0,61,287,62874,Hale the Architect,103075,4648,98427,0,605,0,16,,11,4435,102,0,"RawRibs 962, Feather 40, Leather 20, LightningScroll 6, EnergyBoltScroll 4, ArchProtectionScroll 2","BronzeIngot 281, IronIngot 250, CopperIngot 221, ShadowIronIngot 211, Feather 204, GoldIngot 136"
2026-09-24_03-29,2026-09-24T03:54:35,25.1,5.0,391,2149,7888,77,1105,5361,0,0,27,33,1351,0,1351,16,59,0,0,36,3803,934,20000,0,200,0,200,0,58,280,63580,Hale the Architect,103469,5141,98328,0,0,0,2,,13,4533,647,610,"RawRibs 979, Feather 90, Leather 20, LightningScroll 6, EnergyBoltScroll 4, ArchProtectionScroll 2","BronzeIngot 340, IronIngot 280, CopperIngot 244, ShadowIronIngot 237, Feather 204, DullCopperIngot 171"
2026-09-24_03-29,2026-09-24T03:59:35,30.1,5.0,448,2635,8428,76,1078,5745,0,0,16,33,742,0,742,47,49,1,0,79,2205,1160,20000,0,0,0,0,0,59,310,63876,Hale the Architect,105119,7137,97982,0,0,0,28,,41,4499,123,302,"RawRibs 967, Feather 75, IronIngot 20, LightningScroll 6, EnergyBoltScroll 4, ArchProtectionScroll 2","BronzeIngot 370, IronIngot 301, CopperIngot 287, ShadowIronIngot 269, GoldIngot 199, Feather 194"
2026-09-24_03-29,2026-09-24T04:04:35,35.1,5.0,455,1665,8824,79,1108,6296,9,1664,49,42,1824,0,1824,85,90,1,55,91,1661,1752,20000,0,0,0,0,0,59,280,63906,Hale the Architect,104243,5768,98475,0,832,0,25,,25,4271,582,510,"RawRibs 1013, Feather 67, Leather 13, LightningScroll 6, EnergyBoltScroll 4, ArchProtectionScroll 2","IronIngot 374, BronzeIngot 293, ShadowIronIngot 222, CopperIngot 140, GoldIngot 108, DullCopperIngot 63"
2026-09-24_03-29,2026-09-24T04:09:35,40.1,5.0,487,1567,8280,77,1077,6492,8,1477,25,24,664,0,664,18,49,0,14,69,2051,1644,20000,0,0,0,0,0,57,309,64254,Hale the Architect,103865,5837,98028,0,0,0,2,,27,4256,182,0,"RawRibs 964, Feather 72, Leather 25, LightningScroll 6, EnergyBoltScroll 4, ArchProtectionScroll 2","IronIngot 406, BronzeIngot 239, ShadowIronIngot 229, CopperIngot 104, DullCopperIngot 88, GoldIngot 76"
2026-09-24_03-29,2026-09-24T04:14:35,45.1,5.0,513,1833,8422,88,1236,7467,6,432,11,24,320,0,320,33,35,2,27,65,2893,747,20000,0,0,0,0,0,58,249,64365,Hale the Architect,107519,7649,99870,0,0,0,5,,32,4256,65,322,"RawRibs 1035, Feather 90, Leather 70, IronIngot 25, LightningScroll 6, EnergyBoltScroll 3","IronIngot 504, ShadowIronIngot 261, BronzeIngot 239, CopperIngot 170, GoldIngot 129, DullCopperIngot 118"
2026-09-24_04-15,2026-09-24T04:21:00,5.1,5.1,198,2130,11815,49,745,2527,0,0,30,48,1766,0,1766,141,78,0,0,25,0,1379,20000,0,0,0,0,0,56,257,64305,Hale the Architect,105411,6795,98616,0,0,0,61,,61,4256,622,0,"RawRibs 719, Feather 20, LightningScroll 3, Bow 1, ArchProtectionScroll 1, EnergyBoltScroll 1","Feather 442, IronIngot 319, Leather 175, BlackPearl 135, CopperIngot 121, Arrow 87"
2026-09-24_04-15,2026-09-24T04:26:00,10.1,5.0,272,3561,21798,55,768,2830,0,0,12,22,456,0,456,15,34,0,0,31,0,1174,20000,0,0,0,0,0,55,218,64417,Hale the Architect,104216,6069,98147,0,0,0,6,,67,4278,44,866,"RawRibs 741, Feather 15, LightningScroll 5, Bow 1, ArchProtectionScroll 1, EnergyBoltScroll 1","IronIngot 763, Leather 595, Feather 442, CopperIngot 182, BlackPearl 170, BronzeIngot 157"
2026-09-24_04-15,2026-09-24T04:31:00,15.1,5.0,334,2133,11957,64,886,3722,0,0,59,31,2731,0,2731,47,89,1,0,51,5598,852,20000,0,0,2500,0,0,53,247,63918,Hale the Architect,104314,6330,97984,2500,0,2500,4,,48,4256,163,0,"RawRibs 767, Feather 80, Leather 21, IronIngot 15, LightningScroll 4, EnergyBoltScroll 3","Feather 442, ShadowIronIngot 195, CopperIngot 194, BronzeIngot 170, Leather 164, DullCopperIngot 128"
2026-09-24_04-15,2026-09-24T04:36:00,20.1,5.0,374,2109,10248,68,936,3914,0,0,25,47,1523,0,1523,52,70,1,0,55,2480,383,20000,0,0,0,0,0,53,293,63750,Hale the Architect,104388,5638,98750,0,1001,0,0,,0,4556,400,277,"RawRibs 778, Feather 110, Leather 35, EnergyBoltScroll 5, LightningScroll 4, ArchProtectionScroll 2","Feather 442, CopperIngot 265, ShadowIronIngot 214, BronzeIngot 207, GoldIngot 153, IronIngot 142"
2026-09-24_04-15,2026-09-24T04:41:01,25.1,5.0,420,1675,5706,75,974,4562,0,0,66,43,2276,1504,772,51,108,1,0,89,3362,1257,18696,0,200,0,1504,1504,50,353,64843,Hale the Architect,108456,7879,100577,0,0,0,89,,89,4758,426,0,"RawRibs 799, Feather 80, Leather 80, EnergyBoltScroll 5, LightningScroll 4, ArchProtectionScroll 2","Feather 453, IronIngot 246, ShadowIronIngot 157, BronzeIngot 147, CopperIngot 129, GoldIngot 118"
2026-09-24_04-15,2026-09-24T04:46:01,30.1,5.0,454,1189,4067,81,1053,5406,0,0,79,44,2497,1527,970,54,120,0,0,81,1431,1711,17419,0,250,0,1527,1527,49,393,64811,Hale the Architect,108867,6812,102055,0,0,0,19,,108,4256,546,0,"RawRibs 870, Leather 90, Feather 71, LightningScroll 5, EnergyBoltScroll 5, IronIngot 5","Feather 374, IronIngot 180, BronzeIngot 120, ShadowIronIngot 110, GoldIngot 84, CopperIngot 80"
2026-09-24_04-15,2026-09-24T04:51:01,35.1,5.0,469,689,3023,81,1044,5718,12,727,51,32,2025,1545,480,38,83,0,8,73,360,357,16024,0,250,0,1645,1545,44,411,64771,Hale the Architect,86746,6180,80566,0,1244,0,6,,6,4256,300,0,"RawRibs 857, Leather 95, Feather 76, LightningScroll 5, EnergyBoltScroll 5, ArchProtectionScroll 2","Log 107, ShadowIronIngot 97, BronzeIngot 74, DullCopperIngot 52, CopperIngot 49, IronIngot 49"
2026-09-24_04-15,2026-09-24T04:56:01,40.1,5.0,483,778,2329,80,1000,6500,3,23,60,30,2291,1570,721,64,81,1,12,44,625,564,14704,0,250,0,1570,1570,43,392,64731,Hale the Architect,88117,6438,81679,0,0,0,0,,6,4256,480,0,"RawRibs 881, Leather 66, Feather 41, LightningScroll 5, EnergyBoltScroll 5, ArchProtectionScroll 2","Feather 181, Leather 117, BronzeIngot 73, Log 72, ShadowIronIngot 67, GoldIngot 36"
2026-09-24_05-00,2026-09-24T05:05:33,5.1,5.1,136,1838,9522,46,622,2282,0,0,37,48,2485,0,2485,107,85,0,0,43,0,796,13876,0,250,0,0,0,43,361,64148,Hale the Architect,89654,6606,83048,0,0,0,42,,105,4256,0,0,"RawRibs 602, Feather 10, LightningScroll 4, EnergyBoltScroll 2, ArchCureScroll 1, ArchProtectionScroll 1","Feather 638, Leather 340, IronIngot 161, Ginseng 88, MandrakeRoot 71, Garlic 64"
2026-09-24_05-00,2026-09-24T05:10:33,10.1,5.0,233,2889,15498,49,624,2332,0,0,23,37,1186,0,1186,48,59,0,0,65,0,628,14126,0,250,0,0,0,42,381,64028,Hale the Architect,89081,5772,83309,0,0,0,14,,119,4436,502,0,"RawRibs 580, Feather 24, IronIngot 10, LightningScroll 4, EnergyBoltScroll 2, ArchCureScroll 1","Leather 792, Feather 638, IronIngot 342, CopperIngot 102, Log 95, MandrakeRoot 93"
2026-09-24_05-00,2026-09-24T05:15:33,15.1,5.0,279,2734,12168,51,632,2639,0,0,22,20,1383,0,1383,33,42,0,0,29,4746,1451,16876,0,250,2500,0,0,42,399,64589,Hale the Architect,91528,7613,83915,2500,0,2500,10,,92,4256,360,0,"RawRibs 575, Feather 34, Leather 10, LightningScroll 4, EnergyBoltScroll 4, Bow 2","Leather 855, Feather 638, IronIngot 166, CopperIngot 161, Log 140, ShadowIronIngot 117"
2026-09-24_05-00,2026-09-24T05:20:33,20.1,5.0,322,2463,9373,52,632,3060,0,0,31,28,1516,0,1516,70,59,0,0,34,3539,1747,17126,0,250,0,0,0,42,494,64750,Hale the Architect,92628,7503,85125,0,1537,0,52,,52,4256,360,554,"RawRibs 583, Feather 34, EnergyBoltScroll 5, LightningScroll 4, Bow 3, ArchCureScroll 1","Leather 653, Feather 638, CopperIngot 188, IronIngot 161, ShadowIronIngot 124, Log 110"
2026-09-24_05-00,2026-09-24T05:25:33,25.1,5.0,363,2580,9713,53,632,3346,0,0,13,30,587,0,587,58,42,1,0,16,3370,1444,17376,0,250,0,0,0,41,460,65005,Hale the Architect,94723,7931,86792,0,0,0,21,,73,4256,62,255,"RawRibs 604, Feather 14, EnergyBoltScroll 6, LightningScroll 3, Bow 3, ArchCureScroll 1","Leather 629, Feather 618, CopperIngot 202, IronIngot 156, ShadowIronIngot 142, BronzeIngot 98"
2026-09-24_05-00,2026-09-24T05:30:33,30.1,5.0,379,2666,8357,57,678,3903,0,0,17,8,742,0,742,7,25,0,0,30,2413,920,20000,0,124,2500,0,0,41,447,65049,Hale the Architect,95178,7972,87206,2500,0,2500,3,,71,4256,460,529,"RawRibs 637, Feather 25, EnergyBoltScroll 6, LightningScroll 4, Bow 4, ArchCureScroll 1","Leather 687, Feather 618, IronIngot 256, CopperIngot 222, ShadowIronIngot 178, BronzeIngot 148"
2026-09-24_05-00,2026-09-24T05:35:33,35.1,5.0,393,1890,6222,59,703,4412,3,114,35,26,2690,2406,284,38,65,0,20,22,2045,903,17744,0,150,0,2406,2406,41,476,65094,Hale the Architect,96854,6532,90322,0,1631,0,1,,1,4267,262,0,"RawRibs 640, Feather 45, EnergyBoltScroll 6, LightningScroll 4, Bow 4, ArchCureScroll 1","Leather 520, CopperIngot 221, Log 200, BronzeIngot 179, ShadowIronIngot 167, GoldIngot 110"
2026-09-24_05-00,2026-09-24T05:40:33,40.1,5.0,413,688,3218,62,714,4791,3,159,96,7,4044,3444,600,5,100,0,8,47,2107,1043,19183,0,150,22500,3444,3444,41,344,65321,Hale the Architect,85343,7079,78264,22500,0,22500,37,,37,4387,180,0,"RawRibs 638, Feather 35, ShadowIronIngot 20, EnergyBoltScroll 7, LightningScroll 4, Bow 4","CopperIngot 124, GoldIngot 102, ShadowIronIngot 91, BronzeIngot 57, SulfurousAsh 55, IronIngot 46"
2026-09-24_05-45,2026-09-24T05:50:24,5.1,5.1,114,1194,6800,39,541,2052,0,0,31,26,1495,0,1495,47,57,0,0,25,0,424,16358,0,250,0,0,0,41,378,65062,Hale the Architect,86342,6382,79960,0,0,0,8,,94,4207,0,0,"RawRibs 532, LightningScroll 4, ArchCureScroll 1, ResurrectionScroll 1, ArchProtectionScroll 1, DispelScroll 1","Leather 384, IronIngot 114, Nightshade 99, Feather 85, Garlic 62, MandrakeRoot 53"
2026-09-24_05-45,2026-09-24T05:55:24,10.1,5.0,193,2033,12987,44,613,2307,0,0,14,45,1044,0,1044,51,59,0,0,37,0,901,16608,0,250,0,0,0,41,466,64880,Hale the Architect,85857,5909,79948,0,0,0,7,,101,4169,120,0,"RawRibs 593, Feather 10, LightningScroll 4, ArchCureScroll 1, ResurrectionScroll 1, ArchProtectionScroll 1","Leather 662, IronIngot 239, Nightshade 107, ShadowIronIngot 96, Feather 85, Arrow 80"
2026-09-24_05-45,2026-09-24T06:00:24,15.1,5.0,234,1808,10192,47,591,2554,0,0,14,16,550,0,550,26,30,0,0,33,3750,1141,16858,0,250,0,0,0,41,511,65279,Hale the Architect,89813,7583,82230,0,0,0,48,,149,4326,982,240,"RawRibs 572, Feather 5, EnergyBoltScroll 5, LightningScroll 4, ArchCureScroll 1, ResurrectionScroll 1","Leather 524, IronIngot 376, CopperIngot 140, ShadowIronIngot 119, Feather 85, Log 85"
2026-09-24_05-45,2026-09-24T06:05:25,20.1,5.0,304,1974,8976,51,663,3089,0,0,22,22,1156,0,1156,24,44,0,0,26,3553,1119,19608,0,250,2500,0,0,41,464,65808,Hale the Architect,91574,8914,82660,2500,1010,2500,9,,16,4026,0,0,"RawRibs 613, Feather 35, EnergyBoltScroll 5, LightningScroll 4, ResurrectionScroll 2, ArchCureScroll 1","Leather 510, IronIngot 464, CopperIngot 160, ShadowIronIngot 128, Feather 85, BronzeIngot 71"
2026-09-24_05-45,2026-09-24T06:10:25,25.1,5.0,323,1928,8560,57,691,3797,0,0,39,31,2413,30,2383,54,70,0,0,9,3765,490,20000,0,30,2500,30,0,43,429,64696,Hale the Architect,92906,7339,85567,2500,0,2500,6,,22,4026,382,323,"RawRibs 632, Feather 40, EnergyBoltScroll 6, LightningScroll 4, ResurrectionScroll 2, LeatherChest 2","IronIngot 456, ShadowIronIngot 229, Leather 204, CopperIngot 177, BronzeIngot 111, Feather 85"
2026-09-24_05-45,2026-09-24T06:15:25,30.1,5.0,359,2513,9355,60,769,4191,0,0,26,16,1485,0,1485,45,40,0,0,13,2478,645,20000,0,0,12000,0,0,42,310,64614,Hale the Architect,83737,6604,77133,12000,0,12000,7,,16,4026,60,0,"RawRibs 706, Feather 45, EnergyBoltScroll 6, LightningScroll 4, ResurrectionScroll 2, Bow 2","IronIngot 627, Leather 481, ShadowIronIngot 252, CopperIngot 213, BronzeIngot 128, Garlic 85"
2026-09-24_05-45,2026-09-24T06:20:25,35.1,5.0,372,1381,8397,63,788,4757,0,0,34,21,1527,0,1527,38,55,1,20,23,1104,866,20000,0,0,0,0,0,42,346,64030,Hale the Architect,84215,5932,78283,0,569,0,51,,51,4026,340,0,"RawRibs 710, Feather 40, IronIngot 15, EnergyBoltScroll 6, LightningScroll 5, Leather 5","Leather 244, CopperIngot 202, ShadowIronIngot 107, BronzeIngot 104, Feather 80, DullCopperIngot 69"
2026-09-24_05-45,2026-09-24T06:25:25,40.1,5.0,403,2258,12441,56,683,4580,7,267,21,37,1080,0,1080,21,57,0,23,48,1654,435,20000,0,0,0,0,0,42,437,63945,Hale the Architect,87261,6102,81159,0,0,0,68,,119,4206,202,0,"RawRibs 650, Feather 15, EnergyBoltScroll 6, LightningScroll 5, Bow 2, ResurrectionScroll 2","IronIngot 815, CopperIngot 263, ShadowIronIngot 239, BronzeIngot 174, Leather 129, DullCopperIngot 115"
2026-09-24_05-45,2026-09-24T06:30:25,45.1,5.0,412,2704,16011,58,726,5034,5,335,29,15,1081,0,1081,16,44,1,27,12,2808,1354,20000,0,0,2500,0,0,42,415,64285,Hale the Architect,86725,6236,80489,2500,0,2500,12,,68,4446,1440,0,"RawRibs 657, Feather 50, EnergyBoltScroll 6, IronIngot 5, LightningScroll 4, Bow 2","IronIngot 910, CopperIngot 318, ShadowIronIngot 297, Leather 264, BronzeIngot 191, DullCopperIngot 150"
2026-09-24_06-33,2026-09-24T06:38:41,5.1,5.1,122,1165,6724,39,570,2053,0,0,33,38,2423,0,2423,94,70,0,0,37,0,712,20000,0,0,0,0,0,42,306,64009,Hale the Architect,86264,5990,80274,0,0,0,73,,73,4246,340,0,"RawRibs 553, Feather 10, LightningScroll 3, ArchCureScroll 1, ArchProtectionScroll 1, ResurrectionScroll 1","Feather 327, Leather 290, BlackPearl 86, Ginseng 50, Bloodmoss 45, MandrakeRoot 45"
2026-09-24_06-33,2026-09-24T06:43:41,10.1,5.0,190,1650,12056,45,628,2347,0,0,39,19,2711,0,2711,32,58,0,0,56,0,952,20000,0,0,0,0,0,42,369,61994,Hale the Architect,85469,3270,82199,0,0,0,58,,131,4206,44,234,"RawRibs 584, Leather 18, Feather 10, IronIngot 7, LightningScroll 5, ArchCureScroll 1","Feather 462, Leather 248, IronIngot 118, BlackPearl 79, Arrow 77, CopperIngot 64"
2026-09-24_06-33,2026-09-24T06:48:41,15.1,5.0,245,1771,14555,52,682,2932,0,0,54,34,3737,0,3737,74,89,0,0,56,1256,1113,20000,0,0,0,0,0,42,450,60437,Hale the Architect,84331,1915,82416,0,949,0,16,,14,4506,300,0,"RawRibs 670, LightningScroll 5, Feather 5, ArchCureScroll 1, ArchProtectionScroll 1, ResurrectionScroll 1","Feather 552, Arrow 185, MandrakeRoot 108, SpidersSilk 99, IronIngot 79, BlackPearl 69"
2026-09-24_06-50,2026-09-24T06:55:58,5.1,5.1,97,1236,6751,39,538,1946,0,0,11,23,873,0,873,56,34,0,0,12,0,336,20000,0,0,0,0,0,42,284,60229,Hale the Architect,80604,1045,79559,0,0,0,5,,20,4506,160,291,"RawRibs 517, Feather 13, LightningScroll 5, ArchProtectionScroll 1, EnergyBoltScroll 1, ArchCureScroll 1","Leather 384, IronIngot 287, SpidersSilk 60, Ginseng 55, Bloodmoss 50, Feather 46"
2026-09-24_06-50,2026-09-24T07:00:58,10.1,5.0,169,2244,11601,43,499,2055,0,0,14,41,1077,0,1077,81,54,0,0,48,0,635,20000,0,0,0,0,0,42,331,60043,Hale the Architect,84267,3983,80284,0,0,0,45,,65,4806,402,0,"RawRibs 471, Feather 10, Leather 6, LightningScroll 5, EnergyBoltScroll 3, ArchProtectionScroll 1","Leather 840, IronIngot 350, Feather 345, Ribs 88, BronzeIngot 67, SpidersSilk 65"
2026-09-24_06-50,2026-09-24T07:05:58,15.1,5.0,218,2018,10973,43,525,2242,0,0,31,18,972,0,972,19,49,0,0,40,3771,1878,20000,0,0,0,0,0,41,361,60196,Hale the Architect,87113,2901,84212,0,0,0,22,,87,4026,480,0,"RawRibs 488, IronIngot 20, LightningScroll 5, Feather 5, EnergyBoltScroll 3, ArchProtectionScroll 1","Leather 640, IronIngot 353, Feather 345, CopperIngot 117, BronzeIngot 102, ShadowIronIngot 92"
2026-09-24_06-50,2026-09-24T07:10:58,20.1,5.0,248,1998,9159,56,643,3205,0,0,24,23,1111,0,1111,45,46,0,0,18,1820,1309,20000,0,0,0,0,0,42,300,60304,Hale the Architect,85208,847,84361,0,1037,0,5,,5,4146,322,0,"RawRibs 588, Feather 20, Leather 15, LightningScroll 5, EnergyBoltScroll 4, Bow 2","IronIngot 441, Feather 345, Leather 320, CopperIngot 156, ShadowIronIngot 145, BronzeIngot 110"
2026-09-24_06-50,2026-09-24T07:15:58,25.1,5.0,265,1733,6480,57,638,3404,0,0,62,21,2504,1505,999,28,83,0,0,11,2056,3073,18695,0,200,0,1505,1505,38,347,60320,Hale the Architect,83729,955,82774,0,0,0,0,,5,4446,543,0,"RawRibs 587, Feather 35, LightningScroll 5, EnergyBoltScroll 4, LeatherChest 3, Bow 2","IronIngot 313, Leather 302, Feather 246, Log 235, ShadowIronIngot 132, CopperIngot 121"
2026-09-24_07-19,2026-09-24T07:24:53,5.1,5.1,93,1362,7607,31,385,1832,0,0,12,36,1959,0,1959,66,42,0,0,18,0,3177,18182,0,250,0,0,0,41,240,59922,Hale the Architect,80988,565,80423,0,0,0,19,,56,4026,175,100,"RawRibs 374, LeatherChest 3, LightningScroll 2, EnergyBoltScroll 2, ArchCureScroll 1, LeatherSkirt 1","Feather 264, Leather 212, IronIngot 195, Log 149, Bloodmoss 69, Arrow 55"
2026-09-24_07-19,2026-09-24T07:29:53,10.1,5.0,159,2017,10912,48,384,2690,0,0,37,35,1408,0,1408,72,72,0,0,41,0,1065,18432,0,250,0,0,0,42,161,59844,Hale the Architect,80112,418,79694,0,0,0,15,,71,4146,142,0,"RawRibs 340, Feather 18, LeatherSkirt 5, LeatherChest 5, LeatherArms 5, LightningScroll 3","Leather 402, IronIngot 354, Feather 326, Log 154, Scissors 80, Ribs 72"
2026-09-24_07-19,2026-09-24T07:34:53,15.1,5.0,206,1765,10537,49,441,2181,0,0,46,75,3986,0,3986,112,115,2,0,41,1782,1926,18682,0,250,0,0,0,42,204,59670,Hale the Architect,82116,994,81122,0,0,0,1,,72,4266,380,0,"RawRibs 409, Feather 8, LightningScroll 5, LeatherCap 4, EnergyBoltScroll 3, LeatherGloves 3","IronIngot 376, Feather 326, Leather 201, BronzeIngot 85, Scissors 79, CopperIngot 74"
2026-09-24_07-19,2026-09-24T07:39:53,20.1,5.0,249,1854,10272,49,448,2576,0,0,22,55,1678,0,1678,74,68,1,0,53,2004,1256,18932,0,250,0,0,0,42,181,60312,Hale the Architect,83717,2492,81225,0,937,0,51,,88,4275,300,0,"RawRibs 406, Feather 23, LightningScroll 5, EnergyBoltScroll 4, PlateGorget 4, Bow 3","IronIngot 400, Feather 326, Leather 189, CopperIngot 113, BronzeIngot 101, Scissors 81"
2026-09-24_07-19,2026-09-24T07:44:53,25.1,5.0,282,2028,9614,54,451,3340,0,0,25,31,863,70,793,62,55,1,0,49,1640,1921,19112,0,250,0,70,0,42,219,60553,Hale the Architect,84724,2375,82349,0,0,0,11,,99,4095,140,0,"RawRibs 427, PlateGorget 7, LightningScroll 5, EnergyBoltScroll 4, Bow 3, ArchCureScroll 1","IronIngot 472, Feather 293, Leather 232, CopperIngot 149, BronzeIngot 121, Hides 82"
2026-09-24_07-19,2026-09-24T07:49:53,30.1,5.0,348,2012,9250,57,571,3438,0,0,40,39,2183,0,2183,67,79,0,0,27,3411,1834,19362,0,250,0,0,0,42,300,60452,Hale the Architect,88601,2649,85952,0,0,0,5,,104,3975,242,0,"RawRibs 488, Feather 30, IronIngot 25, PlateGorget 7, Leather 6, LightningScroll 5","IronIngot 544, Feather 355, CopperIngot 167, BronzeIngot 123, ShadowIronIngot 116, Scissors 84"
2026-09-24_07-19,2026-09-24T07:54:53,35.1,5.0,370,1963,9809,60,713,3472,5,675,17,38,1269,0,1269,31,49,1,19,56,730,360,19612,0,250,0,0,0,42,300,60496,Hale the Architect,87405,1831,85574,0,1188,0,4,,24,4055,80,0,"RawRibs 571, Feather 63, Leather 55, LightningScroll 5, IronIngot 5, EnergyBoltScroll 3","IronIngot 455, Feather 226, ShadowIronIngot 152, BronzeIngot 149, GoldIngot 106, CopperIngot 96"
2026-09-24_07-19,2026-09-24T07:59:53,40.1,5.0,391,2003,9982,60,699,4071,4,549,19,49,1022,0,1022,63,66,0,20,74,1293,1316,19862,0,250,0,0,0,42,300,60518,Hale the Architect,88822,2703,86119,0,0,0,58,,82,3870,760,0,"RawRibs 581, Feather 53, Leather 35, IronIngot 10, LightningScroll 5, PlateGorget 5","IronIngot 442, Feather 423, BronzeIngot 166, CopperIngot 153, ShadowIronIngot 130, GoldIngot 88"
2026-09-24_08-04,2026-09-24T08:09:43,5.1,5.1,166,1402,10945,49,623,2992,0,0,56,38,3486,0,3486,91,92,0,0,35,0,1035,20000,0,0,0,0,0,43,313,59981,Hale the Architect,91325,2156,89169,0,0,0,5,,114,3830,520,0,"RawRibs 594, Feather 15, LightningScroll 4, PlateGorget 4, Bow 2, CurseScroll 1","Leather 235, IronIngot 204, Feather 136, Ginseng 97, BronzeIngot 92, MandrakeRoot 89"
2026-09-24_08-04,2026-09-24T08:14:43,10.1,5.0,224,2309,15490,56,701,3365,0,0,23,38,1688,0,1688,67,57,0,0,29,0,494,20000,0,0,2500,0,0,43,292,59805,Hale the Architect,84744,1272,83472,2500,0,2500,3,,38,3790,60,0,"RawRibs 651, IronIngot 20, Feather 15, LightningScroll 5, PlateGorget 4, Bow 2","Leather 417, IronIngot 336, Log 179, Ginseng 159, MandrakeRoot 150, Feather 136"
2026-09-24_08-04,2026-09-24T08:19:43,15.1,5.0,296,2318,12631,47,526,2646,0,0,34,45,2234,20,2214,64,75,1,0,33,3603,938,20000,0,20,0,20,0,43,343,60578,Hale the Architect,90611,3703,86908,0,0,0,34,,72,3850,60,0,"RawRibs 507, LightningScroll 5, Bow 3, ResurrectionScroll 2, Feather 2, EnergyBoltScroll 2","Leather 486, IronIngot 275, Log 170, Feather 161, Garlic 133, BronzeIngot 126"
2026-09-24_08-04,2026-09-24T08:24:43,20.1,5.0,344,2586,12246,63,702,3492,0,0,51,35,2788,0,2788,73,84,0,0,34,4843,728,20000,0,0,2500,0,0,43,337,60919,Hale the Architect,91490,4272,87218,2500,1430,2500,30,,38,4090,300,313,"RawRibs 614, Feather 62, Leather 10, LightningScroll 6, EnergyBoltScroll 4, Bow 3","Leather 865, IronIngot 335, Log 219, BronzeIngot 166, Feather 161, CopperIngot 135"
2026-09-24_08-04,2026-09-24T08:29:43,25.1,5.0,378,2751,10528,64,674,3795,0,0,21,33,1462,0,1462,55,49,0,0,28,2760,1311,20000,0,0,0,0,0,43,397,61108,Hale the Architect,93479,3466,90013,0,0,0,17,,55,3850,520,0,"RawRibs 591, Feather 57, LightningScroll 6, EnergyBoltScroll 5, Leather 5, Bow 3","Leather 966, IronIngot 315, Log 227, Feather 161, BronzeIngot 158, CopperIngot 145"
2026-09-24_08-04,2026-09-24T08:34:43,30.1,5.0,406,2877,9554,69,732,4282,0,0,15,23,698,0,698,38,36,1,0,17,3809,500,20000,0,0,2500,0,0,43,354,61273,Hale the Architect,93459,3854,89605,2500,0,2500,1,,53,3790,0,0,"RawRibs 683, Feather 27, EnergyBoltScroll 7, LightningScroll 6, Leather 4, Bow 3","Leather 912, IronIngot 358, Feather 340, Log 237, CopperIngot 194, BronzeIngot 164"
2026-09-24_08-04,2026-09-24T08:39:43,35.1,5.0,404,2441,9650,67,746,4643,6,559,18,19,874,0,874,38,35,2,26,32,2395,142,20000,0,0,0,0,0,43,372,61211,Hale the Architect,93834,3842,89992,0,1634,0,26,,31,4250,460,323,"RawRibs 696, Feather 27, EnergyBoltScroll 7, LightningScroll 6, Leather 5, Bow 2","Leather 758, IronIngot 362, Feather 243, Log 222, ShadowIronIngot 168, CopperIngot 136"
2026-09-24_08-04,2026-09-24T08:44:43,40.1,5.0,427,2502,10685,65,735,5032,7,1081,21,32,996,0,996,41,51,0,19,37,3213,1973,20000,0,0,2500,0,0,43,321,61447,Hale the Architect,94086,3568,90518,2500,0,2500,28,,22,3790,340,0,"RawRibs 687, Feather 20, EnergyBoltScroll 7, LightningScroll 6, Leather 5, Bow 2","Leather 531, IronIngot 453, ShadowIronIngot 236, CopperIngot 220, BronzeIngot 215, Log 182"
2026-09-24_08-45,2026-09-24T08:50:26,5.1,5.1,98,1108,6482,39,606,2142,0,0,38,21,2324,0,2324,75,59,0,0,21,0,1287,20000,0,0,0,0,0,41,282,61244,Hale the Architect,90371,2129,88242,0,0,0,9,,31,3992,442,0,"RawRibs 590, Feather 10, LightningScroll 2, ArchCureScroll 1, EnergyBoltScroll 1, InvisibilityScroll 1","IronIngot 159, Feather 142, SulfurousAsh 106, Ginseng 98, Nightshade 88, Garlic 76"
2026-09-24_08-45,2026-09-24T08:55:26,10.1,5.0,143,1702,10396,39,600,2113,0,0,11,20,481,0,481,31,31,0,0,26,0,630,20000,0,0,0,0,0,43,266,61244,Hale the Architect,90536,2220,88316,0,0,0,5,,36,3981,11,0,"RawRibs 573, Feather 20, LightningScroll 3, ArchCureScroll 1, EnergyBoltScroll 1, InvisibilityScroll 1","IronIngot 424, Leather 237, Feather 142, SulfurousAsh 111, CopperIngot 88, Ginseng 87"
2026-09-24_08-45,2026-09-24T09:00:26,15.1,5.0,179,1346,6927,49,659,2889,0,0,24,16,1289,0,1289,20,40,0,0,42,3008,1608,20000,0,0,0,0,0,43,257,61665,Hale the Architect,92883,3906,88977,0,0,0,44,,80,3981,322,0,"RawRibs 602, Feather 38, Leather 13, LightningScroll 4, EnergyBoltScroll 2, ResurrectionScroll 2","Leather 283, Feather 142, IronIngot 130, CopperIngot 101, BronzeIngot 86, Ginseng 52"
2026-09-24_08-45,2026-09-24T09:05:26,20.1,5.0,208,1512,7219,51,616,3028,0,0,4,17,415,0,415,23,21,0,0,25,1934,888,20000,0,0,0,0,0,43,266,61864,Hale the Architect,93208,4422,88786,0,1629,0,10,,26,3981,0,0,"RawRibs 574, Feather 33, LightningScroll 4, EnergyBoltScroll 4, ResurrectionScroll 2, ArchCureScroll 1","Leather 285, CopperIngot 144, Feather 142, BronzeIngot 129, IronIngot 106, ShadowIronIngot 79"
2026-09-24_08-45,2026-09-24T09:10:26,25.1,5.0,225,1562,7916,51,631,3516,0,0,15,23,832,0,832,55,38,1,0,17,2883,796,20000,0,0,21000,0,0,42,300,61838,Hale the Architect,78412,3476,74936,21000,0,21000,10,,31,3981,40,0,"RawRibs 569, Feather 33, BronzeIngot 15, LightningScroll 5, EnergyBoltScroll 4, ArchCureScroll 1","Feather 294, Leather 209, CopperIngot 169, BronzeIngot 156, IronIngot 140, ShadowIronIngot 91"
2026-09-24_08-45,2026-09-24T09:15:26,30.1,5.0,303,1786,7684,50,521,3423,0,0,23,25,861,0,861,39,47,1,0,19,1634,1520,20000,0,0,0,0,0,46,254,62016,Hale the Architect,79922,3997,75925,0,0,0,17,,48,3981,0,0,"RawRibs 478, Feather 25, LightningScroll 7, EnergyBoltScroll 4, ResurrectionScroll 2, ArchCureScroll 1","Leather 350, Feather 294, CopperIngot 217, BronzeIngot 153, ShadowIronIngot 111, IronIngot 83"
2026-09-24_08-45,2026-09-24T09:20:26,35.1,5.0,382,2155,10494,53,565,3875,11,1885,15,30,958,0,958,46,44,0,14,62,1384,755,20000,0,0,0,0,0,46,300,62029,Hale the Architect,82184,4835,77349,0,570,0,18,,41,3981,0,0,"RawRibs 523, Feather 25, LightningScroll 7, EnergyBoltScroll 4, ResurrectionScroll 2, ArchCureScroll 1","Leather 296, CopperIngot 241, IronIngot 222, BronzeIngot 169, ShadowIronIngot 154, Feather 95"
2026-09-24_08-45,2026-09-24T09:25:26,40.1,5.0,425,2404,12694,60,608,4976,10,2503,34,34,1131,0,1131,41,68,1,19,60,3003,1157,20000,0,0,2500,0,0,44,270,62288,Hale the Architect,79523,3461,76062,2500,0,2500,49,,50,3793,3,285,"RawRibs 571, Feather 15, LightningScroll 7, EnergyBoltScroll 7, ResurrectionScroll 2, Bow 2","Leather 481, IronIngot 418, CopperIngot 294, BronzeIngot 193, ShadowIronIngot 130, GoldIngot 98"
2026-09-24_08-45,2026-09-24T09:30:27,45.1,5.0,458,2477,11761,61,622,5043,8,1230,21,36,1000,0,1000,42,56,2,12,44,1230,933,20000,0,0,0,0,0,44,294,62301,Hale the Architect,80745,3354,77391,0,0,0,1,,51,3910,300,0,"RawRibs 571, Feather 30, LightningScroll 7, EnergyBoltScroll 7, Bow 2, ResurrectionScroll 2","Leather 590, IronIngot 301, BronzeIngot 254, CopperIngot 254, ShadowIronIngot 180, GoldIngot 116"
2026-09-24_09-30,2026-09-24T09:35:40,5.1,5.1,119,1567,8429,43,502,2129,0,0,43,41,2054,0,2054,117,84,0,0,16,0,1285,20000,0,0,0,0,0,43,235,62301,Hale the Architect,78281,3163,75118,0,0,0,20,,71,3910,180,0,"RawRibs 479, Feather 10, LightningScroll 6, InvisibilityScroll 1, EnergyBoltScroll 1, CurseScroll 1","Leather 540, IronIngot 376, Feather 149, CopperIngot 83, Garlic 57, MandrakeRoot 56"
2026-09-24_09-30,2026-09-24T09:40:40,10.1,5.0,197,2556,14147,42,490,2057,0,0,21,37,1723,0,1723,58,56,0,0,40,0,978,20000,0,0,0,0,0,44,278,62279,Hale the Architect,80192,4120,76072,0,0,0,41,,112,3739,202,0,"RawRibs 472, LightningScroll 7, Feather 5, EnergyBoltScroll 3, InvisibilityScroll 1, CurseScroll 1","Leather 605, IronIngot 503, Feather 406, Log 195, Ribs 116, CopperIngot 96"
2026-09-24_09-30,2026-09-24T09:45:40,15.1,5.0,238,2893,13112,50,575,2563,0,0,16,20,523,0,523,40,36,1,0,42,3194,1229,20000,0,0,0,0,0,44,272,62835,Hale the Architect,82721,4995,77726,0,0,0,4,,116,3761,202,0,"RawRibs 520, Feather 30, Log 10, LightningScroll 7, EnergyBoltScroll 4, InvisibilityScroll 1","Leather 731, IronIngot 615, Feather 513, Log 205, CopperIngot 125, BronzeIngot 108"
2026-09-24_09-30,2026-09-24T09:50:40,20.1,5.0,286,2658,10924,64,706,3950,0,0,17,31,978,0,978,45,49,0,0,27,6124,1705,20000,0,0,0,0,0,46,347,62905,Hale the Architect,86545,8045,78500,0,849,0,10,,31,3739,60,323,"RawRibs 629, Feather 55, LightningScroll 9, EnergyBoltScroll 6, ChainLegs 2, InvisibilityScroll 1","IronIngot 605, Feather 513, Leather 263, CopperIngot 179, Log 165, BronzeIngot 133"
2026-09-24_09-54,2026-09-24T09:59:37,5.1,5.1,105,1373,6341,42,517,2480,0,0,7,23,566,0,566,58,0,0,0,22,0,920,19900,500,250,0,0,0,47,211,14368,Joss the Brawler,33570,1757,31813,0,0,0,14,,56,3609,22,0,"RawRibs 498, LightningScroll 7, Feather 5, EnergyBoltScroll 2, Bow 1, ArchCureScroll 1","Leather 286, IronIngot 219, SulfurousAsh 174, Feather 127, Bloodmoss 82, Nightshade 62"
2026-09-24_09-54,2026-09-24T10:04:37,10.1,5.0,166,2121,10889,50,552,2772,0,0,17,25,821,0,821,41,0,0,0,28,0,517,20000,500,100,0,0,0,43,235,14494,Joss the Brawler,33816,3295,30521,0,0,0,44,,100,3592,28,0,"RawRibs 532, LightningScroll 9, EnergyBoltScroll 4, Feather 2, Bow 1, ArchCureScroll 1","Leather 592, IronIngot 458, Feather 127, CopperIngot 122, SulfurousAsh 98, Bloodmoss 98"
2026-09-24_09-54,2026-09-24T10:09:37,15.1,5.0,217,2013,8793,57,661,3350,0,0,21,19,1030,0,1030,31,0,0,0,22,2751,1018,20000,500,0,0,0,0,43,278,14478,Joss the Brawler,39441,6545,32896,0,0,0,5,,105,3548,180,252,"RawRibs 642, LightningScroll 9, EnergyBoltScroll 5, Feather 5, Bow 2, ChainLegs 1","Leather 662, IronIngot 198, Feather 180, CopperIngot 149, Log 90, BronzeIngot 89"
2026-09-24_10-13,2026-09-24T10:18:44,5.1,5.1,122,1685,8692,34,402,1583,0,0,22,37,1251,0,1251,84,0,0,0,60,0,1056,20000,500,0,0,0,0,42,259,14639,Joss the Brawler,35302,3292,32010,0,0,0,37,,56,3548,22,0,"RawRibs 389, Feather 5, LightningScroll 4, EnergyBoltScroll 2, ArchProtectionScroll 1, MassCurseScroll 1","Leather 586, Feather 291, IronIngot 211, Log 105, Ginseng 50, SpidersSilk 44"
2026-09-24_10-20,2026-09-24T10:25:59,5.1,5.1,119,993,5988,37,412,2054,0,0,24,17,887,0,887,40,0,0,0,42,0,1706,20000,500,0,0,0,0,44,110,14758,Joss the Brawler,24713,1284,23429,0,0,0,11,,84,3990,922,0,"RawRibs 398, LightningScroll 7, EnergyBoltScroll 3, Bow 1, ChainLegs 1, MassCurseScroll 1","Leather 244, IronIngot 134, Feather 113, Garlic 43, CopperIngot 40, BronzeIngot 36"
2026-09-24_10-20,2026-09-24T10:30:59,10.1,5.0,170,1887,11202,42,487,2269,0,0,8,15,351,0,351,32,0,0,0,10,0,1146,20000,500,0,0,0,0,46,117,14758,Joss the Brawler,25049,1771,23278,0,0,0,11,,95,3771,21,308,"RawRibs 463, Feather 10, LightningScroll 7, EnergyBoltScroll 3, Bow 1, ChainLegs 1","Leather 586, IronIngot 327, Feather 203, CopperIngot 98, MagicArrowScroll 66, SkinningKnife 65"
2026-09-24_10-20,2026-09-24T10:35:59,15.1,5.0,214,1882,9428,51,544,2843,0,0,18,23,891,0,891,44,0,1,0,17,4401,1440,20000,500,0,0,0,0,46,212,14758,Joss the Brawler,27796,2824,24972,0,1145,0,2,,35,3848,300,0,"RawRibs 492, Feather 40, LightningScroll 7, EnergyBoltScroll 6, Bow 1, ChainLegs 1","Leather 548, Feather 203, IronIngot 163, CopperIngot 142, Arrow 103, MagicArrowScroll 86"
2026-09-24_10-20,2026-09-24T10:40:59,20.1,5.0,245,1924,7419,54,546,3131,0,0,6,9,311,0,311,18,0,0,0,49,2276,2287,20000,500,0,0,0,0,45,180,14758,Joss the Brawler,28388,2675,25713,0,0,0,41,,76,3570,262,0,"RawRibs 462, Feather 59, EnergyBoltScroll 8, LightningScroll 7, Leather 5, Bow 2","Leather 542, Feather 203, IronIngot 195, CopperIngot 174, ShadowIronIngot 106, MagicArrowScroll 88"
2026-09-24_10-20,2026-09-24T10:46:00,25.1,5.0,286,1880,7038,56,574,3884,0,0,7,22,439,0,439,27,0,0,0,28,4934,1813,20000,0,0,0,500,0,45,240,14758,Joss the Brawler,33728,3818,29910,0,0,0,41,,117,3548,600,283,"RawRibs 504, Feather 49, EnergyBoltScroll 8, LightningScroll 7, Bow 2, ChainLegs 1","Leather 347, Feather 203, CopperIngot 186, IronIngot 136, ShadowIronIngot 129, BronzeIngot 121"
2026-09-24_10-20,2026-09-24T10:51:00,30.1,5.0,306,1879,6099,56,553,3978,0,0,12,20,681,0,681,36,0,0,0,12,4154,2108,20000,0,0,0,0,0,45,271,14758,Joss the Brawler,35232,2362,32870,0,1534,0,16,,53,3548,262,0,"RawRibs 503, Feather 29, EnergyBoltScroll 8, LightningScroll 7, Bow 2, ChainLegs 1","Leather 276, CopperIngot 226, Feather 193, ShadowIronIngot 137, BronzeIngot 121, IronIngot 107"
2026-09-24_10-20,2026-09-24T10:56:00,35.1,5.0,303,1781,6033,61,606,4742,2,35,5,8,127,0,127,16,0,0,32,18,829,703,20000,0,0,0,0,0,37,258,14592,Joss the Brawler,34321,2173,32148,0,0,0,2,,55,3548,300,0,"RawRibs 565, Feather 19, LightningScroll 8, EnergyBoltScroll 8, Bow 2, ChainLegs 1","Leather 222, CopperIngot 219, BronzeIngot 140, ShadowIronIngot 137, IronIngot 119, Feather 116"
2026-09-24_11-00,2026-09-24T11:05:25,5.1,5.1,132,1987,10833,49,645,3224,0,0,28,19,1030,0,1030,43,0,0,0,27,0,1213,20000,0,0,0,0,0,44,238,14735,Joss the Brawler,36351,2393,33958,0,0,0,51,,150,3908,685,323,"RawRibs 624, LightningScroll 7, Feather 5, EnergyBoltScroll 4, ChainLegs 2, Katana 1","Leather 698, Feather 192, BronzeIngot 173, CopperIngot 155, IronIngot 150, Scissors 94"
2026-09-24_11-00,2026-09-24T11:10:26,10.1,5.0,194,2897,16268,50,648,3188,0,0,24,19,1001,0,1001,20,0,0,0,35,0,2263,20000,0,0,0,0,0,44,219,14783,Joss the Brawler,35480,1764,33716,0,0,0,11,,161,3548,202,0,"RawRibs 607, Feather 25, LightningScroll 7, EnergyBoltScroll 4, ChainLegs 2, Katana 1","Leather 1020, IronIngot 330, Feather 249, BronzeIngot 218, CopperIngot 204, ShadowIronIngot 120"
2026-09-24_11-00,2026-09-24T11:15:26,15.1,5.0,235,1642,6306,49,533,3330,0,0,15,26,817,50,767,19,0,0,0,30,8504,1361,20000,0,50,2500,50,0,49,300,15344,Joss the Brawler,42916,5769,37147,2500,0,2500,7,,160,3728,180,0,"RawRibs 484, Feather 25, LightningScroll 8, EnergyBoltScroll 6, IronIngot 5, ChainLegs 2","CopperIngot 255, Feather 249, BronzeIngot 238, Leather 207, ShadowIronIngot 154, Log 80"
2026-09-24_11-00,2026-09-24T11:20:26,20.1,5.0,324,2167,8690,62,700,4416,0,0,30,33,946,0,946,30,0,0,0,40,1897,1325,20000,0,0,0,0,0,49,326,15354,Joss the Brawler,42825,3205,39620,0,1755,0,51,,117,3548,60,554,"RawRibs 627, Feather 37, IronIngot 14, LightningScroll 8, EnergyBoltScroll 7, ChainLegs 2","Leather 329, CopperIngot 280, BronzeIngot 267, Feather 249, ShadowIronIngot 176, GoldIngot 79"
2026-09-24_11-00,2026-09-24T11:25:26,25.1,5.0,380,2811,13223,64,744,4544,0,0,24,28,1059,0,1059,18,0,0,0,24,2068,2617,20000,0,0,0,0,0,49,308,15600,Joss the Brawler,43789,3154,40635,0,0,0,42,,159,3548,621,851,"RawRibs 665, Feather 57, LightningScroll 8, EnergyBoltScroll 7, ChainLegs 1, ResurrectionScroll 1","Leather 455, BronzeIngot 325, CopperIngot 307, Feather 249, ShadowIronIngot 204, MagicArrowScroll 183"
2026-09-24_11-00,2026-09-24T11:30:26,30.1,5.0,418,2779,11234,66,758,4671,0,0,19,20,1183,0,1183,20,0,0,0,19,5917,1823,20000,0,0,0,0,0,49,387,15646,Joss the Brawler,48164,4100,44064,0,0,0,22,,181,3548,344,257,"RawRibs 673, Feather 62, LightningScroll 9, EnergyBoltScroll 7, Bow 2, PlateGorget 2","BronzeIngot 360, CopperIngot 326, IronIngot 284, ShadowIronIngot 259, Leather 256, Feather 249"
2026-09-24_11-00,2026-09-24T11:35:26,35.1,5.0,423,2526,10436,71,819,5361,6,579,6,9,305,0,305,37,0,1,31,2,2240,677,20000,0,0,2500,0,0,50,354,15626,Joss the Brawler,45793,3141,42652,2500,1966,2500,1,,25,3548,180,0,"RawRibs 754, Feather 42, LightningScroll 9, EnergyBoltScroll 6, Bow 2, PlateGorget 2","BronzeIngot 329, ShadowIronIngot 288, CopperIngot 283, IronIngot 280, Leather 210, Feather 182"
2026-09-24_11-00,2026-09-24T11:40:26,40.1,5.0,455,2635,13106,79,762,6931,9,652,38,24,1378,0,1378,46,0,1,24,33,3380,1759,20000,0,0,2500,0,0,54,320,15670,Joss the Brawler,47285,3970,43315,2500,0,2500,67,,91,3506,128,0,"RawRibs 699, Feather 25, LightningScroll 10, EnergyBoltScroll 8, IronIngot 5, PlateGorget 3","BronzeIngot 346, CopperIngot 331, IronIngot 301, Leather 292, Feather 203, ShadowIronIngot 200"
2026-09-24_11-00,2026-09-24T11:45:26,45.1,5.0,504,2399,11365,82,848,7795,3,10,95,18,4222,3080,1142,22,0,1,6,30,1844,1816,19308,0,150,2500,3080,3080,53,316,15595,Joss the Brawler,48835,1792,47043,2500,0,2500,49,,66,3498,902,0,"RawRibs 765, Feather 55, LightningScroll 10, EnergyBoltScroll 8, PlateGorget 3, ChainLegs 3","Leather 384, CopperIngot 376, BronzeIngot 358, IronIngot 330, ShadowIronIngot 293, Feather 100"
2026-09-24_11-47,2026-09-24T11:53:00,5.1,5.1,144,1888,10304,58,739,3838,0,0,35,19,1749,0,1749,36,0,0,0,7,0,1923,18268,0,250,0,0,0,51,210,3619,Torvin the Gatherer,27836,1365,26471,0,0,0,0,,23,3598,302,0,"RawRibs 660, Feather 60, LightningScroll 6, PlateGorget 4, EnergyBoltScroll 2, ChainLegs 2","IronIngot 277, Leather 272, SulfurousAsh 204, Feather 180, BlackPearl 151, Garlic 111"
2026-09-24_11-47,2026-09-24T11:58:01,10.1,5.0,201,3008,16153,66,684,4665,0,0,13,28,936,0,936,70,0,0,0,25,0,1019,18518,0,250,0,0,0,53,271,14887,Joss the Brawler,43624,2295,41329,0,0,0,37,,60,3498,0,0,"RawRibs 641, Feather 15, LightningScroll 8, EnergyBoltScroll 4, PlateGorget 4, ChainLegs 4","IronIngot 592, Leather 568, Feather 462, SulfurousAsh 166, BlackPearl 147, CopperIngot 134"
2026-09-24_11-47,2026-09-24T12:03:01,15.1,5.0,270,2376,10617,74,764,5998,0,0,23,18,1098,0,1098,26,0,2,0,38,5026,1901,18768,0,250,0,0,0,52,300,14933,Joss the Brawler,48088,4499,43589,0,0,0,70,,130,3418,231,0,"RawRibs 717, Feather 20, LightningScroll 8, EnergyBoltScroll 7, ChainLegs 5, PlateGorget 4","Leather 534, Feather 497, CopperIngot 174, IronIngot 110, Bloodmoss 94, MandrakeRoot 91"
2026-09-24_11-47,2026-09-24T12:08:01,20.1,5.0,333,2337,12755,81,885,6811,0,0,44,26,1615,0,1615,20,0,2,0,22,3908,1645,20000,0,100,5000,0,0,51,299,14897,Joss the Brawler,48117,2531,45586,5000,2037,5000,50,,106,3295,720,726,"RawRibs 817, Feather 35, EnergyBoltScroll 8, LightningScroll 8, ChainLegs 5, PlateGorget 4","Feather 497, Leather 470, CopperIngot 209, BronzeIngot 145, IronIngot 139, ShadowIronIngot 122"
2026-09-24_11-47,2026-09-24T12:13:01,25.1,5.0,412,3109,15629,89,1014,7892,0,0,15,33,1037,0,1037,25,0,1,0,41,2966,631,20000,0,0,0,0,0,52,286,14939,Joss the Brawler,50342,2615,47727,0,0,0,1,,107,3295,0,0,"RawRibs 915, Feather 65, LightningScroll 8, EnergyBoltScroll 7, ChainLegs 5, PlateGorget 4","Leather 558, Feather 497, IronIngot 309, CopperIngot 243, BronzeIngot 208, ShadowIronIngot 152"
2026-09-24_11-47,2026-09-24T12:18:01,30.1,5.0,459,3012,12716,92,1011,8231,0,0,24,25,1240,0,1240,55,0,1,0,14,5472,1374,20000,0,0,0,0,0,52,385,14861,Joss the Brawler,55138,3810,51328,0,0,0,30,,137,3295,0,0,"RawRibs 895, Feather 73, LightningScroll 11, Leather 11, EnergyBoltScroll 8, PlateGorget 4","Feather 527, Leather 313, CopperIngot 297, BronzeIngot 260, IronIngot 206, ShadowIronIngot 176"
2026-09-24_11-47,2026-09-24T12:23:01,35.1,5.0,477,2608,11267,91,1022,8519,7,1434,23,22,1338,20,1318,42,0,1,25,14,3815,365,20000,0,20,2500,20,0,57,323,14841,Joss the Brawler,55625,3680,51945,2500,2209,2500,12,,28,3295,3,0,"RawRibs 929, Feather 53, LightningScroll 11, Leather 11, EnergyBoltScroll 8, PlateGorget 4","Feather 507, CopperIngot 343, BronzeIngot 247, ShadowIronIngot 177, IronIngot 171, GoldIngot 169"
2026-09-24_11-47,2026-09-24T12:28:01,40.1,5.0,493,2709,12193,92,1012,9122,6,1991,16,26,598,0,598,24,0,1,29,37,3957,1688,20000,0,0,0,0,0,52,390,14758,Joss the Brawler,56084,3040,53044,0,0,0,29,,57,3415,540,0,"RawRibs 903, Feather 80, LightningScroll 11, EnergyBoltScroll 9, PlateGorget 4, ChainLegs 3","Feather 435, CopperIngot 427, IronIngot 342, BronzeIngot 316, ShadowIronIngot 239, GoldIngot 194"
2026-09-24_12-31,2026-09-24T12:36:24,5.1,5.1,150,1561,8842,54,675,2950,0,0,18,48,2010,0,2010,110,0,0,0,42,0,910,20000,0,0,0,0,0,57,245,14616,Joss the Brawler,52134,1095,51039,0,0,0,27,,84,3295,22,0,"RawRibs 620, Feather 40, LightningScroll 9, PlateGorget 4, Bow 1, CurseScroll 1","IronIngot 258, Feather 234, Leather 234, SpidersSilk 69, BlackPearl 62, MandrakeRoot 61"
2026-09-24_12-31,2026-09-24T12:41:24,10.1,5.0,209,2027,11381,64,717,3597,0,0,27,33,1491,0,1491,64,0,0,0,40,0,381,20000,0,0,0,0,0,57,276,14613,Joss the Brawler,53077,1504,51573,0,0,0,74,,158,3295,0,0,"RawRibs 671, Feather 25, LightningScroll 10, PlateGorget 7, Bow 2, CurseScroll 1","Leather 438, IronIngot 376, Feather 219, MandrakeRoot 86, Ribs 86, CopperIngot 82"
2026-09-24_12-31,2026-09-24T12:46:24,15.1,5.0,263,2076,10951,70,766,4505,0,0,17,17,705,0,705,15,0,3,0,20,4018,509,20000,0,0,22000,0,0,57,288,14607,Joss the Brawler,43402,3070,40332,22000,0,22000,19,,153,3295,100,0,"RawRibs 715, Feather 25, LightningScroll 11, PlateGorget 7, Bow 3, EnergyBoltScroll 3","Leather 640, IronIngot 241, Feather 219, CopperIngot 119, ShadowIronIngot 111, BronzeIngot 80"
2026-09-24_12-31,2026-09-24T12:51:24,20.1,5.0,300,2186,10685,75,790,5186,0,0,12,14,555,0,555,28,0,1,0,18,2627,863,20000,0,0,13000,0,0,56,280,14592,Joss the Brawler,36921,2173,34748,13000,1026,13000,5,,29,3295,68,0,"RawRibs 715, Feather 30, Leather 15, LightningScroll 11, PlateGorget 7, EnergyBoltScroll 4","Leather 610, IronIngot 321, Feather 286, CopperIngot 155, ShadowIronIngot 121, BronzeIngot 104"
2026-09-24_12-31,2026-09-24T12:56:24,25.1,5.0,333,2355,7928,78,821,5477,0,0,13,33,857,30,827,34,0,1,0,14,4943,2011,20000,0,30,0,30,0,52,300,14643,Joss the Brawler,39498,1944,37554,0,0,0,7,,36,3295,180,0,"RawRibs 724, Feather 70, LightningScroll 12, PlateGorget 7, EnergyBoltScroll 4, Bow 3","Leather 679, Feather 286, IronIngot 243, BronzeIngot 187, ShadowIronIngot 184, CopperIngot 177"
2026-09-24_12-31,2026-09-24T13:01:24,30.1,5.0,396,2801,8384,79,838,5805,0,0,16,27,660,0,660,36,0,3,0,44,3503,2318,20000,0,0,0,0,0,52,335,14799,Joss the Brawler,42974,3635,39339,0,0,0,63,,99,3355,420,0,"RawRibs 748, Feather 60, LightningScroll 12, PlateGorget 6, EnergyBoltScroll 5, Bow 3","Leather 777, IronIngot 294, Feather 286, BronzeIngot 229, CopperIngot 221, ShadowIronIngot 184"
2026-09-24_12-31,2026-09-24T13:06:24,35.1,5.0,395,2258,9086,83,911,6614,7,1737,31,19,1286,0,1286,44,0,1,41,61,1996,695,20000,0,0,0,0,0,52,342,14831,Joss the Brawler,43308,2879,40429,0,681,0,0,,8,3355,60,0,"RawRibs 785, Feather 90, LightningScroll 12, PlateGorget 6, Leather 6, EnergyBoltScroll 5","Leather 508, IronIngot 304, CopperIngot 247, BronzeIngot 222, GoldIngot 184, ShadowIronIngot 133"
2026-09-24_12-31,2026-09-24T13:11:24,40.1,5.0,425,2711,12277,85,875,7187,9,2110,29,28,1072,0,1072,64,0,0,10,39,1837,1243,20000,0,0,0,0,0,52,342,14796,Joss the Brawler,43936,2577,41359,0,0,0,1,,9,3295,360,0,"RawRibs 773, Feather 70, LightningScroll 12, PlateGorget 6, EnergyBoltScroll 6, Bow 3","Leather 536, IronIngot 415, Feather 308, CopperIngot 283, ShadowIronIngot 217, BronzeIngot 208"
2026-09-24_12-31,2026-09-24T13:16:24,45.1,5.0,459,3447,13058,82,856,7690,12,1905,26,21,1199,0,1199,29,0,1,16,70,1734,938,20000,0,100,0,100,0,52,379,14926,Joss the Brawler,45243,2508,42735,0,0,0,0,,9,3355,300,0,"RawRibs 782, Feather 45, LightningScroll 11, PlateGorget 6, EnergyBoltScroll 6, Bow 3","IronIngot 613, Leather 587, Feather 577, CopperIngot 371, BronzeIngot 274, ShadowIronIngot 258"
2026-09-24_12-31,2026-09-24T13:21:24,50.1,5.0,506,4285,15319,89,872,8417,13,2137,44,25,1692,0,1692,59,0,0,28,19,4903,1694,20000,0,0,2500,0,0,57,322,14799,Joss the Brawler,49026,3673,45353,2500,783,2500,108,,115,3608,793,0,"RawRibs 795, Feather 45, LightningScroll 12, EnergyBoltScroll 7, PlateGorget 5, Bow 4","Feather 1081, IronIngot 692, Leather 632, CopperIngot 364, ShadowIronIngot 297, BronzeIngot 267"
2026-09-24_13-23,2026-09-24T13:29:03,5.1,5.1,125,1455,8613,67,752,3957,0,0,37,27,2048,0,2048,78,0,0,0,8,0,1816,20000,0,0,0,0,0,56,300,14769,Joss the Brawler,45242,2334,42908,0,0,0,6,,122,3295,280,0,"RawRibs 707, Feather 20, LightningScroll 9, PlateGorget 6, HarmScroll 2, Crossbow 1","Leather 324, IronIngot 300, Feather 142, BlackPearl 98, CopperIngot 94, BronzeIngot 68"
2026-09-24_13-23,2026-09-24T13:34:03,10.1,5.0,166,2123,13632,67,759,4025,0,0,8,14,306,0,306,9,0,0,0,16,0,673,20000,0,0,0,0,0,57,286,14769,Joss the Brawler,45235,2334,42901,0,0,0,10,,132,3317,22,0,"RawRibs 723, Feather 10, LightningScroll 9, PlateGorget 6, HarmScroll 2, Crossbow 1","Leather 566, IronIngot 494, CopperIngot 157, Feather 142, ShadowIronIngot 105, BlackPearl 99"
2026-09-24_13-23,2026-09-24T13:39:03,15.1,5.0,236,1866,8888,78,831,5554,0,0,14,19,630,0,630,11,0,2,0,36,5114,1198,20000,0,0,0,0,0,57,300,15003,Joss the Brawler,51243,6298,44945,0,0,0,15,,147,3284,280,0,"RawRibs 772, Feather 25, LightningScroll 11, PlateGorget 6, EnergyBoltScroll 5, LeatherBustierArms 2","Leather 526, CopperIngot 191, ShadowIronIngot 146, Feather 142, MagicArrowScroll 115, IronIngot 111"
2026-09-24_13-23,2026-09-24T13:44:03,20.1,5.0,304,2134,8244,80,775,5446,0,0,35,28,1631,0,1631,42,0,0,0,16,2899,1878,20000,0,0,0,0,0,54,349,15121,Joss the Brawler,51831,5350,46481,0,999,0,51,,58,3244,262,0,"RawRibs 720, Feather 20, LightningScroll 11, PlateGorget 7, EnergyBoltScroll 7, HarmScroll 4","Leather 484, IronIngot 222, CopperIngot 210, ShadowIronIngot 181, Feather 142, GoldIngot 103"
2026-09-24_13-23,2026-09-24T13:49:03,25.1,5.0,350,2304,8603,90,870,6860,0,0,19,29,713,0,713,36,0,0,0,21,3702,2084,20000,0,0,2500,0,0,54,300,14965,Joss the Brawler,50778,2397,48381,2500,0,2500,8,,44,3304,120,0,"RawRibs 807, Feather 25, LightningScroll 11, EnergyBoltScroll 8, PlateGorget 7, HarmScroll 3","Leather 362, IronIngot 324, CopperIngot 270, ShadowIronIngot 221, Log 155, Feather 142"
2026-09-24_13-23,2026-09-24T13:54:03,30.1,5.0,384,2622,9047,92,941,7359,0,0,7,14,264,0,264,10,0,1,0,17,2719,1236,20000,0,0,2500,0,0,57,289,14965,Joss the Brawler,53049,3397,49652,2500,0,2500,3,,47,3244,300,0,"RawRibs 860, Feather 40, LightningScroll 11, PlateGorget 7, EnergyBoltScroll 7, HarmScroll 3","IronIngot 453, Leather 428, CopperIngot 301, ShadowIronIngot 285, BronzeIngot 165, Feather 142"
2026-09-24_13-23,2026-09-24T13:59:03,35.1,5.0,395,1236,6624,95,1053,8361,0,0,79,16,3810,2398,1412,9,0,0,27,16,1411,334,20000,0,150,2500,2398,2398,62,300,14962,Joss the Brawler,54217,2318,51899,2500,1109,2500,19,,7,3244,360,320,"RawRibs 960, Feather 60, LightningScroll 11, PlateGorget 8, EnergyBoltScroll 7, HarmScroll 3","Log 200, Leather 138, ShadowIronIngot 125, GoldIngot 120, BronzeIngot 116, DullCopperIngot 110"
2026-09-24_14-03,2026-09-24T14:08:51,5.1,5.1,141,1100,8611,65,841,3776,0,0,47,42,2601,0,2601,74,0,0,0,48,0,1139,17669,0,250,0,0,0,62,270,15100,Joss the Brawler,56524,3116,53408,0,0,0,62,,136,3101,68,0,"RawRibs 796, Feather 15, Leather 11, LightningScroll 9, PlateGorget 5, EnergyBoltScroll 3","IronIngot 341, Feather 227, CopperIngot 68, MandrakeRoot 50, BlackPearl 48, BronzeIngot 37"
2026-09-24_14-03,2026-09-24T14:13:51,10.1,5.0,235,1859,12834,71,909,4128,0,0,29,61,1932,0,1932,64,0,0,0,70,0,1346,17919,0,250,0,0,0,63,264,15100,Joss the Brawler,56372,2566,53806,0,0,0,21,,157,3041,180,0,"RawRibs 828, Feather 55, LightningScroll 10, PlateGorget 7, Leather 4, EnergyBoltScroll 3","IronIngot 470, Feather 227, Log 135, Leather 90, CopperIngot 90, BronzeIngot 77"
2026-09-24_14-14,2026-09-24T14:19:59,5.1,5.1,144,1587,9719,52,723,2816,0,0,21,19,959,50,909,24,0,0,0,26,0,1488,18119,0,250,0,50,0,63,221,14896,Joss the Brawler,54401,2718,51683,0,0,0,74,,231,3041,180,0,"RawRibs 708, LightningScroll 8, LeatherSkirt 2, LeatherBustierArms 2, EnergyBoltScroll 1, GreaterHealScroll 1","Leather 496, IronIngot 331, Feather 85, CopperIngot 70, Arrow 60, BlackPearl 54"
2026-09-24_14-14,2026-09-24T14:24:59,10.1,5.0,210,2357,15422,59,783,3264,0,0,19,22,1435,0,1435,13,0,0,0,37,0,1233,18369,0,250,0,0,0,63,220,14678,Joss the Brawler,55055,2189,52866,0,0,0,18,,249,3041,288,204,"RawRibs 749, Feather 15, LightningScroll 10, EnergyBoltScroll 2, PlateGorget 2, GreaterHealScroll 1","IronIngot 789, Leather 588, CopperIngot 136, Feather 85, Ribs 82, BronzeIngot 64"
2026-09-24_14-14,2026-09-24T14:29:59,15.1,5.0,274,1182,6430,74,1010,4757,0,0,119,15,7110,6045,1065,6,0,1,0,23,2936,686,17574,0,250,5000,6045,6045,59,242,14538,Joss the Brawler,56003,1685,54318,5000,0,5000,43,,291,3041,300,0,"RawRibs 920, Feather 70, LightningScroll 10, PlateGorget 5, EnergyBoltScroll 2, GreaterHealScroll 1","IronIngot 307, Leather 174, Log 110, GoldIngot 78, BronzeIngot 46, Feather 45"
2026-09-24_14-14,2026-09-24T14:34:59,20.1,5.0,306,833,4976,76,1046,5131,0,0,115,22,6913,5780,1133,49,0,0,0,65,1277,1336,12044,0,250,0,5780,5780,58,333,14658,Joss the Brawler,60978,1730,59248,0,1186,0,35,,125,3281,462,306,"RawRibs 918, Feather 90, Leather 18, LightningScroll 10, PlateGorget 5, EnergyBoltScroll 2","IronIngot 418, Log 116, CopperIngot 78, BronzeIngot 49, GoldIngot 38, ValoriteIngot 21"
2026-09-24_14-14,2026-09-24T14:39:59,25.1,5.0,390,1818,9346,82,1057,6098,0,0,23,50,1354,0,1354,75,0,0,0,56,1368,1045,14794,0,250,2500,0,0,54,331,14788,Joss the Brawler,57407,2727,54680,2500,0,2500,154,,279,3041,360,0,"RawRibs 975, Feather 60, LightningScroll 11, PlateGorget 5, EnergyBoltScroll 2, GreaterHealScroll 1","IronIngot 553, Feather 272, Leather 244, CopperIngot 146, BronzeIngot 74, Arrow 64"
2026-09-24_14-14,2026-09-24T14:44:59,30.1,5.0,480,2934,12078,87,1095,7014,0,0,35,38,1868,0,1868,70,0,1,0,70,1251,869,17544,0,250,2500,0,0,59,300,15117,Joss the Brawler,57010,1840,55170,2500,0,2500,4,,283,3101,120,0,"RawRibs 1011, Feather 60, LightningScroll 10, PlateGorget 6, EnergyBoltScroll 3, GreaterHealScroll 1","IronIngot 789, Leather 455, Feather 424, CopperIngot 184, BronzeIngot 147, GoldIngot 109"
2026-09-24_14-47,2026-09-24T14:52:11,5.1,5.1,173,1833,11654,59,726,3309,0,0,16,59,1570,0,1570,80,0,0,0,30,0,898,17715,0,250,0,0,0,59,255,14973,Joss the Brawler,53966,1069,52897,0,0,0,5,,170,3041,22,0,"RawRibs 682, Feather 25, LightningScroll 10, PlateGorget 5, GreaterHealScroll 2, EnergyBoltScroll 1","IronIngot 480, Leather 398, CopperIngot 135, SulfurousAsh 123, Feather 77, BronzeIngot 75"
2026-09-24_14-47,2026-09-24T14:57:12,10.1,5.0,240,2765,18216,61,730,3593,0,0,7,32,652,0,652,27,0,0,0,41,0,307,17965,0,250,0,0,0,59,239,15157,Joss the Brawler,54445,1360,53085,0,0,0,14,,184,3041,0,0,"RawRibs 709, LightningScroll 11, PlateGorget 5, GreaterHealScroll 2, EnergyBoltScroll 1, CurseScroll 1","IronIngot 925, Leather 494, Feather 172, CopperIngot 172, BronzeIngot 138, GoldIngot 108"
2026-09-24_14-47,2026-09-24T15:02:12,15.1,5.0,312,2359,9730,64,673,4270,0,0,31,30,1088,0,1088,63,0,0,0,38,6221,1194,18215,0,250,0,0,0,54,329,15285,Joss the Brawler,59908,3800,56108,0,0,0,87,,271,3041,400,273,"RawRibs 621, Feather 25, LightningScroll 11, PlateGorget 5, EnergyBoltScroll 4, GreaterHealScroll 2","Leather 552, IronIngot 371, Feather 253, CopperIngot 202, ShadowIronIngot 156, BronzeIngot 155"
2026-09-24_14-47,2026-09-24T15:07:12,20.1,5.0,384,2873,11505,83,928,5625,0,0,26,56,1539,0,1539,89,0,1,0,67,2926,1314,20000,0,0,2500,0,0,54,274,15300,Joss the Brawler,56442,1666,54776,2500,1634,2500,9,,16,3161,240,0,"RawRibs 823, Feather 75, LightningScroll 12, PlateGorget 9, EnergyBoltScroll 4, GreaterHealScroll 2","Leather 671, IronIngot 276, CopperIngot 257, Feather 253, BronzeIngot 189, GoldIngot 186"
2026-09-24_14-47,2026-09-24T15:12:12,25.1,5.0,418,2823,12348,84,914,5834,0,0,46,20,2418,0,2418,51,0,1,0,18,3319,812,20000,0,0,0,0,0,54,279,15524,Joss the Brawler,59501,2220,57281,0,0,0,15,,31,3041,63,0,"RawRibs 813, Feather 70, LightningScroll 12, PlateGorget 9, EnergyBoltScroll 5, GreaterHealScroll 2","Leather 453, IronIngot 353, CopperIngot 342, Feather 253, ShadowIronIngot 249, GoldIngot 204"
2026-09-24_14-47,2026-09-24T15:17:12,30.1,5.0,455,3207,11552,88,908,6740,0,0,31,35,1595,0,1595,91,0,0,0,27,4682,1250,20000,0,0,0,0,0,54,311,15727,Joss the Brawler,63250,3685,59565,0,0,0,22,,53,3041,0,0,"RawRibs 825, Feather 40, LightningScroll 12, PlateGorget 10, Leather 10, EnergyBoltScroll 5","IronIngot 521, Leather 491, CopperIngot 433, ShadowIronIngot 286, BronzeIngot 256, GoldIngot 249"
2026-09-24_14-47,2026-09-24T15:22:12,35.1,5.0,460,2437,11580,92,967,6878,4,537,28,33,1955,0,1955,54,50,2,55,52,3260,513,20000,0,100,0,100,0,49,455,62913,Hale the Architect,127299,6287,121012,0,1787,0,36,,43,3063,22,0,"RawRibs 865, Feather 40, IronIngot 16, Leather 15, LightningScroll 11, PlateGorget 6","CopperIngot 433, BronzeIngot 234, ShadowIronIngot 233, IronIngot 221, Feather 217, GoldIngot 186"
2026-09-24_14-47,2026-09-24T15:27:12,40.1,5.0,481,2778,12311,88,954,7314,7,563,27,48,1360,0,1360,82,72,0,25,79,1733,788,20000,0,0,0,0,0,49,504,62647,Hale the Architect,127602,5302,122300,0,0,0,18,,61,3041,360,0,"RawRibs 859, Feather 55, LightningScroll 11, IronIngot 11, EnergyBoltScroll 5, PlateGorget 5","CopperIngot 458, Feather 349, ShadowIronIngot 318, GoldIngot 301, BronzeIngot 266, IronIngot 224"
2026-09-24_15-31,2026-09-24T15:36:58,5.1,5.1,104,1025,7804,46,652,2255,0,0,22,44,2078,0,2078,118,62,0,0,30,0,617,20000,0,0,0,0,0,49,238,62327,Hale the Architect,106732,2980,103752,0,0,0,20,,79,3041,300,0,"RawRibs 611, Feather 25, IronIngot 10, LightningScroll 5, GreaterHealScroll 1","IronIngot 366, Leather 81, BronzeIngot 70, CopperIngot 53, Feather 47, ValoriteIngot 36"
2026-09-24_15-31,2026-09-24T15:41:58,10.1,5.0,172,1607,13218,53,712,2645,0,0,22,26,1564,0,1564,37,47,0,0,69,0,748,20000,0,0,0,0,0,49,319,61144,Hale the Architect,107705,2804,104901,0,0,0,76,,155,2989,22,0,"RawRibs 681, Feather 20, LightningScroll 7, EnergyBoltScroll 3, GreaterHealScroll 1","IronIngot 576, Leather 117, CopperIngot 88, ShadowIronIngot 71, BronzeIngot 66, MandrakeRoot 55"
2026-09-24_15-31,2026-09-24T15:46:58,15.1,5.0,243,2212,11020,49,671,2901,0,0,14,28,982,360,622,18,44,1,0,33,3092,873,19840,0,200,0,360,0,49,302,62445,Hale the Architect,110647,3863,106784,0,0,0,13,,168,2989,380,0,"RawRibs 625, Feather 40, LightningScroll 6, EnergyBoltScroll 4, GreaterHealScroll 1","IronIngot 756, Leather 323, ShadowIronIngot 137, CopperIngot 121, Log 95, BronzeIngot 90"
2026-09-24_15-31,2026-09-24T15:51:58,20.1,5.0,285,2436,12485,58,794,3492,0,0,10,18,419,0,419,41,28,0,0,32,2329,1035,20000,0,160,0,0,0,49,347,62417,Hale the Architect,112286,4886,107400,0,695,0,13,,20,2989,60,0,"RawRibs 707, Feather 55, Leather 25, LightningScroll 7, EnergyBoltScroll 4, GreaterHealScroll 1","IronIngot 859, Leather 335, ShadowIronIngot 182, CopperIngot 131, BronzeIngot 124, Log 95"
2026-09-24_15-31,2026-09-24T15:56:58,25.1,5.0,324,2540,11822,61,754,4104,0,0,18,37,785,0,785,32,55,0,0,49,3492,426,20000,0,0,0,0,0,49,403,62794,Hale the Architect,115336,4759,110577,0,0,0,2,,22,3229,240,0,"RawRibs 673, Feather 50, Leather 15, LightningScroll 7, EnergyBoltScroll 5, ResurrectionScroll 2","IronIngot 1098, ShadowIronIngot 218, CopperIngot 192, BronzeIngot 152, Leather 147, DullCopperIngot 105"
2026-09-24_15-31,2026-09-24T16:01:58,30.1,5.0,357,3413,9729,65,799,4549,0,0,17,30,829,0,829,46,45,0,0,36,1933,1363,20000,0,0,0,0,0,49,450,62923,Hale the Architect,117888,6290,111598,0,0,0,49,,71,2989,300,0,"RawRibs 692, Feather 75, Leather 10, LightningScroll 7, EnergyBoltScroll 5, IronIngot 5","IronIngot 1329, Feather 337, CopperIngot 267, BronzeIngot 226, ShadowIronIngot 220, GoldIngot 161"
2026-09-24_15-31,2026-09-24T16:06:59,35.1,5.0,350,3424,9450,65,830,4934,5,2284,4,11,204,0,204,13,14,1,28,16,1371,381,20000,0,20,0,20,0,49,494,63086,Hale the Architect,117713,5663,112050,0,1012,0,0,,7,2785,60,0,"RawRibs 709, Feather 65, Leather 40, LightningScroll 6, EnergyBoltScroll 5, ResurrectionScroll 2","IronIngot 1307, Feather 307, ShadowIronIngot 243, CopperIngot 242, BronzeIngot 215, DullCopperIngot 163"
2026-09-24_15-31,2026-09-24T16:11:59,40.1,5.0,378,4010,15917,67,857,5507,6,5536,11,42,936,0,936,52,52,1,19,51,3095,1221,20000,0,0,0,0,0,51,447,63019,Hale the Architect,120378,4962,115416,0,0,0,10,,17,2785,622,102,"RawRibs 741, Feather 58, Leather 40, LightningScroll 7, EnergyBoltScroll 4, ResurrectionScroll 2","IronIngot 1863, Feather 357, ShadowIronIngot 318, BronzeIngot 263, CopperIngot 237, GoldIngot 202"
2026-09-24_16-14,2026-09-24T16:19:32,5.1,5.1,130,1769,9710,59,784,3016,0,0,8,63,1491,0,1491,162,71,0,0,32,0,562,20000,0,200,2500,0,0,57,296,62596,Hale the Architect,118877,4177,114700,2500,0,2500,46,,56,2785,140,0,"RawRibs 744, Feather 20, LightningScroll 6, Leather 5, EnergyBoltScroll 2, LeatherArms 2","Leather 527, IronIngot 405, Feather 356, BronzeIngot 78, CopperIngot 65, ShadowIronIngot 50"
2026-09-24_16-14,2026-09-24T16:24:32,10.1,5.0,229,3153,17098,65,885,3256,0,0,20,54,1517,0,1517,62,71,0,0,61,0,1472,20000,0,0,0,0,0,58,310,62596,Hale the Architect,120935,5943,114992,0,0,0,37,,93,2785,100,0,"RawRibs 782, Feather 85, LightningScroll 8, EnergyBoltScroll 3, LeatherCap 2, LeatherArms 2","Leather 922, IronIngot 777, Feather 356, Log 120, CopperIngot 109, Ribs 100"
2026-09-24_16-14,2026-09-24T16:29:32,15.1,5.0,307,3357,17017,70,941,4135,0,0,31,43,1801,0,1801,37,72,1,0,60,3413,609,20000,0,0,2500,0,0,62,295,63269,Hale the Architect,124419,7508,116911,2500,0,2500,18,,63,2885,200,323,"RawRibs 831, Feather 90, LightningScroll 9, EnergyBoltScroll 5, Bow 2, LeatherCap 2","Leather 995, IronIngot 642, Feather 356, Ribs 151, BronzeIngot 143, CopperIngot 137"
2026-09-24_16-14,2026-09-24T16:34:33,20.1,5.0,369,3583,13994,78,993,4908,0,0,22,21,992,0,992,32,43,1,0,28,5554,1206,20000,0,0,0,0,0,60,353,63384,Hale the Architect,125794,7126,118668,0,1190,0,1,,8,2785,220,225,"RawRibs 854, Feather 105, LightningScroll 10, IronIngot 10, EnergyBoltScroll 6, Bow 4","Leather 985, IronIngot 640, Feather 396, BronzeIngot 183, ShadowIronIngot 170, CopperIngot 149"
2026-09-24_16-14,2026-09-24T16:39:33,25.1,5.0,444,3775,14058,78,948,5192,0,0,35,36,1560,0,1560,77,68,0,0,24,5161,2258,20000,0,0,0,0,0,58,353,63456,Hale the Architect,128151,7260,120891,0,0,0,24,,32,2785,960,0,"RawRibs 814, Feather 75, Leather 20, IronIngot 15, LightningScroll 10, EnergyBoltScroll 7","IronIngot 890, Leather 808, Feather 366, ShadowIronIngot 226, BronzeIngot 219, CopperIngot 203"
2026-09-24_16-14,2026-09-24T16:44:33,30.1,5.0,500,3932,12638,82,969,5901,0,0,47,48,2163,0,2163,65,92,0,0,39,1779,1039,20000,0,0,7500,0,0,61,308,63572,Hale the Architect,126264,5552,120712,7500,0,7500,31,,46,2785,82,0,"RawRibs 873, Feather 60, LightningScroll 11, IronIngot 10, EnergyBoltScroll 7, Bow 4","IronIngot 962, Leather 672, Feather 451, BronzeIngot 294, ShadowIronIngot 235, CopperIngot 232"
2026-09-24_16-14,2026-09-24T16:49:33,35.1,5.0,513,3095,11640,86,1007,6725,11,1978,16,23,623,0,623,20,39,1,40,53,2336,476,19250,1000,250,0,0,0,62,302,63608,Hale the Architect,125363,6191,119172,0,1209,0,0,,29,2785,60,0,"RawRibs 914, Feather 65, LightningScroll 11, EnergyBoltScroll 7, Bow 4, ResurrectionScroll 3","IronIngot 671, Leather 405, CopperIngot 246, ShadowIronIngot 215, Feather 214, BronzeIngot 209"
2026-09-24_16-14,2026-09-24T16:54:33,40.1,5.0,542,3679,13347,91,1060,7444,10,1848,14,27,872,0,872,59,41,1,33,40,3830,652,19500,1000,250,0,0,0,62,300,63643,Hale the Architect,129961,7474,122487,0,0,0,5,,34,2785,0,0,"RawRibs 940, Feather 90, LightningScroll 11, EnergyBoltScroll 7, Leather 5, Bow 4","IronIngot 905, Leather 566, ShadowIronIngot 331, BronzeIngot 325, CopperIngot 299, Feather 254"
2026-09-24_16-14,2026-09-24T16:59:33,45.1,5.0,576,3863,13197,93,1081,8182,9,1716,31,35,978,0,978,61,66,1,26,42,3959,979,20550,0,50,0,0,0,60,359,63704,Hale the Architect,133723,8063,125660,0,0,0,27,,61,2785,60,0,"RawRibs 950, Feather 90, Leather 20, LightningScroll 10, EnergyBoltScroll 8, Bow 4","IronIngot 963, Leather 520, CopperIngot 388, BronzeIngot 385, ShadowIronIngot 362, Feather 254"
2026-09-24_17-03,2026-09-24T17:08:15,5.1,5.1,154,1312,11215,53,713,2814,0,0,32,71,2881,0,2881,160,98,0,0,33,0,1269,20550,0,0,0,0,0,54,213,63336,Hale the Architect,126229,5941,120288,0,0,0,44,,71,2785,480,0,"RawRibs 628, Feather 55, Leather 19, LightningScroll 6, EnergyBoltScroll 2, Bow 1","IronIngot 360, Log 125, Nightshade 109, Feather 77, BlackPearl 69, BronzeIngot 68"
2026-09-24_17-03,2026-09-24T17:13:15,10.1,5.0,251,2294,17536,53,650,2516,0,0,23,65,1983,0,1983,135,85,0,0,80,0,984,20550,0,0,0,0,0,54,242,63236,Hale the Architect,125513,4821,120692,0,0,0,18,,89,2785,60,0,"RawRibs 610, Feather 25, LightningScroll 8, Leather 3, EnergyBoltScroll 2, Bow 1","IronIngot 656, Leather 292, CopperIngot 154, Nightshade 117, Feather 97, BronzeIngot 91"
2026-09-24_17-03,2026-09-24T17:18:15,15.1,5.0,299,2403,12801,55,714,2899,0,0,23,28,989,0,989,52,51,0,0,37,5728,995,20550,0,0,0,0,0,52,262,63412,Hale the Architect,130590,8226,122364,0,0,0,21,,110,2845,360,0,"RawRibs 632, Feather 45, IronIngot 25, LightningScroll 8, EnergyBoltScroll 2, Bow 1","IronIngot 759, Leather 244, CopperIngot 144, Log 140, BronzeIngot 133, MagicArrowScroll 114"
2026-09-24_17-03,2026-09-24T17:23:15,20.1,5.0,321,2198,6353,54,747,2999,0,0,26,33,1539,0,1539,51,55,1,0,20,3887,815,20550,0,0,0,0,0,52,355,63653,Hale the Architect,132918,8008,124910,0,1725,0,57,,119,2785,320,0,"RawRibs 650, Feather 75, Leather 16, LightningScroll 7, EnergyBoltScroll 2, Bow 1","IronIngot 841, CopperIngot 180, BronzeIngot 150, GoldIngot 126, Feather 97, Nightshade 93"
2026-09-24_17-03,2026-09-24T17:28:15,25.1,5.0,367,2602,6829,63,821,3839,0,0,22,19,865,0,865,19,40,0,0,53,2067,1233,20550,0,0,5000,0,0,56,280,63691,Hale the Architect,130263,5373,124890,5000,0,5000,21,,137,2785,60,0,"RawRibs 740, Feather 65, Leather 10, LightningScroll 9, EnergyBoltScroll 4, Bow 1","IronIngot 1097, BronzeIngot 239, CopperIngot 214, GoldIngot 170, ShadowIronIngot 153, Feather 92"
2026-09-24_17-03,2026-09-24T17:33:15,30.1,5.0,399,2818,7694,67,850,4326,0,0,21,55,1265,0,1265,74,73,0,0,74,1053,750,20550,0,0,0,0,0,56,287,63691,Hale the Architect,130191,5403,124788,0,0,0,5,,142,3085,360,0,"RawRibs 767, Feather 48, Leather 15, IronIngot 15, LightningScroll 9, EnergyBoltScroll 4","IronIngot 1161, BronzeIngot 267, CopperIngot 246, ShadowIronIngot 202, GoldIngot 182, DullCopperIngot 79"
2026-09-24_17-03,2026-09-24T17:38:15,35.1,5.0,430,2326,7866,85,1140,6506,6,1243,34,50,1716,0,1716,80,83,0,32,53,1195,612,20550,0,0,0,0,0,70,267,63796,Hale the Architect,135694,5671,130023,0,1540,0,23,,147,3130,45,0,"RawRibs 1005, Feather 88, IronIngot 20, LightningScroll 11, Leather 10, EnergyBoltScroll 5","IronIngot 780, ShadowIronIngot 200, GoldIngot 199, CopperIngot 187, BronzeIngot 152, Leather 98"
2026-09-24_17-03,2026-09-24T17:43:16,40.1,5.0,435,2009,7520,87,1118,7024,2,1120,15,20,603,0,603,37,33,0,28,26,1143,815,20550,0,0,0,0,0,71,300,63954,Hale the Architect,139021,8180,130841,0,0,0,75,,222,3138,300,0,"RawRibs 1035, Feather 63, LightningScroll 11, EnergyBoltScroll 7, Leather 5, Bow 2","IronIngot 699, Feather 190, CopperIngot 183, GoldIngot 175, BronzeIngot 156, Ribs 91"
2026-09-24_17-03,2026-09-24T17:48:16,45.1,5.0,452,2472,7785,83,1068,7523,5,1905,3,22,346,0,346,56,25,3,12,21,651,669,20550,0,0,0,0,0,69,282,64073,Hale the Architect,138374,6658,131716,0,0,0,17,,239,3378,360,0,"RawRibs 1018, Feather 38, LightningScroll 8, EnergyBoltScroll 7, Bow 2, ArchProtectionScroll 1","IronIngot 806, Feather 309, Leather 261, CopperIngot 203, GoldIngot 172, BronzeIngot 145"
2026-09-24_17-03,2026-09-24T17:53:16,50.1,5.0,460,2375,6587,88,1118,8226,4,1417,14,11,347,0,347,25,25,1,10,9,467,623,20550,0,0,0,0,0,75,280,64152,Hale the Architect,140582,6685,133897,0,1565,0,14,,186,3378,0,0,"RawRibs 1063, Feather 40, LightningScroll 10, EnergyBoltScroll 6, Bow 2, ResurrectionScroll 2","IronIngot 582, Feather 366, Leather 349, CopperIngot 227, GoldIngot 172, BronzeIngot 137"
2026-09-24_17-03,2026-09-24T17:58:16,55.1,5.0,474,1929,6169,92,1153,9673,3,202,13,10,500,20,480,26,23,1,18,15,1524,1230,20530,0,0,0,20,0,74,267,64352,Hale the Architect,140873,7630,133243,0,0,0,20,,206,3078,280,0,"RawRibs 1096, Feather 20, CopperIngot 15, LightningScroll 10, EnergyBoltScroll 7, Bow 2","Feather 518, Leather 339, CopperIngot 199, GoldIngot 156, BronzeIngot 103, IronIngot 93"
2026-09-24_17-03,2026-09-24T18:03:16,60.1,5.0,483,1853,6449,92,1116,9954,7,261,12,29,836,0,836,87,39,1,16,21,584,1603,20530,0,0,0,0,0,74,220,64050,Hale the Architect,140854,6781,134073,0,0,0,27,,233,3138,220,0,"RawRibs 1088, LightningScroll 10, EnergyBoltScroll 7, StuddedBustierArms 4, Bow 2, CurseScroll 2","Leather 405, Feather 331, CopperIngot 190, GoldIngot 156, BronzeIngot 101, IronIngot 83"
2026-09-24_18-06,2026-09-24T18:11:43,5.1,5.1,118,1794,11642,61,907,3473,0,0,11,38,1519,0,1519,75,49,0,0,53,0,449,20430,100,0,0,0,0,79,203,63416,Hale the Architect,139303,6257,133046,0,0,0,51,,256,2940,0,0,"RawRibs 825, Leather 50, Feather 10, IronIngot 10, LightningScroll 5, StuddedBustierArms 3","IronIngot 683, Feather 355, BronzeIngot 130, CopperIngot 99, OilCloth 88, GoldIngot 85"
2026-09-24_18-06,2026-09-24T18:16:43,10.1,5.0,166,2500,16224,64,935,3421,0,0,8,21,670,0,670,56,28,0,0,124,0,832,20430,0,0,0,100,0,79,212,63394,Hale the Architect,140468,6324,134144,0,0,0,1,,257,2880,240,0,"RawRibs 857, Feather 45, Leather 10, IronIngot 10, LightningScroll 5, StuddedBustierArms 3","IronIngot 1042, Feather 355, OilCloth 135, BronzeIngot 130, CopperIngot 125, Arrow 113"
2026-09-24_18-06,2026-09-24T18:21:43,15.1,5.0,214,2124,8529,61,938,4040,0,0,6,11,389,0,389,21,16,1,0,56,5583,476,20430,0,0,0,0,0,77,256,63921,Hale the Architect,144176,8162,136014,0,0,0,43,,300,2532,22,0,"RawRibs 871, Feather 55, LightningScroll 5, StuddedBustierArms 3, CurseScroll 2, EnergyBoltScroll 2","IronIngot 455, Feather 355, CopperIngot 166, BronzeIngot 143, GoldIngot 141, OilCloth 135"
2026-09-24_18-06,2026-09-24T18:26:43,20.1,5.0,235,2142,9114,65,948,4283,0,0,8,19,949,0,949,48,26,0,0,27,2012,665,20430,0,0,0,0,0,77,271,64238,Hale the Architect,143866,8376,135490,0,1734,0,22,,240,2592,60,322,"RawRibs 865, Feather 45, Leather 26, LightningScroll 5, StuddedBustierArms 3, CurseScroll 2","IronIngot 447, Feather 345, CopperIngot 220, BronzeIngot 208, GoldIngot 163, OilCloth 135"
2026-09-24_18-06,2026-09-24T18:31:43,25.1,5.0,260,1058,3221,63,917,5077,0,0,105,10,4947,4262,685,19,119,0,0,14,2524,612,16368,0,200,0,4262,4262,76,286,64291,Hale the Architect,148973,8144,140829,0,0,0,12,,252,2532,66,0,"RawRibs 864, Feather 35, LightningScroll 5, Leather 5, StuddedBustierArms 3, CurseScroll 2","IronIngot 309, Feather 167, OilCloth 135, CopperIngot 91, BronzeIngot 90, GoldIngot 67"
2026-09-24_18-32,2026-09-24T18:37:32,5.1,5.1,190,2105,15557,60,772,3086,0,0,67,79,4164,0,4164,144,145,0,0,66,0,2615,16618,0,250,0,0,0,74,198,63947,Hale the Architect,142244,5316,136928,0,0,0,27,,279,3532,180,0,"RawRibs 726, Feather 20, IronIngot 10, LightningScroll 7, StuddedBustierArms 3, EnergyBoltScroll 2","Leather 812, Feather 464, IronIngot 341, BronzeIngot 63, Ribs 63, CopperIngot 42"
2026-09-24_18-32,2026-09-24T18:42:32,10.1,5.0,292,3492,23896,73,768,3313,0,0,14,75,1205,0,1205,150,89,0,0,63,0,1232,16868,0,250,0,0,0,74,250,63947,Hale the Architect,145529,8256,137273,0,0,0,56,,335,3532,442,0,"RawRibs 715, Feather 30, LightningScroll 9, StuddedBustierArms 6, EnergyBoltScroll 2, ResurrectionScroll 1","Leather 1360, IronIngot 714, Feather 464, Log 155, Ribs 123, CopperIngot 85"
2026-09-24_18-32,2026-09-24T18:47:32,15.1,5.0,373,3734,17154,88,938,4193,0,0,26,46,1646,0,1646,78,70,2,0,82,5024,1321,19558,0,250,2500,60,0,60,282,63966,Hale the Architect,117812,11503,106309,2500,0,2500,19,,344,3532,380,0,"RawRibs 836, Feather 70, LightningScroll 10, StuddedBustierArms 6, IronIngot 5, EnergyBoltScroll 3","Leather 1463, IronIngot 573, Feather 464, Log 240, Ribs 140, ShadowIronIngot 116"
2026-09-24_18-32,2026-09-24T18:52:32,20.1,5.0,435,3935,14069,94,994,4500,0,0,21,33,1514,0,1514,44,55,0,0,44,3518,2070,19808,0,250,0,0,0,57,245,64259,Hale the Architect,116197,8672,107525,0,2186,0,8,,293,3532,180,0,"RawRibs 857, Feather 65, Leather 43, LightningScroll 11, StuddedBustierArms 6, EnergyBoltScroll 4","Leather 1335, Feather 516, IronIngot 496, Log 358, BronzeIngot 168, ShadowIronIngot 161"
2026-09-24_18-32,2026-09-24T18:57:32,25.1,5.0,472,2509,8109,94,1038,4951,0,0,128,37,5457,4492,965,41,170,3,0,53,1915,1002,18769,0,200,24000,4492,4492,56,295,64190,Hale the Architect,102840,8307,94533,24000,0,24000,29,,314,3532,100,0,"RawRibs 895, Feather 61, Leather 55, LightningScroll 10, StuddedBustierArms 6, ResurrectionScroll 3","Leather 869, Feather 394, IronIngot 307, GoldIngot 108, CopperIngot 105, ShadowIronIngot 104"
2026-09-24_18-32,2026-09-24T19:02:32,30.1,5.0,536,1128,4008,88,917,5272,0,0,118,48,4363,3479,884,40,163,0,0,72,1478,1143,17963,0,200,2500,3479,3479,57,326,64208,Hale the Architect,105374,6711,98663,2500,0,2500,95,,404,3632,100,0,"RawRibs 821, Feather 35, IronIngot 35, LightningScroll 10, StuddedBustierArms 6, Leather 5","IronIngot 342, Leather 242, GoldIngot 72, ShadowIronIngot 52, Log 50, CopperIngot 49"
2026-09-24_18-32,2026-09-24T19:07:32,35.1,5.0,545,1058,3909,89,975,5592,9,1083,16,32,1242,20,1222,39,47,0,11,45,1041,475,18193,0,250,0,20,0,57,322,64367,Hale the Architect,105054,6396,98658,0,1053,0,1,,302,3532,0,0,"RawRibs 897, Feather 35, Leather 25, LightningScroll 10, EnergyBoltScroll 4, ResurrectionScroll 3","IronIngot 423, GoldIngot 92, ShadowIronIngot 66, CopperIngot 66, BronzeIngot 50, Log 30"
2026-09-24_18-32,2026-09-24T19:12:32,40.1,5.0,566,1374,5232,94,989,6521,8,1256,15,47,874,0,874,28,62,0,20,92,1546,1684,18443,0,250,0,0,0,56,347,64537,Hale the Architect,104542,5967,98575,0,0,0,10,,312,3532,160,0,"RawRibs 909, Feather 42, LightningScroll 11, Leather 10, EnergyBoltScroll 4, ResurrectionScroll 3","IronIngot 571, GoldIngot 112, BronzeIngot 90, CopperIngot 89, ShadowIronIngot 87, OilCloth 47"
2026-09-24_18-32,2026-09-24T19:17:32,45.1,5.0,590,2023,8030,92,977,6743,14,2246,14,54,1380,0,1380,66,69,0,25,56,1296,1127,18493,0,250,0,200,0,53,347,64796,Hale the Architect,105024,6441,98583,0,0,0,28,,340,3532,200,0,"RawRibs 900, Feather 50, LightningScroll 11, EnergyBoltScroll 4, PlateGorget 4, ResurrectionScroll 3","IronIngot 766, Leather 258, ShadowIronIngot 160, CopperIngot 138, BronzeIngot 120, GoldIngot 108"
2026-09-24_18-32,2026-09-24T19:22:32,50.1,5.0,624,2330,8205,100,1026,7910,11,1507,26,38,1469,0,1469,76,64,0,26,60,1355,972,18743,0,250,0,0,0,53,413,64993,Hale the Architect,106319,6701,99618,0,1071,0,60,,375,3532,400,272,"RawRibs 963, Feather 35, LightningScroll 11, EnergyBoltScroll 5, PlateGorget 4, ResurrectionScroll 3","IronIngot 894, Leather 322, ShadowIronIngot 214, CopperIngot 174, GoldIngot 150, BronzeIngot 128"
2026-09-24_18-32,2026-09-24T19:27:32,55.1,5.0,667,3390,13244,103,1003,8230,14,2188,33,41,2111,0,2111,64,70,1,12,38,1432,1583,18993,0,250,0,0,0,52,437,64900,Hale the Architect,106335,7056,99279,0,0,0,16,,391,3532,0,0,"RawRibs 937, Feather 30, LightningScroll 12, HarmScroll 7, EnergyBoltScroll 5, CurseScroll 3","IronIngot 1119, Leather 632, ShadowIronIngot 200, BronzeIngot 197, CopperIngot 197, GoldIngot 180"
2026-09-24_18-32,2026-09-24T19:32:32,60.1,5.0,691,3000,12116,109,1035,9350,12,2428,38,31,2277,0,2277,59,67,2,15,41,4431,1605,20000,0,150,2500,0,0,56,347,64975,Hale the Architect,108049,8782,99267,2500,0,2500,23,,414,3532,245,0,"RawRibs 944, Feather 47, LightningScroll 12, HarmScroll 8, EnergyBoltScroll 7, Leather 5","IronIngot 817, Leather 552, ShadowIronIngot 221, CopperIngot 215, BronzeIngot 207, GoldIngot 206"
2026-09-24_18-32,2026-09-24T19:37:32,65.1,5.0,654,2306,6463,109,1073,10145,6,542,48,18,2354,1200,1154,24,65,0,16,22,4107,2336,18950,0,150,0,1200,1200,58,300,65050,Hale the Architect,109344,7271,102073,0,1124,0,14,,404,3532,100,0,"RawRibs 994, Feather 37, LightningScroll 12, EnergyBoltScroll 7, HarmScroll 7, Leather 5","IronIngot 607, CopperIngot 264, ShadowIronIngot 227, BronzeIngot 224, GoldIngot 173, Leather 157"
2026-09-24_18-32,2026-09-24T19:42:32,70.1,5.0,668,1762,5283,109,1121,10740,0,0,73,16,2374,1521,853,26,87,1,8,54,2088,1531,17679,0,250,0,1521,1521,58,347,65232,Hale the Architect,113558,8779,104779,0,0,0,62,,466,3532,80,0,"RawRibs 1001, Feather 55, Leather 30, LightningScroll 12, EnergyBoltScroll 7, HarmScroll 6","IronIngot 523, CopperIngot 249, BronzeIngot 214, ShadowIronIngot 155, GoldIngot 143, ValoriteIngot 65"
2026-09-24_18-32,2026-09-24T19:47:32,75.1,5.0,655,1644,5435,110,1123,11680,6,988,75,38,2458,1548,910,23,111,0,8,135,1565,2885,16381,0,250,0,1548,1548,54,311,65209,Hale the Architect,96286,6776,89510,0,0,0,14,,480,3821,1060,0,"RawRibs 1018, Feather 65, LightningScroll 13, EnergyBoltScroll 7, Leather 5, HarmScroll 4","IronIngot 400, CopperIngot 214, BronzeIngot 195, GoldIngot 176, ShadowIronIngot 112, ValoriteIngot 76"
2026-09-24_18-32,2026-09-24T19:52:32,80.1,5.0,657,1427,5403,110,1132,12366,5,725,70,23,2948,1575,1373,27,93,0,13,46,1389,1953,15056,0,250,0,1575,1575,53,300,65245,Hale the Architect,95705,6354,89351,0,1497,0,23,,438,3481,100,0,"RawRibs 1027, Feather 60, Leather 15, LightningScroll 13, EnergyBoltScroll 7, HarmScroll 4","CopperIngot 282, BronzeIngot 223, GoldIngot 186, IronIngot 105, ValoriteIngot 80, SulfurousAsh 48"
2026-09-24_18-32,2026-09-24T19:57:32,85.1,5.0,591,1574,5546,107,1071,12609,7,399,68,28,2564,1698,866,45,95,2,14,53,881,931,13608,0,250,0,1698,1598,53,300,65296,Hale the Architect,98139,6793,91346,0,0,0,0,,438,3481,140,0,"RawRibs 999, Feather 35, LightningScroll 11, Leather 10, EnergyBoltScroll 7, CurseScroll 3","BronzeIngot 273, CopperIngot 234, GoldIngot 167, IronIngot 132, Feather 120, ShadowIronIngot 115"
2026-09-24_20-06,2026-09-24T20:11:06,5.1,5.1,162,1273,8768,49,731,2589,0,0,35,36,2069,0,2069,71,68,0,0,135,0,1142,15593,0,250,0,0,0,60,225,65054,Hale the Architect,93524,6544,86980,0,0,0,0,,542,3324,404,0,"RawRibs 673, Leather 30, Feather 20, LightningScroll 3, CurseScroll 2, StuddedBustierArms 2","IronIngot 350, SulfurousAsh 104, CopperIngot 73, Ginseng 69, Feather 65, BlackPearl 47"
2026-09-24_20-06,2026-09-24T20:16:06,10.1,5.0,220,2060,15620,55,749,2806,0,0,17,38,1581,0,1581,74,54,0,0,35,0,542,15843,0,250,0,0,0,59,229,64691,Hale the Architect,93536,6076,87460,0,0,0,0,,542,3346,22,0,"RawRibs 697, Feather 25, IronIngot 15, LightningScroll 6, CurseScroll 2, EnergyBoltScroll 2","IronIngot 613, Leather 262, CopperIngot 90, Ginseng 69, Log 63, Ribs 60"
2026-09-24_20-06,2026-09-24T20:21:06,15.1,5.0,271,2309,12872,61,803,3355,0,0,32,32,1417,0,1417,43,60,0,0,38,2094,686,16093,0,250,0,0,0,54,240,64741,Hale the Architect,94328,6866,87462,0,0,0,55,,597,3368,22,0,"RawRibs 739, Feather 40, Log 10, LightningScroll 6, EnergyBoltScroll 3, CurseScroll 2","IronIngot 845, Leather 350, BronzeIngot 106, CopperIngot 104, GoldIngot 84, Log 83"
2026-09-24_20-06,2026-09-24T20:26:06,20.1,5.0,322,2656,12522,56,735,3329,0,0,16,52,1218,0,1218,70,65,1,0,54,3102,1423,16343,0,250,0,0,0,53,220,65344,Hale the Architect,97092,8092,89000,0,1488,0,40,,552,3668,482,0,"RawRibs 662, Feather 45, Leather 15, LightningScroll 5, EnergyBoltScroll 4, CurseScroll 2","IronIngot 837, Leather 709, BronzeIngot 132, CopperIngot 120, GoldIngot 94, Log 75"
2026-09-24_20-06,2026-09-24T20:31:06,25.1,5.0,375,2875,11597,62,807,4067,0,0,19,48,980,0,980,93,65,0,0,48,2518,1050,18993,100,250,2500,0,0,52,220,65515,Hale the Architect,96229,6749,89480,2500,0,2500,3,,555,3526,280,322,"RawRibs 722, Feather 45, Leather 26, LightningScroll 5, EnergyBoltScroll 5, CurseScroll 2","IronIngot 915, Leather 651, CopperIngot 166, BronzeIngot 153, GoldIngot 114, Log 110"
2026-09-24_20-06,2026-09-24T20:36:06,30.1,5.0,399,2850,8724,62,835,4347,0,0,15,42,1056,0,1056,41,57,0,0,60,2291,1054,19243,0,250,0,100,0,52,238,65538,Hale the Architect,97541,7407,90134,0,0,0,8,,563,3346,22,0,"RawRibs 757, Feather 55, Leather 10, LightningScroll 5, EnergyBoltScroll 5, CurseScroll 2","IronIngot 1033, Leather 469, BronzeIngot 175, GoldIngot 173, CopperIngot 166, ShadowIronIngot 119"
2026-09-24_20-06,2026-09-24T20:41:06,35.1,5.0,383,2518,9195,60,792,4407,10,1469,8,29,672,0,672,52,34,2,46,47,1806,400,19493,0,250,0,0,0,52,238,65802,Hale the Architect,97864,7755,90109,0,1664,0,19,,550,3324,0,0,"RawRibs 740, Feather 40, EnergyBoltScroll 5, LightningScroll 4, CurseScroll 2, RevealScroll 1","IronIngot 877, Leather 440, GoldIngot 185, BronzeIngot 177, Log 135, ShadowIronIngot 119"
2026-09-24_20-06,2026-09-24T20:46:06,40.1,5.0,401,2687,12881,67,822,5236,7,2282,16,36,1028,0,1028,43,50,0,20,43,4454,1950,19743,0,250,0,0,0,52,301,65970,Hale the Architect,100333,7979,92354,0,0,0,58,,608,3324,180,0,"RawRibs 714, Feather 55, IronIngot 25, Leather 10, EnergyBoltScroll 8, LightningScroll 7","IronIngot 1234, BronzeIngot 213, GoldIngot 208, CopperIngot 188, Log 155, Feather 135"
2026-09-24_20-06,2026-09-24T20:51:06,45.1,5.0,419,3113,13444,69,857,5719,9,2073,6,34,592,0,592,43,40,2,13,54,2088,1879,19993,0,250,0,0,0,52,289,66122,Hale the Architect,100763,8064,92699,0,0,0,29,,637,3324,120,0,"RawRibs 767, Feather 60, Leather 15, EnergyBoltScroll 8, LightningScroll 7, CurseScroll 2","IronIngot 1266, BronzeIngot 297, Feather 280, GoldIngot 238, CopperIngot 225, ShadowIronIngot 164"
2026-09-24_20-06,2026-09-24T20:56:06,50.1,5.0,428,3080,9816,67,811,6042,9,1593,24,24,869,0,869,31,45,1,13,27,3964,1345,20000,0,7,0,0,0,52,273,66179,Hale the Architect,101577,8133,93444,0,1782,0,3,,553,3324,220,0,"RawRibs 753, Feather 40, EnergyBoltScroll 8, LightningScroll 7, CurseScroll 2, RevealScroll 1","IronIngot 1145, Feather 310, BronzeIngot 308, GoldIngot 301, CopperIngot 276, ShadowIronIngot 193"
2026-09-24_20-06,2026-09-24T21:01:06,55.1,5.0,451,2991,11083,73,818,6619,8,1849,12,24,534,0,534,40,36,0,21,51,1514,1205,20000,0,0,0,0,0,52,351,66114,Hale the Architect,104132,9459,94673,0,0,0,41,,594,3324,382,0,"RawRibs 747, Feather 25, IronIngot 15, Leather 15, EnergyBoltScroll 8, LightningScroll 7","IronIngot 1060, GoldIngot 311, BronzeIngot 307, Feather 305, CopperIngot 238, ShadowIronIngot 197"
2026-09-24_20-06,2026-09-24T21:06:06,60.1,5.0,478,3372,10314,71,786,6954,6,1568,20,40,783,0,783,37,60,0,10,51,1803,1692,20000,0,0,0,0,0,53,377,66076,Hale the Architect,105637,8622,97015,0,0,0,35,,629,3324,300,0,"RawRibs 735, Leather 25, EnergyBoltScroll 8, LightningScroll 7, Feather 5, CurseScroll 2","IronIngot 1291, BronzeIngot 355, GoldIngot 339, CopperIngot 310, Feather 305, ShadowIronIngot 232"
2026-09-24_20-06,2026-09-24T21:11:06,65.1,5.0,478,3240,12741,73,825,7479,4,3630,21,36,627,0,627,31,57,1,22,66,1555,1662,20000,0,0,0,0,0,53,383,66297,Hale the Architect,104681,9263,95418,0,2021,0,2,,517,3327,183,0,"RawRibs 750, Leather 35, IronIngot 20, LightningScroll 7, EnergyBoltScroll 7, CurseScroll 2","IronIngot 1383, BronzeIngot 367, CopperIngot 298, GoldIngot 270, ShadowIronIngot 264, DullCopperIngot 94"
2026-09-24_20-06,2026-09-24T21:16:06,70.1,5.0,497,3358,13469,69,755,7621,4,3219,8,23,351,0,351,29,31,0,23,43,3244,758,20000,0,0,2500,0,0,52,344,66408,Hale the Architect,104226,8368,95858,2500,0,2500,7,,7,3507,300,275,"RawRibs 727, LightningScroll 7, EnergyBoltScroll 7, Leather 7, CurseScroll 2, Bow 2","IronIngot 1324, BronzeIngot 416, CopperIngot 322, GoldIngot 308, ShadowIronIngot 210, OilCloth 129"
2026-09-25_06-17,2026-09-25T06:22:51,5.1,5.1,296,3191,22995,89,1194,4616,0,0,61,95,3694,0,3694,118,154,0,0,212,0,2796,20000,0,0,0,0,0,88,280,66232,Hale the Architect,151491,9936,141555,0,0,0,158,,187,3324,365,0,"RawRibs 1162, LightningScroll 10, Feather 10, EnergyBoltScroll 4, CurseScroll 2, GreaterHealScroll 2","IronIngot 1281, Leather 288, Nightshade 190, Feather 162, Bloodmoss 132, BronzeIngot 106"
2026-09-25_06-17,2026-09-25T06:27:51,10.1,5.0,466,5180,31928,108,1317,5749,0,0,59,90,4167,0,4167,124,148,0,0,139,0,707,20000,0,0,0,0,0,85,274,66164,Hale the Architect,149977,8412,141565,0,0,0,26,,213,3346,246,0,"RawRibs 1252, IronIngot 15, LightningScroll 14, Feather 10, Leather 10, EnergyBoltScroll 5","IronIngot 1839, Leather 663, Feather 648, Nightshade 188, Ribs 186, BronzeIngot 159"
2026-09-25_06-29,2026-09-25T06:34:39,5.1,5.1,235,2635,14464,69,1020,3788,0,0,28,63,3430,0,3430,158,90,0,0,336,0,597,20000,0,0,0,0,0,80,266,64916,Hale the Architect,145884,6556,139328,0,0,0,17,,236,3412,109,306,"RawRibs 984, Leather 20, LightningScroll 10, CurseScroll 2, RevealScroll 1, GreaterHealScroll 1","IronIngot 464, Feather 381, SulfurousAsh 295, SpidersSilk 148, Garlic 147, MandrakeRoot 143"
2026-09-25_06-29,2026-09-25T06:39:39,10.1,5.0,353,3818,23482,93,1199,5106,0,0,38,73,2789,0,2789,119,111,0,0,120,0,630,20000,0,0,2500,0,0,82,300,64703,Hale the Architect,144649,7654,136995,2500,0,2500,74,,298,3412,22,0,"RawRibs 1142, Feather 30, LightningScroll 12, EnergyBoltScroll 4, CurseScroll 2, GreaterHealScroll 2","IronIngot 980, Feather 376, MandrakeRoot 216, Leather 185, SpidersSilk 168, Garlic 147"
2026-09-25_06-29,2026-09-25T06:44:39,15.1,5.0,471,3203,17469,104,1251,6311,0,0,117,42,5038,0,5038,71,159,1,0,99,6747,2039,20000,0,0,0,0,0,81,302,65378,Hale the Architect,148316,8504,139812,0,0,0,60,,358,3498,242,0,"RawRibs 1192, Feather 15, LightningScroll 14, Leather 10, EnergyBoltScroll 6, CurseScroll 2","IronIngot 694, Leather 510, Feather 376, CopperIngot 172, Log 171, BronzeIngot 161"
2026-09-25_06-29,2026-09-25T06:49:39,20.1,5.0,528,3431,12641,106,1310,6726,0,0,45,48,1966,0,1966,60,91,2,0,51,5273,2698,20000,0,0,2500,0,0,80,302,65810,Hale the Architect,148496,8490,140006,2500,1884,2500,0,,127,3469,277,0,"RawRibs 1249, Feather 20, LightningScroll 13, Leather 10, IronIngot 10, EnergyBoltScroll 5","IronIngot 867, Leather 340, Feather 326, Log 220, CopperIngot 213, ShadowIronIngot 195"
2026-09-25_06-29,2026-09-25T06:54:39,25.1,5.0,579,3449,11646,112,1308,7609,0,0,34,62,1987,0,1987,110,93,1,0,64,4378,1639,20000,0,0,2500,0,0,79,300,65790,Hale the Architect,148811,8686,140125,2500,0,2500,6,,133,3507,584,0,"RawRibs 1202, Feather 65, LightningScroll 13, EnergyBoltScroll 9, IronIngot 6, Leather 5","IronIngot 950, Leather 545, Feather 326, CopperIngot 244, ShadowIronIngot 231, Log 202"
2026-09-25_06-29,2026-09-25T06:59:39,30.1,5.0,638,3707,11118,108,1288,8269,0,0,30,48,1383,0,1383,58,73,0,0,90,2901,2424,20000,0,0,0,0,0,78,331,65720,Hale the Architect,150370,9716,140654,0,0,0,68,,201,3627,382,0,"RawRibs 1186, Feather 77, LightningScroll 13, EnergyBoltScroll 9, CurseScroll 2, GreaterHealScroll 2","IronIngot 1093, Leather 415, Feather 326, ShadowIronIngot 278, CopperIngot 277, BronzeIngot 253"
2026-09-25_07-04,2026-09-25T07:09:06,5.1,5.1,214,2516,12449,72,944,3918,0,0,69,58,3568,0,3568,136,127,0,0,51,0,1613,18548,0,250,0,0,0,77,295,65441,Hale the Architect,148341,7634,140707,0,0,0,21,,159,3367,286,0,"RawRibs 892, Feather 30, LightningScroll 9, EnergyBoltScroll 3, PlateGorget 3, GreaterHealScroll 2","IronIngot 604, Leather 534, Feather 312, CopperIngot 112, Log 110, BlackPearl 93"
2026-09-25_07-04,2026-09-25T07:14:06,10.1,5.0,299,2939,13768,83,1088,4285,0,0,44,50,2634,0,2634,54,93,0,0,240,0,1009,18798,0,250,0,0,0,78,281,65252,Hale the Architect,150214,8498,141716,0,0,0,9,,168,3294,170,0,"RawRibs 980, Feather 55, Leather 30, LightningScroll 10, EnergyBoltScroll 5, GreaterHealScroll 2","IronIngot 876, Feather 312, Leather 270, CopperIngot 198, ShadowIronIngot 157, Log 145"
2026-09-25_07-04,2026-09-25T07:19:06,15.1,5.0,413,2191,10403,91,1115,5420,0,0,100,50,3491,1441,2050,62,149,2,0,154,3164,1656,19679,0,200,2500,1441,1441,78,329,65516,Hale the Architect,153193,9333,143860,2500,0,2500,46,,56,3474,507,0,"RawRibs 985, Feather 55, Leather 52, LightningScroll 12, EnergyBoltScroll 5, GreaterHealScroll 2","IronIngot 481, Feather 216, CopperIngot 213, ShadowIronIngot 176, Log 120, GoldIngot 108"
2026-09-25_07-04,2026-09-25T07:24:06,20.1,5.0,485,1900,8225,97,1208,5887,0,0,84,54,3278,1644,1634,37,136,0,0,85,3016,1510,19648,0,200,2500,1644,1644,78,329,65568,Hale the Architect,154604,8851,145753,2500,2015,2500,50,,50,3316,328,0,"RawRibs 1071, Leather 70, Feather 40, LightningScroll 13, EnergyBoltScroll 5, Bow 2","IronIngot 441, CopperIngot 262, Feather 190, ShadowIronIngot 177, BronzeIngot 108, GoldIngot 106"
2026-09-25_07-04,2026-09-25T07:29:06,25.1,5.0,538,2100,8412,100,1276,6219,0,0,70,28,2600,1775,825,20,96,1,0,76,2133,1549,18123,0,250,0,1775,1775,78,352,65829,Hale the Architect,157919,9650,148269,0,0,0,4,,54,3294,85,0,"RawRibs 1104, Leather 105, Feather 40, LightningScroll 13, EnergyBoltScroll 4, Bow 2","IronIngot 568, CopperIngot 260, ShadowIronIngot 189, Feather 159, OilCloth 150, BronzeIngot 118"
2026-09-25_07-04,2026-09-25T07:34:06,30.1,5.0,580,2171,7937,94,1273,6625,0,0,84,43,2436,1805,631,14,126,2,0,75,2080,2063,19068,0,250,2500,1805,1805,77,300,65707,Hale the Architect,157559,8208,149351,2500,0,2500,1,,48,3294,231,0,"RawRibs 1120, Leather 70, Feather 65, LightningScroll 12, EnergyBoltScroll 3, Bow 2","IronIngot 811, CopperIngot 209, OilCloth 198, Feather 159, ShadowIronIngot 117, GoldIngot 83"
2026-09-25_07-04,2026-09-25T07:39:07,35.1,5.0,616,1647,8145,95,1245,7162,1,8,61,13,2549,2301,248,6,59,1,6,25,1102,782,19500,0,150,27500,2301,2301,76,300,31618,Faron the Captain,72427,1710,70717,27500,2203,27500,23,,11,3269,88,0,"RawRibs 1078, Leather 85, Feather 65, LightningScroll 12, EnergyBoltScroll 3, Bow 2","IronIngot 389, OilCloth 263, CopperIngot 154, BronzeIngot 101, DullCopperIngot 94, Arrow 74"
2026-09-25_07-04,2026-09-25T07:44:07,40.1,5.0,687,1796,6767,90,1090,7575,0,0,117,44,3669,2358,1311,62,0,1,9,128,1045,1626,17392,0,250,0,2358,2358,75,333,31983,Faron the Captain,75725,2104,73621,0,0,0,64,,75,3537,292,0,"RawRibs 1032, Feather 25, Leather 15, LightningScroll 12, EnergyBoltScroll 4, Bow 2","IronIngot 529, OilCloth 263, Feather 135, SpidersSilk 96, BronzeIngot 84, CopperIngot 84"
2026-09-25_07-04,2026-09-25T07:49:07,45.1,5.0,711,1568,7086,91,1124,8223,1,88,97,40,3701,2587,1114,21,0,1,3,71,419,1290,15055,0,250,0,2587,2587,75,365,31983,Faron the Captain,77793,2076,75717,0,0,0,6,,81,3269,166,0,"RawRibs 1068, Feather 35, LightningScroll 11, EnergyBoltScroll 5, Bow 2, GreaterHealScroll 2","IronIngot 644, OilCloth 125, Feather 124, DullCopperIngot 107, ShadowIronIngot 83, BronzeIngot 72"
2026-09-25_07-04,2026-09-25T07:54:07,50.1,5.0,741,1605,6662,98,1167,9243,7,570,110,42,4478,2638,1840,55,0,0,24,42,2598,876,12667,0,250,0,2638,2638,74,358,33269,Faron the Captain,80985,1425,79560,0,943,0,9,,9,3269,188,0,"RawRibs 1083, Feather 50, LightningScroll 11, Leather 11, EnergyBoltScroll 6, Bow 2","IronIngot 370, Log 153, DullCopperIngot 131, Feather 124, OilCloth 124, ShadowIronIngot 95"
2026-09-25_07-56,2026-09-25T08:01:18,5.1,5.1,197,1989,13035,67,852,3609,0,0,42,58,3119,0,3119,95,0,0,0,58,0,1003,12433,0,250,0,0,0,74,330,34530,Faron the Captain,80411,2864,77547,0,0,0,106,,127,3291,126,0,"RawRibs 821, Feather 10, LightningScroll 10, CurseScroll 2, GreaterHealScroll 2, StuddedLegs 2","IronIngot 583, Feather 270, Leather 182, BronzeIngot 159, ShadowIronIngot 103, CopperIngot 87"
2026-09-25_07-56,2026-09-25T08:06:18,10.1,5.0,296,3265,23137,78,1077,4149,0,0,29,29,1364,0,1364,33,0,0,0,32,0,1368,12683,0,250,0,0,0,74,323,34530,Faron the Captain,79667,2094,77573,0,0,0,22,,149,3291,22,0,"RawRibs 1044, LightningScroll 10, Feather 10, Leather 3, CurseScroll 2, GreaterHealScroll 2","IronIngot 1306, Feather 270, Leather 242, BronzeIngot 232, CopperIngot 215, ShadowIronIngot 141"
2026-09-25_07-56,2026-09-25T08:11:18,15.1,5.0,344,2440,11348,81,1131,4921,0,0,27,23,1153,0,1153,35,0,3,0,280,7629,1284,20000,0,150,7500,0,0,74,300,34894,Faron the Captain,79728,2439,77289,7500,0,7500,4,,63,3291,622,0,"RawRibs 1099, LightningScroll 10, Leather 10, Feather 5, CurseScroll 2, StuddedLegs 2","IronIngot 555, BronzeIngot 270, Feather 270, CopperIngot 227, ShadowIronIngot 166, Leather 124"
2026-09-25_07-56,2026-09-25T08:16:18,20.1,5.0,427,2635,10282,81,1060,5129,0,0,27,29,964,0,964,29,0,0,0,106,4677,1686,20000,0,0,2500,0,0,74,300,34894,Faron the Captain,81292,2663,78629,2500,945,2500,10,,10,3291,127,0,"RawRibs 1017, Feather 30, LightningScroll 10, CurseScroll 2, StuddedLegs 2, EnergyBoltScroll 2","IronIngot 339, CopperIngot 287, BronzeIngot 285, Feather 270, Leather 219, ShadowIronIngot 198"
2026-09-25_07-56,2026-09-25T08:21:19,25.1,5.0,496,3050,11823,96,1196,6633,0,0,43,36,1741,20,1721,54,0,1,0,175,2952,1448,20000,0,20,0,20,0,75,326,36436,Faron the Captain,86551,3265,83286,0,0,0,92,,102,3293,46,0,"RawRibs 1085, Feather 95, LightningScroll 10, EnergyBoltScroll 6, CurseScroll 2, GreaterHealScroll 2","IronIngot 423, CopperIngot 376, BronzeIngot 317, Feather 270, DullCopperIngot 253, ShadowIronIngot 250"
2026-09-25_07-56,2026-09-25T08:26:19,30.1,5.0,556,3270,12385,102,1216,7074,0,0,22,44,1310,0,1310,52,0,0,0,50,4016,1485,20000,0,0,2500,0,0,74,311,36436,Faron the Captain,87760,3185,84575,2500,0,2500,24,,48,3569,322,0,"RawRibs 1047, Feather 110, Leather 46, LightningScroll 10, EnergyBoltScroll 7, CurseScroll 2","IronIngot 514, CopperIngot 413, BronzeIngot 385, DullCopperIngot 287, ShadowIronIngot 284, Feather 270"
2026-09-25_07-56,2026-09-25T08:31:19,35.1,5.0,541,2848,12270,101,1262,7695,4,1612,6,10,439,20,419,11,0,2,54,8,2740,823,20000,0,20,0,20,0,74,327,36416,Faron the Captain,88265,3023,85242,0,1271,0,0,,0,3291,88,0,"RawRibs 1107, Feather 110, Leather 41, LightningScroll 9, EnergyBoltScroll 7, CurseScroll 2","IronIngot 743, CopperIngot 368, ShadowIronIngot 277, DullCopperIngot 253, BronzeIngot 220, GoldIngot 216"
2026-09-25_07-56,2026-09-25T08:36:19,40.1,5.0,584,4193,18047,93,1084,7551,6,384,23,45,742,0,742,61,0,0,37,56,1575,801,20000,0,0,0,0,0,72,287,37191,Faron the Captain,88295,1935,86360,0,0,0,12,,12,3269,22,0,"RawRibs 1003, Feather 65, LightningScroll 10, EnergyBoltScroll 7, CurseScroll 2, StuddedLegs 2","IronIngot 1324, BronzeIngot 482, CopperIngot 422, ShadowIronIngot 388, DullCopperIngot 324, GoldIngot 289"
2026-09-25_07-56,2026-09-25T08:41:19,45.1,5.0,655,4451,15854,98,1155,9205,2,81,107,34,4054,2993,1061,61,0,2,4,45,2469,1982,17207,0,200,0,2993,2993,72,362,37191,Faron the Captain,94246,3630,90616,0,0,0,54,,66,3269,202,0,"RawRibs 1113, Feather 20, LightningScroll 9, EnergyBoltScroll 7, StuddedLegs 3, CurseScroll 2","IronIngot 1355, CopperIngot 453, Leather 411, BronzeIngot 378, ShadowIronIngot 373, DullCopperIngot 323"
2026-09-25_08-44,2026-09-25T08:49:25,5.1,5.1,176,1872,11052,74,1040,4143,0,0,42,28,1953,0,1953,40,0,0,0,26,0,723,16337,0,250,0,0,0,71,319,37302,Faron the Captain,92470,1240,91230,0,0,0,2,,18,3218,60,0,"RawRibs 980, Feather 25, Log 15, LightningScroll 8, CurseScroll 2, StuddedLegs 2","IronIngot 553, Leather 306, Feather 227, BronzeIngot 83, CopperIngot 73, Log 65"
2026-09-25_08-44,2026-09-25T08:54:26,10.1,5.0,243,3154,19885,78,1043,4324,0,0,22,16,835,0,835,11,0,0,0,23,0,1256,19087,0,250,2500,0,0,70,300,37302,Faron the Captain,88941,1179,87762,2500,0,2500,4,,21,3218,44,0,"RawRibs 1010, Feather 10, LightningScroll 8, EnergyBoltScroll 3, CurseScroll 2, StuddedLegs 2","IronIngot 1142, Leather 494, Feather 227, CopperIngot 154, BronzeIngot 133, ShadowIronIngot 118"
2026-09-25_08-44,2026-09-25T08:59:26,15.1,5.0,315,2563,11669,86,1122,5500,0,0,31,26,1756,0,1756,52,0,0,0,41,6731,1783,20000,0,100,2500,0,0,68,302,37312,Faron the Captain,91628,3593,88035,2500,0,2500,65,,83,3218,480,0,"RawRibs 1071, Feather 30, LightningScroll 8, Leather 5, EnergyBoltScroll 4, CurseScroll 2","Leather 561, Feather 429, IronIngot 294, CopperIngot 189, ShadowIronIngot 187, BronzeIngot 164"
2026-09-25_08-44,2026-09-25T09:04:26,20.1,5.0,376,2705,9922,89,1130,5859,0,0,21,25,828,0,828,35,0,0,0,29,4132,2762,20000,0,0,0,0,0,66,359,37312,Faron the Captain,92801,4339,88462,0,1676,0,22,,27,3218,144,0,"RawRibs 1073, Feather 35, LightningScroll 8, EnergyBoltScroll 6, CurseScroll 2, ResurrectionScroll 2","Leather 535, Feather 429, ShadowIronIngot 217, CopperIngot 210, BronzeIngot 200, Log 180"
2026-09-25_08-44,2026-09-25T09:09:26,25.1,5.0,422,1627,6180,90,1113,6619,0,0,112,15,4934,3813,1121,14,0,1,0,31,3844,1855,17712,0,150,2500,3813,3813,64,377,38667,Faron the Captain,96586,2987,93599,2500,0,2500,18,,25,3083,44,0,"RawRibs 1044, Feather 40, EnergyBoltScroll 8, LightningScroll 7, CurseScroll 2, ResurrectionScroll 2","Leather 292, Feather 264, ShadowIronIngot 164, DullCopperIngot 133, IronIngot 101, MagicArrowScroll 86"
2026-09-25_08-44,2026-09-25T09:14:26,30.1,5.0,474,1328,4339,97,1183,7398,0,0,106,22,7948,7286,662,52,0,0,0,18,1961,639,15320,0,200,5000,7286,7286,62,419,38667,Faron the Captain,101135,3658,97477,5000,0,5000,12,,37,3071,180,306,"RawRibs 1079, Feather 35, IronIngot 16, DullCopperIngot 11, Leather 10, EnergyBoltScroll 9","Leather 222, Feather 184, DullCopperIngot 114, Garlic 104, ShadowIronIngot 102, GoldIngot 99"
2026-09-25_08-44,2026-09-25T09:19:26,35.1,5.0,501,401,1653,100,1206,8380,0,0,108,24,4748,4197,551,46,0,0,3,34,539,816,13873,0,250,2500,4197,4197,59,429,38634,Faron the Captain,96405,2518,93887,2500,2195,2500,12,,12,3371,622,0,"RawRibs 1122, Feather 50, EnergyBoltScroll 10, LightningScroll 7, CurseScroll 2, ResurrectionScroll 2","Feather 117, Leather 95, GoldIngot 34, CopperIngot 29, AgapiteIngot 22, IronIngot 19"
2026-09-25_08-44,2026-09-25T09:24:26,40.1,5.0,551,1556,6331,102,1194,9076,14,858,16,14,472,0,472,32,0,0,8,29,712,2491,14123,0,250,0,0,0,58,446,39968,Faron the Captain,96948,2746,94202,0,0,0,91,,103,3071,280,0,"RawRibs 1124, Feather 35, EnergyBoltScroll 10, LightningScroll 8, CurseScroll 2, ResurrectionScroll 2","Feather 379, IronIngot 374, Leather 266, CopperIngot 77, FireballScroll 66, Ribs 42"
2026-09-25_08-44,2026-09-25T09:29:26,45.1,5.0,571,2009,8069,97,1137,9600,10,734,15,23,567,0,567,25,0,1,24,20,1285,1827,16873,0,250,2500,0,0,58,420,39968,Faron the Captain,94443,1547,92896,2500,0,2500,15,,118,3071,284,0,"RawRibs 1093, EnergyBoltScroll 10, Feather 10, LightningScroll 7, CurseScroll 2, ResurrectionScroll 2","IronIngot 645, Feather 369, Leather 242, CopperIngot 140, FireballScroll 130, GoldIngot 56"
2026-09-25_08-44,2026-09-25T09:34:26,50.1,5.0,594,2701,8709,98,1093,9945,10,602,48,21,2006,0,2006,29,0,0,32,19,3345,1205,17123,0,250,0,0,0,57,441,40398,Faron the Captain,95501,2110,93391,0,2089,0,0,,0,3071,0,0,"RawRibs 1051, EnergyBoltScroll 10, Feather 10, LightningScroll 7, CurseScroll 2, ResurrectionScroll 2","IronIngot 715, Leather 553, Feather 369, CopperIngot 164, FireballScroll 113, ShadowIronIngot 86"
2026-09-25_08-44,2026-09-25T09:39:26,55.1,5.0,638,3128,10410,102,1087,11058,10,293,25,30,1170,20,1150,32,0,1,18,44,2039,862,19853,0,250,2500,20,0,57,430,40398,Faron the Captain,96140,2692,93448,2500,0,2500,49,,43,3039,22,0,"RawRibs 1048, EnergyBoltScroll 12, LightningScroll 9, Bow 3, CurseScroll 2, ResurrectionScroll 2","IronIngot 1041, Leather 621, Feather 239, CopperIngot 160, ShadowIronIngot 133, FireballScroll 130"
2026-09-25_08-44,2026-09-25T09:44:26,60.1,5.0,667,2723,9604,108,1134,12127,8,580,28,28,941,0,941,36,0,1,23,55,7423,987,20000,0,100,2500,0,0,54,435,17022,Joss the Brawler,60178,3447,56731,2500,0,2500,33,,76,3057,180,0,"RawRibs 1082, EnergyBoltScroll 12, Feather 10, LightningScroll 9, Bow 3, MindBlastScroll 3","IronIngot 512, Feather 498, Leather 402, CopperIngot 212, ShadowIronIngot 188, BronzeIngot 152"
2026-09-25_08-44,2026-09-25T09:49:26,65.1,5.0,667,1334,4764,111,1180,12904,0,0,94,8,3980,3603,377,5,0,2,9,12,2086,671,16547,0,150,2500,3603,3603,50,454,17171,Joss the Brawler,54949,2285,52664,2500,2315,2500,0,,0,3060,3,0,"RawRibs 1095, Feather 45, EnergyBoltScroll 12, LightningScroll 9, Bow 3, MindBlastScroll 3","IronIngot 274, Leather 170, CopperIngot 111, ShadowIronIngot 107, Feather 107, FireballScroll 98"
2026-09-25_08-44,2026-09-25T09:54:26,70.1,5.0,700,270,779,105,1090,12799,0,0,118,19,5527,4742,785,11,0,1,6,52,2169,2912,14555,0,250,2500,4742,4742,50,520,17181,Joss the Brawler,58609,1874,56735,2500,0,2500,5,,5,3057,922,0,"RawRibs 1022, Feather 30, EnergyBoltScroll 12, LightningScroll 8, Bow 3, MindBlastScroll 3","IronIngot 82, BronzeIngot 41, Log 40, VeriteIngot 37, CopperIngot 23, Shoes 11"
2026-09-25_08-44,2026-09-25T09:59:26,75.1,5.0,693,793,4750,106,1104,13837,9,462,38,21,1397,714,683,52,0,1,9,48,827,3155,14091,0,250,0,714,699,50,474,17219,Joss the Brawler,57883,2015,55868,0,0,0,50,,55,3057,240,263,"RawRibs 1043, Feather 15, EnergyBoltScroll 12, LightningScroll 9, IronIngot 5, Bow 3","IronIngot 170, Feather 140, Leather 108, CureScroll 72, DullCopperIngot 40, SulfurousAsh 32"
2026-09-25_08-44,2026-09-25T10:04:26,80.1,5.0,734,1391,6816,107,1144,14700,10,1274,27,32,933,0,933,35,0,1,17,45,832,1849,14341,0,250,0,0,0,55,393,17230,Joss the Brawler,56503,1833,54670,0,2631,0,38,,21,3057,483,0,"RawRibs 1081, Feather 25, EnergyBoltScroll 12, LightningScroll 9, Bow 3, MindBlastScroll 3","Leather 295, IronIngot 256, Feather 140, CureScroll 72, DullCopperIngot 56, BlackPearl 54"
2026-09-25_08-44,2026-09-25T10:09:26,85.1,5.0,690,2048,7962,107,1149,15386,8,1165,34,14,1284,0,1284,15,0,5,17,39,1315,865,14591,0,250,0,0,0,55,416,17230,Joss the Brawler,59041,3179,55862,0,0,0,1,,22,3237,180,0,"RawRibs 1090, Leather 12, EnergyBoltScroll 11, Feather 10, LightningScroll 9, Bow 3","Leather 574, IronIngot 471, Feather 140, CureScroll 92, Ribs 80, CopperIngot 68"
2026-09-25_08-44,2026-09-25T10:14:26,90.1,5.0,657,2515,10381,105,1077,15666,6,245,16,22,738,0,738,39,0,1,28,45,3014,1951,17341,0,250,2500,0,0,55,363,17298,Joss the Brawler,59116,2153,56963,2500,0,2500,14,,17,3057,240,0,"RawRibs 1033, EnergyBoltScroll 11, LightningScroll 9, Feather 5, MindBlastScroll 4, Bow 3","IronIngot 758, Leather 604, CopperIngot 126, LesserHealPotion 122, MagicArrowScroll 109, BronzeIngot 109"
2026-09-25_08-44,2026-09-25T10:19:26,95.1,5.0,646,2672,10309,108,1159,17038,6,222,26,12,1039,0,1039,11,0,2,24,26,4169,1237,17591,0,250,0,0,0,57,411,17322,Joss the Brawler,60757,3171,57586,0,2594,0,10,,10,3057,122,0,"RawRibs 1117, EnergyBoltScroll 10, LightningScroll 8, Feather 5, MindBlastScroll 4, Bow 3","IronIngot 552, Leather 521, MagicArrowScroll 168, BronzeIngot 149, CopperIngot 138, LesserHealPotion 118"
2026-09-25_08-44,2026-09-25T10:24:26,100.1,5.0,656,2649,8419,110,1122,17561,5,427,27,20,1205,0,1205,24,0,0,27,17,4351,1516,20000,0,50,28500,0,0,56,333,17302,Joss the Brawler,46053,2267,43786,28500,0,28500,67,,77,3057,300,0,"RawRibs 1042, Feather 38, EnergyBoltScroll 12, LightningScroll 9, MindBlastScroll 4, Bow 3","IronIngot 721, Leather 558, CopperIngot 169, BronzeIngot 168, ShadowIronIngot 93, GoldIngot 80"
2026-09-25_08-44,2026-09-25T10:29:26,105.1,5.0,681,2125,7392,114,1145,18972,3,214,31,18,1192,0,1192,23,0,4,16,33,6469,1587,20000,0,0,14000,0,0,56,328,17302,Joss the Brawler,41751,3492,38259,14000,0,14000,19,,72,3057,122,0,"RawRibs 1088, Feather 15, LightningScroll 11, EnergyBoltScroll 11, MindBlastScroll 4, Bow 3","Leather 718, CopperIngot 213, BronzeIngot 180, ShadowIronIngot 101, GoldIngot 92, MagicArrowScroll 81"
2026-09-25_08-44,2026-09-25T10:34:26,110.1,5.0,682,2395,8131,110,1103,19428,1,21,19,21,718,0,718,17,0,1,25,42,3280,1277,20000,0,0,0,0,0,56,423,17395,Joss the Brawler,44696,3650,41046,0,730,0,14,,14,3057,60,276,"RawRibs 1061, EnergyBoltScroll 12, LightningScroll 11, Bow 3, MindBlastScroll 3, ResurrectionScroll 3","Leather 757, CopperIngot 242, BronzeIngot 201, ShadowIronIngot 125, DullCopperIngot 116, GoldIngot 110"
2026-09-25_08-44,2026-09-25T10:39:26,115.1,5.0,673,2013,7203,114,1115,20806,0,0,10,11,397,0,397,12,0,0,25,15,6052,1629,20000,0,10,5000,10,0,56,352,17397,Joss the Brawler,45328,5986,39342,5000,0,5000,19,,33,3057,60,0,"RawRibs 1071, EnergyBoltScroll 13, LightningScroll 11, Bow 3, MindBlastScroll 3, ResurrectionScroll 3","Leather 522, CopperIngot 297, BronzeIngot 234, ShadowIronIngot 140, DullCopperIngot 139, GoldIngot 128"
2026-09-25_08-44,2026-09-25T10:44:26,120.1,5.0,665,2314,8003,117,1143,21611,1,2,17,24,1096,0,1096,27,0,2,23,39,3037,2432,20000,0,0,0,0,0,56,420,17435,Joss the Brawler,46882,3821,43061,0,0,0,79,,112,3057,300,0,"RawRibs 1089, EnergyBoltScroll 12, LightningScroll 11, Feather 5, DullCopperIngot 5, Bow 3","Leather 562, CopperIngot 329, BronzeIngot 285, IronIngot 223, ShadowIronIngot 177, DullCopperIngot 150"
2026-09-25_08-44,2026-09-25T10:49:26,125.1,5.0,622,2740,7541,106,1145,19946,4,126,4,9,206,0,206,5,0,11,17,15,2628,2271,20000,0,0,0,0,0,56,438,17628,Joss the Brawler,48155,3714,44441,0,998,0,6,,6,3006,18,0,"RawRibs 1084, Feather 30, EnergyBoltScroll 12, LightningScroll 4, MindBlastScroll 3, ResurrectionScroll 3","Leather 493, IronIngot 426, BronzeIngot 336, CopperIngot 330, ShadowIronIngot 197, DullCopperIngot 187"
2026-09-25_08-44,2026-09-25T10:54:26,130.1,5.0,594,2100,6054,111,1157,21346,2,12,6,23,413,0,413,30,0,4,17,22,4979,1184,20000,0,0,0,0,0,56,459,17616,Joss the Brawler,51047,3845,47202,0,0,0,7,,13,3006,303,0,"RawRibs 1087, Feather 35, EnergyBoltScroll 10, LightningScroll 9, MindBlastScroll 3, PlateGorget 2","BronzeIngot 366, CopperIngot 359, Leather 213, IronIngot 209, ShadowIronIngot 189, GoldIngot 175"
2026-09-25_08-44,2026-09-25T10:59:27,135.1,5.0,611,2119,7476,108,1120,21533,0,0,49,17,1727,1200,527,11,0,3,10,41,2524,1779,18950,0,150,0,1200,1200,55,517,17621,Joss the Brawler,54790,3885,50905,0,0,0,36,,49,3006,60,0,"RawRibs 1064, Feather 20, LightningScroll 10, EnergyBoltScroll 8, Log 5, MindBlastScroll 3","CopperIngot 385, BronzeIngot 355, ShadowIronIngot 234, Leather 229, DullCopperIngot 189, IronIngot 136"
2026-09-25_08-44,2026-09-25T11:04:27,140.1,5.0,607,2220,9220,99,1055,20768,2,136,68,15,2481,1521,960,16,0,4,15,31,1280,2625,17679,0,250,0,1521,1521,56,501,17621,Joss the Brawler,55619,2889,52730,0,1459,0,54,,53,3006,322,0,"RawRibs 1029, LightningScroll 10, EnergyBoltScroll 5, MindBlastScroll 3, PlateGorget 2, Bow 1","Leather 445, CopperIngot 299, BronzeIngot 283, ShadowIronIngot 255, IronIngot 201, DullCopperIngot 87"
2026-09-25_08-44,2026-09-25T11:09:27,145.1,5.0,608,2042,7618,96,1056,21274,0,0,78,8,2594,1547,1047,12,0,8,14,22,4607,3113,16382,0,250,0,1547,1547,56,502,17656,Joss the Brawler,57739,2753,54986,0,0,0,1,,54,2848,541,0,"RawRibs 1031, LightningScroll 8, EnergyBoltScroll 5, PlateGorget 2, ResurrectionScroll 2, LeatherChest 2","Feather 285, CopperIngot 262, ShadowIronIngot 252, BronzeIngot 214, IronIngot 169, Leather 121"
2026-09-25_08-44,2026-09-25T11:14:27,150.1,5.0,591,1874,6201,93,1070,22078,1,114,65,19,2189,1574,615,34,0,6,11,28,2314,2197,15058,0,250,0,1574,1574,56,493,17714,Joss the Brawler,59596,2416,57180,0,0,0,8,,62,2802,100,0,"RawRibs 1029, Feather 20, LightningScroll 7, EnergyBoltScroll 4, PlateGorget 2, ResurrectionScroll 2","IronIngot 327, ShadowIronIngot 231, CopperIngot 188, Feather 188, LesserHealPotion 117, Log 110"
2026-09-25_08-44,2026-09-25T11:19:27,155.1,5.0,579,1649,4895,90,1045,22490,1,52,75,7,2082,1607,475,6,0,3,7,8,1604,770,13701,0,250,0,1607,1607,56,508,17971,Joss the Brawler,61006,2917,58089,0,1738,0,58,,58,2855,180,0,"RawRibs 992, Feather 35, LightningScroll 7, EnergyBoltScroll 4, PlateGorget 2, Bow 1","IronIngot 465, ShadowIronIngot 221, CopperIngot 194, Leather 174, Feather 172, LesserHealPotion 84"
2026-09-25_08-44,2026-09-25T11:24:27,160.1,5.0,555,1663,4080,89,1016,23392,0,0,45,11,1779,1640,139,7,0,1,13,32,417,858,12311,0,250,0,1640,1640,57,520,18055,Joss the Brawler,63577,2607,60970,0,0,0,77,,135,2855,100,0,"RawRibs 986, Feather 15, LightningScroll 6, EnergyBoltScroll 4, PlateGorget 2, Bow 1","IronIngot 618, Leather 196, ShadowIronIngot 190, Feather 168, CopperIngot 160, DullCopperIngot 100"
2026-09-25_08-44,2026-09-25T11:29:27,165.1,5.0,556,1494,3861,96,1023,26567,2,90,91,21,2552,1777,775,15,0,1,9,31,2594,1769,13284,0,250,2500,1777,1777,55,446,18112,Joss the Brawler,61387,1287,60100,2500,0,2500,10,,145,2955,800,0,"RawRibs 971, Feather 30, LightningScroll 8, EnergyBoltScroll 6, PlateGorget 2, CurseScroll 2","IronIngot 601, Leather 288, CopperIngot 169, ShadowIronIngot 154, Feather 96, BronzeIngot 45"
2026-09-25_08-44,2026-09-25T11:34:27,170.1,5.0,535,727,2901,96,1002,27502,2,62,88,10,2775,2191,584,20,0,0,8,15,2083,1263,11343,0,250,0,2191,2191,55,499,18168,Joss the Brawler,62061,1049,61012,0,1866,0,11,,11,3015,181,0,"RawRibs 951, Feather 30, LightningScroll 8, EnergyBoltScroll 6, PlateGorget 2, CurseScroll 2","IronIngot 506, Leather 45, Feather 42, Log 40, Shoes 33, ShadowIronIngot 16"
2026-09-25_08-44,2026-09-25T11:39:27,175.1,5.0,527,1021,3515,93,984,28292,1,4,80,8,2669,2250,419,16,0,3,8,13,824,619,9293,50,250,0,2250,2250,56,476,18194,Joss the Brawler,66233,2187,64046,0,0,0,42,,53,2991,280,0,"RawRibs 945, Feather 20, LightningScroll 7, EnergyBoltScroll 6, PlateGorget 2, CurseScroll 2","IronIngot 403, Feather 197, Leather 120, BronzeIngot 60, Shoes 38, Nightshade 29"
2026-09-25_08-44,2026-09-25T11:44:29,180.1,5.0,509,442,1729,95,1014,29216,1,12,84,18,3475,2717,758,8,0,4,10,34,425,1563,11826,0,250,5000,2767,2717,56,483,18134,Joss the Brawler,64544,2760,61784,5000,0,5000,41,,53,2811,482,0,"RawRibs 958, Leather 24, Feather 15, LightningScroll 6, EnergyBoltScroll 5, CurseScroll 2","IronIngot 86, Nightshade 65, Shoes 55, BronzeIngot 48, MandrakeRoot 35, Ginseng 20"
2026-09-25_08-44,2026-09-25T11:49:29,185.1,5.0,534,441,1976,90,958,28286,0,0,110,20,3132,2503,629,19,0,6,4,25,146,2275,14473,100,250,5000,2503,2503,57,364,18091,Joss the Brawler,59169,1219,57950,5000,2002,5000,2,,1,2811,600,306,"RawRibs 901, Feather 30, Leather 15, LightningScroll 5, EnergyBoltScroll 4, PlateGorget 2","IronIngot 156, Leather 60, CopperIngot 58, BronzeIngot 44, CureScroll 28, MandrakeRoot 20"
2026-09-25_08-44,2026-09-25T11:54:29,190.1,5.0,534,431,1361,90,952,29988,2,86,102,14,4135,3985,150,11,0,0,6,26,36,1581,10738,100,250,0,3985,3985,56,348,18118,Joss the Brawler,59399,516,58883,0,0,0,0,,1,2811,0,0,"RawRibs 897, Feather 45, LightningScroll 5, EnergyBoltScroll 4, PlateGorget 2, CurseScroll 2","Leather 107, IronIngot 95, Arrow 58, SulfurousAsh 44, LesserHealPotion 27, Ribs 20"
2026-09-25_08-44,2026-09-25T11:59:29,195.1,5.0,579,1592,6075,93,949,31579,12,588,39,22,1930,927,1003,34,0,1,12,41,36,1373,10061,100,250,0,927,927,56,295,18122,Joss the Brawler,59242,1453,57789,0,0,0,39,,40,2871,60,0,"RawRibs 884, Feather 55, LightningScroll 6, EnergyBoltScroll 4, PlateGorget 2, CurseScroll 2","IronIngot 525, Leather 174, BronzeIngot 148, CopperIngot 125, Log 60, DullCopperIngot 60"
2026-09-25_08-44,2026-09-25T12:04:29,200.1,5.0,585,2751,9233,88,915,32920,14,1240,24,24,1221,0,1221,40,0,4,30,33,486,1753,10311,100,250,0,0,0,56,268,18775,Joss the Brawler,56570,1903,54667,0,1889,0,34,,28,2811,202,0,"RawRibs 863, Feather 40, LightningScroll 5, EnergyBoltScroll 4, PlateGorget 2, CurseScroll 2","IronIngot 1034, Leather 228, CopperIngot 205, BronzeIngot 186, DullCopperIngot 130, ShadowIronIngot 121"
2026-09-25_08-44,2026-09-25T12:09:29,205.1,5.0,575,3123,8263,94,914,35102,6,397,27,39,1833,0,1833,64,0,1,30,54,939,1308,10661,0,250,0,0,0,53,332,18060,Joss the Brawler,54646,1986,52660,0,0,0,1,,29,2991,360,0,"RawRibs 863, Feather 40, LightningScroll 5, EnergyBoltScroll 4, ResurrectionScroll 3, PlateGorget 2","IronIngot 907, Leather 447, CopperIngot 242, BronzeIngot 209, ShadowIronIngot 179, DullCopperIngot 156"
2026-09-25_08-44,2026-09-25T12:14:29,210.1,5.0,578,3577,10093,92,937,37630,4,235,38,21,1971,0,1971,34,0,3,20,58,970,1412,10911,0,250,0,0,0,51,312,18065,Joss the Brawler,47777,909,46868,0,0,0,8,,37,2991,202,0,"RawRibs 908, Feather 20, LightningScroll 5, EnergyBoltScroll 3, ResurrectionScroll 3, PlateGorget 2","IronIngot 851, Leather 692, BronzeIngot 267, CopperIngot 242, ShadowIronIngot 197, DullCopperIngot 167"
2026-09-25_08-44,2026-09-25T12:19:29,215.1,5.0,591,3546,10318,93,955,38623,7,337,34,17,1387,20,1367,25,0,5,20,30,2339,1121,11141,0,250,0,20,0,52,330,18014,Joss the Brawler,48764,2371,46393,0,1588,0,20,,20,3351,720,323,"RawRibs 901, Feather 45, LightningScroll 3, EnergyBoltScroll 3, PlateGorget 2, CurseScroll 2","Leather 806, IronIngot 591, BronzeIngot 321, CopperIngot 255, ShadowIronIngot 202, DullCopperIngot 188"
2026-09-25_08-44,2026-09-25T12:24:29,220.1,5.0,591,3608,12325,96,935,41116,6,144,15,8,379,0,379,6,0,2,23,26,4794,1763,11391,0,250,0,0,0,52,338,18198,Joss the Brawler,52318,4846,47472,0,0,0,27,,47,2811,0,0,"RawRibs 870, Feather 55, LightningScroll 4, EnergyBoltScroll 4, ResurrectionScroll 3, PlateGorget 2","IronIngot 921, Leather 536, BronzeIngot 365, CopperIngot 265, ShadowIronIngot 247, GoldIngot 196"
2026-09-25_08-44,2026-09-25T12:29:30,225.2,5.0,568,2871,11859,99,989,44329,7,601,34,21,1899,0,1899,33,0,2,45,15,5857,1586,11641,0,250,0,0,0,52,376,18268,Joss the Brawler,54436,3947,50489,0,0,0,9,,56,2811,0,0,"RawRibs 904, Feather 50, IronIngot 25, LightningScroll 4, EnergyBoltScroll 3, ResurrectionScroll 3","Leather 604, BronzeIngot 315, CopperIngot 309, ShadowIronIngot 266, IronIngot 213, DullCopperIngot 201"
2026-09-25_08-44,2026-09-25T12:34:30,230.2,5.0,558,2840,10358,92,887,42376,6,417,30,24,1617,0,1617,28,0,2,19,52,4001,1327,14391,0,250,2500,0,0,52,339,18429,Joss the Brawler,55524,2657,52867,2500,1757,2500,4,,4,2833,22,0,"RawRibs 842, Feather 35, DullCopperIngot 8, EnergyBoltScroll 3, ResurrectionScroll 3, CurseScroll 2","Leather 406, CopperIngot 373, BronzeIngot 342, ShadowIronIngot 325, DullCopperIngot 253, GoldIngot 243"
2026-09-25_08-44,2026-09-25T12:39:30,235.2,5.0,575,2971,13975,83,819,42368,9,415,31,64,4709,0,4709,61,0,2,29,137,2322,1080,17141,0,250,2500,0,0,52,328,18463,Joss the Brawler,56930,1778,55152,2500,0,2500,55,,59,2991,180,0,"RawRibs 765, Feather 55, EnergyBoltScroll 3, ResurrectionScroll 3, PlateGorget 2, LightningScroll 2","Leather 552, CopperIngot 442, ShadowIronIngot 361, BronzeIngot 341, DullCopperIngot 264, GoldIngot 263"
2026-09-25_08-44,2026-09-25T12:44:30,240.2,5.0,594,3340,14698,88,827,47865,6,2365,29,24,1818,0,1818,37,0,1,28,50,3183,1421,17391,0,250,0,0,0,52,351,18538,Joss the Brawler,54733,2044,52689,0,0,0,10,,69,2991,0,0,"RawRibs 792, Feather 25, DullCopperIngot 13, EnergyBoltScroll 4, ResurrectionScroll 3, LeatherChest 3","Leather 522, CopperIngot 493, BronzeIngot 427, ShadowIronIngot 388, GoldIngot 284, DullCopperIngot 269"
2026-09-25_08-44,2026-09-25T12:49:30,245.2,5.0,557,3434,14480,92,846,50755,7,3110,24,23,1156,0,1156,21,0,1,27,46,3674,1310,17641,0,250,0,0,0,52,361,18540,Joss the Brawler,53336,1945,51391,0,1744,0,10,,10,2940,202,0,"RawRibs 786, Feather 55, DullCopperIngot 11, EnergyBoltScroll 4, ResurrectionScroll 3, LeatherChest 3","CopperIngot 515, BronzeIngot 502, ShadowIronIngot 471, Leather 447, GoldIngot 331, DullCopperIngot 234"
2026-09-25_08-44,2026-09-25T12:54:30,250.2,5.0,549,3532,13730,92,845,53682,8,3224,35,22,1424,0,1424,30,0,3,25,69,3435,1854,17891,0,250,0,0,0,53,361,19081,Joss the Brawler,53777,2000,51777,0,0,0,19,,29,2816,300,0,"RawRibs 803, Feather 50, EnergyBoltScroll 3, LightningScroll 3, LeatherChest 3, MindBlastScroll 2","CopperIngot 573, ShadowIronIngot 544, BronzeIngot 506, Leather 405, GoldIngot 361, DullCopperIngot 160"
2026-09-25_08-44,2026-09-25T12:59:30,255.2,5.0,553,3484,10400,89,808,55018,0,0,48,18,4492,3217,1275,33,0,3,15,27,3424,1812,14924,0,250,0,3217,3217,52,433,20537,Joss the Brawler,58065,3177,54888,0,0,0,20,,49,2816,202,0,"RawRibs 760, Feather 30, DullCopperIngot 28, LightningScroll 5, LeatherChest 3, PlateGorget 2","ShadowIronIngot 598, CopperIngot 557, BronzeIngot 467, GoldIngot 388, Leather 248, IronIngot 206"
2026-09-25_08-44,2026-09-25T13:04:30,260.1,5.0,578,1633,4413,85,748,56418,0,0,119,36,8854,5660,3194,26,0,1,7,85,3162,1955,12014,0,250,2500,5660,5660,53,433,19686,Joss the Brawler,58710,2352,56358,2500,1802,2500,23,,23,2816,180,0,"RawRibs 732, Feather 20, DullCopperIngot 10, LightningScroll 5, LeatherChest 3, PlateGorget 2","CopperIngot 348, ShadowIronIngot 272, BronzeIngot 223, IronIngot 200, Feather 95, DullCopperIngot 80"
2026-09-25_08-44,2026-09-25T13:09:30,265.1,5.0,593,647,1529,87,806,62245,2,158,115,15,4714,3952,762,7,0,2,4,64,1110,1481,8312,0,250,0,3952,3952,53,321,19722,Joss the Brawler,58633,2447,56186,0,0,0,17,,40,2659,81,0,"RawRibs 774, Feather 50, LightningScroll 5, LeatherChest 3, LeatherSkirt 2, LeatherArms 2","ShadowIronIngot 209, BronzeIngot 137, IronIngot 120, CopperIngot 41, AgapiteIngot 31, Board 30"
2026-09-25_08-44,2026-09-25T13:14:30,270.1,5.0,589,1258,3096,85,791,64919,11,570,52,19,2036,1198,838,22,0,1,22,34,833,1495,7364,0,250,0,1198,1198,53,306,20557,Joss the Brawler,58514,2176,56338,0,0,0,1,,41,2658,45,0,"RawRibs 754, Feather 40, IronIngot 15, LightningScroll 5, LeatherChest 3, LeatherSkirt 2","IronIngot 424, ShadowIronIngot 241, Leather 162, CopperIngot 96, DullCopperIngot 68, GoldIngot 64"
2026-09-25_08-44,2026-09-25T13:19:30,275.1,5.0,589,2028,5722,81,763,62963,9,945,14,24,1391,0,1391,22,0,5,24,34,611,1028,7614,0,250,0,0,0,52,345,20650,Joss the Brawler,59388,2733,56655,0,1888,0,36,,36,2613,66,0,"RawRibs 716, Feather 75, LightningScroll 4, LeatherChest 3, PlateGorget 2, LeatherSkirt 2","IronIngot 821, Leather 298, ShadowIronIngot 259, CopperIngot 148, DullCopperIngot 131, BronzeIngot 85"
2026-09-25_08-44,2026-09-25T13:24:30,280.1,5.0,595,2672,8314,81,761,68694,4,248,15,32,2009,0,2009,40,0,2,31,75,755,1797,7864,0,250,0,0,0,52,320,20687,Joss the Brawler,54120,1670,52450,0,0,0,66,,102,2613,280,0,"RawRibs 725, Feather 55, Leather 5, LightningScroll 4, LeatherChest 2, LeatherSkirt 2","IronIngot 943, ShadowIronIngot 319, Leather 240, CopperIngot 232, DullCopperIngot 137, BronzeIngot 136"
2026-09-25_08-44,2026-09-25T13:29:30,285.1,5.0,603,2174,7439,77,645,66340,7,322,17,37,3742,0,3742,42,0,3,22,78,2605,1368,10614,0,250,2500,0,0,52,441,20617,Joss the Brawler,57434,1702,55732,2500,0,2500,36,,138,2613,360,0,"RawRibs 630, Feather 45, LightningScroll 4, LeatherArms 3, LeatherChest 2, LeatherSkirt 2","CopperIngot 314, Leather 299, ShadowIronIngot 240, GoldIngot 201, BronzeIngot 195, DullCopperIngot 170"
2026-09-25_08-44,2026-09-25T13:34:30,290.1,5.0,594,2355,7324,72,626,66406,7,329,20,25,2118,0,2118,31,0,0,33,38,2130,1235,13364,0,250,2500,0,0,52,363,20407,Joss the Brawler,50535,1627,48908,7500,1525,2500,10,,10,2613,200,0,"RawRibs 577, Feather 45, DullCopperIngot 32, LightningScroll 4, LeatherArms 3, EnergyBoltScroll 2","CopperIngot 321, Leather 299, BronzeIngot 279, ShadowIronIngot 265, GoldIngot 199, DullCopperIngot 188"
2026-09-25_08-44,2026-09-25T13:39:30,295.1,5.0,578,2798,8612,72,641,70732,2,70,31,24,1807,0,1807,31,0,1,16,26,2511,1802,13614,0,250,0,0,0,55,279,20524,Joss the Brawler,46232,2314,43918,0,0,0,25,,35,2869,500,0,"RawRibs 587, Feather 55, DullCopperIngot 16, Leather 10, LightningScroll 4, LeatherArms 3","IronIngot 511, CopperIngot 338, BronzeIngot 305, ShadowIronIngot 301, Leather 223, GoldIngot 215"
2026-09-25_08-44,2026-09-25T13:44:30,300.1,5.0,576,3104,8266,63,572,67511,6,126,11,50,5586,0,5586,42,0,2,24,75,2939,1077,16364,0,250,2500,0,0,55,354,20335,Joss the Brawler,52035,2379,49656,2500,0,2500,75,,110,2569,226,294,"RawRibs 521, Feather 50, Leather 10, DullCopperIngot 6, LeatherArms 3, PlateGorget 3","ShadowIronIngot 429, IronIngot 380, BronzeIngot 369, CopperIngot 364, Leather 207, GoldIngot 198"
2026-09-25_08-44,2026-09-25T13:49:30,305.1,5.0,594,2695,10287,47,311,37803,5,464,51,170,25485,0,25485,96,0,4,29,60,4848,3179,20000,0,150,15000,100,0,55,410,22724,Joss the Brawler,68373,1421,66952,15000,1458,15000,19,,19,3049,760,0,"RawRibs 239, Feather 40, Leather 10, PlateGorget 4, LightningScroll 3, LeatherArms 2","BronzeIngot 430, ShadowIronIngot 412, CopperIngot 307, IronIngot 226, Log 220, GoldIngot 207"
2026-09-25_08-44,2026-09-25T13:54:30,310.1,5.0,569,2816,13600,55,344,40348,5,227,13,93,10199,0,10199,57,32,1,29,45,1380,2296,20000,0,0,5000,0,0,57,324,63938,Hale the Architect,124915,5118,119797,5000,0,5000,5,,10,3569,122,0,"RawRibs 289, Feather 20, ShadowIronIngot 11, PlateGorget 4, LightningScroll 3, CurseScroll 2","ShadowIronIngot 447, CopperIngot 371, BronzeIngot 360, IronIngot 310, GoldIngot 231, Feather 129"
2026-09-25_08-44,2026-09-25T13:59:30,315.1,5.0,576,2737,13918,44,354,28248,8,400,12,113,12079,0,12079,77,145,5,22,133,4423,1660,20000,0,0,2500,0,0,55,395,62017,Hale the Architect,131329,3682,127647,2500,0,2500,76,,79,3569,400,0,"RawRibs 266, Feather 50, BronzeIngot 15, Leather 10, PlateGorget 3, CurseScroll 2","BronzeIngot 531, ShadowIronIngot 470, CopperIngot 457, GoldIngot 239, Log 160, Feather 129"
2026-09-25_08-44,2026-09-25T14:04:30,320.1,5.0,585,2869,15494,41,244,15937,14,2348,27,135,15144,0,15144,93,191,0,19,128,2091,1316,20000,0,0,5000,0,0,61,371,61880,Hale the Architect,138709,3471,135238,5000,2529,5000,105,,79,3669,200,0,"RawRibs 125, Feather 55, Leather 35, BronzeIngot 10, PlateGorget 3, EnergyBoltScroll 3","BronzeIngot 521, ShadowIronIngot 492, CopperIngot 417, GoldIngot 247, Log 155, FireballScroll 111"
2026-09-25_08-44,2026-09-25T14:09:30,325.1,5.0,570,3020,11949,41,223,13143,12,1108,11,124,10115,51,10064,103,149,0,11,104,2607,1833,20000,0,51,34500,51,0,60,270,61352,Hale the Architect,116747,2653,114094,34500,0,34500,77,,97,3569,100,0,"RawRibs 117, Leather 45, Feather 40, EnergyBoltScroll 6, CurseScroll 2, PlateGorget 2","BronzeIngot 544, CopperIngot 543, ShadowIronIngot 427, GoldIngot 263, Log 190, IronIngot 162"
2026-09-25_08-44,2026-09-25T14:14:30,330.1,5.0,564,2902,10916,41,192,11340,7,527,26,138,8810,0,8810,83,165,0,22,132,2393,1208,20000,0,0,21000,0,0,60,176,61606,Hale the Architect,100415,2128,98287,21000,0,21000,8,,61,3749,280,0,"RawRibs 121, Feather 30, Leather 20, EnergyBoltScroll 6, CurseScroll 2, LightningScroll 2","CopperIngot 561, BronzeIngot 533, ShadowIronIngot 329, GoldIngot 254, IronIngot 177, Log 155"
2026-09-25_08-44,2026-09-25T14:19:30,335.1,5.0,672,3970,18461,49,375,11334,12,851,43,273,8025,0,8025,88,313,2,39,112,2338,2048,20000,0,0,2500,0,0,64,228,61128,Hale the Architect,101454,2717,98737,2500,244,2500,36,,40,3749,180,0,"RawRibs 333, Leather 15, EnergyBoltScroll 6, Feather 5, ArchCureScroll 2, CurseScroll 2","CopperIngot 563, BronzeIngot 556, ShadowIronIngot 511, IronIngot 439, GoldIngot 262, Log 230"
2026-09-25_08-44,2026-09-25T14:24:30,340.1,5.0,694,3768,19719,50,408,7909,10,642,47,123,2594,0,2594,54,169,1,30,53,4580,1944,20000,0,0,0,0,0,64,291,61674,Hale the Architect,108427,3165,105262,0,0,0,3,,43,3569,22,0,"RawRibs 310, Feather 60, Leather 15, EnergyBoltScroll 7, LeatherLegs 3, ArchCureScroll 2","CopperIngot 619, ShadowIronIngot 488, BronzeIngot 427, IronIngot 392, GoldIngot 342, MagicArrowScroll 200"
2026-09-25_08-44,2026-09-25T14:29:30,345.1,5.0,707,4078,16833,58,522,8802,11,681,23,74,1323,0,1323,37,97,0,32,49,3315,1038,20000,0,0,0,0,0,60,266,61656,Hale the Architect,108253,3932,104321,0,0,0,13,,56,3569,22,0,"RawRibs 447, Feather 50, EnergyBoltScroll 9, LeatherLegs 3, ArchCureScroll 2, CurseScroll 2","CopperIngot 666, ShadowIronIngot 508, BronzeIngot 453, IronIngot 410, GoldIngot 387, DullCopperIngot 204"
2026-09-25_08-44,2026-09-25T14:34:31,350.2,5.0,703,3981,15335,62,609,9315,2,114,39,72,2487,0,2487,78,110,1,42,38,5714,1552,20000,0,0,5000,0,0,59,301,61940,Hale the Architect,108703,4833,103870,5000,643,5000,35,,35,3909,560,0,"RawRibs 558, Feather 30, EnergyBoltScroll 9, ArchCureScroll 2, MindBlastScroll 2, LeatherLegs 2","CopperIngot 692, BronzeIngot 621, ShadowIronIngot 466, GoldIngot 406, Leather 297, IronIngot 227"
2026-09-25_08-44,2026-09-25T14:39:31,355.2,5.0,707,4329,14615,63,557,6256,3,83,25,69,1533,0,1533,87,93,1,19,35,1881,963,20000,0,0,0,0,0,59,300,61994,Hale the Architect,114721,4391,110330,0,0,0,26,,61,3569,60,0,"RawRibs 519, Feather 10, EnergyBoltScroll 9, LightningScroll 6, ArchCureScroll 3, MindBlastScroll 2","CopperIngot 712, BronzeIngot 653, Leather 635, ShadowIronIngot 517, GoldIngot 456, IronIngot 262"
2026-09-25_08-44,2026-09-25T14:44:31,360.2,5.0,717,4638,15199,72,658,6763,2,66,15,43,838,0,838,40,57,1,20,27,2914,1619,20000,0,0,0,0,0,59,362,62162,Hale the Architect,117673,4416,113257,0,0,0,68,,129,3869,322,0,"RawRibs 550, Feather 75, LightningScroll 11, EnergyBoltScroll 9, ArchCureScroll 3, MindBlastScroll 2","Leather 787, CopperIngot 737, BronzeIngot 634, ShadowIronIngot 560, GoldIngot 478, IronIngot 276"
2026-09-25_08-44,2026-09-25T14:49:31,365.2,5.0,674,4591,16876,80,777,7442,6,569,21,17,599,0,599,25,38,2,57,35,2503,1456,20000,0,0,2500,0,0,59,300,62235,Hale the Architect,114814,3842,110972,2500,1214,2500,11,,11,3518,0,275,"RawRibs 652, Feather 65, Leather 27, LightningScroll 11, EnergyBoltScroll 7, ArchCureScroll 3","CopperIngot 797, Leather 795, BronzeIngot 752, GoldIngot 455, ShadowIronIngot 451, IronIngot 239"
2026-09-25_08-44,2026-09-25T14:54:31,370.2,5.0,691,5065,19120,78,774,7812,6,498,25,31,976,0,976,36,55,1,31,46,3520,1369,20000,0,0,2500,0,0,59,300,62520,Hale the Architect,116732,5486,111246,2500,0,2500,5,,16,3568,420,0,"RawRibs 673, Feather 65, LightningScroll 11, EnergyBoltScroll 6, IronIngot 5, ArchCureScroll 3","Leather 795, CopperIngot 697, BronzeIngot 695, ShadowIronIngot 604, GoldIngot 442, IronIngot 349"
2026-09-25_08-44,2026-09-25T14:59:31,375.2,5.0,684,5190,23336,77,723,7949,9,1831,24,43,1178,0,1178,93,67,2,26,24,3173,1323,19994,156,150,0,0,0,59,306,62435,Hale the Architect,120174,6389,113785,0,0,0,30,,46,3628,123,0,"RawRibs 626, Feather 45, ShadowIronIngot 15, LightningScroll 11, Leather 10, EnergyBoltScroll 7","BronzeIngot 832, CopperIngot 757, Leather 686, ShadowIronIngot 595, GoldIngot 476, IronIngot 417"
2026-09-25_08-44,2026-09-25T15:04:31,380.2,5.0,685,5251,24755,81,664,7702,12,2430,13,48,1050,0,1050,56,59,1,24,29,4947,1483,20000,156,6,0,0,0,59,400,62357,Hale the Architect,124344,5940,118404,0,1390,0,38,,30,3568,300,323,"RawRibs 569, Feather 45, CopperIngot 15, LightningScroll 11, EnergyBoltScroll 9, ArchCureScroll 3","CopperIngot 804, BronzeIngot 747, Leather 738, ShadowIronIngot 582, GoldIngot 524, IronIngot 400"
2026-09-25_08-44,2026-09-25T15:09:31,385.2,5.0,673,5315,17361,84,724,8342,7,1097,17,31,795,0,795,57,47,3,24,16,2695,2273,20000,156,0,0,0,0,59,387,62780,Hale the Architect,124810,6077,118733,0,0,0,2,,32,3471,600,0,"RawRibs 653, Feather 35, LightningScroll 11, EnergyBoltScroll 9, ArchCureScroll 3, LeatherLegs 2","Leather 878, BronzeIngot 747, ShadowIronIngot 617, CopperIngot 578, GoldIngot 550, IronIngot 511"
2026-09-25_08-44,2026-09-25T15:14:31,390.2,5.0,671,5808,16500,82,737,8433,5,865,18,43,1003,0,1003,69,59,3,15,38,3733,1826,20000,156,0,2500,0,0,59,320,62873,Hale the Architect,124721,5600,119121,2500,0,2500,46,,66,3388,22,0,"RawRibs 671, Feather 30, LightningScroll 11, EnergyBoltScroll 8, CopperIngot 3, CurseScroll 2","Leather 907, BronzeIngot 905, CopperIngot 892, GoldIngot 566, IronIngot 538, ShadowIronIngot 535"
2026-09-25_15-18,2026-09-25T15:23:54,5.1,5.1,194,2133,12306,50,618,2725,0,0,66,70,3865,0,3865,110,136,0,0,43,0,1190,20000,156,0,0,0,0,57,324,62620,Hale the Architect,122124,4427,117697,0,0,0,140,,188,3388,44,0,"RawRibs 587, IronIngot 15, LightningScroll 11, FlamestrikeScroll 1, ResurrectionScroll 1, LeatherChest 1","Leather 654, Feather 487, IronIngot 223, CopperIngot 91, MagicArrowScroll 81, Ribs 80"
2026-09-25_15-18,2026-09-25T15:28:54,10.1,5.0,265,3711,20867,55,626,2721,0,0,12,49,826,0,826,36,60,0,0,20,0,843,20000,156,0,2500,0,0,59,249,62479,Hale the Architect,119253,3269,115984,2500,0,2500,0,,70,3388,0,0,"RawRibs 597, LightningScroll 11, Feather 10, FlamestrikeScroll 1, ResurrectionScroll 1, LeatherChest 1","Leather 1272, IronIngot 671, Feather 527, CopperIngot 174, Ribs 126, ShadowIronIngot 111"
2026-09-25_15-18,2026-09-25T15:33:54,15.1,5.0,309,3325,15864,60,646,3027,0,0,23,34,827,0,827,38,56,0,0,46,6575,962,20000,156,0,0,0,0,59,293,62498,Hale the Architect,125411,5653,119758,0,0,0,4,,74,3388,0,0,"RawRibs 605, LightningScroll 11, Feather 10, IronIngot 10, FlamestrikeScroll 1, ResurrectionScroll 1","Leather 834, IronIngot 655, Feather 634, CopperIngot 176, BronzeIngot 143, ShadowIronIngot 129"
2026-09-25_15-35,2026-09-25T15:40:05,5.1,5.1,157,1463,8643,48,560,2479,0,0,52,36,2494,0,2494,38,88,0,0,41,0,942,20000,156,0,0,0,0,59,300,62278,Hale the Architect,123183,4994,118189,0,0,0,60,,60,3366,22,0,"RawRibs 541, LightningScroll 9, LeatherGloves 2, Crossbow 1, LeatherBustierArms 1, ArchCureScroll 1","IronIngot 376, Feather 252, Leather 178, Bloodmoss 66, BronzeIngot 58, SpidersSilk 54"
2026-09-25_15-35,2026-09-25T15:45:05,10.1,5.0,261,2869,16054,56,641,2787,0,0,17,38,974,0,974,80,54,0,0,35,0,757,20000,156,0,2500,0,0,60,299,62235,Hale the Architect,122167,4277,117890,2500,0,2500,57,,79,3388,22,0,"RawRibs 611, LightningScroll 10, Feather 10, LeatherGloves 3, ResurrectionScroll 2, Crossbow 1","IronIngot 776, Leather 479, Feather 441, CopperIngot 136, GoldIngot 104, Ribs 84"
2026-09-25_15-35,2026-09-25T15:50:05,15.1,5.0,323,3523,15188,65,776,3287,0,0,17,35,957,0,957,60,52,1,0,19,3047,750,20000,156,0,0,0,0,59,300,62502,Hale the Architect,122795,6220,116575,0,0,0,0,,79,3406,100,0,"RawRibs 730, Feather 25, LightningScroll 9, LeatherGloves 3, ArchCureScroll 2, ResurrectionScroll 2","IronIngot 790, Leather 776, Feather 441, Log 205, CopperIngot 164, GoldIngot 124"
2026-09-25_15-35,2026-09-25T15:55:06,20.1,5.0,375,3472,12093,73,798,4085,0,0,20,22,792,0,792,19,41,0,0,35,4881,1010,20000,156,0,0,0,0,59,300,62595,Hale the Architect,125042,6605,118437,0,1683,0,9,,9,3385,40,530,"RawRibs 765, LightningScroll 11, Feather 5, LeatherGloves 3, EnergyBoltScroll 3, ArchCureScroll 2","IronIngot 913, Leather 744, Feather 441, BronzeIngot 188, Log 168, CopperIngot 166"
2026-09-25_15-35,2026-09-25T16:00:06,25.1,5.0,432,1601,5838,73,803,4538,0,0,115,45,5442,4796,646,54,165,2,0,65,3978,1359,20000,156,200,5000,4796,4796,59,300,62709,Hale the Architect,128629,5923,122706,5000,0,5000,62,,16,3400,52,0,"RawRibs 761, Feather 14, LightningScroll 10, LeatherGloves 3, EnergyBoltScroll 3, ArchCureScroll 2","Leather 501, CopperIngot 137, Feather 134, BronzeIngot 125, IronIngot 114, Log 110"
2026-09-25_15-35,2026-09-25T16:05:06,30.1,5.0,456,596,1682,81,964,5356,0,0,106,20,4858,4586,272,19,130,0,0,28,1940,1021,18114,156,200,2500,4586,4586,61,336,62773,Hale the Architect,133500,5964,127536,2500,0,2500,41,,57,3385,502,0,"RawRibs 862, Feather 64, LightningScroll 11, BronzeIngot 10, LeatherGloves 3, EnergyBoltScroll 3","Leather 137, CopperIngot 83, BronzeIngot 69, IronIngot 68, ShadowIronIngot 47, DullCopperIngot 47"
2026-09-25_16-05,2026-09-25T16:10:54,5.1,5.1,93,1257,8117,48,715,2531,0,0,9,24,681,0,681,83,33,0,0,15,0,387,18364,156,250,0,0,0,60,300,62730,Hale the Architect,125362,4619,120743,0,0,0,2,,2,3451,66,0,"RawRibs 686, Feather 20, LightningScroll 3, LeatherChest 1, LesserHealPotion 1, LeatherCap 1","IronIngot 285, Leather 250, SulfurousAsh 160, CopperIngot 75, Feather 62, BronzeIngot 61"
2026-09-25_16-05,2026-09-25T16:15:54,10.1,5.0,215,2956,15709,57,779,3272,0,0,32,33,1641,0,1641,40,64,0,0,41,0,1442,18614,156,250,0,0,0,60,352,62730,Hale the Architect,102753,6988,95765,0,0,0,11,,13,3385,0,0,"RawRibs 749, Feather 15, LeatherChest 2, EnergyBoltScroll 2, IronIngot 2, LeatherCap 1","Leather 762, IronIngot 648, CopperIngot 153, SulfurousAsh 142, MandrakeRoot 124, BronzeIngot 110"
2026-09-25_16-05,2026-09-25T16:20:54,15.1,5.0,289,3046,12521,74,1005,4357,0,0,33,41,1584,0,1584,45,72,0,0,37,4164,1795,18864,156,250,0,0,0,61,300,63140,Hale the Architect,105355,10519,94836,0,0,0,96,,109,3385,0,0,"RawRibs 916, Feather 75, LeatherChest 2, ArchCureScroll 2, LightningScroll 2, EnergyBoltScroll 2","Leather 808, IronIngot 477, CopperIngot 165, Log 150, ShadowIronIngot 146, BronzeIngot 144"
2026-09-25_16-05,2026-09-25T16:25:54,20.1,5.0,385,2641,11267,77,1090,4648,0,0,36,35,1848,0,1848,44,69,0,0,24,4303,1561,20000,156,0,19500,0,0,61,300,63317,Hale the Architect,131870,8837,123033,19500,2335,19500,0,,0,3388,25,0,"RawRibs 975, Feather 90, IronIngot 20, HarmScroll 3, ArchCureScroll 2, LightningScroll 2","Leather 440, IronIngot 269, CopperIngot 191, Log 190, BronzeIngot 181, ShadowIronIngot 157"
2026-09-25_16-05,2026-09-25T16:30:54,25.1,5.0,431,2796,11238,78,1050,5143,0,0,25,26,936,10,926,47,51,0,0,23,2169,873,20146,0,0,0,10,0,60,340,63442,Hale the Architect,133890,10536,123354,0,0,0,17,,17,3568,360,0,"RawRibs 972, Feather 70, EnergyBoltScroll 4, HarmScroll 3, ArchCureScroll 2, LightningScroll 2","Leather 456, IronIngot 385, ShadowIronIngot 263, BronzeIngot 250, GoldIngot 198, CopperIngot 191"
2026-09-25_16-05,2026-09-25T16:35:54,30.1,5.0,466,2885,10904,84,1078,5991,0,0,25,26,637,0,637,50,50,0,0,37,2668,1342,20146,0,0,2500,0,0,59,381,63544,Hale the Architect,135341,10069,125272,2500,0,2500,5,,22,3388,82,0,"RawRibs 1020, Feather 40, EnergyBoltScroll 5, HarmScroll 4, Leather 4, LightningScroll 3","Leather 493, BronzeIngot 314, IronIngot 288, GoldIngot 262, ShadowIronIngot 258, CopperIngot 213"
2026-09-25_16-05,2026-09-25T16:40:54,35.1,5.0,487,2648,9975,85,1094,6659,8,611,10,22,485,10,475,21,31,0,22,25,3830,566,20136,0,0,0,10,0,59,388,63658,Hale the Architect,137571,11396,126175,0,1530,0,17,,17,3568,180,0,"RawRibs 1038, Feather 45, EnergyBoltScroll 5, LightningScroll 3, HarmScroll 3, ArchCureScroll 2","Leather 405, IronIngot 280, ShadowIronIngot 272, BronzeIngot 256, CopperIngot 233, GoldIngot 230"
2026-09-25_16-05,2026-09-25T16:45:54,40.1,5.0,541,2620,10913,92,1184,7739,8,538,38,43,1410,0,1410,45,78,0,34,52,4338,1813,20136,0,0,2500,0,0,56,406,63452,Hale the Architect,139776,11511,128265,2500,0,2500,59,,76,3495,180,306,"RawRibs 1082, Feather 60, Leather 25, LightningScroll 5, EnergyBoltScroll 5, ArchCureScroll 3","IronIngot 359, BronzeIngot 301, GoldIngot 271, Leather 264, ShadowIronIngot 235, CopperIngot 179"
2026-09-25_16-05,2026-09-25T16:50:54,45.1,5.0,612,3000,12710,102,1280,8962,4,341,40,24,1080,0,1080,16,63,0,27,71,1431,1640,20136,0,0,2500,0,0,55,389,63495,Hale the Architect,139614,11550,128064,2500,0,2500,39,,85,3504,284,0,"RawRibs 1127, Feather 80, Leather 40, LightningScroll 6, EnergyBoltScroll 6, IronIngot 5","IronIngot 589, CopperIngot 335, ShadowIronIngot 315, BronzeIngot 314, GoldIngot 225, Log 175"
2026-09-25_16-51,2026-09-25T16:56:33,5.1,5.1,129,1421,10274,64,857,3176,0,0,18,53,1670,0,1670,122,67,0,0,27,0,1770,20136,0,0,0,0,0,55,381,63024,Hale the Architect,136336,10033,126303,0,0,0,16,,16,3624,180,0,"RawRibs 776, Feather 51, Leather 15, HarmScroll 4, EnergyBoltScroll 2, LightningScroll 2","Leather 328, IronIngot 324, Feather 97, BronzeIngot 72, GoldIngot 70, SulfurousAsh 68"
2026-09-25_16-58,2026-09-25T17:03:58,5.1,5.1,110,884,7052,63,861,3258,0,0,5,42,873,0,873,100,46,0,0,41,0,1826,20136,0,0,0,0,0,80,298,62397,Hale the Architect,141088,7774,133314,0,0,0,18,,32,3444,0,0,"RawRibs 788, Feather 35, Log 20, EnergyBoltScroll 4, Leather 3, LightningScroll 2","IronIngot 235, CopperIngot 80, SulfurousAsh 79, LesserCurePotion 63, Feather 55, Leather 39"
2026-09-25_16-58,2026-09-25T17:08:58,10.1,5.0,221,1965,12949,91,1090,4560,0,0,48,76,2053,0,2053,135,119,0,0,21,0,1469,20136,0,0,0,0,0,94,277,62297,Hale the Architect,150721,8017,142704,0,0,0,36,,68,3484,40,0,"RawRibs 1019, Feather 28, Leather 15, LightningScroll 7, EnergyBoltScroll 4, StuddedBustierArms 3","IronIngot 509, Leather 281, Feather 162, Ribs 142, CopperIngot 107, SulfurousAsh 91"
2026-09-25_16-58,2026-09-25T17:13:58,15.1,5.0,485,2439,14517,102,1263,5997,0,0,149,74,6180,2953,3227,65,219,0,0,104,3158,2057,17383,0,200,0,2953,2953,92,300,62738,Hale the Architect,154145,5990,148155,0,0,0,15,,83,3434,242,0,"RawRibs 1156, Feather 48, Leather 30, LightningScroll 8, EnergyBoltScroll 6, ArchCureScroll 3","IronIngot 475, CopperIngot 180, BronzeIngot 167, Log 139, Feather 123, MandrakeRoot 120"
2026-09-25_16-58,2026-09-25T17:18:58,20.1,5.0,884,3844,26125,124,1444,8965,0,0,159,101,6723,2846,3877,56,261,1,0,218,1825,2469,17287,0,250,2500,2846,2846,98,300,62728,Hale the Architect,153926,6588,147338,2500,1768,2500,92,,57,3712,420,322,"RawRibs 1270, Feather 134, LightningScroll 9, EnergyBoltScroll 6, IronIngot 5, StuddedLegs 4","IronIngot 601, Log 374, BronzeIngot 264, MandrakeRoot 208, Ribs 179, CopperIngot 171"
2026-09-25_16-58,2026-09-25T17:23:58,25.1,5.0,1012,3636,22197,140,1549,10887,0,0,140,47,5497,3740,1757,73,191,0,0,52,3018,2044,13797,0,250,0,3740,3740,96,303,62208,Hale the Architect,161443,7515,153928,0,0,0,60,,117,3412,340,0,"RawRibs 1342, Feather 159, EnergyBoltScroll 9, LightningScroll 9, PlateLegs 6, PlateChest 5","IronIngot 539, Log 410, BronzeIngot 181, CopperIngot 179, Ribs 174, MandrakeRoot 158"
2026-09-26_01-08,2026-09-26T01:13:55,5.1,5.1,129,1922,8397,97,1130,5863,0,0,0,65,912,0,912,176,65,0,0,104,0,944,12734,0,250,0,0,0,49,306,556,Ulwin the WarriorMage,14860,12264,2596,0,0,0,0,,0,0,0,526,"RawRibs 945, Feather 120, Leather 27, LeatherBustierArms 19, LeatherChest 13, LeatherSkirt 3","BlackPearl 290, SulfurousAsh 277, LesserHealPotion 191, MandrakeRoot 131, Ginseng 130, Log 115"
2026-09-26_01-08,2026-09-26T01:18:55,10.1,5.0,185,2396,13219,114,1139,6753,0,0,35,20,1503,0,1503,63,54,0,0,44,0,588,12984,0,250,0,0,0,48,312,797,Sable the Warrior,15370,10571,4799,0,0,0,0,,0,0,0,0,"RawRibs 937, Feather 75, Leather 59, LeatherBustierArms 23, IronIngot 15, LeatherChest 14","BlackPearl 265, Feather 227, IronIngot 218, LesserHealPotion 210, SulfurousAsh 186, Log 180"
2026-09-26_01-08,2026-09-26T01:23:55,15.1,5.0,268,2047,9307,117,1193,7772,0,0,115,31,6021,4543,1478,85,147,0,0,30,70,1143,8691,0,250,0,4543,4543,49,339,1018,Faron the Architect,18227,8327,9900,0,0,0,0,,0,0,0,526,"RawRibs 949, Leather 109, Feather 55, Log 30, LeatherBustierArms 22, LeatherChest 13","SulfurousAsh 275, IronIngot 248, BlackPearl 216, LesserHealPotion 166, MandrakeRoot 153, Bloodmoss 110"
2026-09-26_01-08,2026-09-26T01:28:55,20.1,5.0,330,720,4013,119,1121,7950,0,0,156,50,7145,4829,2316,58,208,0,0,44,1624,1046,4112,0,250,0,4829,4829,47,323,1232,Gerda the Sage,18330,5469,12861,0,205,0,0,,0,0,0,2959,"RawRibs 876, Leather 80, Feather 70, Log 30, LeatherBustierArms 23, LeatherChest 15","LesserHealPotion 158, IronIngot 122, Bloodmoss 80, MandrakeRoot 61, BlackPearl 46, SpidersSilk 43"
2026-09-26_01-08,2026-09-26T01:33:55,25.1,5.0,360,1123,4825,124,1125,9811,0,0,12,33,802,0,802,52,44,1,0,24,408,1142,4362,0,250,0,0,0,49,277,1181,Faron the Architect,15408,4324,11084,0,0,0,0,,0,0,0,526,"RawRibs 901, Leather 79, Feather 75, LeatherBustierArms 25, LeatherChest 16, LeatherSkirt 10","IronIngot 218, Arrow 181, Feather 170, LesserHealPotion 159, Bloodmoss 75, SpidersSilk 43"
2026-09-26_01-35,2026-09-26T01:40:55,5.1,5.1,64,661,5181,98,844,5453,0,0,6,24,697,0,697,56,29,0,0,8,0,991,4662,0,250,0,0,0,48,182,1116,Faron the Architect,10236,2055,8181,0,0,0,0,,0,0,0,0,"RawRibs 654, Feather 85, Leather 31, Log 20, LeatherBustierArms 16, LeatherSkirt 13","IronIngot 250, Feather 79, SpidersSilk 61, Nightshade 49, Bloodmoss 37, Ginseng 32"
2026-09-26_01-48,2026-09-26T01:53:16,5.1,5.1,76,646,3783,38,108,1542,0,0,15,21,582,0,582,39,36,0,0,32,0,285,5162,0,250,0,0,0,49,88,315,Faron the Architect,4967,813,4154,0,0,0,0,,0,0,0,0,"RawRibs 75, LeatherBustierArms 8, LightningScroll 6, LeatherSkirt 6, LeatherArms 4, FireballScroll 2","Leather 313, IronIngot 130, Ribs 27, SpidersSilk 26, Nightshade 22, RawRibs 22"
2026-09-26_01-55,2026-09-26T02:00:55,5.1,5.1,79,618,3969,35,156,1418,0,0,7,24,268,0,268,36,31,0,0,59,0,397,5512,0,250,0,0,0,48,76,364,Faron the Architect,4284,712,3572,0,0,0,0,,0,0,0,0,"RawRibs 131, LightningScroll 8, LeatherSkirt 5, LeatherArms 4, LeatherBustierArms 3, BladeSpiritsScroll 1","Leather 232, IronIngot 178, Bolt 63, Hides 20, SulfurousAsh 13, Bottle 11"
2026-09-26_02-10,2026-09-26T02:15:55,5.1,5.1,73,636,4945,37,168,1547,0,0,22,21,609,0,609,17,43,0,0,28,0,208,6162,0,250,0,0,0,47,76,226,Fenna the Archer,3802,770,3032,0,0,0,0,0,0,0,0,0,"RawRibs 135, Leather 9, LeatherBustierArms 6, LightningScroll 4, LeatherSkirt 4, LeatherArms 3","IronIngot 301, SulfurousAsh 61, BlackPearl 41, Scissors 39, LesserHealPotion 24, Hides 20"
2026-09-26_02-33,2026-09-26T02:38:33,5.1,5.1,39,375,3000,24,69,1034,0,0,1,13,152,0,152,13,14,0,0,11,0,427,7062,0,250,0,0,0,43,54,242,Cassia the WarriorArcher,2761,800,1961,0,0,0,0,0,0,0,0,0,"RawRibs 48, LeatherSkirt 7, LightningScroll 5, LeatherBustierArms 5, LeatherArms 3, LeatherGloves 1","Leather 166, IronIngot 121, Dagger 18, Ribs 10, RawRibs 10, BronzeIngot 8"
2026-09-26_02-42,2026-09-26T02:47:06,5.1,5.1,70,618,4030,23,72,946,0,0,1,11,36,0,36,7,12,0,0,19,0,49,7462,0,250,0,0,0,42,67,392,Cassia the WarriorArcher,3530,1577,1953,0,0,0,0,0,0,0,0,0,"RawRibs 52, LeatherSkirt 6, LeatherArms 4, LightningScroll 3, LeatherBustierArms 3, BladeSpiritsScroll 1","IronIngot 278, Leather 48, SpidersSilk 38, SulfurousAsh 37, Hides 24, Nightshade 23"
2026-09-26_02-42,2026-09-26T02:52:06,10.1,5.0,105,1069,7283,35,138,1439,0,0,1,2,19,0,19,0,3,0,0,39,0,198,7712,0,250,0,0,0,42,67,580,Cassia the WarriorArcher,4138,2035,2103,0,0,0,0,0,0,0,0,0,"RawRibs 109, LeatherSkirt 8, LeatherBustierArms 6, LeatherArms 5, LightningScroll 4, GreaterHealScroll 2","IronIngot 471, Leather 166, SpidersSilk 48, Hides 34, Nightshade 34, SulfurousAsh 29"
2026-09-26_02-42,2026-09-26T02:57:06,15.1,5.0,127,1459,5427,55,292,2662,0,0,6,9,245,0,245,16,15,1,0,16,603,585,7962,0,250,0,0,0,40,131,245,Quill the Warrior,4923,2526,2397,0,0,0,0,0,0,0,0,306,"RawRibs 253, LeatherSkirt 12, LeatherBustierArms 7, LightningScroll 5, LeatherArms 5, GreaterHealScroll 2","IronIngot 628, Leather 302, SpidersSilk 54, SulfurousAsh 53, Hides 34, Ribs 31"
2026-09-26_02-42,2026-09-26T03:02:07,20.1,5.0,151,738,2355,79,418,4400,0,0,15,15,340,0,340,14,30,0,0,7,4706,438,8212,0,250,0,0,0,41,137,943,Nessa the Gatherer,8316,3708,4608,0,28,0,0,0,0,0,0,0,"RawRibs 342, Feather 20, LeatherSkirt 16, LeatherBustierArms 10, LeatherArms 7, LightningScroll 6","Leather 242, SpidersSilk 54, Bloodmoss 38, Ribs 38, Hides 34, SulfurousAsh 32"
2026-09-26_02-42,2026-09-26T03:07:07,25.1,5.0,163,781,2305,87,443,5276,0,0,18,11,417,20,397,28,29,0,0,2,1266,164,8442,0,250,0,20,0,40,190,1060,Nessa the Gatherer,10285,3576,6709,0,0,0,0,0,0,0,0,0,"RawRibs 342, Feather 30, LeatherSkirt 16, LeatherBustierArms 11, Leather 10, LeatherArms 7","Leather 324, Ribs 48, Feather 40, Bloodmoss 38, Hides 34, MandrakeRoot 33"
2026-09-26_02-42,2026-09-26T03:12:07,30.1,5.0,192,937,2615,94,514,6167,0,0,5,26,423,0,423,44,29,1,0,22,2090,705,8692,0,250,0,0,0,39,250,1183,Ulla the Warrior,12299,4281,8018,0,0,0,0,0,0,0,0,510,"RawRibs 429, LeatherSkirt 15, LeatherBustierArms 13, Feather 10, Leather 10, LeatherArms 8","Leather 364, IronIngot 130, Feather 125, Ribs 35, Hides 34, BronzeIngot 32"
2026-09-26_02-42,2026-09-26T03:17:07,35.1,5.0,200,908,3444,102,550,7205,3,402,8,16,198,0,198,17,24,0,15,7,1499,410,8942,0,250,0,0,0,38,266,1186,Nessa the Gatherer,13262,4173,9089,0,245,0,0,0,0,0,0,385,"RawRibs 469, LeatherSkirt 17, LeatherBustierArms 14, Feather 10, LeatherArms 8, LeatherChest 8","Leather 353, Feather 125, IronIngot 120, BronzeIngot 48, Hides 32, Shoes 27"
2026-09-26_02-42,2026-09-26T03:22:07,40.1,5.0,236,1254,5065,107,580,8023,1,255,22,9,510,0,510,18,31,0,10,20,715,978,9192,0,250,0,0,0,37,257,1096,Nessa the Gatherer,12566,3612,8954,0,0,0,0,0,0,0,0,0,"RawRibs 485, LeatherSkirt 17, LeatherBustierArms 14, Leather 11, Feather 10, LeatherArms 8","Feather 387, IronIngot 340, Leather 230, BronzeIngot 48, Shoes 39, Hides 32"
2026-09-26_03-26,2026-09-26T03:31:58,5.1,5.1,36,531,3858,58,457,3599,0,0,1,11,357,0,357,29,12,0,0,1,0,452,9342,0,250,0,0,0,37,196,993,Quill the Warrior,9814,2065,7749,0,0,0,0,0,0,0,0,0,"RawRibs 380, Feather 40, LeatherSkirt 7, LeatherBustierArms 7, LightningScroll 5, LeatherChest 5","IronIngot 335, Leather 54, CopperIngot 29, DullCopperIngot 24, BronzeIngot 18, Ribs 14"
2026-09-26_03-26,2026-09-26T03:36:58,10.1,5.0,67,1040,7481,65,471,3399,0,0,2,10,1048,0,1048,20,8,0,0,5,0,314,9592,0,250,0,0,0,37,192,1616,Faron the Architect,10430,2186,8244,0,0,0,0,0,0,0,0,0,"RawRibs 399, Feather 30, LeatherSkirt 9, LeatherBustierArms 9, LightningScroll 5, LeatherChest 5","IronIngot 575, Leather 131, Feather 62, DullCopperIngot 38, Hides 24, BronzeIngot 22"
2026-09-26_03-45,2026-09-26T03:50:56,5.1,5.1,45,591,3464,47,375,2281,0,0,0,10,385,0,385,9,9,0,0,7,0,318,10142,0,250,0,0,0,35,113,1474,Faron the Architect,8995,1595,7400,0,0,0,0,0,0,0,0,0,"RawRibs 332, Feather 15, LeatherBustierArms 8, LeatherSkirt 7, LeatherArms 4, LightningScroll 3","IronIngot 317, Feather 45, Leather 36, BlackPearl 25, Hides 24, Ribs 23"
2026-09-26_03-45,2026-09-26T03:55:56,10.1,5.0,77,1146,7140,56,410,2648,0,0,5,9,257,0,257,14,14,0,0,11,0,229,10392,0,250,0,0,0,33,152,1524,Quill the Warrior,10139,2872,7267,0,0,0,0,0,0,0,0,243,"RawRibs 361, Feather 15, LeatherSkirt 9, LeatherBustierArms 8, LightningScroll 4, LeatherArms 4","IronIngot 553, Feather 135, Leather 88, CopperIngot 52, Hides 44, Dagger 31"
2026-09-26_03-45,2026-09-26T04:00:56,15.1,5.0,102,901,3903,67,491,3765,0,0,1,1,22,0,22,1,2,1,0,10,2838,354,10642,0,250,0,0,0,29,179,2082,Faron the Architect,12030,3124,8906,0,0,0,0,0,0,0,0,322,"RawRibs 415, Feather 35, LeatherSkirt 12, LeatherBustierArms 9, LeatherArms 5, LightningScroll 4","IronIngot 234, Feather 135, Leather 100, Hides 68, CopperIngot 56, Bloodmoss 30"
2026-09-26_03-45,2026-09-26T04:05:57,20.1,5.0,135,995,4600,68,497,3929,0,0,7,7,241,0,241,9,14,0,0,8,1555,1058,10892,0,250,0,0,0,28,221,2065,Faron the Architect,11491,2422,9069,0,290,0,0,0,0,0,0,0,"RawRibs 420, Feather 35, LeatherSkirt 12, LeatherBustierArms 9, LightningScroll 5, LeatherArms 5","IronIngot 231, Feather 135, CopperIngot 79, Leather 74, ShadowIronIngot 55, Hides 44"
2026-09-26_04-07,2026-09-26T04:12:25,5.1,5.1,37,493,3515,44,313,2044,0,0,3,4,149,0,149,10,6,0,0,2,0,165,11192,0,250,0,0,0,26,141,1965,Faron the Architect,9596,885,8711,0,0,0,0,0,0,0,0,0,"RawRibs 266, Feather 20, LeatherSkirt 7, LeatherArms 5, LeatherBustierArms 5, LightningScroll 3","IronIngot 260, Log 90, Leather 30, ShadowIronIngot 28, CopperIngot 26, BronzeIngot 17"
2026-09-26_04-15,2026-09-26T04:20:58,5.1,5.1,31,343,2612,40,206,2304,0,0,0,8,89,0,89,19,8,0,0,2,0,66,11592,0,250,0,0,0,26,96,1826,Faron the Architect,7531,401,7130,0,0,0,0,0,0,0,0,0,"RawRibs 156, Feather 20, LeatherSkirt 9, LeatherBustierArms 7, LeatherChest 5, LightningScroll 3","IronIngot 177, Leather 80, ShadowIronIngot 25, MandrakeRoot 14, Board 10, Dagger 9"
2026-09-26_04-15,2026-09-26T04:25:58,10.1,5.0,70,1203,7127,51,275,2750,0,0,3,7,267,0,267,21,10,0,0,14,0,449,11842,0,250,0,0,0,25,230,1648,Faron the Architect,9336,1665,7671,0,0,0,0,0,0,0,0,0,"RawRibs 228, Feather 10, LeatherSkirt 10, LeatherBustierArms 8, LeatherChest 5, LeatherArms 5","Feather 390, IronIngot 378, Leather 196, ShadowIronIngot 50, DullCopperIngot 38, MandrakeRoot 24"
2026-09-26_04-26,2026-09-26T04:31:28,5.1,5.1,33,273,2103,31,161,1774,0,0,0,4,36,0,36,11,4,0,0,3,0,235,12092,0,250,0,0,0,25,192,1571,Faron the Architect,8348,1285,7063,0,0,0,0,0,0,0,0,0,"RawRibs 118, Feather 20, LeatherSkirt 7, LeatherBustierArms 5, LeatherArms 5, LeatherGloves 3","IronIngot 136, Leather 30, ShadowIronIngot 28, MandrakeRoot 18, Ribs 11, CookedBird 7"
2026-09-26_04-31,2026-09-26T04:36:56,5.1,5.1,42,615,3871,30,156,1641,0,0,1,8,102,0,102,19,8,0,0,4,0,47,12342,0,250,0,0,0,25,148,1464,Faron the Architect,6992,793,6199,0,0,0,0,0,0,0,0,0,"RawRibs 129, LeatherSkirt 6, Feather 5, LeatherArms 5, LeatherBustierArms 4, LeatherChest 3","IronIngot 251, Feather 135, Leather 40, Log 38, BronzeIngot 34, Dagger 20"
2026-09-26_04-31,2026-09-26T04:41:56,10.1,5.0,72,1111,7384,45,204,2321,0,0,6,9,126,0,126,15,15,0,0,6,0,185,12592,0,250,0,0,0,25,148,1494,Quill the Warrior,7247,1163,6084,0,0,0,0,0,0,0,0,0,"RawRibs 165, LeatherSkirt 8, LeatherArms 6, LeatherBustierArms 6, Feather 5, LeatherChest 4","IronIngot 546, Feather 135, Leather 128, BronzeIngot 34, CopperIngot 32, DullCopperIngot 28"
2026-09-26_04-31,2026-09-26T04:46:56,15.1,5.0,93,764,3426,45,175,2465,0,0,6,10,298,60,238,20,14,0,0,8,3007,668,12782,0,250,0,60,0,24,171,1863,Faron the Architect,8370,1489,6881,0,0,0,0,0,0,0,0,0,"RawRibs 130, Feather 10, LeatherSkirt 9, LeatherArms 7, LeatherBustierArms 6, LeatherChest 4","IronIngot 182, Leather 128, Feather 125, DullCopperIngot 62, BronzeIngot 38, CopperIngot 36"
2026-09-26_04-31,2026-09-26T04:51:56,20.1,5.0,98,859,3018,49,211,2846,0,0,2,3,49,0,49,3,5,0,0,4,1244,442,13032,0,250,0,0,0,25,202,2114,Faron the Architect,9945,1356,8589,0,212,0,0,0,0,0,0,0,"RawRibs 165, Feather 10, LeatherSkirt 9, LeatherArms 7, LeatherBustierArms 6, LeatherChest 5","IronIngot 227, Leather 156, Feather 125, DullCopperIngot 116, BronzeIngot 48, CopperIngot 44"
2026-09-26_04-31,2026-09-26T04:56:56,25.1,5.0,110,963,3275,52,240,3213,0,0,1,5,130,20,110,5,6,0,0,4,1607,43,13262,0,250,0,20,0,25,232,2257,Faron the Architect,11317,1771,9546,0,0,0,0,0,0,0,0,0,"RawRibs 198, LeatherSkirt 9, LeatherArms 7, LeatherBustierArms 6, LeatherChest 5, Feather 5","IronIngot 333, DullCopperIngot 142, Feather 125, ShadowIronIngot 74, BronzeIngot 59, CopperIngot 59"
2026-09-26_04-57,2026-09-26T05:02:45,5.1,5.1,40,564,3105,37,260,1948,0,0,3,13,323,0,323,23,16,0,0,4,0,87,13512,0,250,0,0,0,25,166,2145,Faron the Architect,9728,969,8759,0,0,0,0,0,0,0,0,0,"RawRibs 217, Log 15, Feather 5, LeatherChest 5, LeatherBustierArms 5, LeatherArms 4","IronIngot 198, Feather 135, Log 105, ShadowIronIngot 21, BronzeIngot 19, CopperIngot 13"
2026-09-26_04-57,2026-09-26T05:07:45,10.1,5.0,62,1179,7732,42,272,2225,0,0,4,5,117,0,117,18,9,0,0,7,0,797,13762,0,250,0,0,0,25,166,2132,Faron the Architect,10001,964,9037,0,0,0,0,0,0,0,0,0,"RawRibs 239, LeatherBustierArms 6, LeatherSkirt 6, Feather 5, LeatherArms 5, LeatherChest 5","IronIngot 513, Log 185, Feather 135, ShadowIronIngot 60, BronzeIngot 49, CopperIngot 37"
2026-09-26_04-57,2026-09-26T05:12:45,15.1,5.0,91,701,3275,46,302,2778,0,0,46,7,4184,3973,211,22,66,1,0,5,1713,646,10039,0,250,0,3973,3973,26,275,2679,Faron the Architect,14859,896,13963,0,0,0,0,0,0,0,0,0,"RawRibs 262, Feather 10, LeatherBustierArms 7, LeatherSkirt 7, LeatherChest 6, LeatherArms 5","Feather 257, IronIngot 131, Leather 88, ShadowIronIngot 57, DullCopperIngot 35, GoldIngot 28"
2026-09-26_04-57,2026-09-26T05:17:45,20.1,5.0,100,0,0,49,320,3163,0,0,69,8,3114,3054,60,5,78,0,0,8,582,330,7235,0,250,0,3054,3054,26,329,2943,Faron the Architect,13074,1031,12043,5000,431,0,0,0,0,0,0,0,"RawRibs 279, Feather 10, LeatherBustierArms 7, LeatherSkirt 7, LeatherChest 6, LeatherArms 5",nothing
2026-09-26_04-57,2026-09-26T05:22:45,25.1,5.0,106,21,42,49,320,3578,0,0,38,0,1515,1515,0,0,38,1,0,1,188,1464,5970,0,250,0,1515,1515,26,300,3026,Faron the Architect,12776,1023,11753,0,0,0,0,0,0,1000,0,0,"RawRibs 279, Feather 10, LeatherBustierArms 7, LeatherSkirt 7, LeatherChest 6, LeatherArms 4",IronIngot 21
2026-09-26_04-57,2026-09-26T05:27:45,30.1,5.0,113,433,1597,50,339,3877,0,0,0,9,118,0,118,21,9,0,0,1,200,191,6220,0,250,0,0,0,26,298,3081,Faron the Architect,12992,1427,11565,0,0,0,0,0,0,1000,0,0,"RawRibs 298, Feather 10, LeatherBustierArms 7, LeatherSkirt 7, LeatherChest 6, LeatherArms 4","IronIngot 250, Feather 80, CopperIngot 20, Leather 20, DullCopperIngot 13, MandrakeRoot 10"
2026-09-26_04-57,2026-09-26T05:32:45,35.1,5.0,126,818,2675,59,346,4721,2,937,1,9,96,0,96,13,10,0,3,12,0,166,6470,0,250,0,0,0,26,325,3082,Faron the Architect,13125,1578,11547,0,249,0,14,0,14,1000,0,0,"RawRibs 297, Feather 10, LeatherBustierArms 9, LeatherSkirt 9, LeatherArms 6, LeatherChest 6","IronIngot 524, Feather 80, CopperIngot 38, Leather 32, Log 30, DullCopperIngot 27"
2026-09-26_04-57,2026-09-26T05:37:45,40.1,5.0,136,1178,3425,63,350,5190,1,10,1,4,30,0,30,7,5,0,5,3,132,88,6720,0,250,0,0,0,26,305,3069,Faron the Architect,13141,1565,11576,0,0,0,2,0,16,1000,0,0,"RawRibs 303, LeatherSkirt 11, LeatherBustierArms 9, LeatherArms 6, LeatherChest 6, Feather 5","IronIngot 672, Leather 136, Feather 75, Log 60, CopperIngot 54, DullCopperIngot 44"
2026-09-26_04-57,2026-09-26T05:42:45,45.1,5.0,151,1528,4500,63,352,5698,3,360,0,2,17,0,17,6,2,0,3,13,112,66,6970,0,250,0,0,0,26,291,3061,Faron the Architect,12820,1316,11504,0,0,0,0,0,16,1000,0,0,"RawRibs 309, LeatherSkirt 11, LeatherBustierArms 9, LeatherArms 6, LeatherChest 6, LightningScroll 4","IronIngot 837, Leather 152, Log 130, Feather 70, ShadowIronIngot 64, CopperIngot 58"
2026-09-26_04-57,2026-09-26T05:47:45,50.1,5.0,156,1925,4908,66,382,6230,3,192,0,7,112,0,112,28,7,0,8,2,1172,346,7220,0,250,0,0,0,26,270,3110,Faron the Architect,13338,1523,11815,0,263,0,4,0,15,1044,44,0,"RawRibs 328, LeatherSkirt 11, Feather 10, LeatherBustierArms 9, LeatherArms 6, LeatherChest 6","IronIngot 1091, Feather 160, Leather 135, ShadowIronIngot 107, Log 100, BronzeIngot 81"
2026-09-26_04-57,2026-09-26T05:52:45,55.1,5.0,161,1150,3032,64,385,6192,1,12,50,12,3007,2243,764,34,56,2,2,2,457,115,5227,0,250,0,2243,2243,25,271,3646,Faron the Architect,10726,1237,9489,5800,0,0,5,0,20,1044,0,0,"RawRibs 328, LeatherSkirt 11, Feather 10, LeatherBustierArms 8, LeatherArms 6, LeatherChest 6","IronIngot 780, Log 70, Arrow 63, BronzeIngot 54, DullCopperIngot 37, ShadowIronIngot 32"
2026-09-26_04-57,2026-09-26T05:57:45,60.1,5.0,181,533,2029,67,432,6706,1,120,56,6,2595,2442,153,5,53,0,2,16,593,551,3035,0,250,0,2442,2442,26,284,4131,Faron the Architect,12746,2222,10524,500,0,0,0,0,20,1044,0,323,"RawRibs 340, Feather 30, Log 15, LeatherSkirt 11, LeatherBustierArms 8, LeatherArms 6","IronIngot 344, Log 95, ShadowIronIngot 29, GoldIngot 19, DullCopperIngot 12, FancyShirt 11"
2026-09-26_04-57,2026-09-26T06:02:46,65.1,5.0,186,398,2910,66,445,7030,2,104,18,3,1179,1134,45,0,22,2,1,5,132,3118,2151,0,250,0,1134,1134,26,254,4345,Faron the Architect,10019,1127,8892,0,172,0,0,0,0,1044,0,0,"RawRibs 350, Feather 30, Leather 26, LeatherSkirt 10, LeatherBustierArms 8, LeatherArms 6","IronIngot 222, ShadowIronIngot 45, FancyShirt 24, BronzeIngot 21, DullCopperIngot 20, GoldIngot 18"
2026-09-26_04-57,2026-09-26T06:07:46,70.1,5.0,195,591,3433,67,454,7379,5,292,0,6,117,0,117,4,6,1,2,36,38,824,2401,0,250,0,0,0,26,241,4373,Faron the Architect,9573,1247,8326,0,0,0,14,0,14,2044,0,0,"RawRibs 339, Leather 51, Feather 30, LeatherSkirt 9, LeatherBustierArms 8, LeatherArms 7","IronIngot 329, ShadowIronIngot 45, FancyShirt 27, BronzeIngot 25, DullCopperIngot 20, PlainDress 18"
2026-09-26_04-57,2026-09-26T06:12:46,75.1,5.0,184,784,2460,65,449,7607,3,90,4,10,335,0,335,21,14,1,4,12,198,448,2651,0,250,0,0,0,26,239,4381,Faron the Architect,10078,1800,8278,0,0,0,6,0,20,2088,44,0,"RawRibs 341, Leather 36, Feather 30, IronIngot 10, LeatherSkirt 9, LeatherBustierArms 8","IronIngot 446, ShadowIronIngot 73, Feather 52, FancyShirt 27, BronzeIngot 25, DullCopperIngot 20"
2026-09-26_04-57,2026-09-26T06:17:46,80.1,5.0,158,787,3058,64,453,8005,1,284,2,7,150,0,150,8,9,0,7,6,36,605,2901,0,250,0,0,0,26,209,4418,Faron the Architect,9169,905,8264,0,33,0,7,0,7,2088,0,290,"RawRibs 339, Leather 47, Feather 30, LeatherSkirt 9, LeatherBustierArms 8, LeatherArms 7","IronIngot 426, ShadowIronIngot 74, Feather 52, FancyShirt 27, Leather 25, DullCopperIngot 20"
2026-09-26_04-57,2026-09-26T06:22:46,85.1,5.0,168,973,3824,64,409,8447,1,280,2,18,231,0,231,43,20,1,6,17,127,202,3151,0,250,0,0,0,26,195,4646,Faron the Architect,9513,758,8755,0,0,0,0,0,7,2088,0,0,"RawRibs 334, Leather 27, Feather 10, LeatherSkirt 9, LeatherArms 7, LeatherBustierArms 7","IronIngot 516, Feather 82, ShadowIronIngot 53, CopperIngot 51, FancyShirt 27, Bloodmoss 26"
2026-09-26_04-57,2026-09-26T06:27:46,90.1,5.0,189,917,4146,65,434,8830,1,320,3,24,377,0,377,39,24,0,9,23,209,179,3401,0,250,0,0,0,26,222,4705,Faron the Architect,10625,1892,8733,0,0,0,17,0,24,2233,145,201,"RawRibs 338, Feather 25, Leather 23, IronIngot 10, LeatherSkirt 9, LeatherArms 7","IronIngot 210, Log 185, Feather 82, ShadowIronIngot 72, CopperIngot 48, Bloodmoss 32"
2026-09-26_04-57,2026-09-26T06:32:46,95.1,5.0,199,1059,4623,62,405,9309,4,458,4,5,115,0,115,2,9,0,5,17,619,63,3651,0,250,0,0,0,26,258,4865,Faron the Architect,11014,1754,9260,0,44,0,0,0,0,2233,0,0,"RawRibs 322, Feather 25, Leather 20, LeatherSkirt 9, LeatherArms 7, LeatherBustierArms 7","IronIngot 286, Log 185, Feather 82, ShadowIronIngot 76, CopperIngot 64, GoldIngot 35"
2026-09-26_04-57,2026-09-26T06:37:46,100.1,5.0,197,1189,4073,63,418,9772,1,490,9,9,342,0,342,26,18,0,15,7,1560,841,3901,0,250,0,0,0,26,261,5874,Faron the Architect,11735,1863,9872,0,0,0,7,0,7,2240,120,0,"RawRibs 335, Feather 30, Leather 15, LeatherSkirt 9, LeatherArms 7, LeatherBustierArms 7","IronIngot 477, Log 135, ShadowIronIngot 90, CopperIngot 77, Feather 67, BronzeIngot 46"
2026-09-26_04-57,2026-09-26T06:42:46,105.1,5.0,209,1276,4188,62,378,10105,2,596,6,8,265,0,265,10,14,1,10,12,983,194,4151,0,250,0,0,0,25,225,6048,Faron the Architect,12337,1371,10966,0,0,0,4,0,11,2240,0,0,"RawRibs 309, Feather 30, LeatherSkirt 9, LeatherArms 7, LeatherBustierArms 7, LightningScroll 4","IronIngot 441, Log 115, CopperIngot 107, ShadowIronIngot 90, BronzeIngot 76, Feather 67"
2026-09-26_04-57,2026-09-26T06:47:46,110.1,5.0,212,1309,4706,64,377,10699,2,80,6,8,269,0,269,37,14,0,12,32,44,486,4401,0,250,0,0,0,26,241,6030,Faron the Architect,11906,1055,10851,0,85,0,0,0,0,2240,300,0,"RawRibs 314, Feather 35, LeatherSkirt 9, LeatherBustierArms 8, LeatherArms 7, LightningScroll 4","IronIngot 170, CopperIngot 148, ShadowIronIngot 139, Log 135, BronzeIngot 106, Feather 102"
2026-09-26_04-57,2026-09-26T06:52:46,115.1,5.0,191,1135,3466,66,424,11120,1,14,14,2,470,0,470,6,16,1,8,27,776,653,4651,0,250,0,0,0,26,272,6041,Faron the Architect,13368,1843,11525,0,0,0,4,0,4,2240,0,0,"RawRibs 308, Feather 40, Leather 38, LeatherSkirt 9, LeatherBustierArms 8, LeatherArms 7","ShadowIronIngot 211, Log 180, CopperIngot 157, DullCopperIngot 92, BronzeIngot 77, Feather 57"
2026-09-26_04-57,2026-09-26T06:57:46,120.1,5.0,183,1657,7077,66,562,11465,1,4,10,9,298,0,298,14,18,1,14,27,568,537,4901,0,250,0,0,0,26,266,6242,Faron the Architect,13392,1729,11663,0,0,0,0,0,4,2240,0,0,"RawRibs 286, Arrow 150, Leather 51, Feather 35, LeatherSkirt 9, LeatherBustierArms 8","IronIngot 367, ShadowIronIngot 259, Log 210, CopperIngot 201, BronzeIngot 151, DullCopperIngot 106"
2026-09-26_04-57,2026-09-26T07:02:46,125.1,5.0,181,2813,11072,63,550,11030,4,1782,4,5,165,60,105,13,9,11,7,0,262,505,5091,0,250,0,60,0,26,275,6648,Faron the Architect,15393,2807,12586,0,98,0,0,0,0,2240,0,606,"RawRibs 295, Arrow 145, Leather 51, Feather 23, LeatherBustierArms 7, LeatherSkirt 7","Log 1200, IronIngot 470, ShadowIronIngot 265, CopperIngot 249, BronzeIngot 169, DullCopperIngot 111"
2026-09-26_04-57,2026-09-26T07:07:46,130.1,5.0,190,4600,13968,64,489,11177,4,2396,2,11,268,0,268,14,13,6,7,9,805,911,5341,0,250,0,0,0,26,341,6536,Faron the Architect,16351,3707,12644,0,0,0,0,0,0,2240,0,0,"RawRibs 268, Arrow 145, Leather 28, Feather 18, LeatherArms 7, LeatherBustierArms 6","Log 3045, IronIngot 375, ShadowIronIngot 283, CopperIngot 261, BronzeIngot 169, DullCopperIngot 131"
2026-09-26_04-57,2026-09-26T07:12:46,135.1,5.0,228,6835,16827,63,502,12157,2,1870,1,20,563,0,563,25,20,4,24,46,430,1129,5591,0,250,0,0,0,27,347,6914,Faron the Architect,18010,2900,15110,0,0,0,10,0,10,2240,0,0,"RawRibs 310, Arrow 139, Feather 18, LeatherArms 7, Leather 7, LeatherBustierArms 6","Log 5395, ShadowIronIngot 287, CopperIngot 225, IronIngot 196, BronzeIngot 175, DullCopperIngot 106"
2026-09-26_04-57,2026-09-26T07:17:46,140.1,5.0,251,9636,24835,70,674,13967,5,4882,12,28,667,0,667,31,39,1,25,42,325,1306,5841,0,250,0,0,0,27,309,7126,Faron the Architect,15417,1436,13981,0,252,0,0,2,1,2240,27,260,"RawRibs 359, Arrow 231, Feather 23, Leather 23, LeatherArms 8, LeatherBustierArms 6","Log 7645, IronIngot 479, ShadowIronIngot 261, Feather 225, CopperIngot 168, BronzeIngot 160"
2026-09-26_04-57,2026-09-26T07:22:46,145.1,5.0,282,10693,28091,74,680,15373,5,7267,24,16,1393,1069,324,13,39,1,21,69,466,577,5022,0,250,0,1069,1069,27,328,7214,Faron the Architect,16028,1572,14456,0,0,0,0,0,1,2212,0,0,"RawRibs 346, Arrow 226, Leather 28, Feather 23, IronIngot 16, LeatherBustierArms 7","Log 8720, IronIngot 536, Feather 219, CopperIngot 177, ShadowIronIngot 175, BronzeIngot 159"
2026-09-26_04-57,2026-09-26T07:27:46,150.1,5.0,290,10937,27299,77,699,16826,9,11362,25,25,1917,1449,468,39,51,1,8,25,971,1025,3823,0,250,0,1449,1449,27,329,7211,Faron the Architect,15519,1419,14100,0,0,0,0,0,1,2212,0,0,"RawRibs 360, Arrow 223, Feather 30, Leather 28, IronIngot 15, LeatherBustierArms 8","Log 9097, IronIngot 426, ShadowIronIngot 215, Feather 201, BronzeIngot 159, CopperIngot 133"
2026-09-26_04-57,2026-09-26T07:32:46,155.1,5.0,295,7793,20085,74,701,17438,4,10906,27,14,1842,1704,138,9,43,7,7,12,4180,692,2369,0,250,0,1704,1664,27,390,7296,Faron the Architect,18936,2524,16412,0,159,0,0,0,0,2234,22,527,"RawRibs 362, Arrow 220, Leather 48, Feather 30, LeatherBustierArms 10, LeatherArms 6","Log 6295, IronIngot 420, ShadowIronIngot 221, BronzeIngot 141, SkinningKnife 86, CopperIngot 73"
2026-09-26_04-57,2026-09-26T07:37:46,160.1,5.0,291,9111,21930,74,696,18582,4,12676,10,14,570,418,152,11,24,3,8,15,1371,1474,2201,0,250,0,418,418,28,322,7459,Faron the Architect,18436,1641,16795,0,0,0,1,0,1,2234,22,204,"RawRibs 344, Arrow 217, Leather 48, Feather 25, IronIngot 20, LeatherBustierArms 10","Log 7749, IronIngot 345, ShadowIronIngot 223, BronzeIngot 89, SkinningKnife 85, CopperIngot 72"
2026-09-26_04-57,2026-09-26T07:42:47,165.1,5.0,269,10256,25277,71,650,18745,5,17670,12,16,258,0,258,27,26,4,30,12,2038,1818,2451,0,250,0,0,0,28,326,7760,Faron the Architect,18739,1237,17502,0,0,0,10,0,11,2237,183,0,"RawRibs 334, Arrow 210, Leather 48, Feather 15, LeatherBustierArms 9, LeatherArms 7","Log 9139, IronIngot 340, BronzeIngot 99, Feather 90, DullCopperIngot 88, SkinningKnife 84"
2026-09-26_04-57,2026-09-26T07:47:47,170.1,5.0,268,12722,29211,69,584,20227,11,22389,5,21,482,0,482,47,26,1,56,9,441,1126,2701,0,250,0,0,0,28,290,7757,Faron the Architect,16647,380,16267,0,253,0,0,0,0,2237,0,0,"RawRibs 313, Arrow 207, Leather 17, Feather 10, LeatherBustierArms 9, LeatherArms 8","Log 11349, IronIngot 368, CopperIngot 173, DullCopperIngot 137, BronzeIngot 104, ShadowIronIngot 96"
2026-09-26_04-57,2026-09-26T07:52:47,175.1,5.0,255,14269,33711,74,634,22167,7,24679,13,23,705,20,685,28,35,1,60,27,325,860,2931,0,250,0,20,0,29,230,7858,Faron the Architect,15594,791,14803,0,0,0,14,1,15,2259,22,0,"RawRibs 318, Arrow 197, Feather 30, IronIngot 30, Leather 15, LeatherBustierArms 10","Log 12959, IronIngot 358, CopperIngot 179, DullCopperIngot 151, BronzeIngot 108, ShadowIronIngot 96"
2026-09-26_04-57,2026-09-26T07:57:47,180.1,5.0,291,14097,33884,74,617,23310,7,26456,5,27,872,0,872,30,32,0,37,19,2243,635,3181,0,250,0,0,0,27,233,7811,Faron the Architect,17253,3555,13698,0,0,0,0,0,15,2240,303,323,"RawRibs 304, Arrow 190, Leather 41, Feather 23, IronIngot 15, LeatherBustierArms 10","Log 12719, IronIngot 358, SkinningKnife 175, CopperIngot 132, BronzeIngot 124, DullCopperIngot 117"
2026-09-26_04-57,2026-09-26T08:02:47,185.1,5.0,320,15891,35209,75,755,24238,7,28379,4,11,132,0,132,6,15,1,40,27,1201,720,3431,0,250,0,0,0,28,249,8024,Faron the Architect,18370,3649,14721,0,257,0,0,0,0,2243,3,0,"Arrow 332, RawRibs 310, Leather 41, Feather 23, LeatherBustierArms 10, LeatherArms 8","Log 14509, SkinningKnife 224, CopperIngot 185, DullCopperIngot 168, BronzeIngot 146, Feather 75"
2026-09-26_04-57,2026-09-26T08:07:47,190.1,5.0,323,18155,41434,73,760,24407,6,30978,0,8,118,0,118,14,8,5,60,7,553,500,3681,0,250,0,0,0,29,286,7961,Faron the Architect,18508,2910,15598,0,0,0,0,0,0,2262,44,0,"Arrow 327, RawRibs 326, Leather 61, Feather 13, LeatherBustierArms 8, LeatherArms 6","Log 16149, IronIngot 441, SkinningKnife 224, CopperIngot 195, Feather 165, DullCopperIngot 150"
2026-09-26_04-57,2026-09-26T08:12:47,195.1,5.0,315,18922,41973,71,737,24971,9,30990,3,7,76,0,76,26,10,2,33,1,611,22,3931,0,250,0,0,0,28,226,8709,Faron the Architect,18510,2119,16391,0,0,0,2,0,2,2284,22,0,"RawRibs 331, Arrow 327, Leather 41, LeatherBustierArms 8, Feather 8, LeatherArms 6","Log 16849, IronIngot 511, SkinningKnife 223, CopperIngot 202, BronzeIngot 165, Feather 160"
2026-09-26_04-57,2026-09-26T08:17:47,200.1,5.0,316,20488,42200,71,823,25794,10,33207,2,14,213,0,213,11,15,5,41,11,1584,633,4181,0,250,0,0,0,28,297,8949,Faron the Architect,18944,1841,17103,0,285,0,5,0,5,2281,22,0,"RawRibs 337, Arrow 325, Bolt 90, Leather 21, Feather 20, LeatherBustierArms 8","Log 18499, IronIngot 644, SkinningKnife 181, BronzeIngot 165, Feather 160, DullCopperIngot 124"
2026-09-26_04-57,2026-09-26T08:22:47,205.1,5.0,292,19354,40324,68,775,25374,11,34380,7,6,94,0,94,6,12,3,49,10,2915,455,4411,20,250,0,0,0,28,380,9107,Faron the Architect,21051,3122,17929,0,0,0,0,0,5,2625,344,0,"Arrow 325, RawRibs 319, Bolt 90, Leather 41, Feather 20, LeatherBustierArms 7","Log 17389, IronIngot 616, DullCopperIngot 216, CopperIngot 190, SkinningKnife 179, BronzeIngot 165"
2026-09-26_04-57,2026-09-26T08:27:47,210.1,5.0,265,20476,43012,65,763,26551,9,36388,5,21,827,0,827,25,27,4,78,13,1374,757,4661,20,250,0,0,0,28,380,9249,Faron the Architect,22142,3112,19030,0,0,0,4,0,9,2427,22,0,"Arrow 308, RawRibs 294, Bolt 90, Leather 35, Feather 15, LeatherBustierArms 6","Log 18739, IronIngot 555, DullCopperIngot 217, CopperIngot 181, BronzeIngot 132, ShadowIronIngot 105"
2026-09-26_04-57,2026-09-26T08:32:47,215.1,5.0,308,21492,50333,69,746,29106,15,42885,23,45,1619,0,1619,46,67,2,41,33,1220,966,4911,20,250,0,0,0,28,285,9513,Faron the Architect,19411,2562,16849,0,362,0,10,0,10,2427,420,0,"Arrow 295, RawRibs 275, Bolt 90, IronIngot 22, Feather 20, LeatherBustierArms 7","Log 19869, IronIngot 505, DullCopperIngot 143, CopperIngot 124, BronzeIngot 123, SkinningKnife 105"
2026-09-26_04-57,2026-09-26T08:37:47,220.1,5.0,297,21202,50029,66,702,28791,12,43887,5,24,661,0,661,10,29,3,27,41,1247,292,10161,20,250,5000,0,0,28,193,9671,Faron the Architect,16577,1703,14874,5000,0,5000,0,9,0,2470,43,0,"Arrow 292, RawRibs 260, Bolt 90, IronIngot 20, LeatherBustierArms 7, LeatherSkirt 6","Log 19809, IronIngot 180, CopperIngot 147, DullCopperIngot 143, BronzeIngot 136, SkinningKnife 132"
2026-09-26_04-57,2026-09-26T08:42:47,225.1,5.0,287,22403,47615,67,760,30656,7,38963,1,28,937,0,937,24,28,3,35,26,228,422,10411,20,250,0,0,0,28,300,9797,Faron the Architect,17298,919,16379,0,0,0,0,8,8,2427,0,0,"Arrow 442, RawRibs 186, Bolt 90, LeatherArms 7, LeatherSkirt 7, LeatherBustierArms 6","Log 21109, IronIngot 151, CopperIngot 147, DullCopperIngot 136, BronzeIngot 133, SkinningKnife 132"
2026-09-26_04-57,2026-09-26T08:47:47,230.1,5.0,286,22331,47081,70,779,32004,9,40683,11,23,865,0,865,36,33,4,44,9,2198,841,10661,20,250,0,0,0,28,260,9754,Faron the Architect,18832,1990,16842,0,96,0,13,0,13,2427,0,0,"Arrow 437, RawRibs 195, Bolt 86, IronIngot 19, LeatherBustierArms 7, LeatherArms 6","Log 21229, IronIngot 158, CopperIngot 144, BronzeIngot 133, DullCopperIngot 106, SkinningKnife 99"
2026-09-26_04-57,2026-09-26T08:52:47,235.1,5.0,294,22544,47746,66,723,32838,12,42667,7,31,2017,0,2017,24,36,5,33,13,1308,592,10911,20,250,0,0,0,28,266,9048,Faron the Architect,18041,1441,16600,0,0,0,0,0,13,2569,142,0,"Arrow 435, RawRibs 160, Bolt 86, LeatherSkirt 9, LeatherArms 7, LeatherBustierArms 6","Log 21479, IronIngot 180, CopperIngot 144, BronzeIngot 133, SkinningKnife 99, Hides 76"
2026-09-26_04-57,2026-09-26T08:57:47,240.1,5.0,282,22988,47933,69,743,35294,11,43919,10,26,1268,0,1268,27,36,1,54,18,1044,210,11161,20,250,0,0,0,28,200,9243,Faron the Architect,18418,1103,17315,0,0,0,11,0,24,2449,22,0,"Arrow 433, RawRibs 181, Bolt 86, LeatherSkirt 9, LeatherArms 8, LeatherBustierArms 6","Log 22059, IronIngot 204, Hides 120, SkinningKnife 93, CopperIngot 76, Leather 40"
2026-09-26_04-57,2026-09-26T09:02:47,245.1,5.0,272,23352,49358,68,785,35552,14,44021,7,20,542,0,542,20,27,6,46,22,1064,352,11411,20,250,0,0,0,28,320,9217,Faron the Architect,19331,2146,17185,0,273,0,0,0,3,2449,22,0,"Arrow 429, RawRibs 228, Bolt 86, LeatherSkirt 9, LeatherArms 7, LeatherBustierArms 4","Log 22369, IronIngot 237, SkinningKnife 96, CopperIngot 92, DullCopperIngot 81, ShadowIronIngot 69"
2026-09-26_04-57,2026-09-26T09:07:47,250.1,5.0,289,24247,52427,67,784,33504,12,44601,13,19,590,0,590,21,32,4,29,60,609,1137,11661,20,250,0,0,0,29,233,10066,Faron the Architect,19540,578,18962,0,0,0,0,0,3,2449,0,0,"Arrow 425, RawRibs 224, Bolt 86, IronIngot 20, LeatherSkirt 8, LeatherArms 6","Log 23059, IronIngot 224, CopperIngot 164, BronzeIngot 135, ShadowIronIngot 106, DullCopperIngot 81"
2026-09-26_04-57,2026-09-26T09:12:47,255.1,5.0,300,24346,51675,65,778,33434,14,44664,7,22,1521,0,1521,30,33,6,31,24,968,921,11911,20,250,0,0,0,31,300,10055,Faron the Architect,21308,181,21127,0,0,0,0,0,3,2449,0,0,"Arrow 425, RawRibs 228, Bolt 86, IronIngot 14, LeatherSkirt 8, LightningScroll 5","Log 23069, BronzeIngot 163, IronIngot 139, CopperIngot 127, ShadowIronIngot 122, DullCopperIngot 81"
2026-09-26_04-57,2026-09-26T09:17:47,260.1,5.0,298,24455,51989,66,789,31903,8,44196,8,42,2807,0,2807,44,48,4,25,67,1017,888,12161,20,250,0,0,0,30,415,10383,Faron the Architect,23550,966,22584,0,329,0,4,0,4,2427,22,0,"Arrow 423, RawRibs 189, Bolt 86, IronIngot 45, CopperIngot 10, LeatherSkirt 6","Log 23319, BronzeIngot 178, CopperIngot 159, ShadowIronIngot 122, DullCopperIngot 81, MandrakeRoot 67"
2026-09-26_04-57,2026-09-26T09:22:47,265.1,5.0,310,25244,56765,64,783,30279,7,44455,16,35,4779,0,4779,43,47,3,18,23,404,1447,12411,20,250,0,0,0,29,300,13712,Faron the Architect,24944,617,24327,0,0,0,0,0,4,2393,0,0,"Arrow 418, RawRibs 210, Bolt 86, IronIngot 20, Leather 15, LightningScroll 6","Log 24149, BronzeIngot 178, CopperIngot 156, ShadowIronIngot 130, Leather 97, DullCopperIngot 67"
2026-09-26_04-57,2026-09-26T09:27:47,270.1,5.0,340,26638,63010,71,790,19479,12,45467,14,64,15975,0,15975,59,64,0,23,21,444,748,12661,20,250,0,0,0,31,297,27708,Faron the Architect,39564,2044,37520,0,0,0,0,0,4,2393,22,0,"Arrow 485, RawRibs 151, Bolt 85, IronIngot 21, LeatherSkirt 7, LeatherLegs 6","Log 25249, CopperIngot 228, BronzeIngot 178, ShadowIronIngot 130, Scissors 68, Leather 65"
2026-09-26_04-57,2026-09-26T09:32:47,275.1,5.0,334,24985,56689,76,860,18954,7,46318,11,38,4457,0,4457,51,43,3,43,16,3320,975,12911,20,250,0,0,0,31,281,30661,Faron the Architect,43126,3882,39244,0,217,0,2,0,2,2393,0,289,"Arrow 482, RawRibs 197, Bolt 85, IronIngot 35, Feather 10, LeatherSkirt 8","Log 23329, Leather 263, CopperIngot 213, ShadowIronIngot 143, Feather 142, BronzeIngot 133"
2026-09-26_04-57,2026-09-26T09:37:47,280.1,5.0,388,26138,58532,88,1172,20593,11,46817,8,87,4710,0,4710,66,42,2,27,26,1120,552,13161,20,250,0,0,0,29,194,1994,Fendrel the Gatherer,9929,1792,8137,0,0,0,0,0,2,2393,3,0,"Arrow 802, RawRibs 219, Bolt 85, IronIngot 11, LeatherSkirt 8, LeatherBustierArms 6","Log 23879, Leather 507, Feather 494, CopperIngot 214, ShadowIronIngot 143, Scissors 86"
2026-09-26_04-57,2026-09-26T09:42:47,285.1,5.0,420,26674,59256,91,1187,19738,12,47771,26,36,1666,0,1666,33,0,2,21,17,2081,833,13411,20,250,0,0,0,29,300,2258,Fendrel the Gatherer,14589,1709,12880,0,0,0,0,3,5,2393,0,0,"Arrow 798, RawRibs 236, Bolt 85, Feather 10, LeatherSkirt 8, LeatherBustierArms 6","Log 24449, Leather 561, Feather 484, CopperIngot 168, ShadowIronIngot 147, SpidersSilk 98"
2026-09-26_04-57,2026-09-26T09:47:48,290.1,5.0,407,27768,61633,93,1189,20406,11,49151,8,29,1747,0,1747,40,0,2,15,11,784,1147,13661,20,250,0,0,0,29,227,2026,Fendrel the Gatherer,13145,1459,11686,0,610,0,0,10,10,2393,0,323,"Arrow 796, RawRibs 224, Bolt 85, IronIngot 15, Feather 10, LeatherSkirt 7","Log 25429, Leather 633, Feather 484, ShadowIronIngot 152, CopperIngot 109, SpidersSilk 98"
2026-09-26_04-57,2026-09-26T09:52:48,295.1,5.0,412,25851,57144,92,1213,22047,10,48433,23,52,6060,3560,2500,74,0,1,24,16,1843,735,10351,20,250,0,3560,3560,30,304,2165,Fendrel the Gatherer,14012,848,13164,0,0,0,6,0,16,2393,120,240,"Arrow 790, RawRibs 277, Bolt 84, LeatherSkirt 7, LeatherBustierArms 6, LightningScroll 6","Log 23838, Leather 545, Feather 212, ShadowIronIngot 152, IronIngot 121, CopperIngot 109"
2026-09-26_04-57,2026-09-26T09:57:48,300.1,5.0,395,21072,43518,94,1317,23841,6,35396,34,10,9719,9103,616,15,0,3,15,7,544,196,6498,20,250,5000,9103,9103,30,228,4242,Lysa the Gatherer,16559,1379,15180,5000,0,5000,3,0,9,2415,22,0,"Arrow 885, RawRibs 286, Bolt 84, LeatherBustierArms 6, LightningScroll 6, LeatherGloves 6","Log 19338, Leather 410, IronIngot 187, Feather 180, ShadowIronIngot 152, Bloodmoss 77"
2026-09-26_04-57,2026-09-26T10:02:48,305.1,5.0,418,18995,40571,105,1364,26215,10,31971,19,17,5630,4598,1032,13,0,0,21,12,583,1472,7150,20,250,5000,4598,4598,29,263,799,Wynn the Warrior,7596,875,6721,10000,977,5000,0,0,0,2393,0,0,"Arrow 880, RawRibs 330, Bolt 84, LightningScroll 8, RingmailLegs 6, LeatherCap 6","Log 17233, Leather 356, Feather 300, IronIngot 187, Nightshade 94, MagicArrowScroll 86"
2026-09-26_04-57,2026-09-26T10:07:48,310.1,5.0,415,18721,40911,108,1352,25536,8,32780,14,63,3084,0,3084,38,0,4,39,9,1761,2493,7400,20,250,0,0,0,39,200,815,Quill the Warrior,10941,1974,8967,0,0,0,0,5,5,3363,3,0,"Arrow 878, RawRibs 318, Bolt 84, Leather 15, Feather 10, LightningScroll 7","Log 17113, Leather 414, Feather 342, IronIngot 191, MagicArrowScroll 90, Nightshade 78"
2026-09-26_04-57,2026-09-26T10:12:48,315.1,5.0,455,17828,39710,105,1364,26567,15,31611,18,57,2722,0,2722,28,0,3,23,15,380,290,12650,20,250,5000,0,0,39,193,1133,Kestrel the Archer,10936,965,9971,5000,0,5000,26,0,31,3363,0,604,"Arrow 869, RawRibs 347, Bolt 84, ChainLegs 8, LightningScroll 7, RingmailArms 7","Log 16099, Feather 437, Leather 317, IronIngot 190, MagicArrowScroll 90, Nightshade 76"
2026-09-26_04-57,2026-09-26T10:17:48,320.1,5.0,435,18095,39462,105,1276,27091,14,32465,1,1,35,0,35,1,0,4,19,0,20,22,12900,20,250,0,0,0,39,211,1382,Kestrel the Archer,11824,1823,10001,0,240,0,0,0,0,3363,0,0,"Arrow 761, RawRibs 367, Bolt 84, ChainLegs 9, LightningScroll 7, RingmailArms 6","Log 16449, Feather 437, Leather 317, IronIngot 190, Nightshade 76, MandrakeRoot 72"
2026-09-26_04-57,2026-09-26T10:22:48,325.1,5.0,494,18054,43161,102,1184,27162,16,32590,27,50,2818,0,2818,27,0,2,33,25,922,865,13170,0,250,0,0,0,43,189,1322,Kestrel the Archer,13227,428,12799,0,0,0,0,0,0,3366,3,0,"Arrow 757, RawRibs 339, Bolt 84, ChainLegs 10, Leather 10, LeatherGloves 6","Log 16619, Feather 278, Leather 276, SkinningKnife 106, Scissors 85, MandrakeRoot 70"
2026-09-26_04-57,2026-09-26T10:27:48,330.1,5.0,493,18310,43526,104,1185,28698,8,32301,3,43,2007,0,2007,17,0,0,16,8,436,807,13420,0,250,0,0,0,39,177,1198,Kestrel the Archer,11326,289,11037,0,0,0,4,0,4,3363,0,0,"Arrow 757, RawRibs 342, Bolt 84, ChainLegs 10, ChainChest 7, LightningScroll 6","Log 16739, Feather 278, Leather 276, IronIngot 143, SkinningKnife 106, Scissors 91"
2026-09-26_04-57,2026-09-26T10:32:48,335.1,5.0,446,17849,40898,97,646,26717,10,32757,6,14,333,0,333,10,0,8,54,6,426,871,13670,0,250,0,0,0,41,239,1119,Kestrel the Archer,11700,304,11396,0,227,0,5,0,5,3363,0,0,"RawRibs 308, Arrow 209, Bolt 84, ChainLegs 10, ChainChest 8, LightningScroll 7","Log 16639, Leather 271, IronIngot 143, SkinningKnife 106, Scissors 93, Feather 83"
2026-09-26_04-57,2026-09-26T10:37:48,340.1,5.0,431,18421,41294,100,646,27829,9,33764,13,28,1436,0,1436,26,0,3,48,7,634,403,13920,0,250,0,0,0,44,229,1018,Wynn the Warrior,12011,673,11338,0,0,0,3,4,12,3385,22,0,"RawRibs 312, Arrow 204, Bolt 84, ChainLegs 10, LightningScroll 7, ChainChest 7","Log 17419, IronIngot 130, Feather 130, Scissors 91, SkinningKnife 78, Leather 66"
2026-09-26_10-41,2026-09-26T10:46:10,5.1,5.1,65,531,2563,25,125,2093,0,0,6,28,748,0,748,32,0,0,0,21,0,150,14270,50,250,0,0,0,41,187,379,Kestrel the Archer,7552,335,7217,0,0,0,0,0,13,3385,22,0,"RawRibs 101, IronIngot 7, LightningScroll 5, RingmailGloves 3, ChainLegs 2, RingmailArms 2","Leather 228, Nightshade 45, MandrakeRoot 35, BlackPearl 32, Bloodmoss 29, Ginseng 26"
2026-09-26_10-41,2026-09-26T10:51:10,10.1,5.0,186,1508,8067,46,364,3068,0,0,60,33,1631,0,1631,26,0,0,0,67,0,1791,14520,50,250,0,0,0,45,203,516,Fenna the Archer,8247,954,7293,0,0,0,17,0,30,3662,360,0,"RawRibs 325, Feather 15, LightningScroll 9, ChainLegs 5, RingmailArms 2, RingmailGloves 2","Leather 645, IronIngot 105, Log 80, MandrakeRoot 71, Nightshade 69, Ribs 51"
2026-09-26_10-41,2026-09-26T10:56:10,15.1,5.0,215,1637,7671,58,528,3716,0,0,7,10,878,0,878,22,0,0,0,19,74,200,14770,50,250,0,0,0,43,280,432,Emrys the Archer,9856,1844,8012,0,0,0,25,0,55,3460,0,312,"RawRibs 496, LightningScroll 9, ChainLegs 6, Feather 5, GreaterHealScroll 3, EnergyBoltScroll 2","Leather 717, IronIngot 121, Log 110, MandrakeRoot 80, Nightshade 69, Ribs 57"
2026-09-26_10-41,2026-09-26T11:01:10,20.1,5.0,242,1601,5952,67,544,5267,0,0,27,16,670,0,670,32,0,0,0,6,1919,991,15020,50,250,0,0,0,42,284,755,Ronan the WarriorMage,9968,1644,8324,0,25,0,0,0,46,3460,660,0,"RawRibs 518, LightningScroll 10, ChainLegs 8, EnergyBoltScroll 3, GreaterHealScroll 3, FemalePlateChest 3","Leather 501, IronIngot 177, Feather 174, Log 110, Hides 94, MagicArrowScroll 71"
2026-09-26_10-41,2026-09-26T11:06:10,25.1,5.0,349,1878,7685,75,546,7599,0,0,65,59,1833,20,1813,85,0,2,0,57,1166,1660,15250,50,250,0,20,0,45,287,623,Jorunn the WarriorMage,10718,2338,8380,0,0,0,45,0,91,3763,303,162,"RawRibs 489, LightningScroll 10, ChainLegs 10, Feather 10, Log 10, EnergyBoltScroll 4","Leather 473, IronIngot 294, Feather 264, Hides 130, MandrakeRoot 97, MagicArrowScroll 81"
2026-09-26_10-41,2026-09-26T11:11:11,30.1,5.0,380,1828,7818,76,598,7794,0,0,15,16,664,0,664,10,0,1,0,14,708,642,15500,0,250,0,50,0,47,287,1020,Wynn the Warrior,13245,4155,9090,0,0,0,9,0,100,3763,0,0,"RawRibs 549, ChainLegs 10, Feather 10, LightningScroll 9, EnergyBoltScroll 4, FemalePlateChest 4","Leather 469, IronIngot 345, Feather 264, MandrakeRoot 105, CopperIngot 73, MagicArrowScroll 57"
2026-09-26_10-41,2026-09-26T11:16:11,35.1,5.0,393,1575,5645,87,675,10411,2,319,8,7,76,0,76,11,0,3,16,6,340,591,15750,0,250,0,0,0,42,265,915,Wynn the Warrior,10821,2135,8686,0,192,0,0,0,59,3460,3,306,"RawRibs 624, ChainLegs 15, LightningScroll 8, Feather 5, FemalePlateChest 4, EnergyBoltScroll 4","Leather 323, Feather 259, IronIngot 160, MandrakeRoot 145, MagicArrowScroll 65, Log 50"
2026-09-26_10-41,2026-09-26T11:21:11,40.1,5.0,364,1196,4155,92,720,11376,8,326,14,9,470,0,470,41,0,3,43,9,147,429,16000,0,250,0,0,0,45,254,942,Wynn the Warrior,11573,2918,8655,0,0,0,11,0,70,3422,0,0,"RawRibs 664, ChainLegs 15, LightningScroll 7, FemalePlateChest 6, IronIngot 5, EnergyBoltScroll 4","Feather 254, IronIngot 126, Leather 114, Scissors 93, MandrakeRoot 77, Log 50"
2026-09-26_10-41,2026-09-26T11:26:11,45.1,5.0,374,1296,4986,95,781,12883,6,227,21,1,308,20,288,1,0,1,12,14,436,455,16230,0,250,0,20,0,47,240,936,Wynn the Warrior,11512,1955,9557,0,0,0,1,0,71,3425,3,0,"RawRibs 725, ChainLegs 14, LightningScroll 7, FemalePlateChest 6, IronIngot 5, EnergyBoltScroll 4","Leather 334, Feather 254, IronIngot 126, Scissors 91, MandrakeRoot 81, Log 60"
2026-09-26_10-41,2026-09-26T11:31:11,50.1,5.0,434,1371,5825,96,720,14451,4,127,34,43,1197,0,1197,30,0,0,25,38,1734,1053,16480,0,250,0,0,0,47,202,862,Wynn the Warrior,10196,1098,9098,0,109,0,4,0,64,3825,744,469,"RawRibs 644, IronIngot 27, ChainLegs 16, LightningScroll 8, FemalePlateChest 6, ChainChest 6","Leather 553, IronIngot 115, Log 90, MandrakeRoot 83, Scissors 79, CopperIngot 70"
2026-09-26_10-41,2026-09-26T11:36:11,55.1,5.0,433,323,1083,97,713,16144,0,0,109,11,4340,3997,343,16,0,1,6,13,74,22,12733,0,250,0,3997,3997,46,269,1391,Jorunn the WarriorMage,14829,2641,12188,0,0,0,22,0,86,3525,0,0,"RawRibs 651, ChainLegs 16, IronIngot 12, LightningScroll 8, ChainChest 7, FemalePlateChest 6","Leather 97, CopperIngot 66, MandrakeRoot 61, Log 35, ThighBoots 8, FireballScroll 7"
2026-09-26_10-41,2026-09-26T11:41:12,60.1,5.0,456,91,470,100,826,17758,1,6,65,6,1980,1492,488,0,0,0,4,13,56,388,11491,0,250,0,1492,1492,47,255,1418,Jorunn the WarriorMage,16977,4500,12477,0,0,0,0,0,86,3525,47,0,"RawRibs 651, Arrow 123, ChainLegs 17, LightningScroll 8, FemalePlateChest 7, ChainChest 7","SpidersSilk 37, Garlic 27, Leather 12, Dagger 5, ThighBoots 3, Ribs 1"
2026-09-26_11-45,2026-09-26T11:50:57,5.1,5.1,57,925,3773,38,435,3348,0,0,2,14,862,0,862,12,0,0,0,22,0,1648,11841,100,250,0,0,0,46,235,1211,Jorunn the WarriorMage,10644,690,9954,0,0,0,0,0,48,3522,0,0,"RawRibs 292, Arrow 121, LightningScroll 7, ChainLegs 5, LeatherCap 3, EnergyBoltScroll 2","Log 540, IronIngot 96, SulfurousAsh 61, Leather 48, MagicArrowScroll 46, BlackPearl 45"
2026-09-26_11-45,2026-09-26T11:55:57,10.1,5.0,163,1691,8365,59,534,5357,0,0,32,50,1345,0,1345,29,0,0,0,67,0,1290,12091,100,250,0,0,0,47,260,948,Wynn the Warrior,10848,726,10122,0,0,0,11,0,59,3742,320,0,"RawRibs 385, Arrow 114, ChainLegs 10, LightningScroll 9, LeatherCap 5, RingmailArms 4","Log 740, IronIngot 176, Leather 154, Hides 92, BlackPearl 88, SulfurousAsh 83"
2026-09-26_11-45,2026-09-26T12:00:57,15.1,5.0,177,1374,6357,66,552,6894,0,0,11,7,418,0,418,7,0,2,0,12,1115,300,12341,0,250,0,100,0,47,272,948,Wynn the Warrior,11638,1113,10525,0,0,0,9,0,68,3742,0,0,"RawRibs 397, Arrow 114, ChainLegs 12, LightningScroll 9, LeatherCap 6, RingmailArms 5","Log 510, Leather 184, IronIngot 97, Hides 92, SulfurousAsh 83, BlackPearl 77"
2026-09-26_11-45,2026-09-26T12:05:57,20.1,5.0,199,2090,7150,73,573,7703,0,0,4,7,68,0,68,2,0,0,0,8,280,503,12591,0,250,0,0,0,48,278,899,Wynn the Warrior,12622,1702,10920,0,96,0,4,0,60,3527,100,0,"RawRibs 415, Arrow 111, ChainLegs 12, LightningScroll 9, EnergyBoltScroll 6, LeatherCap 6","Log 1070, Leather 272, IronIngot 97, Hides 92, BlackPearl 77, SulfurousAsh 57"
2026-09-26_11-45,2026-09-26T12:10:57,25.1,5.0,223,2389,6489,75,569,8677,0,0,14,6,508,0,508,6,0,1,0,13,1225,783,12841,0,250,0,0,0,47,278,899,Wynn the Warrior,13642,2008,11634,0,0,0,12,0,72,3507,0,0,"RawRibs 410, Arrow 110, ChainLegs 13, LightningScroll 9, EnergyBoltScroll 6, RingmailArms 6","Log 1500, Leather 324, IronIngot 97, Hides 92, MagicArrowScroll 46, Garlic 41"
2026-09-26_11-45,2026-09-26T12:15:57,30.1,5.0,229,2529,6276,77,608,9327,0,0,1,1,14,0,14,1,0,2,0,4,220,22,13091,0,250,0,0,0,48,300,1172,Jorunn the WarriorMage,16035,3910,12125,0,0,0,34,0,106,3507,0,0,"RawRibs 449, Arrow 110, ChainLegs 14, LightningScroll 9, EnergyBoltScroll 6, LeatherCap 6","Log 1610, Leather 336, IronIngot 97, Hides 92, MagicArrowScroll 46, Garlic 41"
2026-09-26_11-45,2026-09-26T12:20:57,35.1,5.0,221,2569,5580,77,608,9859,2,368,0,0,0,0,0,0,0,2,13,5,1857,1041,13341,0,250,0,0,0,47,282,1629,Jorunn the WarriorMage,16422,4250,12172,0,268,0,0,0,30,3507,0,0,"RawRibs 449, Arrow 110, ChainLegs 13, LightningScroll 9, EnergyBoltScroll 6, RingmailArms 6","Log 1830, Leather 270, IronIngot 97, Hides 92, Garlic 47, Ginseng 28"
2026-09-26_11-45,2026-09-26T12:25:57,40.1,5.0,197,368,898,78,586,10845,2,56,0,7,38,0,38,2,0,0,39,14,3352,418,13591,0,250,0,0,0,47,291,2113,Kerrin the Gatherer,19575,4757,14818,0,0,0,5,22,57,3507,0,0,"RawRibs 426, Arrow 109, ChainLegs 14, LightningScroll 9, EnergyBoltScroll 6, RingmailArms 6","Log 130, Leather 32, Garlic 23, Ginseng 22, Hides 16, Ribs 13"
2026-09-26_11-45,2026-09-26T12:30:57,45.1,5.0,213,533,2332,83,646,11718,2,44,8,8,124,20,104,2,0,1,12,19,1034,1075,13821,0,250,0,20,0,48,294,2433,Kerrin the Gatherer,19892,4501,15391,0,0,0,0,0,57,3507,300,0,"RawRibs 489, Arrow 105, ChainLegs 13, LightningScroll 9, EnergyBoltScroll 7, RingmailArms 6","Log 200, Leather 78, Garlic 30, MandrakeRoot 21, MagicArrowScroll 20, CopperIngot 18"
2026-09-26_11-45,2026-09-26T12:35:57,50.1,5.0,227,896,3594,80,595,12211,3,242,7,14,246,0,246,16,0,0,6,28,191,581,14071,0,250,0,0,0,48,294,2336,Jorunn the WarriorMage,21009,5534,15475,0,489,0,0,10,40,3507,0,0,"RawRibs 440, Arrow 104, ChainLegs 13, LightningScroll 9, EnergyBoltScroll 7, RingmailArms 6","Leather 260, Log 200, IronIngot 98, Scissors 66, MagicArrowScroll 32, CopperIngot 30"
2026-09-26_11-45,2026-09-26T12:40:57,55.1,5.0,228,986,3634,81,592,12970,2,230,10,7,239,0,239,6,0,1,13,1,1132,452,14321,0,250,0,0,0,48,300,2586,Kerrin the Gatherer,21509,4943,16566,0,0,0,0,0,40,3627,120,0,"RawRibs 439, Arrow 101, ChainLegs 13, LightningScroll 9, EnergyBoltScroll 8, LeatherCap 6","Log 490, Leather 244, Scissors 66, MagicArrowScroll 32, CopperIngot 29, Board 20"
2026-09-26_11-45,2026-09-26T12:45:57,60.1,5.0,232,1308,4633,85,606,14324,2,352,2,4,60,0,60,9,0,0,4,9,714,270,14571,0,250,0,0,0,48,300,2637,Kerrin the Gatherer,22024,5080,16944,0,0,0,0,0,40,3507,0,0,"RawRibs 450, Arrow 101, ChainLegs 13, LightningScroll 10, EnergyBoltScroll 8, RingmailArms 6","Log 810, Leather 188, Scissors 64, MagicArrowScroll 32, CopperIngot 29, MandrakeRoot 23"
2026-09-26_11-45,2026-09-26T12:50:57,65.1,5.0,227,1625,4324,84,605,14829,4,418,5,0,83,20,63,0,0,1,0,7,240,352,14801,0,250,0,20,0,48,300,2690,Jorunn the WarriorMage,22112,4824,17288,0,611,0,0,10,48,3547,46,281,"RawRibs 450, Arrow 101, ChainLegs 13, LightningScroll 10, EnergyBoltScroll 8, RingmailArms 6","Log 1170, Leather 162, Scissors 63, MagicArrowScroll 32, CopperIngot 29, MandrakeRoot 23"
2026-09-26_11-45,2026-09-26T12:55:57,70.1,5.0,211,2003,5641,84,623,15955,2,466,2,5,24,0,24,3,0,1,10,15,527,431,15051,0,250,0,0,0,48,300,1782,Kerrin the Gatherer,17597,3401,14196,5000,0,0,3,0,51,3550,3,0,"RawRibs 472, Arrow 98, ChainLegs 12, LightningScroll 10, EnergyBoltScroll 9, RingmailArms 7","Log 1510, Leather 110, Scissors 99, Board 40, Ribs 34, MagicArrowScroll 34"
2026-09-26_11-45,2026-09-26T13:00:57,75.1,5.0,214,578,2978,85,620,17057,2,466,13,6,166,20,146,4,0,1,11,17,2641,1003,15281,0,250,0,20,0,48,300,2664,Kerrin the Gatherer,17988,4350,13638,0,0,0,3,0,54,3547,240,0,"RawRibs 468, Arrow 98, ChainLegs 12, LightningScroll 10, EnergyBoltScroll 9, RingmailArms 7","Log 140, Scissors 99, Ginseng 61, Leather 56, SpidersSilk 39, BlackPearl 31"
2026-09-26_11-45,2026-09-26T13:05:58,80.1,5.0,213,1131,3464,83,611,17029,1,32,2,8,101,0,101,10,0,2,7,9,525,569,15531,0,250,0,0,0,48,300,2449,Kerrin the Gatherer,17684,3578,14106,0,331,0,0,0,49,3727,180,0,"RawRibs 464, Arrow 98, ChainLegs 11, LightningScroll 10, EnergyBoltScroll 9, LeatherCap 7","Log 720, Leather 94, Ginseng 61, SpidersSilk 39, Scissors 37, Ribs 25"
2026-09-26_13-10,2026-09-26T13:15:54,5.1,5.1,107,551,3240,51,455,4386,0,0,42,32,1313,0,1313,28,0,0,0,73,0,1797,15981,0,250,0,0,0,51,221,1750,Hale the Brawler,13574,1299,12275,0,0,0,0,0,49,3553,6,0,"RawRibs 422, LightningScroll 7, Feather 6, ChainLegs 5, RingmailArms 3, LeatherCap 3","IronIngot 89, Hides 76, Leather 76, Nightshade 39, Feather 36, SkinningKnife 32"
2026-09-26_13-16,2026-09-26T13:21:48,5.1,5.1,122,596,5539,45,386,3107,0,0,27,32,995,0,995,49,0,0,0,51,0,2422,16231,0,250,0,0,0,47,192,1571,Hale the Brawler,9883,790,9093,0,0,0,7,0,5,3788,272,0,"RawRibs 347, Leather 15, LightningScroll 6, ChainLegs 5, LeatherCap 4, GreaterHealScroll 2","IronIngot 164, MandrakeRoot 70, Leather 47, SulfurousAsh 46, SkinningKnife 28, BronzeIngot 20"
2026-09-26_13-16,2026-09-26T13:26:48,10.1,5.0,165,1108,8433,46,431,3147,0,0,26,35,1044,0,1044,79,0,0,0,12,0,890,16481,0,250,0,0,0,50,170,1574,Hale the Brawler,9974,986,8988,0,0,0,0,0,0,3813,25,0,"RawRibs 390, Leather 13, Feather 10, ChainLegs 5, LightningScroll 4, EnergyBoltScroll 3","IronIngot 437, Log 92, Feather 75, MandrakeRoot 73, Leather 41, GoldIngot 31"
2026-09-26_13-16,2026-09-26T13:31:48,15.1,5.0,222,956,4041,54,496,4850,0,0,23,22,530,0,530,19,0,0,0,25,3024,781,16731,0,250,0,0,0,48,242,1661,Hale the Brawler,11883,1444,10439,0,0,0,24,0,8,3510,0,0,"RawRibs 402, Feather 30, IronIngot 20, Leather 10, Log 10, ChainLegs 7","IronIngot 213, Log 92, Feather 75, MandrakeRoot 51, ShadowIronIngot 49, SpidersSilk 48"
2026-09-26_13-16,2026-09-26T13:36:48,20.1,5.0,300,1767,8406,52,552,4712,0,0,12,61,982,0,982,44,0,0,0,21,703,831,16981,0,250,0,0,0,49,293,1680,Hale the Brawler,12889,840,12049,0,3,0,3,0,2,3510,0,0,"RawRibs 442, Feather 80, Leather 10, ChainLegs 7, LightningScroll 4, EnergyBoltScroll 3","IronIngot 421, Log 307, ShadowIronIngot 154, Leather 135, CopperIngot 85, Feather 75"
2026-09-26_13-16,2026-09-26T13:41:48,25.1,5.0,327,2244,9860,59,630,5757,0,0,21,20,440,30,410,25,0,1,0,13,186,1380,17201,0,250,0,30,0,48,276,1711,Hale the Brawler,11315,870,10445,0,0,0,5,0,5,3522,34,0,"RawRibs 513, Feather 70, Leather 25, ChainLegs 8, LightningScroll 6, ChainChest 3","IronIngot 607, Log 438, ShadowIronIngot 173, Feather 170, Leather 135, CopperIngot 113"
2026-09-26_13-16,2026-09-26T13:46:48,30.1,5.0,360,2504,8955,62,614,6147,0,0,16,14,391,0,391,40,0,0,0,26,361,513,17451,0,250,0,0,0,45,300,1845,Hale the Brawler,11043,852,10191,0,0,0,12,0,0,3510,0,0,"RawRibs 510, Feather 60, Leather 20, ChainLegs 9, LightningScroll 6, ChainChest 3","IronIngot 780, Log 423, Feather 212, ShadowIronIngot 185, Leather 135, CopperIngot 119"
2026-09-26_13-16,2026-09-26T13:51:48,35.1,5.0,394,1063,3210,70,602,7962,0,0,124,32,6246,4609,1637,37,0,2,14,25,916,1725,13092,0,250,0,4609,4609,48,255,2087,Hale the Brawler,13539,418,13121,0,2,0,21,0,0,3510,25,0,"RawRibs 500, Feather 50, Leather 20, ChainLegs 11, LightningScroll 7, GreaterHealScroll 3","Log 295, IronIngot 160, Feather 140, BronzeIngot 78, Hides 52, Leather 47"
2026-09-26_13-16,2026-09-26T13:56:48,40.1,5.0,416,70,260,75,723,9881,0,0,113,25,4033,3498,535,29,0,1,1,20,219,1713,9844,0,250,0,3498,3498,48,285,2130,Hale the Brawler,14954,869,14085,0,0,0,7,0,5,3510,18,0,"RawRibs 513, Arrow 90, Feather 45, Leather 40, ChainLegs 12, LightningScroll 7","GoldIngot 43, BronzeIngot 20, Dagger 4, ThighBoots 1, CookedBird 1, Ribs 1"
2026-09-26_13-16,2026-09-26T14:01:48,45.1,5.0,420,4,128,77,737,11351,0,0,9,2,929,897,32,8,0,0,1,6,0,794,9197,0,250,0,897,897,45,255,1793,Hale the Brawler,13287,838,12449,0,0,0,0,0,5,3510,0,0,"RawRibs 525, Arrow 90, Feather 45, Leather 40, ChainLegs 12, LightningScroll 7","WarMace 1, ThighBoots 1, Ribs 1, NorseHelm 1"
2026-09-26_14-05,2026-09-26T14:10:56,5.1,5.1,50,409,2155,28,352,1842,0,0,14,17,521,0,521,34,0,0,0,5,0,2153,9597,0,250,0,0,0,39,155,1709,Hale the Brawler,7921,450,7471,0,0,0,0,0,0,3445,151,0,"RawRibs 284, Feather 40, Log 20, LightningScroll 4, ChainLegs 2, RingmailArms 1","Hides 96, IronIngot 39, Garlic 33, SulfurousAsh 29, Leather 27, SkinningKnife 26"
2026-09-26_14-11,2026-09-26T14:17:04,5.1,5.1,39,814,3474,17,153,733,0,0,4,15,291,0,291,31,0,0,0,8,0,809,9847,0,250,0,0,0,47,116,1770,Hale the Brawler,8669,1159,7510,0,0,0,10,0,0,3448,3,0,"RawRibs 137, Feather 10, LightningScroll 4, EnergyBoltScroll 2","Feather 262, Leather 140, IronIngot 140, Log 113, CopperIngot 23, SulfurousAsh 20"
2026-09-26_14-11,2026-09-26T14:22:04,10.1,5.0,52,895,3737,22,205,1107,0,0,2,2,28,0,28,6,0,0,0,9,0,144,10097,0,250,0,0,0,48,145,1998,Hale the Brawler,9430,1869,7561,0,0,0,0,0,0,3445,0,0,"RawRibs 193, Feather 5, LightningScroll 4, EnergyBoltScroll 2, ChainLegs 1","Feather 257, IronIngot 176, Leather 140, Log 113, CopperIngot 33, BronzeIngot 24"
2026-09-26_14-25,2026-09-26T14:30:58,5.1,5.1,69,327,2102,16,203,765,0,0,12,15,267,0,267,15,0,0,0,22,0,982,10497,0,250,0,0,0,45,125,1997,Hale the Brawler,8289,835,7454,0,0,0,1,0,1,3517,69,0,"RawRibs 193, Feather 6, LightningScroll 2, GreaterHealScroll 2","IronIngot 101, Leather 53, CopperIngot 29, MandrakeRoot 23, BronzeIngot 18, Bloodmoss 14"
2026-09-26_14-32,2026-09-26T14:37:38,5.1,5.1,50,328,1907,16,200,695,0,0,14,10,282,0,282,23,0,0,0,13,0,1201,10797,0,250,0,0,0,48,72,1952,Hale the Brawler,7317,734,6583,0,0,0,0,0,0,3630,113,0,"RawRibs 197, LightningScroll 1, GreaterHealScroll 1, LeatherCap 1","Leather 100, CopperIngot 50, Log 30, IronIngot 29, MandrakeRoot 19, Ribs 16"
2026-09-26_14-32,2026-09-26T14:42:38,10.1,5.0,96,806,5432,20,178,915,0,0,2,12,152,0,152,26,0,0,0,13,0,1383,11047,0,250,0,0,0,46,93,1952,Hale the Brawler,6899,1336,5563,0,0,0,22,0,0,3830,200,0,"RawRibs 171, LeatherCap 3, LightningScroll 2, GreaterHealScroll 1, ChainLegs 1","Leather 264, IronIngot 196, CopperIngot 98, Ribs 24, Dagger 21, Log 20"
2026-09-26_14-32,2026-09-26T14:47:38,15.1,5.0,146,1292,7530,24,264,1224,0,0,10,13,329,0,329,21,0,0,0,16,262,960,11197,100,250,0,0,0,44,100,1979,Hale the Brawler,6950,1344,5606,0,0,0,10,0,0,3830,0,0,"RawRibs 258, LightningScroll 3, GreaterHealScroll 2, ChainLegs 1","IronIngot 452, Leather 305, CopperIngot 100, Hides 90, Log 60, ShadowIronIngot 40"
2026-09-26_14-32,2026-09-26T14:52:38,20.1,5.0,189,1135,5862,48,332,4631,0,0,29,26,1425,0,1425,63,19,0,0,15,4838,1175,11547,0,250,0,0,0,40,100,31939,Faron the Architect,38794,1056,37738,0,0,0,25,0,16,3758,0,0,"RawRibs 266, Leather 21, Feather 10, IronIngot 10, ChainLegs 5, RingmailChest 5","Leather 202, Hides 200, IronIngot 152, CopperIngot 117, ShadowIronIngot 64, BronzeIngot 52"
2026-09-26_14-32,2026-09-26T14:57:38,25.1,5.0,209,994,5487,52,404,5103,0,0,20,24,1161,20,1141,31,30,0,0,11,1419,1516,11777,0,250,0,20,0,37,64,32135,Faron the Architect,38028,1149,36879,0,0,0,0,0,16,3758,16,0,"RawRibs 354, Leather 21, ChainLegs 5, RingmailChest 5, Feather 5, LightningScroll 4","Hides 194, IronIngot 170, CopperIngot 142, ShadowIronIngot 64, BronzeIngot 52, Feather 35"
2026-09-26_14-32,2026-09-26T15:02:38,30.1,5.0,226,887,4327,51,322,5441,0,0,11,34,776,0,776,53,37,0,0,25,693,548,12027,0,250,0,0,0,37,131,32408,Faron the Architect,39303,1455,37848,0,0,0,0,0,16,3758,0,0,"RawRibs 276, Feather 15, ChainLegs 5, RingmailChest 5, Leather 5, LightningScroll 4","CopperIngot 142, IronIngot 137, Hides 74, ShadowIronIngot 64, BronzeIngot 60, OilCloth 47"
2026-09-26_14-32,2026-09-26T15:07:38,35.1,5.0,248,118,918,56,368,5785,0,0,111,43,4640,3778,862,51,125,0,2,17,393,481,8499,0,250,0,3778,3778,35,140,34357,Faron the Architect,41664,1174,40490,0,0,0,0,0,0,4178,420,0,"RawRibs 282, Feather 15, Leather 15, CopperIngot 14, Log 14, ChainLegs 5","OilCloth 39, DullCopperIngot 23, AgapiteIngot 14, Ribs 10, Dagger 9, VeriteIngot 8"
2026-09-26_14-32,2026-09-26T15:12:38,40.1,5.0,264,24,102,67,445,6542,0,0,46,17,2248,1659,589,27,49,2,2,5,224,1141,7090,0,250,0,1659,1659,35,172,34972,Faron the Architect,42951,1215,41736,0,0,0,14,0,14,3878,0,0,"RawRibs 344, Leather 25, DullCopperIngot 15, Feather 10, IronIngot 10, CopperIngot 9","IronIngot 23, LeatherCap 1"
2026-09-26_14-32,2026-09-26T15:17:38,45.1,5.0,277,316,1402,71,425,6523,1,14,9,15,831,0,831,7,20,0,4,23,0,614,7340,0,250,0,0,0,31,172,35623,Faron the Architect,42877,1343,41534,0,0,0,0,0,14,3878,0,0,"RawRibs 352, DullCopperIngot 15, Leather 15, LeatherBustierArms 6, EnergyBoltScroll 5, Feather 5","IronIngot 138, Scissors 62, Log 31, Leather 25, Ribs 23, SpidersSilk 12"
2026-09-26_15-18,2026-09-26T15:23:36,5.1,5.1,25,240,1011,29,181,1456,0,0,3,17,490,0,490,33,19,0,0,8,0,2268,7590,0,250,0,0,0,30,84,35415,Faron the Architect,39742,467,39275,0,0,0,0,0,0,3638,0,0,"RawRibs 149, IronIngot 10, Leather 5, LeatherBustierArms 4, LightningScroll 2, EnergyBoltScroll 2","Hides 90, Leather 47, SulfurousAsh 25, ShadowIronIngot 21, SpidersSilk 10, BronzeIngot 10"
2026-09-26_15-18,2026-09-26T15:28:36,10.1,5.0,60,579,3814,44,198,2092,0,0,3,20,432,0,432,64,23,0,0,15,0,492,7840,0,250,0,0,0,31,78,35200,Faron the Architect,40165,1084,39081,0,0,0,21,0,0,3600,0,0,"RawRibs 156, LeatherBustierArms 10, Leather 10, EnergyBoltScroll 4, LeatherSkirt 4, LeatherArms 4","Leather 214, Hides 110, IronIngot 61, CopperIngot 27, BronzeIngot 22, Bloodmoss 22"
