session,time,age_min,searches,tiles_examined,search_ms,ms_each,worst_ms,reached,partial,refused_outright,handed_less_clock,asked_whole_ceiling,partial_within_near,near_tiles,partial_no_nearer,partial_never_began,partial_avg_tiles_out,pocket_proofs_lost_to_clock,pocket_proofs_lost_to_box,far_side_looks,far_side_ms,steps_taken,steps_refused_by_engine,doors_opened,tiles_gone_round,steps_improvised,journeys_given_up,destinations_dropped,station_searches_held_short,stranded_searches,stranded_found,stranded_ended_errand,leg_plans,legs_failed,routes_over_graph,routes_over_chart,routes_no_way,no_way_errands_dropped,no_way_plans_walked_straight,journeys_refused_without_search,ceiling_burned_by,errands_lost_by_kind
2026-09-18_00-12,2026-09-18T00:17:33,5.08,4807,40079248,14799,3.08,123.26,4359,448,0,0,207,12,32,207,0,170,146,302,5,35,73958,3195,2,891,1538,0,3,2,0,0,0,,,,,,,,1606,looking for a fight=201; after a skeleton=1; up to the rock=1; to Rance for a scroll=1; looking for a line on a skeleton=1,
2026-09-18_00-29,2026-09-18T00:34:42,5.08,4337,81341832,29134,6.72,62.64,3258,1079,0,313,509,30,32,526,0,117,494,585,7,36,74286,4671,4,1807,2494,0,2,0,0,0,0,,,,,,,,92,looking for a fight=501; out to the woods for herbs=2; to Rance for a scroll=1; looking for a line on a skeleton=1; to The Shadow's hideout=1,
2026-09-18_00-29,2026-09-18T00:39:42,10.08,8700,101491174,37021,4.26,62.64,7415,1272,13,313,582,208,32,625,0,102,685,587,11,37,143591,5963,12,2216,3000,0,18,0,0,0,0,,,,,,,,1538,looking for a fight=501; to a tree=69; out to the woods for herbs=2; looking for a line on a skeleton=2; up to the rock=2,
2026-09-18_00-29,2026-09-18T00:44:42,15.08,11674,113002645,42111,3.61,62.64,10274,1386,14,313,607,307,32,699,0,98,797,588,15,39,214358,6971,19,2510,3372,0,21,1,0,0,0,,,,,,,,2609,looking for a fight=504; to a tree=85; out to the woods for herbs=2; looking for a line on a skeleton=2; up to the rock=2,
2026-09-18_00-29,2026-09-18T00:49:42,20.08,14348,121364034,46025,3.21,62.64,12925,1408,15,313,612,317,32,706,0,98,818,588,16,39,292252,8207,25,2805,3671,0,23,1,0,0,0,,,,,,,,6533,looking for a fight=508; to a tree=85; out to the woods for herbs=2; looking for a line on a skeleton=2; up to the rock=2,
2026-09-18_00-29,2026-09-18T00:54:42,25.08,17387,131764180,50882,2.93,62.64,15944,1427,16,313,614,318,32,706,0,102,837,588,16,39,370972,9867,35,3215,4126,0,24,1,0,0,0,,,,,,,,10501,looking for a fight=510; to a tree=85; out to the woods for herbs=2; looking for a line on a skeleton=2; up to the rock=2,
2026-09-18_00-29,2026-09-18T00:59:42,30.08,20944,148377755,58974,2.82,62.64,19354,1563,27,313,680,441,32,767,0,96,970,589,18,39,450244,11393,49,3616,4651,0,36,1,0,0,0,,,,,,,,14778,looking for a fight=513; to a tree=85; after reagents=59; up to the rock=3; out to the woods for herbs=2,
2026-09-18_00-29,2026-09-18T01:04:42,35.08,23627,169916491,66922,2.83,62.64,21805,1795,27,313,785,446,32,869,0,98,1097,694,19,40,502264,12879,61,3942,5089,0,36,1,0,0,0,,,,,,,,16635,looking for a fight=614; to a tree=85; after reagents=59; up to the rock=3; to the counter with a full pack=3,
2026-09-18_00-29,2026-09-18T01:09:42,40.08,27250,245938152,93845,3.44,62.64,24556,2636,58,341,1188,472,32,1278,0,111,1283,1348,29,46,586546,14125,67,4185,5779,0,73,2,0,0,0,,,,,,,,19768,looking for a fight=814; to the AgapiteOre=100; back for its own things=93; to a tree=85; after reagents=59,
2026-09-18_00-29,2026-09-18T01:14:42,45.08,31166,346135705,128322,4.12,62.64,27329,3778,59,358,1765,478,32,1837,0,137,1374,2399,32,62,670483,15201,77,4417,6579,1,75,2,0,0,0,,,,,,,,24247,looking for a fight=882; back for its own things=587; to the AgapiteOre=100; to a tree=85; after reagents=59,to Jorunn=1
2026-09-18_00-29,2026-09-18T01:19:42,50.08,35413,427823530,156947,4.43,62.64,30657,4671,85,358,2234,485,32,2271,0,152,1413,3253,35,100,755366,16381,90,4721,7325,2,101,4,0,0,0,,,,,,,,26130,back for its own things=1014; looking for a fight=886; to the AgapiteOre=100; to a tree=85; after reagents=59,to Jorunn=1; to Quill=1
2026-09-18_00-29,2026-09-18T01:24:43,55.1,37981,469395729,172201,4.53,62.64,32811,5085,85,358,2424,506,32,2458,0,156,1477,3600,43,105,838554,17584,100,5022,7908,2,106,4,0,0,0,,,,,,,,28146,back for its own things=1179; looking for a fight=897; to the AgapiteOre=100; to a tree=85; after reagents=59,to Jorunn=1; to Quill=1
2026-09-18_00-29,2026-09-18T01:29:43,60.1,41535,512339255,187385,4.51,62.64,35779,5670,86,458,2708,545,32,2735,0,168,1649,4011,50,109,933611,19169,116,5375,8554,2,111,10,0,0,0,,,,,,,,32910,back for its own things=1179; looking for a fight=978; to Delano with Strength Potion=150; to the AgapiteOre=101; to a tree=85,to Jorunn=1; to Quill=1
2026-09-18_00-29,2026-09-18T01:34:43,65.1,45065,604147002,216423,4.8,74.13,37549,7430,86,511,3582,593,32,3619,0,213,1812,5608,53,110,988320,20323,126,5621,9688,3,113,11,0,0,0,,,,,,,,35431,back for its own things=1179; looking for a fight=1012; to Delano with Strength Potion=909; to the AgapiteOre=101; to the BronzeOre=100,to Jorunn=1; to Quill=1; going home=1
2026-09-18_00-29,2026-09-18T01:39:43,70.1,51276,746464098,259192,5.05,74.13,40842,10348,86,511,4992,689,32,5107,0,260,1923,8414,61,110,1084286,22186,135,6127,11681,3,120,14,0,0,0,,,,,,,,39242,to Delano with Strength Potion=2307; back for its own things=1179; looking for a fight=1012; to the BronzeOre=101; to the AgapiteOre=101,to Jorunn=1; to Quill=1; going home=1
2026-09-18_00-29,2026-09-18T01:44:43,75.1,57222,883963429,302262,5.28,74.13,44249,12875,98,511,6228,737,32,6372,0,285,1980,10842,63,112,1173878,23863,142,6547,13367,4,131,17,0,0,0,,,,,,,,54656,to Delano with Strength Potion=3428; back for its own things=1179; looking for a fight=1115; to the BronzeOre=101; to the AgapiteOre=101,to Jorunn=1; to Quill=1; going home=1
2026-09-18_01-53,2026-09-18T01:58:32,5.08,2772,9340327,4883,1.76,65.09,2722,50,0,0,21,19,32,13,0,147,47,3,6,1,72926,2957,4,851,931,0,6,0,0,0,0,,,,,,,,2036,looking for a fight=9; to Delano for glass=2; up to the rock=2; to Rance for a scroll=2; after Nessa Ashdown=1,
2026-09-18_01-53,2026-09-18T02:03:32,10.08,5587,19130481,9078,1.62,65.09,5489,97,1,0,52,53,32,27,0,112,94,3,6,1,150277,3815,10,1052,1144,0,6,22,0,0,0,,,,,,,,6426,looking for a fight=15; to Delano for glass=2; up to the rock=2; to Rance for a scroll=2; after Nessa Ashdown=1,
2026-09-18_01-53,2026-09-18T02:08:32,15.08,8598,37863054,16221,1.89,65.09,8114,483,1,0,232,422,32,200,0,44,478,5,22,27,227552,5056,23,1373,1652,1,19,174,12,1,11,,,,,,,,9035,looking for a fight=20; to Ulwin=20; up to the rock=4; to Delano for glass=2; to Rance for a scroll=2,station=11; to Ulwin=1
2026-09-18_01-53,2026-09-18T02:13:32,20.08,10657,46665990,20186,1.89,65.09,10146,510,1,0,244,437,32,208,0,49,505,5,24,30,306087,6051,29,1612,1944,1,20,174,12,1,11,,,,,,,,10714,looking for a fight=22; to Ulwin=20; after a bull=5; up to the rock=4; to Delano for glass=2,station=11; to Ulwin=1
2026-09-18_01-53,2026-09-18T02:18:32,25.08,13691,72230407,32871,2.4,65.09,12858,832,1,0,395,739,32,361,0,36,821,5,25,30,387294,7060,35,1847,2377,1,20,174,12,1,11,,,,,,,,12530,after reagents=143; looking for a fight=26; to Ulwin=20; after a bull=5; up to the rock=4,station=11; to Ulwin=1
2026-09-18_01-53,2026-09-18T02:23:32,30.08,16334,82472853,37654,2.31,65.09,15465,868,1,0,413,754,32,376,0,41,854,5,25,30,471173,8175,44,2073,2673,2,20,174,12,1,11,,,,,,,,15126,after reagents=143; looking for a fight=31; to Ulwin=20; to Fendrel=11; after a bull=5,station=11; to Ulwin=1; to Fendrel=1
2026-09-18_01-53,2026-09-18T02:28:32,35.08,18082,97840529,43010,2.38,65.09,16994,1086,2,0,525,763,32,474,0,48,1067,8,31,62,512861,8750,54,2191,2936,3,24,263,12,1,11,,,,,,,,16235,after reagents=143; looking for a fight=32; to Ulwin=20; to Kerrin=17; to Fendrel=11,station=11; to Ulwin=1; to Fendrel=1; to Kerrin=1
2026-09-18_01-53,2026-09-18T02:33:32,40.08,20805,111638229,49033,2.36,65.09,19615,1187,3,0,545,836,32,536,0,50,1163,13,37,63,606798,10587,65,2482,3292,4,30,266,13,2,11,,,,,,,,19676,after reagents=143; looking for a fight=33; to Ulwin=20; to Kerrin=17; to Alaric=11,station=11; to Ulwin=1; to Fendrel=1; to Kerrin=1; to Alaric=1
2026-09-18_01-53,2026-09-18T02:38:32,45.08,24491,130459003,57130,2.33,65.09,23255,1233,3,0,559,865,32,561,0,52,1209,13,38,63,697661,11725,74,2709,3598,4,31,266,13,2,11,,,,,,,,21996,after reagents=144; looking for a fight=41; to Ulwin=20; to Kerrin=17; to Fendrel=11,station=11; to Ulwin=1; to Fendrel=1; to Kerrin=1; to Alaric=1
2026-09-18_01-53,2026-09-18T02:43:32,50.08,27821,143516034,62811,2.26,65.09,26560,1257,4,0,576,868,32,563,0,55,1231,13,38,63,797190,12674,81,2948,3870,4,32,270,13,2,11,,,,,,,,25626,after reagents=144; looking for a fight=51; to Ulwin=20; to Kerrin=17; to Fendrel=11,station=11; to Ulwin=1; to Fendrel=1; to Kerrin=1; to Alaric=1
2026-09-18_01-53,2026-09-18T02:48:32,55.08,30425,155737025,68141,2.24,65.09,29122,1297,6,0,585,881,32,572,0,60,1264,17,42,63,901958,14076,88,3269,4206,4,38,270,13,2,11,,,,,,,,29030,after reagents=144; looking for a fight=54; to Ulwin=20; to Kerrin=17; to Fendrel=11,station=11; to Ulwin=1; to Fendrel=1; to Kerrin=1; to Alaric=1
2026-09-18_01-53,2026-09-18T02:53:32,60.08,33344,169626129,74109,2.22,65.09,31957,1381,6,0,607,926,32,604,0,62,1344,19,48,78,1003884,15256,95,3497,4616,4,43,275,13,2,11,,,,,,,,32443,after reagents=144; looking for a fight=64; to Ulwin=20; to Kerrin=17; up to the rock=13,station=11; to Ulwin=1; to Fendrel=1; to Kerrin=1; to Alaric=1
2026-09-18_01-53,2026-09-18T02:58:32,65.08,35752,193912852,83364,2.33,65.09,34090,1654,8,0,709,991,32,724,0,68,1523,112,69,81,1060517,16134,105,3702,4956,4,65,275,13,2,11,,,,,,,,33316,after reagents=144; to the BronzeOre=86; looking for a fight=66; up to the rock=21; to Ulwin=20,station=11; to Ulwin=1; to Fendrel=1; to Kerrin=1; to Alaric=1
2026-09-18_01-53,2026-09-18T03:03:32,70.08,41456,320418130,122280,2.95,65.09,37338,4110,8,0,1965,1021,32,1938,0,261,1579,2509,77,81,1169281,17153,113,3927,6394,7,72,275,13,2,11,,,,,,,,36582,to Rance with Fireball Scroll=1198; after reagents=144; to the BronzeOre=87; looking for a fight=66; up to the rock=37,station=11; to Wystan=2; to Ulwin=1; to Fendrel=1; to Kerrin=1
2026-09-18_03-05,2026-09-18T03:10:47,5.08,3977,25455662,10898,2.74,60.25,3753,224,0,0,116,10,32,104,0,166,23,201,3,23,76906,5901,4,1746,2514,0,2,0,0,0,0,,,,,,,,123,looking for a fight=104; to Rance for a scroll=5; on to Alim for a scroll=2; to Delano for glass=1; looking for a line on a zombie=1,
2026-09-18_03-05,2026-09-18T03:15:47,10.08,7173,35094626,15271,2.13,60.26,6913,260,0,0,129,21,32,110,0,170,58,202,5,23,152798,6904,9,2043,2813,0,4,0,0,0,0,,,,,,,,2330,looking for a fight=112; to Rance for a scroll=5; on to Alim for a scroll=2; after reagents=2; to Delano for glass=1,
2026-09-18_03-05,2026-09-18T03:20:47,15.08,12446,88211865,40909,3.29,60.26,11365,1081,0,0,508,797,32,504,0,58,879,202,15,43,226664,8351,23,2545,3708,1,11,58,7,0,7,,,,,,,,4289,after reagents=302; looking for a fight=115; to Fendrel=11; to Rance for a scroll=5; to the counter with a full pack=2,station=7; to Fendrel=1
2026-09-18_03-05,2026-09-18T03:25:47,20.08,16950,147735759,60216,3.55,60.95,14624,2319,7,0,1103,1064,32,1097,0,182,1254,1065,31,70,297907,9712,28,2955,4698,1,25,214,13,2,11,,,,,,,,7094,to Rance for a scroll=434; after reagents=304; looking for a fight=119; to Fendrel=11; to the counter with a full pack=3,station=11; to Fendrel=1
2026-09-18_03-05,2026-09-18T03:30:48,25.1,21381,209974636,79565,3.72,60.95,17895,3479,7,0,1672,1127,32,1677,0,246,1305,2172,33,86,369433,10846,33,3256,5576,1,25,214,13,2,11,,,,,,,,10291,to Rance for a scroll=784; after reagents=304; to Delano with Mandrake Root=191; looking for a fight=121; to a tree=24,station=11; to Fendrel=1
2026-09-18_03-05,2026-09-18T03:35:48,30.1,26874,270056129,98450,3.66,60.95,22266,4601,7,0,2226,1136,32,2224,0,280,1329,3270,35,91,445111,12247,36,3619,6489,1,25,214,13,2,11,,,,,,,,12214,to Rance for a scroll=784; to Delano with Mandrake Root=722; after reagents=304; looking for a fight=134; to a tree=24,station=11; to Fendrel=1
2026-09-18_03-05,2026-09-18T03:40:48,35.1,31160,307383250,110018,3.53,60.95,25803,5345,12,0,2606,1143,32,2590,0,295,1338,3999,36,91,495202,13515,41,3912,7146,2,31,214,13,2,11,,,,,,,,12952,to Delano with Mandrake Root=1086; to Rance for a scroll=784; after reagents=304; looking for a fight=134; to a tree=24,station=11; to Fendrel=1; to Rance with Magic Arrow Scroll=1
2026-09-18_03-05,2026-09-18T03:45:48,40.1,35971,350490220,124034,3.45,71.55,29854,6105,12,0,2978,1146,32,2960,0,307,1354,4743,38,93,579530,14704,46,4139,7747,2,32,214,14,2,12,,,,,,,,13615,to Delano with Mandrake Root=1455; to Rance for a scroll=784; after reagents=304; looking for a fight=135; to a tree=24,station=11; to Fendrel=1; to Rance with Magic Arrow Scroll=1; walking Maryann home=1
2026-09-18_03-05,2026-09-18T03:50:48,45.1,41300,409047275,143102,3.46,71.55,34166,7122,12,0,3465,1332,32,3463,0,310,1481,5632,46,96,660826,16082,52,4473,8585,2,36,215,14,2,12,,,,,,,,15878,to Delano with Mandrake Root=1860; to Rance for a scroll=784; after reagents=304; looking for a fight=137; to a tree=99,station=11; to Fendrel=1; to Rance with Magic Arrow Scroll=1; walking Maryann home=1
2026-09-18_03-05,2026-09-18T03:55:48,50.1,47118,483977532,166927,3.54,71.55,38642,8464,12,0,4116,1374,32,4133,0,314,1639,6816,53,99,745005,17600,56,4869,9649,2,42,216,14,2,12,,,,,,,,18015,to Delano with Mandrake Root=2402; to Rance for a scroll=784; after reagents=304; looking for a fight=143; to a tree=99,station=11; to Fendrel=1; to Rance with Magic Arrow Scroll=1; walking Maryann home=1
2026-09-18_03-05,2026-09-18T04:00:48,55.1,53004,585495010,199794,3.77,71.55,42701,10291,12,0,4974,1677,32,5021,0,304,2178,8102,72,105,834357,19406,64,5326,10979,2,54,317,19,2,17,,,,,,,,19869,to Delano with Mandrake Root=2944; to Rance for a scroll=784; after reagents=305; to where Oswin was fighting=289; looking for a fight=144,station=16; to Fendrel=1; to Rance with Magic Arrow Scroll=1; walking Maryann home=1
2026-09-18_03-05,2026-09-18T04:05:48,60.1,57979,692528275,234633,4.05,71.55,46039,11921,19,0,5761,1713,32,5817,0,304,2379,9528,82,111,937820,21075,69,5767,12211,2,68,317,19,2,17,,,,,,,,23936,to Delano with Mandrake Root=3487; to Rance for a scroll=784; looking for a fight=379; after reagents=306; to where Oswin was fighting=289,station=16; to Fendrel=1; to Rance with Magic Arrow Scroll=1; walking Maryann home=1
2026-09-18_03-05,2026-09-18T04:10:48,65.1,61498,755372448,255207,4.15,71.55,48451,13026,21,0,6268,1805,32,6339,0,303,2634,10374,98,118,1001344,22560,84,6109,13146,2,83,317,19,2,17,,,,,,,,27364,to Delano with Mandrake Root=3855; to Rance for a scroll=784; looking for a fight=479; after reagents=306; to where Oswin was fighting=289,station=16; to Fendrel=1; to Rance with Magic Arrow Scroll=1; walking Maryann home=1
2026-09-18_03-05,2026-09-18T04:15:48,70.1,67035,845776560,285012,4.25,71.55,52436,14562,37,0,7025,1906,32,7097,0,311,2759,11783,109,120,1108014,25374,95,6655,14988,3,107,317,19,2,17,,,,,,,,29066,to Delano with Mandrake Root=4557; to Rance for a scroll=784; looking for a fight=480; after reagents=306; to where Oswin was fighting=289,station=16; to Fendrel=1; to Rance with Magic Arrow Scroll=1; walking Maryann home=1; after Hale=1
2026-09-18_03-05,2026-09-18T04:20:48,75.1,71916,935005270,313699,4.36,71.55,55823,16056,37,0,7746,2070,32,7826,0,311,2959,13077,121,122,1210049,27026,106,7126,16251,3,116,379,19,2,17,,,,,,,,32224,to Delano with Mandrake Root=5100; to Rance for a scroll=784; looking for a fight=585; after reagents=306; to where Oswin was fighting=289,station=16; to Fendrel=1; to Rance with Magic Arrow Scroll=1; walking Maryann home=1; after Hale=1
2026-09-18_03-05,2026-09-18T04:25:48,80.1,76672,1009821183,337617,4.4,71.55,59247,17387,38,0,8372,2265,32,8479,0,313,3192,14175,136,122,1314409,28571,117,7549,17318,3,132,439,19,2,17,,,,,,,,34419,to Delano with Mandrake Root=5642; to Rance for a scroll=784; looking for a fight=591; after reagents=306; to where Oswin was fighting=289,station=16; to Fendrel=1; to Rance with Magic Arrow Scroll=1; walking Maryann home=1; after Hale=1
2026-09-18_03-05,2026-09-18T04:30:48,85.1,82220,1107225680,370515,4.51,71.55,63161,18969,90,0,9110,2294,32,9221,0,312,3507,15442,147,124,1416929,30542,124,8082,18660,3,193,440,19,2,17,,,,,,,,37133,to Delano with Mandrake Root=6184; to Rance for a scroll=784; looking for a fight=771; after reagents=306; to where Oswin was fighting=289,station=16; to Fendrel=1; to Rance with Magic Arrow Scroll=1; walking Maryann home=1; after Hale=1
2026-09-18_03-05,2026-09-18T04:35:48,90.1,87253,1188596356,396698,4.55,71.55,66771,20371,111,0,9774,2400,32,9943,0,313,3742,16607,153,125,1518470,31913,130,8457,19817,3,219,449,19,2,17,,,,,,,,40176,to Delano with Mandrake Root=6714; looking for a fight=877; to Rance for a scroll=784; after reagents=308; to where Oswin was fighting=289,station=16; to Fendrel=1; to Rance with Magic Arrow Scroll=1; walking Maryann home=1; after Hale=1
2026-09-18_03-05,2026-09-18T04:40:48,95.1,91740,1246572723,416121,4.54,71.55,70366,21263,111,0,10201,2473,32,10396,0,312,3829,17412,162,129,1601383,33192,143,8778,20662,5,226,450,19,2,17,,,,,,,,42318,to Delano with Mandrake Root=7011; looking for a fight=979; to Rance for a scroll=784; after reagents=308; to where Oswin was fighting=289,station=16; to Fendrel=1; to Rance with Magic Arrow Scroll=1; walking Maryann home=1; after Hale=1
2026-09-18_03-05,2026-09-18T04:45:48,100.1,95220,1323310651,439791,4.62,71.55,72422,22669,129,0,10890,2494,32,11088,0,317,3865,18780,168,130,1715173,34809,155,9060,21686,5,249,450,19,2,17,,,,,,,,45259,to Delano with Mandrake Root=7691; looking for a fight=979; to Rance for a scroll=784; after reagents=308; to where Oswin was fighting=289,station=16; to Fendrel=1; to Rance with Magic Arrow Scroll=1; walking Maryann home=1; after Hale=1
2026-09-18_03-05,2026-09-18T04:50:48,105.1,99962,1406686425,466394,4.67,71.55,75708,24116,138,0,11608,2554,32,11783,0,317,4205,19886,185,134,1820924,35912,167,9333,22697,6,272,556,19,2,17,,,,,,,,47082,to Delano with Mandrake Root=8238; looking for a fight=986; to Rance for a scroll=784; after reagents=308; to where Oswin was fighting=289,station=16; to Fendrel=1; to Rance with Magic Arrow Scroll=1; walking Maryann home=1; after Hale=1
2026-09-18_03-05,2026-09-18T04:55:48,110.1,105770,1544319642,508232,4.81,71.55,78838,26786,146,0,12898,2725,32,13007,0,318,4397,22362,197,137,1926351,37715,177,9841,24436,6,289,557,21,2,19,,,,,,,,49981,to Delano with Mandrake Root=8525; looking for a fight=987; to Rhys with Candle=933; to Rance for a scroll=784; after reagents=309,station=16; to Fendrel=1; to Rance with Magic Arrow Scroll=1; walking Maryann home=1; after Hale=1
2026-09-18_03-05,2026-09-18T05:00:48,115.1,111292,1688451906,552953,4.97,71.55,81780,29365,147,17,14192,2755,32,14176,0,318,4571,24767,215,162,2025158,39351,193,10281,26086,11,306,660,30,2,28,,,,,,,,52618,to Delano with Mandrake Root=8623; to Rhys with Candle=1797; looking for a fight=1090; to Rance for a scroll=784; after reagents=309,station=16; to Isolde=3; to Bogart with Candle=2; to Kepa with Candle=2; to Otho=2
2026-09-18_03-05,2026-09-18T05:05:48,120.1,116770,1863881019,608498,5.21,71.55,84413,32203,154,44,15557,2831,32,15585,0,310,4928,27248,236,187,2129629,41071,206,10577,27804,12,326,815,30,2,28,,,,,,,,55611,to Delano with Mandrake Root=8623; to Rhys with Candle=1797; looking for a fight=1191; to Aislinn with Katana=897; to Rance for a scroll=784,station=16; to Isolde=3; to Bogart with Candle=2; to Kepa with Candle=2; to Otho=2
2026-09-18_03-05,2026-09-18T05:10:48,125.1,120187,1973195126,642529,5.35,71.55,85832,34201,154,44,16535,2876,32,16578,0,305,5180,28994,251,190,2192705,42379,216,10750,28959,12,339,815,30,2,28,,,,,,,,56907,to Delano with Mandrake Root=8623; to Rhys with Candle=1797; to Aislinn with Katana=1673; looking for a fight=1191; to Rance for a scroll=784,station=16; to Isolde=3; to Bogart with Candle=2; to Kepa with Candle=2; to Otho=2
2026-09-18_03-05,2026-09-18T05:15:48,130.1,125639,2136802399,692376,5.51,71.55,88190,37294,155,123,18062,2975,32,18110,0,301,5337,31930,260,195,2298904,44092,223,10996,30735,12,346,818,30,2,28,,,,,,,,58337,to Delano with Mandrake Root=8623; to Aislinn with Katana=3054; to Rhys with Candle=1797; looking for a fight=1290; to Rance for a scroll=784,station=16; to Isolde=3; to Bogart with Candle=2; to Kepa with Candle=2; to Otho=2
2026-09-18_03-05,2026-09-18T05:20:48,135.1,132691,2334351476,754863,5.69,71.55,91743,40792,156,375,19768,3022,32,19836,0,296,5670,35095,276,219,2416369,45859,230,11296,32790,12,359,819,30,2,28,,,,,,,,60440,to Delano with Mandrake Root=8623; to Aislinn with Katana=4445; to Rhys with Candle=1797; looking for a fight=1590; to Rance for a scroll=784,station=16; to Isolde=3; to Bogart with Candle=2; to Kepa with Candle=2; to Otho=2
2026-09-18_03-05,2026-09-18T05:25:49,140.12,138542,2492378590,805843,5.82,71.55,95172,43208,162,375,20878,3104,32,20984,0,291,6443,36738,320,262,2536311,47943,236,11986,34587,13,395,1218,50,2,48,,,,,,,,64956,to Delano with Mandrake Root=8623; to Aislinn with Katana=4930; to Rhys with Candle=1797; looking for a fight=1669; to Rance for a scroll=784,station=33; to Isolde=3; to Otho=2; to the counter with a full pack=2; to Kepa with Candle=2
2026-09-18_05-28,2026-09-18T05:33:41,5.08,14090,31733190,13561,0.96,60.88,13819,267,4,0,156,22,32,113,0,114,168,99,4,15,58690,27090,2,12001,10138,0,7,5,0,0,0,,,,,,,,775,looking for a fight=107; to Rance for a scroll=27; out to the woods for herbs=5; to Vaughn for glass=4; going home=2,
2026-09-18_05-28,2026-09-18T05:38:41,10.08,18169,91981422,36133,1.99,60.88,17277,888,4,0,440,97,32,443,0,158,360,528,10,38,136670,28370,8,12367,10825,1,11,14,4,0,4,,,,,,,,3538,looking for a fight=358; to Rance for a scroll=27; to Aprille for blank scrolls=20; out to the woods for herbs=6; to Vaughn for glass=4,looking for a fight=4; to Aprille for blank scrolls=1
2026-09-18_05-28,2026-09-18T05:43:41,15.08,22754,102053033,40898,1.8,60.88,21780,970,4,0,506,162,32,496,0,147,437,533,15,38,212532,29680,14,12743,11247,3,16,14,4,0,4,,,,,,,,5274,looking for a fight=360; to Ysolt=50; to Rance for a scroll=27; to Aprille for blank scrolls=20; out to the woods for herbs=6,looking for a fight=4; to Ysolt=2; to Aprille for blank scrolls=1
2026-09-18_05-28,2026-09-18T05:48:41,20.08,26638,113752388,46005,1.73,60.88,25615,1007,16,0,532,184,32,505,0,147,470,536,19,39,288920,30826,18,13002,11510,4,28,16,4,0,4,,,,,,,,8307,looking for a fight=364; to Ysolt=50; to Rance for a scroll=27; to Aprille for blank scrolls=20; to Rowan=11,looking for a fight=4; to Ysolt=2; to Aprille for blank scrolls=1; to Rowan=1
2026-09-18_05-28,2026-09-18T05:53:41,25.08,31400,125747687,51392,1.64,60.88,30257,1119,24,0,574,257,32,554,0,138,578,540,27,43,367446,32188,22,13316,11863,4,40,50,4,0,4,,,,,,,,11181,looking for a fight=367; to Ysolt=50; to Rance for a scroll=27; to Aprille for blank scrolls=20; to Rowan=11,looking for a fight=4; to Ysolt=2; to Aprille for blank scrolls=1; to Rowan=1
2026-09-18_05-28,2026-09-18T05:58:41,30.08,35999,132687005,54813,1.52,60.88,34779,1196,24,0,579,330,32,612,0,130,653,541,28,43,452188,33867,31,13760,12374,4,41,53,4,0,4,,,,,,,,12946,looking for a fight=367; to Ysolt=50; to Rance for a scroll=27; to Aprille for blank scrolls=20; to Rowan=11,looking for a fight=4; to Ysolt=2; to Aprille for blank scrolls=1; to Rowan=1
2026-09-18_05-28,2026-09-18T06:03:41,35.08,37181,138854603,57583,1.55,60.88,35944,1201,36,0,603,331,32,612,0,131,658,541,28,43,500053,36317,36,13942,12560,4,53,53,4,0,4,,,,,,,,13446,looking for a fight=367; to Ysolt=50; to Rance for a scroll=27; to Aprille for blank scrolls=20; to Rowan=11,looking for a fight=4; to Ysolt=2; to Aprille for blank scrolls=1; to Rowan=1
2026-09-18_05-28,2026-09-18T06:08:41,40.08,40013,148430804,62034,1.55,60.88,38732,1241,40,0,610,360,32,630,0,128,694,545,32,43,589464,38242,43,14246,12885,4,61,54,4,0,4,,,,,,,,17290,looking for a fight=367; to Ysolt=50; to Rance for a scroll=27; to Aprille for blank scrolls=20; to Rowan=11,looking for a fight=4; to Ysolt=2; to Aprille for blank scrolls=1; to Rowan=1
2026-09-18_05-28,2026-09-18T06:13:41,45.08,43727,156929774,66019,1.51,60.88,42432,1255,40,0,621,362,32,631,0,129,708,545,32,43,670881,39201,55,14475,13121,4,61,54,4,0,4,,,,,,,,30513,looking for a fight=372; to Ysolt=50; to Rance for a scroll=27; to Aprille for blank scrolls=20; to Rowan=11,looking for a fight=4; to Ysolt=2; to Aprille for blank scrolls=1; to Rowan=1
2026-09-18_05-28,2026-09-18T06:18:41,50.08,47799,166317397,70602,1.48,60.88,46483,1276,40,0,637,371,32,640,0,130,729,545,32,43,762517,40622,69,14805,13509,4,61,56,4,0,4,,,,,,,,39182,looking for a fight=375; to Ysolt=50; to Rance for a scroll=27; to Aprille for blank scrolls=20; to Rowan=11,looking for a fight=4; to Ysolt=2; to Aprille for blank scrolls=1; to Rowan=1
2026-09-18_05-28,2026-09-18T06:23:41,55.08,51305,176900744,75632,1.47,60.88,49925,1340,40,0,673,420,32,674,0,126,788,550,38,43,857309,42216,81,15120,13861,6,67,56,4,0,4,,,,,,,,48055,looking for a fight=375; to Ysolt=50; to Rance for a scroll=27; to Aprille for blank scrolls=20; to Hale Ashdown=16,looking for a fight=4; to Ysolt=2; to Aprille for blank scrolls=1; to Rowan=1; to the counter with a full pack=1
2026-09-18_05-28,2026-09-18T06:28:41,60.08,55104,244059707,106281,1.93,60.88,52857,2207,40,0,1086,1065,32,1098,0,91,1507,698,53,46,964474,44162,90,15473,14631,6,80,56,4,0,4,,,,,,,,64909,looking for a fight=377; after reagents=300; to the AgapiteOre=96; to Ysolt=50; to Rance for a scroll=27,looking for a fight=4; to Ysolt=2; to Aprille for blank scrolls=1; to Rowan=1; to the counter with a full pack=1
2026-09-18_06-30,2026-09-18T06:35:51,5.08,5877,76127502,28114,4.78,60.87,5117,759,1,1,376,16,32,358,0,161,151,608,8,57,74722,7633,1,2722,3276,0,5,0,1,0,1,,,,,,,,1299,"looking for a fight=344; marching on (825, 1245)=12; to Rance for a scroll=6; to Delano for glass=5; to Rance for blank scrolls=3","marching on (825, 1245)=1"
2026-09-18_06-30,2026-09-18T06:40:51,10.08,9711,84197095,31909,3.29,60.87,8920,790,1,1,384,34,32,372,0,160,180,610,9,57,151411,8542,10,2958,3566,0,6,0,1,0,1,,,,,,,,3822,"looking for a fight=349; marching on (825, 1245)=12; to Rance for a scroll=6; to Delano for glass=5; to Rance for blank scrolls=3","marching on (825, 1245)=1"
2026-09-18_06-30,2026-09-18T06:45:51,15.08,12341,92699189,35770,2.9,60.87,11522,818,1,1,395,43,32,377,0,160,205,612,11,57,227280,9862,24,3386,4007,0,8,0,1,0,1,,,,,,,,6075,"looking for a fight=356; marching on (825, 1245)=12; to Rance for a scroll=6; to Delano for glass=5; up to the rock=4","marching on (825, 1245)=1"
2026-09-18_06-30,2026-09-18T06:50:51,20.08,15348,105144400,41149,2.68,60.87,14398,949,1,1,443,47,32,422,0,148,334,612,15,71,303998,10768,30,3602,4271,0,9,40,2,0,2,,,,,,,,9560,"looking for a fight=361; marching on (825, 1245)=12; to Rance for a scroll=6; to Delano for glass=5; up to the rock=4","marching on (825, 1245)=1; station=1"
2026-09-18_06-30,2026-09-18T06:55:51,25.08,18668,138829671,53645,2.87,60.87,17162,1504,2,1,678,187,32,601,0,120,887,612,49,106,381289,12161,40,3920,4772,1,35,255,27,0,27,,,,,,,,10380,"looking for a fight=364; to Hollis=14; marching on (825, 1245)=12; to Rance for a scroll=6; to Delano for glass=5","station=26; marching on (825, 1245)=1; to Hollis=1"
2026-09-18_06-30,2026-09-18T07:00:51,30.08,22697,161443239,62493,2.75,60.87,20760,1905,32,1,849,433,32,798,0,105,1288,612,55,110,462212,13212,42,4149,5196,1,66,421,28,0,28,,,,,,,,11487,"looking for a fight=364; to Hollis=14; marching on (825, 1245)=12; to Rance for a scroll=6; to Delano for glass=5","station=27; marching on (825, 1245)=1; to Hollis=1"
2026-09-18_06-30,2026-09-18T07:05:51,35.08,24337,164823400,64222,2.64,60.87,22385,1920,32,1,854,440,32,802,0,105,1300,612,57,110,510787,14286,52,4364,5424,1,68,421,28,0,28,,,,,,,,11846,"looking for a fight=364; to Hollis=14; marching on (825, 1245)=12; to Rance for a scroll=6; to Delano for glass=5","station=27; marching on (825, 1245)=1; to Hollis=1"
2026-09-18_06-30,2026-09-18T07:10:51,40.08,25695,173916140,68336,2.66,60.87,23722,1941,32,1,871,453,32,810,0,105,1318,613,58,110,605797,15543,63,4585,5659,2,69,421,28,0,28,,,,,,,,12946,"looking for a fight=367; to Hollis=14; marching on (825, 1245)=12; to Ysolt=11; up to the rock=6","station=27; marching on (825, 1245)=1; to Hollis=1; to Ysolt=1"
2026-09-18_06-30,2026-09-18T07:15:51,45.08,27245,184169606,72591,2.66,60.87,25242,1970,33,1,896,466,32,820,0,105,1346,614,59,110,693365,16034,79,4709,5802,3,71,421,28,0,28,,,,,,,,14392,"looking for a fight=380; to Hollis=14; marching on (825, 1245)=12; to Elspeth=11; to Ysolt=11","station=27; marching on (825, 1245)=1; to Hollis=1; to Ysolt=1; to Elspeth=1"
2026-09-18_06-30,2026-09-18T07:20:51,50.08,30409,211415805,85738,2.82,60.87,28078,2298,33,1,1067,776,32,960,0,93,1670,618,64,110,781686,17111,90,4999,6238,3,75,450,28,0,28,,,,,,,,16746,"looking for a fight=384; after reagents=132; to Hollis=14; marching on (825, 1245)=12; to Ysolt=11","station=27; marching on (825, 1245)=1; to Hollis=1; to Ysolt=1; to Elspeth=1"
2026-09-18_06-30,2026-09-18T07:25:51,55.08,33645,239968266,99688,2.96,60.87,30976,2636,33,1,1222,1091,32,1116,0,83,2005,620,70,110,872712,18158,94,5293,6683,3,81,451,28,0,28,,,,,,,,18427,"looking for a fight=385; after reagents=276; up to the rock=14; to Hollis=14; marching on (825, 1245)=12","station=27; marching on (825, 1245)=1; to Hollis=1; to Ysolt=1; to Elspeth=1"
2026-09-18_06-30,2026-09-18T07:30:51,60.08,36677,271912199,111846,3.05,60.87,33704,2936,37,1,1347,1157,32,1253,0,87,2096,823,85,122,965106,19483,101,5676,7191,3,98,451,28,0,28,,,,,,,,20367,"looking for a fight=489; after reagents=276; up to the rock=25; to Hollis=14; marching on (825, 1245)=12","station=27; marching on (825, 1245)=1; to Hollis=1; to Ysolt=1; to Elspeth=1"
2026-09-18_06-30,2026-09-18T07:35:52,65.1,39050,278505810,114881,2.94,60.87,36011,2993,46,1,1361,1198,32,1274,0,87,2145,829,95,122,1020843,21332,108,6105,7624,3,117,451,28,0,28,,,,,,,,21823,"looking for a fight=489; after reagents=276; up to the rock=32; to Hollis=14; marching on (825, 1245)=12","station=27; marching on (825, 1245)=1; to Hollis=1; to Ysolt=1; to Elspeth=1"
2026-09-18_06-30,2026-09-18T07:40:52,70.1,42450,310072219,127289,3,60.87,39122,3282,46,1,1488,1255,32,1412,0,88,2328,933,108,125,1116965,22454,113,6412,8056,3,129,452,29,1,28,,,,,,,,26062,"looking for a fight=599; after reagents=276; up to the rock=40; to Hollis=14; marching on (825, 1245)=12","station=27; marching on (825, 1245)=1; to Hollis=1; to Ysolt=1; to Elspeth=1"
2026-09-18_06-30,2026-09-18T07:45:52,75.1,45203,320962957,132001,2.92,60.87,41836,3320,47,1,1510,1282,32,1433,0,88,2362,934,111,125,1212785,23558,126,6683,8566,3,133,462,29,1,28,,,,,,,,29653,"looking for a fight=603; after reagents=276; up to the rock=43; to Hollis=14; marching on (825, 1245)=12","station=27; marching on (825, 1245)=1; to Hollis=1; to Ysolt=1; to Elspeth=1"
2026-09-18_06-30,2026-09-18T07:50:52,80.1,47852,331789416,136798,2.86,60.87,44421,3383,48,1,1527,1315,32,1450,0,89,2418,939,118,125,1314427,24448,131,6912,8833,3,141,462,29,1,28,,,,,,,,36922,"looking for a fight=611; after reagents=276; up to the rock=50; to Hollis=14; marching on (825, 1245)=12","station=27; marching on (825, 1245)=1; to Hollis=1; to Ysolt=1; to Elspeth=1"
2026-09-18_06-30,2026-09-18T07:55:52,85.1,51061,377672558,153789,3.01,60.87,47110,3903,48,1,1768,1435,32,1702,0,87,2699,1178,133,136,1406604,25708,139,7218,9385,4,153,462,29,1,28,,,,,,,,40835,looking for a fight=622; after reagents=277; to the AgapiteOre=99; up to the rock=85; to the GoldOre=80,"station=27; marching on (825, 1245)=1; to Hollis=1; to Ysolt=1; to Elspeth=1"
2026-09-18_06-30,2026-09-18T08:00:52,90.1,54208,387639022,158285,2.92,60.87,50214,3946,48,1,1790,1459,32,1715,0,87,2737,1182,139,136,1502260,26898,145,7564,9746,5,159,473,29,1,28,,,,,,,,43894,looking for a fight=627; after reagents=277; to the AgapiteOre=99; up to the rock=90; to the GoldOre=80,"station=27; marching on (825, 1245)=1; to Hollis=1; to Ysolt=1; to Elspeth=1"
2026-09-18_06-30,2026-09-18T08:05:52,95.1,56577,402292431,164179,2.9,60.87,52433,4096,48,1,1861,1595,32,1784,0,85,2881,1186,149,136,1552355,27780,151,7781,10029,6,168,484,29,1,28,,,,,,,,48451,looking for a fight=627; after reagents=277; to the AgapiteOre=99; up to the rock=98; to the GoldOre=81,"station=27; sweep=2; marching on (825, 1245)=1; to Hollis=1; to Ysolt=1"
2026-09-18_06-30,2026-09-18T08:10:52,100.1,59768,415120069,169588,2.84,60.87,55570,4150,48,1,1875,1632,32,1803,0,85,2930,1189,158,136,1659251,29182,155,8045,10309,6,177,484,29,1,28,,,,,,,,53572,looking for a fight=631; after reagents=277; up to the rock=107; to the AgapiteOre=99; to the GoldOre=81,"station=27; sweep=2; marching on (825, 1245)=1; to Hollis=1; to Ysolt=1"
2026-09-18_06-30,2026-09-18T08:15:52,105.1,63096,442868238,180074,2.85,60.87,58658,4385,53,1,1992,1651,32,1913,0,87,2973,1379,161,151,1765558,30536,163,8380,10751,6,184,493,29,1,28,,,,,,,,60027,looking for a fight=735; after reagents=277; up to the rock=109; to the AgapiteOre=99; to the GoldOre=81,"station=27; sweep=2; marching on (825, 1245)=1; to Hollis=1; to Ysolt=1"
2026-09-18_06-30,2026-09-18T08:20:52,110.1,66201,452389540,184475,2.79,60.87,61718,4429,54,1,2005,1680,32,1933,0,87,3013,1380,164,151,1876240,32165,171,8778,11169,6,187,493,29,1,28,,,,,,,,70008,looking for a fight=739; after reagents=278; up to the rock=111; to the AgapiteOre=99; to the GoldOre=81,"station=27; sweep=2; marching on (825, 1245)=1; to Hollis=1; to Ysolt=1"
2026-09-18_06-30,2026-09-18T08:25:52,115.1,69361,463986015,189938,2.74,60.87,64813,4473,75,1,2014,1699,32,1942,0,88,3054,1383,168,151,1985404,34448,179,9265,11705,6,201,495,29,1,28,,,,,,,,81839,looking for a fight=741; after reagents=278; up to the rock=114; to the AgapiteOre=99; to the GoldOre=81,"station=27; sweep=2; marching on (825, 1245)=1; to Hollis=1; to Ysolt=1"
2026-09-18_06-30,2026-09-18T08:30:52,120.1,72395,475474480,194975,2.69,61.03,67795,4498,102,1,2025,1707,32,1946,0,89,3074,1385,170,151,2094806,35620,189,9590,12091,6,221,495,29,1,28,,,,,,,,93793,looking for a fight=748; after reagents=278; up to the rock=116; to the AgapiteOre=99; to the GoldOre=81,"station=27; sweep=2; marching on (825, 1245)=1; to Hollis=1; to Ysolt=1"
2026-09-18_06-30,2026-09-18T08:35:52,125.1,74998,480362448,197398,2.63,61.03,70343,4527,128,1,2030,1721,32,1956,0,90,3100,1387,172,151,2148709,36736,201,9806,12360,6,240,496,29,1,28,,,,,,,,102826,looking for a fight=749; after reagents=278; up to the rock=118; to the AgapiteOre=99; to the GoldOre=81,"station=27; sweep=2; marching on (825, 1245)=1; to Hollis=1; to Ysolt=1"
2026-09-18_06-30,2026-09-18T08:40:52,130.1,78358,490007867,201888,2.58,61.03,73584,4623,151,1,2044,1807,32,2038,0,89,3196,1387,172,151,2249686,38983,208,10277,12913,7,256,497,29,1,28,,,,,,,,124592,looking for a fight=749; after reagents=278; up to the rock=118; to the AgapiteOre=99; to the GoldOre=81,"station=27; to Elspeth=2; sweep=2; marching on (825, 1245)=1; to Hollis=1"
2026-09-18_06-30,2026-09-18T08:45:52,135.1,80913,500677726,206419,2.55,61.03,76086,4654,173,1,2058,1818,32,2047,0,89,3225,1389,174,151,2353990,40588,214,10580,13267,7,270,498,29,1,28,,,,,,,,145849,looking for a fight=756; after reagents=278; up to the rock=120; to the AgapiteOre=99; to the GoldOre=81,"station=27; to Elspeth=2; sweep=2; marching on (825, 1245)=1; to Hollis=1"
2026-09-18_06-30,2026-09-18T08:50:52,140.1,83888,517149052,213151,2.54,61.03,78998,4701,189,1,2092,1839,32,2060,0,89,3269,1392,179,151,2465360,42137,221,11096,13810,8,286,498,29,1,28,,,,,,,,162615,looking for a fight=770; after reagents=279; up to the rock=124; to the AgapiteOre=99; to the GoldOre=82,"station=27; to Elspeth=2; sweep=2; marching on (825, 1245)=1; to Hollis=1"
2026-09-18_06-30,2026-09-18T08:55:52,145.1,87122,552081009,227156,2.61,61.03,81983,4949,190,1,2226,1867,32,2175,0,91,3413,1496,187,154,2575195,43701,224,11499,14310,9,293,509,29,1,28,,,,,,,,174826,looking for a fight=874; after reagents=279; up to the rock=130; to the AgapiteOre=99; to the GoldOre=82,"station=28; to Elspeth=2; sweep=2; marching on (825, 1245)=1; to Hollis=1"
2026-09-18_06-30,2026-09-18T09:00:52,150.1,90864,607146838,247922,2.73,61.03,85185,5471,208,1,2465,1948,32,2435,0,93,3631,1800,199,156,2693853,45459,230,11927,14988,9,321,516,29,1,28,,,,,,,,183914,looking for a fight=1085; after reagents=279; up to the rock=140; to the AgapiteOre=99; to the GoldOre=82,"station=28; to Elspeth=2; sweep=2; marching on (825, 1245)=1; to Hollis=1"
2026-09-18_06-30,2026-09-18T09:05:52,155.1,94668,704962589,279215,2.95,61.03,87273,7187,208,1,3305,1985,32,3284,0,138,3869,3278,212,171,2753959,46461,237,12137,16046,9,331,516,29,1,28,,,,,,,,189863,looking for a fight=1089; to the counter with a full pack=658; after reagents=279; up to the rock=146; to the AgapiteOre=99,"station=28; to Elspeth=2; sweep=2; marching on (825, 1245)=1; to Hollis=1"
2026-09-18_06-30,2026-09-18T09:10:52,160.1,100800,876135465,332177,3.3,61.03,90192,10400,208,149,4909,1995,32,4877,0,202,4151,6208,218,175,2864017,47971,243,12469,17971,9,333,516,29,1,28,,,,,,,,197475,looking for a fight=1192; to Delano with Lesser Heal Potion=1048; to the counter with a full pack=1003; after reagents=280; to the IronOre=187,"station=28; to Elspeth=2; sweep=2; marching on (825, 1245)=1; to Hollis=1"
2026-09-18_06-30,2026-09-18T09:15:52,165.1,106926,1038493980,382572,3.58,61.03,93354,13350,222,171,6366,2035,32,6337,0,240,4286,9023,231,177,2982840,49450,251,12816,19769,9,359,518,29,1,28,,,,,,,,217546,to Delano with Lesser Heal Potion=2385; looking for a fight=1198; to the counter with a full pack=1003; after reagents=280; to the AgapiteOre=191,"station=28; to Elspeth=2; sweep=2; marching on (825, 1245)=1; to Hollis=1"
2026-09-18_06-30,2026-09-18T09:20:52,170.1,112614,1197162164,432144,3.84,64.55,96181,16211,222,178,7804,2090,32,7757,0,260,4501,11669,247,179,3107325,51100,263,13168,21726,12,373,518,29,1,28,,,,,,,,230739,to Delano with Lesser Heal Potion=3631; looking for a fight=1200; to the counter with a full pack=1003; after reagents=281; to the BronzeOre=192,"station=28; to Roderic=3; to Elspeth=2; sweep=2; marching on (825, 1245)=1"
2026-09-18_06-30,2026-09-18T09:25:52,175.1,116404,1292399159,463206,3.98,64.55,98352,17830,222,178,8579,2140,32,8546,0,266,4736,13053,263,180,3225031,52282,271,13459,22798,12,388,518,29,1,28,,,,,,,,239393,to Delano with Lesser Heal Potion=4243; looking for a fight=1204; to the counter with a full pack=1003; to the IronOre=285; after reagents=281,"station=28; to Roderic=3; to Elspeth=2; sweep=2; marching on (825, 1245)=1"
2026-09-18_06-30,2026-09-18T09:30:53,180.12,120590,1416421987,505418,4.19,64.55,101018,19350,222,266,9309,2167,32,9274,0,261,5076,14232,282,234,3343068,53646,280,13865,23926,12,399,627,29,1,28,,,,,,,,248776,to Delano with Lesser Heal Potion=4243; looking for a fight=1619; to the counter with a full pack=1004; to the IronOre=287; after reagents=281,"station=28; to Roderic=3; to Elspeth=2; sweep=2; marching on (825, 1245)=1"
2026-09-18_06-30,2026-09-18T09:35:53,185.12,123757,1482199977,526682,4.26,64.55,103086,20445,226,266,9850,2198,32,9811,0,266,5360,15043,293,240,3406930,54748,292,14113,24792,13,410,865,29,1,28,,,,,,,,254341,to Delano with Lesser Heal Potion=4243; looking for a fight=1624; to the counter with a full pack=1017; to Rance with Magic Arrow Scroll=372; to the IronOre=287,"station=28; to Roderic=3; to Elspeth=2; sweep=2; marching on (825, 1245)=1"
2026-09-18_06-30,2026-09-18T09:40:53,190.12,130259,1592433519,563682,4.33,64.55,107834,22198,227,273,10732,2443,32,10708,0,265,5626,16530,305,247,3510952,56861,299,14697,26269,18,414,867,29,1,28,,,,,,,,262105,to Delano with Lesser Heal Potion=4243; looking for a fight=1825; to the counter with a full pack=1017; to Rance with Magic Arrow Scroll=576; to Jora for blank scrolls=338,station=28; to Joss=4; to Roderic=3; to Elspeth=2; sweep=2
2026-09-18_06-30,2026-09-18T09:45:53,195.12,136324,1752475979,620318,4.55,64.55,111468,24622,234,401,11876,3341,32,11928,0,256,6619,17961,328,264,3604802,58542,308,15102,27932,19,421,879,29,1,28,,,,,,,,269663,to Delano with Lesser Heal Potion=4243; looking for a fight=2029; to the counter with a full pack=1018; to Jora for blank scrolls=873; to Rance with Magic Arrow Scroll=576,station=28; to Joss=4; to Roderic=3; to Elspeth=2; sweep=2
2026-09-18_06-30,2026-09-18T09:50:53,200.12,142439,1940192623,686708,4.82,64.55,114519,27679,241,737,13327,4298,32,13409,0,243,8470,19167,360,284,3700432,60078,320,15500,29780,19,440,1130,42,2,40,,,,,,,,274413,to Delano with Lesser Heal Potion=4243; looking for a fight=2247; to Jora for blank scrolls=1404; to the counter with a full pack=1019; to a tree=946,station=40; to Joss=4; to Roderic=3; to Elspeth=2; sweep=2
2026-09-18_06-30,2026-09-18T09:55:53,205.12,148427,2153031722,768091,5.17,92.15,117115,31071,241,1034,14922,6588,32,15063,0,228,10830,20199,435,411,3782294,61450,328,15765,31812,19,442,1130,43,2,41,,,,,,,,279845,to Delano with Lesser Heal Potion=4243; looking for a fight=2249; to a tree=1989; to Jora for blank scrolls=1941; to the counter with a full pack=1019,station=40; to Joss=4; to Roderic=3; to Elspeth=2; sweep=2
2026-09-18_06-30,2026-09-18T10:00:53,210.12,156503,2414984661,868981,5.55,92.15,121133,35129,241,1712,16818,9232,32,17035,0,213,13765,21322,521,474,3873993,62643,331,16064,34081,19,442,1130,44,3,41,,,,,,,,286199,to Delano with Lesser Heal Potion=4243; to a tree=3193; to Jora for blank scrolls=2478; looking for a fight=2400; to the counter with a full pack=1019,station=40; to Joss=4; to Roderic=3; to Elspeth=2; sweep=2
2026-09-18_06-30,2026-09-18T10:05:53,215.12,161122,2497947996,903362,5.61,92.15,124639,36233,250,1723,17329,10020,32,17568,0,208,14668,21523,551,493,3936360,64116,336,16520,35063,19,452,1133,44,3,41,,,,,,,,294541,to Delano with Lesser Heal Potion=4243; to a tree=3542; to Jora for blank scrolls=2528; looking for a fight=2503; to the counter with a full pack=1019,station=40; to Joss=4; to Roderic=3; to Elspeth=2; sweep=2
2026-09-18_06-30,2026-09-18T10:10:53,220.12,165226,2509159313,908529,5.5,92.15,128682,36276,268,1723,17350,10040,32,17581,0,208,14711,21523,552,494,4044084,66060,338,17009,35561,19,470,1133,44,3,41,,,,,,,,304631,to Delano with Lesser Heal Potion=4243; to a tree=3551; to Jora for blank scrolls=2528; looking for a fight=2510; to the counter with a full pack=1019,station=40; to Joss=4; to Roderic=3; to Elspeth=2; sweep=2
2026-09-18_06-30,2026-09-18T10:15:53,225.12,168671,2520332641,913259,5.41,92.15,132091,36312,268,1723,17364,10048,32,17594,0,208,14747,21523,552,494,4139486,67791,344,17442,36042,19,470,1133,44,3,41,,,,,,,,311172,to Delano with Lesser Heal Potion=4243; to a tree=3551; to Jora for blank scrolls=2528; looking for a fight=2524; to the counter with a full pack=1019,station=40; to Joss=4; to Roderic=3; to Elspeth=2; sweep=2
2026-09-18_06-30,2026-09-18T10:20:53,230.12,174415,2603609463,941614,5.4,92.15,136330,37813,272,1727,18080,10184,32,18324,0,209,14932,22838,560,499,4237768,68948,350,17767,37126,20,474,1134,44,3,41,,,,,,,,321141,to Delano with Lesser Heal Potion=4243; to a tree=3605; looking for a fight=2531; to Jora for blank scrolls=2528; to the counter with a full pack=1019,station=40; to Joss=4; to Roderic=3; to Elspeth=2; sweep=2
2026-09-18_10-25,2026-09-18T10:30:50,5.08,5130,39293255,16422,3.2,61.02,4790,331,9,41,188,7,32,135,0,184,77,254,4,43,71189,10005,2,3522,2901,0,12,10,1,0,1,,,,,,,,3248,"looking for a fight=101; marching on (825, 1245)=35; to Rance for a scroll=17; out to the woods for herbs=9; to the square at 1425,1365=3","marching on (825, 1245)=1"
2026-09-18_10-33,2026-09-18T10:38:22,5.08,2416,24323073,11080,4.59,60.56,2186,218,12,7,97,38,32,84,0,263,98,120,8,22,77304,3345,5,988,1008,0,20,1,1,0,1,,,,,,,,1157,"marching on (825, 1245)=57; looking for a fight=22; out to the woods for herbs=5; up to the rock=4; to Rance for a scroll=2","marching on (825, 1245)=1"
2026-09-18_10-41,2026-09-18T10:46:26,5.08,2740,83912547,32339,11.8,94.77,1787,934,19,14,438,50,32,454,0,261,222,712,6,27,77756,2527,1,639,1081,0,22,9,0,0,0,,,,,,,,896,"marching on (825, 1245)=299; looking for a fight=118; out to the woods for herbs=3; on to Vaughn for glass=1; to the AgapiteOre=1",
2026-09-18_10-50,2026-09-18T10:55:15,5.08,2038,22266030,10272,5.04,60.53,1850,187,1,3,81,33,32,64,0,274,83,104,8,42,78527,2416,1,630,674,0,7,3,1,0,1,,,,,,,,1094,"marching on (825, 1245)=50; looking for a fight=12; to a tree=4; out to the woods for herbs=2; up to the rock=2","marching on (825, 1245)=1"
2026-09-18_11-04,2026-09-18T11:09:44,5.08,2927,34610182,15785,5.39,60.28,2633,287,7,8,138,13,32,118,0,161,170,117,6,49,78558,4123,4,1488,1574,0,11,0,2,1,1,,,,,,,,2118,"looking for a fight=123; marching on (825, 1245)=8; to Delano for glass=1; looking for a line on a zombie=1; looking for a line on a skeleton=1","marching on (825, 1245)=1"
2026-09-18_11-04,2026-09-18T11:14:44,10.08,4907,64721245,28268,5.76,60.28,4356,544,7,8,263,41,32,236,0,138,320,224,15,51,155816,4824,12,1681,1885,0,19,0,3,2,1,,,,,,,,16482,"looking for a fight=236; marching on (825, 1245)=8; up to the rock=3; going home=2; to the BronzeOre=2","marching on (825, 1245)=1"
2026-09-18_11-04,2026-09-18T11:19:44,15.08,6587,72616100,31877,4.84,60.28,5999,581,7,8,275,57,32,245,0,135,351,227,18,51,234558,5793,18,1974,2234,0,22,0,3,2,1,,,,,,,,22402,"looking for a fight=242; marching on (825, 1245)=8; up to the rock=4; to the AgapiteOre=3; going home=2","marching on (825, 1245)=1"
2026-09-18_11-04,2026-09-18T11:24:44,20.08,7920,81084901,35689,4.51,60.28,7290,622,8,8,287,77,32,253,0,137,386,229,20,51,314679,6347,23,2124,2397,0,24,0,3,2,1,,,,,,,,27704,"looking for a fight=246; marching on (825, 1245)=8; up to the rock=5; to the BronzeOre=4; walking the town=3","marching on (825, 1245)=1"
2026-09-18_11-04,2026-09-18T11:29:44,25.08,9924,87458763,38648,3.89,60.28,9214,688,22,8,326,136,32,273,0,127,451,229,20,51,394973,7566,27,2391,2684,0,38,32,3,2,1,,,,,,,,37088,"looking for a fight=247; marching on (825, 1245)=8; to the BronzeOre=5; up to the rock=5; fight=4","marching on (825, 1245)=1"
2026-09-18_11-32,2026-09-18T11:37:54,5.08,2495,28084282,12575,5.04,125.84,2226,269,0,19,136,200,32,108,0,74,163,106,6,36,77258,3225,4,950,1018,0,3,17,1,0,1,,,,,,,,766,"to a tree=90; marching on (825, 1245)=9; looking for a fight=7; out to the woods for herbs=6; looking for a line on a skeleton=1","marching on (825, 1245)=1"
2026-09-18_11-38,2026-09-18T11:44:00,5.08,2810,59648455,21577,7.68,60.94,2151,659,0,17,320,30,32,323,0,313,58,601,2,2,77715,2951,5,927,1262,1,1,11,0,0,0,,,,,,,,2423,"marching on (825, 1245)=299; looking for a fight=7; after a zombie=1; out to the woods for herbs=1; on to Vaughn for glass=1",station=1
2026-09-18_11-38,2026-09-18T11:49:00,10.08,5160,70941236,26607,5.16,60.94,4472,685,3,17,336,39,32,328,0,309,84,601,3,3,158287,3943,17,1116,1488,1,4,14,0,0,0,,,,,,,,5228,"marching on (825, 1245)=299; looking for a fight=15; out to the woods for herbs=2; going home=2; after a zombie=1",station=1
2026-09-18_11-38,2026-09-18T11:54:00,15.08,8189,82613317,31884,3.89,62.37,7467,719,3,17,347,39,32,330,0,308,117,602,3,3,240182,4687,26,1294,1683,1,4,14,0,0,0,,,,,,,,8740,"marching on (825, 1245)=299; looking for a fight=26; out to the woods for herbs=2; going home=2; after a zombie=1",station=1
2026-09-18_11-38,2026-09-18T11:59:00,20.08,11789,139980161,51527,4.37,62.37,10278,1508,3,17,731,44,32,709,0,429,283,1223,6,21,317846,5668,33,1514,2288,1,4,14,0,0,0,,,,,,,,10309,"marching on (825, 1245)=299; to practise out of sight=243; looking for a fight=163; out to the woods for herbs=2; going home=2",station=1
2026-09-18_12-07,2026-09-18T12:12:13,5.07,3943,93802242,32678,8.29,61.26,2870,1070,3,21,502,14,32,501,0,200,149,921,10,35,80879,3997,3,1663,2155,0,6,0,1,0,1,,,,,,,,359,"looking for a fight=490; marching on (825, 1245)=5; after a skeleton=1; on to Vaughn for glass=1; up to the rock=1","marching on (825, 1245)=1"
2026-09-18_12-07,2026-09-18T12:17:13,10.07,5663,131803340,47383,8.37,61.26,4297,1363,3,21,649,24,32,632,0,190,225,1138,12,52,154348,4615,9,1816,2444,1,7,0,1,0,1,,,,,,,,3160,"looking for a fight=621; to Ysolt=11; marching on (825, 1245)=5; after a skeleton=1; on to Vaughn for glass=1","marching on (825, 1245)=1; to Ysolt=1"
2026-09-18_12-07,2026-09-18T12:22:13,15.07,7326,151855889,55417,7.56,61.26,5802,1520,4,21,740,64,32,693,0,181,335,1185,23,70,228264,5439,17,1987,2770,2,16,18,1,0,1,,,,,,,,4679,"looking for a fight=673; to Ulwin=13; to Ysolt=11; marching on (825, 1245)=5; up to the rock=2","marching on (825, 1245)=1; to Ysolt=1; to Ulwin=1"
2026-09-18_12-07,2026-09-18T12:27:14,20.08,9813,227015912,88512,9.02,61.26,7406,2403,4,21,1183,572,32,1126,0,137,1039,1364,27,73,302444,6104,29,2162,3383,2,18,19,1,0,1,,,,,,,,5880,"looking for a fight=855; after reagents=242; to Ulwin=13; to Ysolt=11; marching on (825, 1245)=5","marching on (825, 1245)=1; to Ysolt=1; to Ulwin=1"
2026-09-18_12-07,2026-09-18T12:32:14,25.08,11622,281238161,109523,9.42,61.26,8697,2921,4,33,1436,597,32,1374,0,126,1334,1587,32,97,384535,6990,39,2375,3892,2,19,19,1,0,1,,,,,,,,6982,looking for a fight=962; after reagents=242; after a horse=132; to Ulwin=13; to Ysolt=11,"marching on (825, 1245)=1; to Ysolt=1; to Ulwin=1"
2026-09-18_12-07,2026-09-18T12:37:14,30.08,15029,322731339,125862,8.37,61.26,11652,3373,4,33,1619,660,32,1603,0,121,1645,1728,36,102,466430,7960,49,2623,4397,2,21,55,2,0,2,,,,,,,,9687,looking for a fight=1065; after reagents=243; after a horse=172; to Ulwin=13; to Ysolt=11,"marching on (825, 1245)=1; to Ysolt=1; to Ulwin=1; after a horse=1"
2026-09-18_12-07,2026-09-18T12:42:14,35.08,18001,330940829,129575,7.2,61.26,14545,3452,4,33,1642,702,32,1639,0,120,1713,1734,42,102,522437,8890,56,2833,4645,3,27,55,2,0,2,,,,,,,,11663,looking for a fight=1066; after reagents=243; after a horse=172; to Ulwin=13; to Wystan=11,"marching on (825, 1245)=1; to Ysolt=1; to Ulwin=1; after a horse=1; to Wystan=1"
2026-09-18_12-07,2026-09-18T12:47:14,40.08,21479,358696970,140145,6.52,61.26,17794,3681,4,33,1749,713,32,1750,0,122,1746,1930,43,108,611228,9973,67,3084,5046,3,27,58,2,0,2,,,,,,,,19554,looking for a fight=1170; after reagents=243; after a horse=172; to Ulwin=13; to Wystan=11,"marching on (825, 1245)=1; to Ysolt=1; to Ulwin=1; after a horse=1; to Wystan=1"
2026-09-18_12-07,2026-09-18T12:52:14,45.08,24508,369162670,144817,5.91,61.26,20780,3722,6,33,1756,726,32,1758,0,123,1783,1934,47,108,699000,11044,77,3290,5297,3,33,58,2,0,2,,,,,,,,28288,looking for a fight=1172; after reagents=243; after a horse=172; to Ulwin=13; to Wystan=11,"marching on (825, 1245)=1; to Ysolt=1; to Ulwin=1; after a horse=1; to Wystan=1"
2026-09-18_12-57,2026-09-18T13:02:34,5.08,5582,94899446,38465,6.89,60.83,4454,1126,2,918,369,14,32,306,0,333,536,590,10,54,73490,8939,2,3388,2739,0,3,0,0,0,0,,,,,,,,2375,"marching on (825, 1245)=299; to Cassia=20; looking for a fight=18; to Rance for a scroll=8; out to the woods for herbs=6",
2026-09-18_12-57,2026-09-18T13:07:34,10.08,8543,128454566,50859,5.95,61.93,6806,1735,2,918,637,273,32,584,0,234,1140,595,27,94,153952,9727,9,3575,3200,0,9,253,1,0,1,,,,,,,,4456,"marching on (825, 1245)=299; looking for a fight=27; to Cassia=20; to Rance for a scroll=8; out to the woods for herbs=7",station=1
2026-09-18_12-57,2026-09-18T13:12:34,15.08,11329,136407365,54618,4.82,61.93,9577,1750,2,918,650,277,32,586,0,233,1154,596,29,96,229506,10832,19,3936,3611,0,10,254,1,0,1,,,,,,,,6632,"marching on (825, 1245)=299; looking for a fight=36; to Cassia=20; to Rance for a scroll=9; out to the woods for herbs=7",station=1
2026-09-18_12-57,2026-09-18T13:17:34,20.08,14579,162879374,65223,4.47,61.93,12614,1963,2,918,757,285,32,692,0,221,1266,697,30,96,302352,11549,24,4120,3905,0,11,254,2,1,1,,,,,,,,7674,"marching on (825, 1245)=299; looking for a fight=139; to Cassia=20; to Rance for a scroll=9; out to the woods for herbs=7",station=1
2026-09-18_12-57,2026-09-18T13:22:34,25.08,18430,227648655,95528,5.18,61.93,15652,2774,4,919,1176,891,32,1084,0,167,1986,787,35,119,381172,12510,32,4335,4609,2,15,257,3,1,2,,,,,,,,10167,"marching on (825, 1245)=299; after reagents=299; looking for a fight=229; to Delwyn=22; to Cassia=20",to Delwyn=2; station=1; looking for a fight=1
2026-09-18_13-25,2026-09-18T13:30:47,5.08,1741,9554075,5391,3.1,69.05,1681,51,9,10,18,8,32,4,0,145,51,0,1,0,75043,2856,3,876,866,0,10,0,0,0,0,,,,,,,,166,looking for a fight=13; to Delano for glass=2; out to the woods for herbs=1; looking for a line on a skeleton=1; to a tree=1,
2026-09-18_13-33,2026-09-18T13:38:44,5.08,3455,62742374,23746,6.87,61.02,2766,689,0,13,321,60,32,344,0,300,87,602,3,3,76171,2741,3,705,1040,0,2,0,0,0,0,,,,,,,,952,"marching on (825, 1245)=299; looking for a fight=16; out to the woods for herbs=3; looking for a line on a skeleton=1; up to the rock=1",
2026-09-18_13-33,2026-09-18T13:43:44,10.08,6664,74554702,28983,4.35,61.02,5923,741,0,13,353,81,32,365,0,289,136,605,9,17,151519,3840,11,949,1303,1,7,3,0,0,0,,,,,,,,2591,"marching on (825, 1245)=299; looking for a fight=25; to Faron Ashdown=11; out to the woods for herbs=3; up to the rock=2",to Faron Ashdown=1
2026-09-18_13-33,2026-09-18T13:48:44,15.08,9538,84984720,33617,3.52,110.76,8732,806,0,13,377,119,32,399,0,274,194,610,12,17,229829,4912,20,1265,1651,1,11,5,1,0,1,,,,,,,,8272,"marching on (825, 1245)=299; looking for a fight=29; to Faron Ashdown=11; to Marek=5; to the edge of town to gather=4",to Faron Ashdown=1; looking for a fight=1
2026-09-18_13-33,2026-09-18T13:53:44,20.08,12236,93535774,37350,3.05,110.76,11409,827,0,13,392,128,32,404,0,269,210,612,14,17,312214,6068,30,1534,1932,1,13,5,1,0,1,,,,,,,,20040,"marching on (825, 1245)=299; looking for a fight=34; to Faron Ashdown=11; going to the training field=5; up to the rock=5",to Faron Ashdown=1; looking for a fight=1
2026-09-18_13-33,2026-09-18T13:58:44,25.08,15980,102435429,41569,2.6,110.76,15116,862,2,13,405,141,32,415,0,264,241,616,19,17,394568,7269,39,1830,2239,1,20,5,1,0,1,,,,,,,,23025,"marching on (825, 1245)=299; looking for a fight=40; to Faron Ashdown=11; up to the rock=6; going to the training field=5",to Faron Ashdown=1; looking for a fight=1
2026-09-18_14-02,2026-09-18T14:07:09,5.07,4121,74002000,28554,6.93,60.54,3471,650,0,35,338,6,32,304,0,318,49,601,2,22,71685,7550,2,2616,2383,0,1,0,0,0,0,,,,,,,,1156,"marching on (825, 1245)=299; looking for a fight=15; to Rance for a scroll=13; out to the woods for herbs=4; to the VeriteOre=1",
2026-09-18_14-02,2026-09-18T14:12:10,10.08,5780,123431509,47133,8.15,60.54,4674,1104,2,35,557,14,32,524,0,236,290,814,6,53,145777,8253,10,2756,2754,0,5,0,0,0,0,,,,,,,,6446,"marching on (825, 1245)=299; looking for a fight=117; to where Joss was fighting=114; to Rance for a scroll=13; out to the woods for herbs=4",
2026-09-18_14-02,2026-09-18T14:17:10,15.08,8166,146367744,55981,6.86,63.37,6831,1333,2,35,650,69,32,656,0,210,436,897,8,53,217080,9549,20,3279,3456,0,7,3,0,0,0,,,,,,,,10404,"marching on (825, 1245)=299; to where Joss was fighting=196; looking for a fight=121; to Rance for a scroll=13; out to the woods for herbs=4",
2026-09-18_14-02,2026-09-18T14:22:10,20.08,9808,157971268,61037,6.22,63.37,8422,1384,2,35,661,75,32,658,0,211,479,897,8,53,295324,10328,26,3480,3666,0,7,3,0,0,0,,,,,,,,14143,"marching on (825, 1245)=299; to where Joss was fighting=196; looking for a fight=127; to Rance for a scroll=13; out to the woods for herbs=4",
2026-09-18_14-02,2026-09-18T14:27:10,25.08,11604,165646909,64623,5.57,63.37,10181,1420,3,35,667,106,32,686,0,207,513,897,8,53,375786,11204,41,3692,3919,0,8,3,0,0,0,,,,,,,,23529,"marching on (825, 1245)=299; to where Joss was fighting=196; looking for a fight=127; to Rance for a scroll=13; out to the woods for herbs=4",
2026-09-18_14-02,2026-09-18T14:32:10,30.08,14098,173851204,68513,4.86,63.37,12664,1431,3,35,671,107,32,686,0,207,524,897,8,53,462876,12534,50,3980,4214,0,8,3,0,0,0,,,,,,,,25254,"marching on (825, 1245)=299; to where Joss was fighting=196; looking for a fight=131; to Rance for a scroll=13; out to the woods for herbs=4",
2026-09-18_14-35,2026-09-18T14:40:48,5.08,4024,57748116,21429,5.33,62.05,3391,633,0,18,320,0,32,300,0,328,32,601,1,22,71928,5011,5,1834,2110,0,0,8,0,0,0,,,,,,,,0,"marching on (825, 1245)=299; out to the woods for herbs=4; looking for a fight=4; on to Wynona for glass=3; on to Vaughn for glass=1",
2026-09-18_14-35,2026-09-18T14:45:48,10.08,6114,68902605,26275,4.3,62.05,5407,707,0,18,364,33,32,322,0,308,96,606,8,22,153005,5848,12,2022,2318,2,7,8,0,0,0,,,,,,,,3044,"marching on (825, 1245)=299; looking for a fight=13; to Bryn Ashdown=11; to Isolde=11; out to the woods for herbs=5",to Bryn Ashdown=1; to Isolde=1
2026-09-18_14-35,2026-09-18T14:50:48,15.08,7906,80066406,31117,3.94,62.05,7120,786,0,18,389,58,32,346,0,285,169,612,16,48,233359,6529,28,2193,2516,2,13,16,0,0,0,,,,,,,,4428,"marching on (825, 1245)=299; looking for a fight=22; to Bryn Ashdown=11; to Isolde=11; out to the woods for herbs=5",to Bryn Ashdown=1; to Isolde=1
2026-09-18_14-35,2026-09-18T14:55:48,20.08,9683,87044175,34490,3.56,62.05,8874,808,1,18,394,61,32,346,0,283,189,612,17,81,310098,7282,40,2351,2683,2,14,16,0,0,0,,,,,,,,5956,"marching on (825, 1245)=299; looking for a fight=25; to Bryn Ashdown=11; to Isolde=11; out to the woods for herbs=5",to Bryn Ashdown=1; to Isolde=1
2026-09-18_14-35,2026-09-18T15:00:48,25.08,12343,94192827,37842,3.07,62.05,11499,843,1,18,413,78,32,356,0,277,220,613,18,81,391707,8029,54,2536,2958,3,15,16,0,0,0,,,,,,,,7446,"marching on (825, 1245)=299; looking for a fight=26; to Isolde=11; to Rowan=11; to Bryn Ashdown=11",to Bryn Ashdown=1; to Isolde=1; to Rowan=1
2026-09-18_14-35,2026-09-18T15:05:48,30.08,14928,117555220,47928,3.21,62.05,13828,1098,2,18,522,225,32,473,0,222,467,621,29,83,479076,8992,63,2776,3350,3,23,57,0,0,0,,,,,,,,15506,"marching on (825, 1245)=299; to a tree=57; looking for a fight=28; to Rowan=11; to Bryn Ashdown=11",to Bryn Ashdown=1; to Isolde=1; to Rowan=1
2026-09-18_14-35,2026-09-18T15:10:48,35.08,16846,164741249,70995,4.21,62.05,15043,1801,2,18,855,863,32,825,0,139,1167,624,33,84,529936,9726,71,2925,3857,3,26,85,0,0,0,,,,,,,,17688,"marching on (825, 1245)=299; after reagents=299; to a tree=57; looking for a fight=28; to Bryn Ashdown=11",to Bryn Ashdown=1; to Isolde=1; to Rowan=1
2026-09-18_15-16,2026-09-18T15:21:12,5.08,4121,60911098,22612,5.49,61.3,3465,655,1,29,332,6,32,302,0,318,54,601,2,20,73948,5952,1,1693,1845,0,2,0,0,0,0,,,,,,,,1318,"marching on (825, 1245)=300; looking for a fight=11; out to the woods for herbs=5; to Delano for glass=5; to Rance for a scroll=3",
2026-09-18_15-16,2026-09-18T15:26:12,10.08,7490,70615073,26853,3.59,61.3,6798,691,1,29,360,18,32,310,0,309,88,603,5,21,150285,6910,7,1893,2050,1,5,2,0,0,0,,,,,,,,7006,"marching on (825, 1245)=300; looking for a fight=21; to Alden Ashdown=11; out to the woods for herbs=5; to Delano for glass=5",to Alden Ashdown=1
2026-09-18_15-16,2026-09-18T15:31:12,15.08,10877,84895586,32722,3.01,63.2,10067,809,1,29,421,25,32,354,0,279,204,605,8,39,222097,8111,13,2261,2457,1,6,40,0,0,0,,,,,,,,9453,"marching on (825, 1245)=300; looking for a fight=34; to Alden Ashdown=11; out to the woods for herbs=5; to Delano for glass=5",to Alden Ashdown=1
2026-09-18_15-33,2026-09-18T15:38:13,5.08,2749,68133160,25275,9.19,60.48,1988,761,0,12,376,8,32,359,0,290,106,655,4,43,76789,2921,5,809,1155,0,2,0,0,0,0,,,,,,,,1709,"marching on (825, 1245)=299; looking for a fight=65; out to the woods for herbs=4; to Delano for glass=3; to Rance for a scroll=1",
2026-09-18_15-33,2026-09-18T15:43:13,10.08,5546,84566365,32056,5.78,60.48,4618,928,0,12,435,62,32,451,0,250,223,705,9,43,157632,3827,12,1042,1479,0,7,4,0,0,0,,,,,,,,12201,"marching on (825, 1245)=299; looking for a fight=114; out to the woods for herbs=4; to Delano for glass=3; up to the rock=3",
2026-09-18_15-33,2026-09-18T15:48:13,15.08,7989,93065888,35831,4.49,60.48,7037,952,0,12,443,72,32,455,0,249,245,707,11,43,237675,4458,20,1203,1649,0,9,4,0,0,0,,,,,,,,21169,"marching on (825, 1245)=299; looking for a fight=120; up to the rock=5; out to the woods for herbs=4; to Delano for glass=3",
2026-09-18_15-33,2026-09-18T15:53:13,20.08,11398,134494577,50872,4.46,60.48,10030,1368,0,12,651,74,32,656,0,209,365,1003,13,50,314460,5151,27,1368,2022,0,9,4,0,0,0,,,,,,,,29737,"looking for a fight=325; marching on (825, 1245)=299; up to the rock=5; out to the woods for herbs=4; to Delano for glass=3",
2026-09-18_15-33,2026-09-18T15:58:13,25.08,14934,142270847,54396,3.64,60.48,13523,1411,0,12,662,99,32,680,0,206,408,1003,14,50,393529,6237,34,1645,2327,0,10,4,0,0,0,,,,,,,,35617,"looking for a fight=331; marching on (825, 1245)=299; up to the rock=5; out to the woods for herbs=4; to Delano for glass=3",
2026-09-18_15-33,2026-09-18T16:03:14,30.1,18847,190495290,72983,3.87,60.48,17003,1842,2,12,866,104,32,880,0,189,638,1203,16,55,483702,7961,37,2061,2948,0,12,4,0,0,0,,,,,,,,47109,"looking for a fight=531; marching on (825, 1245)=299; up to the rock=5; out to the woods for herbs=4; to Delano for glass=3",
2026-09-18_15-33,2026-09-18T16:08:14,35.1,20963,232062387,88091,4.2,60.48,18633,2314,16,12,1080,155,32,1098,0,173,878,1433,30,62,529185,8931,40,2253,3345,0,38,11,0,0,0,,,,,,,,49958,"looking for a fight=531; marching on (825, 1245)=299; to the BronzeOre=97; to the AgapiteOre=93; up to the rock=12",
2026-09-18_15-33,2026-09-18T16:13:14,40.1,24304,272063818,103633,4.26,60.48,21564,2723,17,12,1265,189,32,1290,0,161,1113,1607,45,80,626330,10072,44,2455,3729,0,52,12,0,0,0,,,,,,,,59301,"looking for a fight=635; marching on (825, 1245)=299; to the BronzeOre=97; to the AgapiteOre=94; to the GoldOre=64",
2026-09-18_15-33,2026-09-18T16:18:14,45.1,27274,282285674,108047,3.96,60.48,24485,2772,17,12,1280,213,32,1303,0,161,1155,1613,51,80,716567,10694,51,2619,3912,0,58,12,0,0,0,,,,,,,,68225,"looking for a fight=643; marching on (825, 1245)=299; to the BronzeOre=97; to the AgapiteOre=94; to the GoldOre=64",
2026-09-18_15-33,2026-09-18T16:23:14,50.1,30984,291800618,112297,3.62,60.48,28163,2804,17,12,1292,222,32,1305,0,161,1184,1614,52,80,809506,11553,61,2827,4146,0,59,14,0,0,0,,,,,,,,74719,"looking for a fight=649; marching on (825, 1245)=299; to the BronzeOre=97; to the AgapiteOre=94; to the GoldOre=64",
2026-09-18_15-33,2026-09-18T16:28:14,55.1,34331,300668516,116616,3.4,60.48,31480,2834,17,12,1304,239,32,1310,0,161,1211,1616,54,80,908824,12967,69,3176,4509,0,61,14,0,0,0,,,,,,,,81120,"looking for a fight=651; marching on (825, 1245)=299; to the BronzeOre=97; to the AgapiteOre=94; to the GoldOre=64",
2026-09-18_15-33,2026-09-18T16:33:14,60.1,37791,338143889,130866,3.46,60.48,34538,3236,17,12,1503,266,32,1504,0,151,1432,1796,66,83,1007903,14208,78,3429,4946,0,71,14,0,0,0,,,,,,,,88128,"looking for a fight=660; marching on (825, 1245)=299; to the BronzeOre=194; to the GoldOre=140; to the AgapiteOre=95",
2026-09-18_15-33,2026-09-18T16:38:14,65.1,39965,356790956,138533,3.47,60.59,36490,3458,17,12,1603,438,32,1604,0,142,1631,1813,71,94,1059006,14893,90,3547,5240,0,73,15,0,0,0,,,,,,,,91379,"looking for a fight=660; marching on (825, 1245)=299; to the BronzeOre=194; to the GoldOre=156; to the AgapiteOre=95",
2026-09-18_15-33,2026-09-18T16:43:14,70.1,43034,371823110,145154,3.37,60.59,39472,3545,17,12,1635,478,32,1633,0,141,1704,1827,86,96,1168115,16675,97,3796,5552,1,87,15,0,0,0,,,,,,,,99619,"looking for a fight=663; marching on (825, 1245)=299; to the BronzeOre=195; to the GoldOre=157; to the AgapiteOre=95",after a spectre=1
2026-09-18_15-33,2026-09-18T16:48:14,75.1,46381,399777304,156012,3.36,60.59,42569,3794,18,12,1758,502,32,1751,0,138,1850,1930,91,101,1270173,17656,106,4009,5927,2,92,16,0,0,0,,,,,,,,107400,"looking for a fight=767; marching on (825, 1245)=299; to the BronzeOre=196; to the GoldOre=157; to the AgapiteOre=95",after a spectre=1; to Calla Ashdown=1
2026-09-18_15-33,2026-09-18T16:53:14,80.1,49382,432106592,168962,3.42,60.59,45318,4046,18,12,1876,520,32,1865,0,137,1995,2037,97,104,1377741,18875,118,4300,6400,2,96,16,0,0,0,,,,,,,,111640,"looking for a fight=862; marching on (825, 1245)=299; to the BronzeOre=196; to the GoldOre=172; to the AgapiteOre=95",after a spectre=1; to Calla Ashdown=1
2026-09-18_15-33,2026-09-18T16:58:14,85.1,53020,443153190,174134,3.28,60.59,48904,4098,18,12,1894,542,32,1883,0,136,2042,2042,103,104,1483777,20614,125,4668,6788,2,102,17,0,0,0,,,,,,,,114712,"looking for a fight=864; marching on (825, 1245)=299; to the BronzeOre=196; to the GoldOre=172; to the AgapiteOre=95",after a spectre=1; to Calla Ashdown=1
2026-09-18_15-33,2026-09-18T17:03:14,90.1,57776,536744527,208852,3.61,60.59,52686,5068,22,12,2353,587,32,2357,0,132,2511,2543,119,111,1592654,22014,136,5061,7676,2,118,17,1,0,1,,,,,,,,117569,"looking for a fight=1129; marching on (825, 1245)=299; to the BronzeOre=284; to the AgapiteOre=189; to the GoldOre=172",after a spectre=1; to Calla Ashdown=1; looking for a fight=1
2026-09-18_17-05,2026-09-18T17:10:47,5.1,3114,87090879,32260,10.36,61.12,2172,941,1,21,445,10,32,424,0,271,223,718,5,64,73046,3946,2,1163,1537,0,3,0,0,0,0,,,,,,,,1290,"marching on (825, 1245)=299; looking for a fight=124; out to the woods for herbs=6; to Rance for a scroll=2; to the CopperOre=2",
2026-09-18_17-13,2026-09-18T17:18:09,5.08,2801,65808962,24676,8.81,61.67,2108,688,5,32,319,36,32,324,0,312,87,601,3,21,77809,2890,2,888,1205,0,7,0,0,0,0,,,,,,,,867,"marching on (825, 1245)=299; looking for a fight=13; out to the woods for herbs=2; after a zombie=1; after a skeleton=1",
2026-09-18_17-13,2026-09-18T17:23:09,10.08,6473,100113295,41779,6.45,61.67,5234,1152,87,32,537,484,32,556,0,191,548,604,9,21,156531,4417,10,1324,1869,0,94,3,0,0,0,,,,,,,,12353,"marching on (825, 1245)=299; after reagents=206; looking for a fight=17; out to the woods for herbs=3; up to the rock=2",
2026-09-18_17-27,2026-09-18T17:33:00,5.08,2719,25822409,11408,4.2,60.69,2509,209,1,15,102,23,32,84,0,221,87,122,7,45,80240,3140,2,963,1091,0,7,0,1,0,1,,,,,,,,4463,"marching on (825, 1245)=46; to the BronzeOre=27; looking for a fight=13; out to the woods for herbs=2; to Delano for glass=2","marching on (825, 1245)=1"
2026-09-18_17-27,2026-09-18T17:38:00,10.08,4844,42934338,18285,3.77,60.69,4476,359,9,15,159,58,32,168,0,175,187,172,7,45,155962,3965,7,1183,1401,0,15,0,1,0,1,,,,,,,,11445,"to the BronzeOre=77; marching on (825, 1245)=46; looking for a fight=17; out to the woods for herbs=3; to Delano for glass=2","marching on (825, 1245)=1"
2026-09-18_17-27,2026-09-18T17:43:00,15.08,7804,121800838,47203,6.05,60.69,6566,1229,9,15,599,76,32,597,0,137,351,878,11,62,235313,4683,12,1404,2049,2,16,0,1,0,1,,,,,,,,16078,"to where they are kept=299; looking for a fight=133; to the BronzeOre=77; marching on (825, 1245)=46; to Wystan=22","to Wystan=2; marching on (825, 1245)=1"
2026-09-18_17-27,2026-09-18T17:48:00,20.08,9323,138415070,54172,5.81,60.69,7963,1351,9,15,658,86,32,645,0,138,426,922,13,62,312188,5374,20,1563,2261,2,18,0,1,0,1,,,,,,,,20633,"to where they are kept=299; looking for a fight=178; to the BronzeOre=77; marching on (825, 1245)=46; to Wystan=22","to Wystan=2; marching on (825, 1245)=1"
2026-09-18_17-27,2026-09-18T17:53:00,25.08,11200,173751670,68141,6.08,280,9458,1732,10,15,846,101,32,826,0,136,473,1253,16,62,389260,6139,27,1756,2658,2,21,0,1,0,1,,,,,,,,33440,"to where they are kept=472; looking for a fight=183; to the BronzeOre=77; marching on (825, 1245)=46; to Wystan=22","to Wystan=2; marching on (825, 1245)=1"
2026-09-18_17-27,2026-09-18T17:58:01,30.1,14037,195277941,76936,5.48,280,11930,2095,12,15,1015,106,32,997,0,122,834,1253,21,69,469253,7264,34,1976,3055,2,24,165,1,0,1,,,,,,,,42057,"to where they are kept=472; looking for a fight=184; to the BronzeOre=77; marching on (825, 1245)=46; to Wystan=22","to Wystan=2; marching on (825, 1245)=1"
2026-09-18_17-59,2026-09-18T18:04:43,5.1,2857,58277194,22665,7.93,130.22,2200,655,2,9,337,21,32,314,0,318,56,599,3,14,78561,2763,4,848,1155,0,4,1,0,0,0,,,,,,,,463,"marching on (825, 1245)=299; looking for a fight=26; up to the rock=2; to Phyllis for Cloth=1; to Delano for SulfurousAsh=1",
2026-09-18_18-07,2026-09-18T18:12:36,5.08,2773,35214212,15249,5.5,60.35,2404,369,0,13,157,180,32,152,0,145,230,139,14,46,80444,4812,1,1426,1550,0,3,0,1,0,1,,,,,,,,0,"to a tree=68; marching on (825, 1245)=59; looking for a fight=23; out to the woods for herbs=3; looking for a line on a skeleton=2","marching on (825, 1245)=1"
2026-09-18_18-07,2026-09-18T18:17:36,10.08,6063,77016434,31927,5.27,60.35,5200,863,0,13,383,487,32,385,0,86,634,229,34,72,156178,5468,13,1590,1972,1,4,0,1,0,1,,,,,,,,1091,"to a tree=185; looking for a fight=116; marching on (825, 1245)=59; to Fendrel=11; out to the woods for herbs=3","marching on (825, 1245)=1; to Fendrel=1"
2026-09-18_18-07,2026-09-18T18:22:36,15.08,8429,137444171,55356,6.57,60.35,6929,1500,0,24,688,500,32,683,0,102,913,586,43,91,233878,6064,22,1753,2437,1,7,26,2,1,1,,,,,,,,3356,"looking for a fight=263; to a tree=185; to where they are kept=111; marching on (825, 1245)=59; to Ysolt=11","marching on (825, 1245)=1; to Fendrel=1"
2026-09-18_18-07,2026-09-18T18:27:36,20.08,10140,162712676,65525,6.46,60.38,8435,1693,12,24,773,510,32,766,0,108,1001,691,46,111,315610,6971,32,1905,2711,1,20,26,2,1,1,,,,,,,,5593,"looking for a fight=318; to a tree=185; to where they are kept=136; marching on (825, 1245)=59; to Ysolt=11","marching on (825, 1245)=1; to Fendrel=1"
2026-09-18_18-07,2026-09-18T18:32:36,25.08,12212,213734450,84006,6.88,60.38,9944,2255,13,24,1052,521,32,1044,0,111,1034,1220,47,111,398410,7790,36,2091,3177,1,22,26,2,1,1,,,,,,,,10909,"to where they are kept=409; looking for a fight=320; to a tree=185; marching on (825, 1245)=59; to Fendrel=11","marching on (825, 1245)=1; to Fendrel=1"
2026-09-18_18-07,2026-09-18T18:37:36,30.08,14135,223744418,88539,6.26,60.38,11786,2335,14,24,1059,576,32,1098,0,110,1113,1220,47,111,485971,9057,46,2403,3576,1,23,26,2,1,1,,,,,,,,14173,"to where they are kept=409; looking for a fight=325; to a tree=185; marching on (825, 1245)=59; to Fendrel=11","marching on (825, 1245)=1; to Fendrel=1"
2026-09-18_18-41,2026-09-18T18:47:03,5.08,3663,22855801,10797,2.95,61.06,3440,223,0,19,95,44,32,87,0,246,92,131,5,30,79258,5970,5,2267,2331,0,3,0,1,0,1,,,,,,,,1339,"marching on (825, 1245)=65; to a tree=13; looking for a fight=10; out to the woods for herbs=3; up to the rock=1","marching on (825, 1245)=1"
2026-09-18_18-41,2026-09-18T18:52:03,10.08,5750,37057293,17321,3.01,61.06,5420,323,7,19,131,97,32,120,0,203,185,138,16,39,157534,6759,18,2481,2627,0,18,4,1,0,1,,,,,,,,5019,"marching on (825, 1245)=65; looking for a fight=21; to a tree=21; out to the woods for herbs=4; up to the rock=3","marching on (825, 1245)=1"
2026-09-18_18-41,2026-09-18T18:57:03,15.08,7353,45618008,21236,2.89,70.83,6987,348,18,19,151,104,32,122,0,207,209,139,17,39,235231,7422,23,2650,2801,1,28,4,1,0,1,,,,,,,,10184,"marching on (825, 1245)=65; looking for a fight=27; to a tree=21; to Gwendra=11; out to the woods for herbs=4","marching on (825, 1245)=1; to Gwendra=1"
2026-09-18_18-41,2026-09-18T19:02:03,20.08,9583,55176577,25843,2.7,70.83,9193,372,18,19,175,105,32,122,0,219,231,139,17,39,314991,8128,33,2847,3008,2,28,4,1,0,1,,,,,,,,18494,"marching on (825, 1245)=65; looking for a fight=27; to a tree=21; to Doran Ashdown=19; to Gwendra=11","marching on (825, 1245)=1; to Gwendra=1; to Doran Ashdown=1"
2026-09-18_19-03,2026-09-18T19:08:19,5.08,2868,61546342,24912,8.69,247.38,2197,671,0,14,317,21,32,307,0,321,83,588,4,16,79471,2386,5,714,1006,0,3,0,0,0,0,,,,,,,,1866,"marching on (825, 1245)=299; looking for a fight=7; to Wynona for glass=5; out to the woods for herbs=2; after a zombie=1",
2026-09-18_19-09,2026-09-18T19:14:27,5.08,1934,10868827,5682,2.94,61.42,1851,83,0,19,36,16,32,24,0,234,52,31,3,3,80023,2126,3,624,627,1,3,12,1,0,1,,,,,,,,439,"marching on (825, 1245)=13; looking for a fight=3; to Wynona for glass=3; looking for a line on a skeleton=1; to Delano for glass=1","station=1; marching on (825, 1245)=1"
2026-09-18_19-17,2026-09-18T19:22:32,5.1,4809,153427062,57109,11.88,60.85,2231,2567,11,1073,1213,42,32,1203,0,165,1221,1346,18,102,80791,3372,6,1206,2381,0,16,7,3,0,3,,,,,,,,896,"looking for a fight=1135; marching on (825, 1245)=55; going to the training field=3; to Rance for a scroll=2; looking for a line on a zombie=1","looking for a fight=2; marching on (825, 1245)=1"
2026-09-18_19-25,2026-09-18T19:30:13,5.08,2864,58834323,23332,8.15,60.4,2192,672,0,16,335,23,32,312,0,314,65,601,4,3,79747,2643,5,707,1037,0,3,0,0,0,0,,,,,,,,903,"marching on (825, 1245)=299; looking for a fight=13; out to the woods for herbs=5; on to Vaughn for glass=5; on to Wynona for glass=4",
2026-09-18_19-34,2026-09-18T19:39:57,5.08,3827,45509124,20261,5.29,348.5,3321,506,0,22,253,20,32,223,0,219,207,299,5,43,78482,3081,4,917,1117,2,3,2,2,1,1,,,,,,,,1800,"looking for a fight=112; marching on (825, 1245)=105; to Joss=11; to Calla Ashdown=11; to Rance for blank scrolls=5","marching on (825, 1245)=1; to Joss=1; to Calla Ashdown=1"
2026-09-18_20-02,2026-09-18T20:08:04,5.08,4877,47977795,19517,4,62.22,4290,587,0,52,253,64,32,284,0,203,170,417,6,43,81992,799,12,239,489,0,4,40,1,0,1,,,,,,,,1166,"marching on (825, 1245)=108; looking for a fight=100; to a fire=1; after a zombie=1; to the square at 1185,1515=1","marching on (825, 1245)=1"
2026-09-18_20-02,2026-09-18T20:13:04,10.08,7490,56179049,23494,3.14,62.22,6884,606,0,52,257,65,32,284,0,208,189,417,6,43,151420,1556,21,357,751,0,4,40,1,0,1,,,,,,,,3880,"marching on (825, 1245)=108; looking for a fight=102; to a fire=1; after a zombie=1; to the square at 1185,1515=1","marching on (825, 1245)=1"
2026-09-18_20-02,2026-09-18T20:18:04,15.08,10618,105485635,43308,4.08,62.22,9470,1148,0,52,528,194,32,605,0,152,533,615,8,47,215896,2366,25,594,1306,5,4,47,1,0,1,,,,,,,,7670,"looking for a fight=302; marching on (825, 1245)=108; to Nessa=38; to Ulwin=22; to a fire=1","to Nessa=3; to Ulwin=2; marching on (825, 1245)=1"
2026-09-18_20-02,2026-09-18T20:23:04,20.08,12679,130973744,53100,4.19,62.22,11241,1437,1,52,630,270,32,781,0,141,723,714,9,60,273579,3122,37,801,1695,5,5,47,1,0,1,,,,,,,,16662,"looking for a fight=403; marching on (825, 1245)=108; to Nessa=38; to Ulwin=22; to a fire=1","to Nessa=3; to Ulwin=2; marching on (825, 1245)=1"
2026-09-18_20-02,2026-09-18T20:28:04,25.08,16206,221329156,91445,5.64,62.22,13703,2502,1,52,1143,309,32,1305,0,119,1284,1218,25,74,350043,3909,40,967,2375,5,18,47,1,0,1,,,,,,,,30631,"looking for a fight=403; after a dog=259; to the counter with a full pack=237; marching on (825, 1245)=108; to Nessa=38","to Nessa=3; to Ulwin=2; marching on (825, 1245)=1"
2026-09-18_20-02,2026-09-18T20:33:04,30.08,19662,329170089,136488,6.94,62.22,15909,3752,1,52,1747,339,32,1921,0,111,1931,1819,34,117,419155,4566,45,1130,3153,5,25,47,3,0,3,,,,,,,,37182,"to the counter with a full pack=560; after a dog=532; looking for a fight=405; marching on (825, 1245)=108; to Nessa=38","to Nessa=3; to Ulwin=2; to the counter with a full pack=2; marching on (825, 1245)=1"
2026-09-20_08-22,2026-09-20T08:27:06,5.07,3792,39414682,15153,4,61.88,3240,544,8,28,305,483,32,259,0,19,370,174,11,18,77993,933,4,316,561,1,16,35,0,0,0,,,,,,,,38,to a tree=175; taking my place in the ranks=12; to Bryn Ashdown=11; to Calla=8; drilling 1=2,to Bryn Ashdown=1
2026-09-20_08-22,2026-09-20T08:32:06,10.07,6511,62386684,23751,3.65,61.88,5664,831,16,28,628,535,32,412,0,43,536,295,17,23,156868,1854,9,548,947,1,27,42,0,0,0,,,,,,,,1106,to a tree=175; looking for a fight=101; taking my place in the ranks=23; to Bryn Ashdown=11; to Rance for a scroll=10,to Bryn Ashdown=1
2026-09-20_08-22,2026-09-20T08:37:06,15.07,11072,130990821,44581,4.03,61.88,8940,2115,17,28,1449,557,32,1056,0,255,568,1547,19,23,241299,2392,12,711,1745,2,30,48,0,0,0,,,,,,,,4369,to Rance for a scroll=635; to a tree=175; looking for a fight=104; taking my place in the ranks=24; to Jorunn=11,to Bryn Ashdown=1; to Jorunn=1
2026-09-20_08-22,2026-09-20T08:42:06,20.07,13845,178944268,60203,4.35,115.48,11016,2812,17,29,1941,563,32,1387,0,265,688,2124,23,25,322985,3079,43,874,2328,3,32,48,1,0,1,,,,,,,,7439,to Rance for a scroll=862; looking for a fight=206; to a tree=175; taking my place in the ranks=24; to Jorunn=11,to Bryn Ashdown=1; to Jorunn=1; to Kelda=1; to Athena with Thigh Boots=1
2026-09-20_08-22,2026-09-20T08:47:06,25.07,18264,227433101,76472,4.19,115.48,14736,3509,19,60,2409,665,32,1677,0,231,1265,2244,34,65,404625,4394,51,1309,3032,7,38,261,7,0,7,,,,,,,,9793,to Rance for a scroll=862; looking for a fight=266; to a tree=175; to Neriah=24; taking my place in the ranks=24,station=6; to Bryn Ashdown=2; to Neriah=2; to Jorunn=1; to Kelda=1
2026-09-20_08-22,2026-09-20T08:52:06,30.07,22435,242705675,82579,3.68,115.48,18645,3771,19,60,2716,852,32,1897,0,216,1493,2278,35,66,493107,6168,61,1820,3781,16,38,261,7,0,7,,,,,,,,13386,to Rance for a scroll=862; looking for a fight=301; to a tree=175; to Delwyn=58; to Maeve=33,station=6; to Delwyn=4; to Maeve=3; to Bryn Ashdown=2; to Neriah=2
2026-09-20_08-22,2026-09-20T08:57:07,35.08,26492,250857899,86607,3.27,115.48,22684,3789,19,60,2876,860,32,1901,0,216,1509,2280,37,66,584125,7566,69,2235,4278,16,40,261,7,0,7,,,,,,,,17894,to Rance for a scroll=862; looking for a fight=301; to a tree=175; to Delwyn=58; to Maeve=34,station=6; to Delwyn=4; to Maeve=3; to Bryn Ashdown=2; to Neriah=2
2026-09-20_08-22,2026-09-20T09:02:07,40.08,30181,267331065,93326,3.09,115.48,26190,3972,19,60,3110,913,32,1985,0,209,1691,2281,42,75,677390,9065,76,2624,4751,17,42,350,8,0,8,,,,,,,,27575,to Rance for a scroll=862; looking for a fight=304; to a tree=175; to Delwyn=58; to Maeve=34,station=8; to Delwyn=4; to Maeve=3; to Bryn Ashdown=2; to Neriah=2
2026-09-20_08-22,2026-09-20T09:07:07,45.08,34446,277722137,97865,2.84,115.48,30182,4245,19,60,3323,1175,32,2206,0,196,1962,2283,44,75,761065,10705,79,3176,5502,17,44,387,8,0,8,,,,,,,,32296,to Rance for a scroll=862; looking for a fight=304; to a tree=175; to Delwyn=58; to Maeve=34,station=8; to Delwyn=4; to Maeve=3; to Bryn Ashdown=2; to Neriah=2
2026-09-20_08-22,2026-09-20T09:12:07,50.08,41026,437560102,148799,3.63,121.6,34463,6532,31,72,4213,1426,32,3015,0,162,3480,3051,171,141,848043,14397,83,4458,7278,18,153,1152,108,2,106,,,,,,,,38059,to Rance for a scroll=862; looking for a fight=306; to a tree=175; to Delwyn=58; to Maeve=34,station=106; to Delwyn=4; to Maeve=3; to Bryn Ashdown=2; to Neriah=2
2026-09-20_08-22,2026-09-20T09:17:07,55.08,45418,535739349,179762,3.96,121.6,37593,7792,33,80,4767,1465,32,3490,0,154,4030,3761,219,163,938360,16241,86,5009,8241,19,189,1592,144,4,140,,,,,,,,40194,to Rance for a scroll=862; looking for a fight=308; to a tree=175; to Delwyn=69; to Maeve=34,station=140; to Delwyn=5; to Maeve=3; to Bryn Ashdown=2; to Neriah=2
2026-09-20_08-22,2026-09-20T09:22:07,60.08,49122,569474716,195220,3.97,233.41,40901,8187,34,99,5079,1843,32,3691,0,147,4424,3762,229,168,1030614,18091,91,5551,8992,21,190,1592,144,4,140,,,,,,,,44330,to Rance for a scroll=862; to a tree=340; looking for a fight=309; to Delwyn=69; to Yarrow=38,station=140; to Delwyn=5; to Maeve=3; to Bryn Ashdown=2; to Neriah=2
2026-09-20_08-22,2026-09-20T09:27:07,65.08,53602,601277086,209339,3.91,233.41,44991,8572,39,103,5464,2198,32,3884,0,141,4809,3762,240,175,1106466,19575,96,6025,9646,28,195,1604,144,4,140,,,,,,,,50628,to Rance for a scroll=862; to a tree=480; looking for a fight=309; to Delwyn=69; to Leofric=64,station=140; to Delwyn=5; to Leofric=5; to Maeve=3; to Bryn Ashdown=2
2026-09-20_08-22,2026-09-20T09:32:07,70.08,58741,626038632,219854,3.74,233.41,49953,8748,40,103,5547,2352,32,3967,0,139,4985,3762,247,180,1188792,21266,103,6545,10246,28,196,1614,144,4,140,,,,,,,,55020,to Rance for a scroll=862; to a tree=538; looking for a fight=310; to Delwyn=69; to Leofric=64,station=140; to Delwyn=5; to Leofric=5; to Maeve=3; to Bryn Ashdown=2
2026-09-20_08-22,2026-09-20T09:37:07,75.08,65101,653343106,231734,3.56,233.41,55981,9079,41,103,5672,2660,32,4166,0,134,5315,3763,257,187,1266148,23528,111,7213,11096,28,197,1638,144,4,140,,,,,,,,61405,to Rance for a scroll=862; to a tree=628; looking for a fight=311; to Delwyn=69; to Leofric=64,station=140; to Delwyn=5; to Leofric=5; to Maeve=3; to Bryn Ashdown=2
2026-09-20_08-22,2026-09-20T09:42:07,80.08,71835,704845069,250683,3.49,233.41,62136,9656,43,103,5941,3208,32,4420,0,127,5891,3764,266,193,1345110,25465,114,7832,11964,32,200,1645,144,4,140,,,,,,,,66559,to Rance for a scroll=863; to a tree=831; looking for a fight=313; to Delwyn=69; to Leofric=64,station=140; to Delwyn=5; to Leofric=5; to Maeve=3; to Bryn Ashdown=2
2026-09-20_08-22,2026-09-20T09:47:07,85.08,79955,860022644,298321,3.73,233.41,67444,12467,44,271,7299,3865,32,5856,0,167,6473,5993,277,201,1420794,27121,119,8187,13754,33,201,1646,144,4,140,,,,,,,,74396,to a tree=1103; to Rance for a scroll=1085; to Delano with Lesser Poison Potion=840; looking for a fight=313; to Delwyn=69,station=140; to Delwyn=5; to Leofric=5; to Maeve=3; to Bryn Ashdown=2
2026-09-20_08-22,2026-09-20T09:52:07,90.08,88929,1147610299,389713,4.38,233.41,71192,17693,44,599,9856,5509,32,8521,0,198,7804,9887,290,210,1502529,30124,124,8538,16770,35,201,1650,144,4,140,,,,,,,,81445,to Rance for a scroll=2035; to Delano with Lesser Poison Potion=1669; to a tree=1559; looking for a fight=315; after reagents=281,station=140; to Leofric=5; to Delwyn=5; to Maeve=3; to Emrys=2
2026-09-20_08-22,2026-09-20T09:57:07,95.08,96729,1280845666,430954,4.46,233.41,76659,20008,62,603,10985,5522,32,9659,0,213,8191,11815,298,215,1584626,31854,129,8791,18149,35,211,1759,144,4,140,,,,,,,,89937,to Rance for a scroll=2405; to Delano with Lesser Poison Potion=2165; to a tree=1571; looking for a fight=453; after reagents=281,station=140; to Leofric=5; to Delwyn=5; to Maeve=3; to Emrys=2
2026-09-20_08-22,2026-09-20T10:02:07,100.08,104647,1436418736,476275,4.55,233.41,81585,22990,72,606,12513,5526,32,11132,0,234,8308,14680,302,217,1677849,32892,133,9010,19838,35,213,1761,144,4,140,,,,,,,,94077,to Delano with Lesser Poison Potion=3527; to Rance for a scroll=2405; to a tree=1571; looking for a fight=559; after reagents=281,station=140; to Leofric=5; to Delwyn=5; to Maeve=3; to Emrys=2
2026-09-20_08-22,2026-09-20T10:07:07,105.08,110203,1485901236,493660,4.48,233.41,86286,23824,93,607,13034,5854,32,11591,0,234,8642,15180,310,223,1764128,34737,137,9328,20612,41,226,1761,145,4,141,,,,,,,,105547,to Delano with Lesser Poison Potion=3775; to Rance for a scroll=2405; to a tree=1666; looking for a fight=559; after reagents=283,station=140; to Leofric=5; to Delwyn=5; to Maeve=3; to Bryn Ashdown=2
2026-09-20_08-22,2026-09-20T10:12:07,110.08,116326,1552473790,519525,4.47,233.41,91649,24572,105,612,13421,6596,32,11944,0,227,9388,15182,332,238,1861913,35839,142,9592,21227,42,231,1761,145,4,141,,,,,,,,121138,to Delano with Lesser Poison Potion=3775; to Rance for a scroll=2405; to a tree=1990; looking for a fight=561; after reagents=283,station=140; to Leofric=5; to Delwyn=5; to Maeve=3; to Bryn Ashdown=2
2026-09-20_08-22,2026-09-20T10:17:08,115.1,121831,1617215379,544496,4.47,233.41,96407,25307,117,616,13983,7079,32,12274,0,223,9922,15383,341,245,1954714,37201,148,9946,21888,47,236,1803,147,4,143,,,,,,,,127118,to Delano with Lesser Poison Potion=3775; to Rance for a scroll=2405; to a tree=2179; looking for a fight=675; after reagents=283,station=140; to Ivo=6; to Leofric=5; to Delwyn=5; to Maeve=3
2026-09-20_08-22,2026-09-20T10:22:08,120.1,126666,1643623967,555947,4.39,233.41,100967,25550,149,639,14179,7261,32,12371,0,222,10164,15384,343,247,2044149,38432,154,10239,22280,49,257,1807,147,4,143,,,,,,,,131879,to Delano with Lesser Poison Potion=3775; to Rance for a scroll=2405; to a tree=2257; looking for a fight=675; after reagents=283,station=140; to Ivo=6; to Leofric=5; to Delwyn=5; to Maeve=3
2026-09-20_08-22,2026-09-20T10:27:08,125.1,130651,1653778142,560587,4.29,233.41,104909,25593,149,639,14350,7300,32,12410,0,221,10207,15384,343,247,2130674,39647,158,10475,22547,52,257,1817,147,4,143,,,,,,,,132849,to Delano with Lesser Poison Potion=3775; to Rance for a scroll=2405; to a tree=2257; looking for a fight=675; after reagents=283,station=140; to Ivo=6; to Leofric=5; to Delwyn=5; to Maeve=3
2026-09-20_08-22,2026-09-20T10:32:08,130.1,135231,1663119563,564856,4.18,233.41,109392,25688,151,639,14484,7383,32,12493,0,221,10301,15385,343,247,2216795,41266,164,10875,23025,52,259,1819,147,4,143,,,,,,,,136326,to Delano with Lesser Poison Potion=3775; to Rance for a scroll=2405; to a tree=2257; looking for a fight=675; after reagents=283,station=140; to Ivo=6; to Leofric=5; to Delwyn=5; to Maeve=3
2026-09-20_08-22,2026-09-20T10:37:08,135.1,139916,1697646393,577693,4.13,233.41,113817,25948,151,644,14670,7415,32,12610,0,221,10361,15585,344,247,2309932,43006,167,11369,23633,52,259,1838,147,4,143,,,,,,,,139044,to Delano with Lesser Poison Potion=3775; to Rance for a scroll=2405; to a tree=2257; looking for a fight=774; after reagents=283,station=140; to Ivo=6; to Leofric=5; to Delwyn=5; to Maeve=3
2026-09-20_08-22,2026-09-20T10:42:08,140.1,144174,1710364769,583161,4.04,233.41,118043,25980,151,644,14791,7424,32,12618,0,221,10393,15585,344,247,2409460,44925,172,11738,24014,57,259,1841,147,4,143,,,,,,,,144901,to Delano with Lesser Poison Potion=3775; to Rance for a scroll=2405; to a tree=2257; looking for a fight=775; after reagents=283,station=140; to Ivo=6; to Leofric=5; to Delwyn=5; to Bryn=3
2026-09-20_08-22,2026-09-20T10:47:08,145.1,151779,1798795744,613264,4.04,233.41,123672,27932,175,646,15836,7647,32,13618,0,210,10827,17103,354,258,2507855,46920,178,12199,25472,60,283,1846,147,4,143,,,,,,,,151522,"to Delano with Lesser Poison Potion=3775; to Rance for a scroll=2405; to a tree=2332; looking for a fight=974; scouting (1335, 3105)=299",station=140; to Leofric=7; to Ivo=6; to Delwyn=5; to Bryn=3
2026-09-20_08-22,2026-09-20T10:52:08,150.1,158194,1917277344,649904,4.11,233.41,127163,30850,181,646,17274,7665,32,15067,0,202,11035,19813,368,265,2629272,48704,185,12595,27313,60,297,1846,147,4,143,,,,,,,,160788,"to Delano with Lesser Poison Potion=3776; to Rance for a scroll=2405; to a tree=2332; looking for a fight=1166; scouting (1395, 3075)=300",station=140; to Leofric=7; to Ivo=6; to Delwyn=5; to Bryn=3
2026-09-20_08-22,2026-09-20T10:57:08,155.1,163454,2026333076,684912,4.19,233.41,130133,33139,182,656,18366,7764,32,16214,0,198,11194,21943,391,272,2751528,50113,190,12930,28791,60,314,1855,147,4,143,,,,,,,,170187,"to Delano with Lesser Poison Potion=3776; to Rance for a scroll=2405; to a tree=2332; looking for a fight=1364; scouting (1395, 3135)=300",station=140; to Leofric=7; to Ivo=6; to Delwyn=5; to Bryn=3
2026-09-20_08-22,2026-09-20T11:02:08,160.1,168175,2117064521,715629,4.26,233.41,133424,34568,183,686,19081,8093,32,16905,0,192,12421,22145,428,292,2874643,52453,197,13287,30420,64,341,2254,166,4,162,,,,,,,,177077,"to Delano with Lesser Poison Potion=3776; to Rance for a scroll=2405; to a tree=2351; looking for a fight=1566; scouting (1395, 3135)=300",station=159; to Leofric=10; to Ivo=6; to Delwyn=5; to Bryn=3
2026-09-20_08-22,2026-09-20T11:07:08,165.1,172506,2129850135,721380,4.18,233.41,137714,34608,184,686,19114,8127,32,16926,0,192,12461,22145,429,292,2982428,54142,208,13541,30838,69,342,2273,166,4,162,,,,,,,,183860,"to Delano with Lesser Poison Potion=3776; to Rance for a scroll=2405; to a tree=2351; looking for a fight=1566; scouting (1395, 3135)=300",station=159; to Leofric=10; to Ivo=6; to Delwyn=6; to Bryn=3
2026-09-20_08-22,2026-09-20T11:12:08,170.1,178514,2230854108,755289,4.23,233.41,142428,35902,184,686,19761,8130,32,17564,0,187,13107,22793,433,295,3107602,55125,212,13759,31701,69,342,2273,166,4,162,,,,,,,,190170,"to Delano with Lesser Poison Potion=3776; to a tree=2872; to Rance for a scroll=2405; looking for a fight=1681; scouting (1395, 3135)=300",station=159; to Leofric=10; to Ivo=6; to Delwyn=6; to Bryn=3
2026-09-20_08-22,2026-09-20T11:17:08,175.1,185992,2440732855,825567,4.44,233.41,147065,38742,185,847,21095,9255,32,19008,0,176,14658,24082,463,314,3228117,56346,218,14110,33499,69,347,2273,167,5,162,,,,,,,,198258,"to a tree=3997; to Delano with Lesser Poison Potion=3776; to Rance for a scroll=2405; looking for a fight=1885; scouting (1395, 3135)=300",station=159; to Leofric=10; to Ivo=6; to Delwyn=6; to Bryn=3
2026-09-20_08-22,2026-09-20T11:22:08,180.1,192787,2572003592,869893,4.51,233.41,152185,40417,185,923,21863,10703,32,19861,0,169,15647,24768,491,332,3345348,57552,225,14441,34686,69,351,2273,167,5,162,,,,,,,,203461,"to a tree=4655; to Delano with Lesser Poison Potion=3776; to Rance for a scroll=2405; looking for a fight=1989; scouting (1395, 3135)=300",station=159; to Leofric=10; to Ivo=6; to Delwyn=6; to Bryn=3
2026-09-20_08-22,2026-09-20T11:27:08,185.1,202200,2819860645,948936,4.69,233.41,157425,44589,186,1020,23912,12661,32,21931,0,172,16959,27628,554,377,3445727,58894,230,14757,37074,75,352,2352,167,5,162,,,,,,,,207639,to a tree=5491; to Delano with Lesser Poison Potion=3776; to Rance for a scroll=2405; looking for a fight=1990; to Delano with Refresh Potion=597,station=159; to Leofric=10; to Ivo=6; to Delwyn=6; to Bryn=3
2026-09-20_08-22,2026-09-20T11:32:08,190.1,211166,3038859102,1015227,4.81,233.41,162545,48435,186,1071,25801,13616,32,23840,0,182,17509,30924,578,394,3566292,60389,235,15097,39331,75,352,2352,167,5,162,,,,,,,,221178,to a tree=5935; to Delano with Lesser Poison Potion=3776; to Rance for a scroll=2405; to Delano with Refresh Potion=2038; looking for a fight=1991,station=159; to Leofric=10; to Ivo=6; to Delwyn=6; to Bryn=3
2026-09-20_08-22,2026-09-20T11:37:08,195.1,218797,3229493101,1077908,4.93,233.41,167335,51179,283,1084,27081,15376,32,25185,0,180,18501,32676,637,444,3685219,61486,240,15394,40982,75,448,2354,167,5,162,,,,,,,,233102,to a tree=6725; to Delano with Lesser Poison Potion=3776; to Delano with Refresh Potion=2521; to Rance for a scroll=2405; looking for a fight=1993,station=159; to Leofric=10; to Ivo=6; to Delwyn=6; to Bryn=3
2026-09-20_08-22,2026-09-20T11:42:08,200.1,224884,3341040290,1114469,4.96,233.41,171807,52781,296,1084,27816,16547,32,26004,0,178,19210,33569,673,470,3802188,62637,244,15661,42072,77,461,2357,167,5,162,,,,,,,,245292,to a tree=7222; to Delano with Lesser Poison Potion=3776; to Delano with Refresh Potion=2727; to Rance for a scroll=2405; looking for a fight=1996,station=159; to Leofric=12; to Ivo=6; to Delwyn=6; to Bryn=3
2026-09-20_08-22,2026-09-20T11:47:08,205.1,234592,3569991833,1184233,5.05,233.41,177296,56994,302,1159,29759,17846,32,28207,0,185,20095,36897,704,493,3905208,64702,250,16324,44933,79,466,2370,167,5,162,,,,,,,,259189,to a tree=7696; to Delano with Refresh Potion=4169; to Delano with Lesser Poison Potion=3776; to Rance for a scroll=2405; looking for a fight=1996,station=159; to Leofric=12; to Delwyn=6; to Ivo=6; to Bryn=3
2026-09-20_08-22,2026-09-20T11:52:08,210.1,243985,3846872495,1271542,5.21,233.41,181942,61741,302,1305,32024,19482,32,30526,0,189,21600,40139,789,559,4011134,66874,254,16738,47636,83,488,2546,189,5,184,,,,,,,,263411,to a tree=8398; to Delano with Refresh Potion=5504; to Delano with Lesser Poison Potion=3776; to Rance for a scroll=2405; looking for a fight=1999,station=181; to Leofric=12; to Ivo=6; to Delwyn=6; to Maeve=4
2026-09-20_08-22,2026-09-20T11:57:08,215.1,251811,4065166121,1341714,5.33,233.41,186360,65148,303,1523,33635,21178,32,32205,0,188,22814,42332,840,597,4119613,67778,259,16961,49542,83,489,2546,189,5,184,,,,,,,,270932,to a tree=9164; to Delano with Refresh Potion=6246; to Delano with Lesser Poison Potion=3776; to Rance for a scroll=2405; looking for a fight=2100,station=181; to Leofric=12; to Ivo=6; to Delwyn=6; to Maeve=4
2026-09-20_08-22,2026-09-20T12:02:08,220.1,257064,4170341742,1377207,5.36,233.41,190256,66490,318,1525,34245,22503,32,32853,0,185,23584,42904,882,627,4224340,68958,263,17212,50439,83,504,2551,189,5,184,,,,,,,,276809,to a tree=9761; to Delano with Refresh Potion=6246; to Delano with Lesser Poison Potion=3776; to Rance for a scroll=2405; looking for a fight=2104,station=181; to Leofric=12; to Ivo=6; to Delwyn=6; to Maeve=4
2026-09-20_08-22,2026-09-20T12:07:08,225.1,263802,4325207685,1429826,5.42,233.41,194706,68778,318,1541,35261,24780,32,34026,0,179,25040,43736,959,681,4325531,70987,269,17758,52156,87,507,2625,189,5,184,,,,,,,,280346,to a tree=10648; to Delano with Refresh Potion=6246; to Delano with Lesser Poison Potion=3776; to Rance for a scroll=2405; looking for a fight=2104,station=181; to Leofric=12; to Ivo=8; to Delwyn=6; to Maeve=4
2026-09-20_08-22,2026-09-20T12:12:09,230.12,270493,4497754529,1487883,5.5,233.41,199085,71090,318,1616,36240,26661,32,35232,0,174,26359,44729,1031,733,4431279,72810,279,18261,53905,87,508,2640,189,5,184,,,,,,,,284173,to a tree=11397; to Delano with Refresh Potion=6246; to Delano with Lesser Poison Potion=3776; to Rance for a scroll=2405; looking for a fight=2306,station=181; to Leofric=12; to Ivo=8; to Delwyn=6; to Maeve=4
2026-09-20_08-22,2026-09-20T12:17:09,235.12,277312,4670553278,1544426,5.57,233.41,203446,73548,318,1633,37450,28241,32,36466,0,172,27335,46211,1084,771,4542981,74266,281,18676,55551,93,508,2650,189,5,184,,,,,,,,291407,to a tree=12075; to Delano with Refresh Potion=6246; to Delano with Lesser Poison Potion=3776; to Rance for a scroll=2405; looking for a fight=2313,station=181; to Leofric=12; to Ivo=8; to Delwyn=7; to Nessa=4
2026-09-20_08-22,2026-09-20T12:22:09,240.12,284091,4862016940,1605310,5.65,233.41,207285,76488,318,1743,38830,29698,32,37902,0,170,28373,48113,1143,815,4655763,75461,284,19020,57332,93,508,2688,189,5,184,,,,,,,,297566,to a tree=12684; to Delano with Refresh Potion=6246; to Delano with Lesser Poison Potion=3776; looking for a fight=2414; to Rance for a scroll=2405,station=181; to Leofric=12; to Ivo=8; to Delwyn=7; to Nessa=4
2026-09-20_08-22,2026-09-20T12:27:09,245.12,289576,4885073563,1614287,5.57,233.41,212217,77035,324,1743,38941,30227,32,38364,0,169,28879,48153,1148,817,4758478,77474,292,19721,58469,95,516,2724,189,5,184,,,,,,,,309078,to a tree=12731; to Delano with Refresh Potion=6246; to Delano with Lesser Poison Potion=3776; looking for a fight=2416; to Rance for a scroll=2405,station=181; to Leofric=12; to Ivo=8; to Delwyn=7; to Nessa=4
2026-09-20_08-22,2026-09-20T12:32:09,250.12,295656,5014545296,1658858,5.61,233.41,216784,78546,326,1833,39612,31525,32,39123,0,166,29756,48787,1191,847,4872064,78430,296,19998,59501,95,518,2730,189,5,184,,,,,,,,321034,to a tree=13294; to Delano with Refresh Potion=6246; to Delano with Lesser Poison Potion=3776; looking for a fight=2516; to Rance for a scroll=2405,station=181; to Leofric=12; to Ivo=8; to Delwyn=7; to Nessa=4
2026-09-20_08-22,2026-09-20T12:37:09,255.12,302912,5221955876,1728337,5.71,233.41,221054,81512,346,2074,41043,33272,32,40584,0,165,30995,50514,1235,878,4984888,79490,303,20263,61226,96,538,2743,189,5,184,,,,,,,,323551,to a tree=14110; to Delano with Refresh Potion=6246; to Delano with Lesser Poison Potion=3776; looking for a fight=2516; to Rance for a scroll=2405,station=182; to Leofric=12; to Ivo=8; to Delwyn=7; to Nessa=4
2026-09-20_08-22,2026-09-20T12:42:09,260.12,308211,5378577314,1778453,5.77,233.41,223889,83975,347,2152,42148,34063,32,41907,0,166,31709,52263,1254,890,5106765,80999,315,20743,63032,97,540,2759,189,5,184,,,,,,,,334917,to a tree=14372; to Delano with Refresh Potion=6246; to Delano with Lesser Poison Potion=3776; looking for a fight=2716; to Rance for a scroll=2405,station=183; to Leofric=12; to Ivo=8; to Delwyn=7; to Nessa=4
2026-09-20_08-22,2026-09-20T12:47:09,265.12,313105,5430452307,1796736,5.74,233.41,227772,84985,348,2156,42532,34498,32,42510,0,167,32169,52813,1261,895,5217198,82631,319,21279,64167,97,540,2791,189,5,184,,,,,,,,339631,to a tree=14435; to Delano with Refresh Potion=6246; to Delano with Lesser Poison Potion=3776; looking for a fight=2717; to Rance for a scroll=2405,station=183; to Leofric=12; to Ivo=8; to Delwyn=7; to Nessa=4
2026-09-20_08-22,2026-09-20T12:52:09,270.12,318617,5559844321,1838856,5.77,233.41,231343,86923,351,2177,43461,34832,32,43489,0,169,32796,54124,1267,899,5323925,84493,329,21939,65841,101,543,2884,189,5,184,,,,,,,,346223,to a tree=14453; to Delano with Refresh Potion=6246; to Delano with Lesser Poison Potion=3776; looking for a fight=3010; to Rance for a scroll=2405,station=183; to Leofric=12; to Ivo=8; to Delwyn=7; to Nessa=4
2026-09-20_08-22,2026-09-20T12:57:09,275.12,325243,5710493290,1886686,5.8,233.41,235468,89406,369,2193,44604,34984,32,44646,0,176,33137,56266,1273,902,5427808,86610,340,22726,67854,101,558,2895,189,5,184,,,,,,,,355085,to a tree=14509; to Delano with Refresh Potion=6246; to Delano with Lesser Poison Potion=3776; looking for a fight=3016; to Rance for a scroll=2417,station=183; to Leofric=12; to Ivo=8; to Delwyn=7; to Nessa=4
2026-09-20_08-22,2026-09-20T13:02:09,280.12,334979,5999368091,1972296,5.89,233.41,240038,94544,397,2505,47052,35320,32,47248,0,183,33794,60747,1290,918,5529191,89654,342,23428,71139,101,583,2925,193,6,187,,,,,,,,362588,to a tree=14571; to Delano with Refresh Potion=6246; to Delano with Lesser Poison Potion=3776; looking for a fight=3305; to Rance for a scroll=2427,station=183; to Leofric=12; to Ivo=8; to Delwyn=7; to Nessa=4
2026-09-20_08-22,2026-09-20T13:07:09,285.12,345870,6356431713,2082942,6.02,233.41,244895,100533,442,2986,49967,35775,32,50229,0,192,34520,66010,1304,933,5625547,92537,356,24326,75007,103,625,3092,197,6,191,,,,,,,,369578,to a tree=14597; to Delano with Refresh Potion=6246; to Delano with Lesser Poison Potion=3776; looking for a fight=3503; to Rance for a scroll=2427,station=184; to Leofric=12; to Ivo=8; to Delwyn=7; to Kerrin=4
2026-09-20_08-22,2026-09-20T13:12:09,290.12,353491,6561109536,2145202,6.07,233.41,248712,104325,454,3315,51828,35892,32,52015,0,198,34959,69363,1325,949,5732651,94531,365,24663,77120,104,643,3092,209,7,202,,,,,,,,373865,to a tree=14644; to Delano with Refresh Potion=6246; to Delano with Lesser Poison Potion=3776; looking for a fight=3703; to Rance for a scroll=2429,station=184; to Leofric=12; to Ivo=8; to Delwyn=7; to Nessa=4
2026-09-20_08-22,2026-09-20T13:17:09,295.12,362710,6877870113,2241484,6.18,233.41,252818,109416,476,3623,54354,35964,32,54526,0,211,35224,74189,1330,955,5848461,96163,372,25084,80153,106,660,3096,210,7,203,,,,,,,,382595,to a tree=14644; to Delano with Refresh Potion=6246; looking for a fight=3805; to Delano with Lesser Poison Potion=3776; back for its own things=2496,station=184; to Leofric=12; to Ivo=8; to Delwyn=7; to Nessa=4
2026-09-20_08-22,2026-09-20T13:22:09,300.12,371161,7144686019,2323020,6.26,233.41,257481,113182,498,3693,56195,36008,32,56357,0,218,35424,77755,1341,964,5959969,97563,377,25426,82326,106,681,3096,212,7,205,,,,,,,,389704,to a tree=14644; to Delano with Refresh Potion=6246; looking for a fight=3908; to Delano with Lesser Poison Potion=3776; back for its own things=3548,station=184; to Leofric=12; to Ivo=8; to Delwyn=7; to Delano with Bloodmoss=4
2026-09-20_08-22,2026-09-20T13:27:09,305.12,376623,7267441098,2361190,6.27,233.41,261258,114860,505,3695,57054,36008,32,57177,0,219,35445,79412,1347,969,6060193,99409,382,25592,83311,110,691,3096,215,7,208,,,,,,,,396074,to a tree=14644; to Delano with Refresh Potion=6246; looking for a fight=3909; back for its own things=3804; to Delano with Lesser Poison Potion=3776,station=184; to Leofric=12; to Ivo=8; to Delwyn=7; to Delano with Bloodmoss=4
2026-09-20_08-22,2026-09-20T13:32:09,310.12,381148,7327981203,2382502,6.25,233.41,265130,115512,506,3695,57389,36154,32,57504,0,219,35605,79904,1351,971,6169836,101644,383,25919,83959,112,692,3102,215,7,208,,,,,,,,408590,to a tree=14700; to Delano with Refresh Potion=6246; looking for a fight=3910; back for its own things=3804; to Delano with Lesser Poison Potion=3776,station=184; to Leofric=12; to Ivo=8; to Delwyn=7; to Nessa=4
2026-09-21_18-06,2026-09-21T18:11:50,5.1,6897,232857570,74387,10.79,186.87,3131,3738,28,430,1824,69,32,1864,0,325,322,3404,7,20,110912,1917,11,335,2201,2,27,5,0,0,0,,,,,,,,188,"to Rance for a scroll=958; to the square at 1395,1365=534; marching on (1158, 1086)=299; to Jorunn=23; to a forge=3",to Jorunn=1
2026-09-21_18-12,2026-09-21T18:17:39,5.08,5252,85505245,30152,5.74,253.13,3182,2070,0,99,1090,235,32,935,0,379,353,1514,4,33,107054,2242,16,674,1666,6,0,4,0,0,0,,,,,,,,0,to the counter with a full pack=674; to a counter=119; to Phyllis for SewingKit=98; to Bryn=52; to the IronOre=51,to Bryn=3; to Jorunn=2; to Harlan=1
2026-09-21_18-25,2026-09-21T18:30:13,5.08,7724,121802386,51315,6.64,295.61,5116,2608,0,372,1432,961,32,1079,0,191,920,1213,9,45,111585,2201,18,850,1930,2,1,3,0,0,0,,,,,,,,23,to Rance for a scroll=352; after reagents=299; looking for a fight=189; after a horse=186; to Phyllis for SewingKit=102,to Perri=1; to Merrick=1
2026-09-21_18-25,2026-09-21T18:35:13,10.08,15382,332925466,122873,7.99,473.3,9848,5518,16,378,3032,995,32,2360,0,244,975,3731,18,49,196008,4585,31,1420,4538,2,18,3,0,0,0,,,,,,,,300,"to the square at 1365,1365=819; to Rance for a scroll=789; after reagents=299; looking for a fight=190; after a horse=186",to Perri=1; to Merrick=1
2026-09-21_18-25,2026-09-21T18:40:13,15.08,21752,471971806,169803,7.81,473.3,13797,7918,37,390,4366,1315,32,3418,1,252,998,5611,24,52,260991,6772,53,2209,6438,2,38,7,0,0,0,,,,,,,,4577,"to Rance for a scroll=1434; to the square at 1365,1365=819; to the square at 1365,1335=300; after reagents=299; after a sheep=295",to Perri=1; to Merrick=1
2026-09-21_18-49,2026-09-21T18:54:19,5.08,4791,94137175,34213,7.14,284.18,2762,1994,35,77,861,293,32,1081,0,320,430,1563,11,40,95381,1420,14,448,1728,2,35,36,0,0,0,,,,,,,,8780,looking for a fight=103; to Phyllis for SewingKit=99; to Missy for Arrow=99; to Hanne for Arrow=99; to Abigail for Arrow=99,to Alden Ashdown=1; station=1
2026-09-21_18-49,2026-09-21T18:59:19,10.08,15041,260590035,91659,6.09,284.18,10411,4496,134,77,1931,1099,32,2602,0,249,1155,3243,14,42,183672,5434,24,2066,4828,9,133,194,0,0,0,,,,,,,,11068,"to the square at 1365,1365=837; looking for a fight=105; to Phyllis for SewingKit=99; to Pierce for Hatchet=99; to Gorman for Hatchet=99",station=3; at Orin Ashdown of the enemy=2; to Ivo=2; to Alden Ashdown=1; fight=1
2026-09-21_21-58,2026-09-21T22:03:56,5.08,9912,184107040,66676,6.73,71.44,7560,2319,33,126,980,600,32,1183,0,169,690,1556,74,160,68977,5635,7,2027,3204,4,32,176,0,0,0,,,,,,,,21174,at Aric=219; at Corwin=80; at Yarrow=73; at Delwyn=72; at Selwyn=64,station=1; to Orin Ashdown=1; to Bryn Ashdown=1; to Ulla=1
2026-09-21_21-58,2026-09-21T22:08:56,10.08,19197,445150078,158130,8.24,71.44,13879,5264,54,202,2267,1427,32,2860,0,163,1388,3599,169,229,156629,11557,31,4118,6967,17,53,331,0,0,0,,,,,,,,51776,at Aric=366; at Garrow=253; at Corwin=197; at Emrys=176; at Yarrow=165,at Cassia of the enemy=6; to Bryn Ashdown=3; station=2; to Lysa=2; to Calla Ashdown=2
2026-09-21_21-58,2026-09-21T22:13:56,15.08,27896,637525185,223735,8.02,71.44,19751,8031,114,468,3339,1771,32,4167,0,188,2103,5629,258,289,261219,16676,43,5969,10190,23,113,898,0,0,0,,,,,,,,73056,at Aric=366; at Yarrow=305; at Garrow=266; at Emrys=213; at Corwin=205,at Cassia of the enemy=6; to Bryn Ashdown=3; station=2; to Lysa=2; to Calla Ashdown=2
2026-09-21_21-58,2026-09-21T22:18:56,20.08,33597,799620004,274283,8.16,71.44,22699,10772,126,468,4664,1808,32,5529,0,206,2290,8181,276,314,371857,18263,55,6269,12440,24,127,905,0,0,0,,,,,,,,96753,"to the square at 1365,1395=1229; at Aric=366; at Yarrow=305; at Garrow=266; at Emrys=213",at Cassia of the enemy=6; to Bryn Ashdown=3; station=2; to Lysa=2; to Calla Ashdown=2
2026-09-21_21-58,2026-09-21T22:23:56,25.08,40291,1076587854,370481,9.2,71.44,26847,13298,146,480,5906,2107,32,6917,0,198,2614,10382,291,317,467269,19486,64,6697,14239,31,153,928,0,0,0,,,,,,,,118967,"to the square at 1365,1395=1242; to the square at 1365,1275=1084; at Aric=366; at Yarrow=305; at Garrow=266",at Cassia of the enemy=6; to Perri=3; to Bryn Ashdown=3; station=2; at Hollis of the enemy=2
2026-09-21_21-58,2026-09-21T22:28:56,30.08,45650,1412364083,488063,10.69,71.44,29080,16423,147,766,7337,2593,32,8480,0,191,3362,12752,306,323,568205,20652,73,7055,16225,32,162,934,0,0,0,,,,,,,,124494,"to the square at 1365,1395=1242; to the square at 1365,1305=1223; to the square at 1365,1275=1098; at Aric=366; at Yarrow=305",at Cassia of the enemy=6; to Bryn Ashdown=3; to Perri=3; station=2; to Lysa=2
2026-09-21_21-58,2026-09-21T22:33:56,35.08,51056,1691486999,591462,11.58,71.44,31725,19169,162,1033,8788,3233,32,9840,0,187,4129,14730,319,325,679270,22450,81,7660,18253,39,186,934,0,0,0,,,,,,,,130668,"to the square at 1365,1395=1242; to the square at 1365,1305=1238; to the square at 1365,1275=1098; to the square at 1395,1275=923; at Aric=366",at Cassia of the enemy=6; to Bryn Ashdown=3; to Perri=3; station=2; to Kerrin=2
2026-09-21_21-58,2026-09-21T22:38:56,40.08,57083,1994305442,695505,12.18,71.44,34155,22763,165,1835,10461,3397,32,11582,0,184,5679,16773,364,397,787366,24641,84,8578,20849,43,223,1445,31,0,31,,,,,,,,135567,"to the square at 1395,1275=1529; to the square at 1365,1395=1242; to the square at 1365,1305=1238; to the square at 1365,1275=1098; to the square at 1395,1305=506",station=34; at Cassia of the enemy=6; to Bryn Ashdown=3; to Perri=3; to Calla=2
2026-09-21_21-58,2026-09-21T22:43:56,45.08,64171,2357959131,819058,12.76,71.44,37027,26979,165,2893,12539,3426,32,13645,0,178,7318,19349,390,419,887077,25671,92,8833,23148,45,233,2098,40,0,40,,,,,,,,144595,"to the square at 1395,1275=1529; to the square at 1335,1305=1369; to the square at 1365,1395=1242; to the square at 1365,1305=1238; to the square at 1365,1275=1098",station=43; at Cassia of the enemy=6; to Perri=3; to Bryn Ashdown=3; at Hollis of the enemy=2
2026-09-21_21-58,2026-09-21T22:48:56,50.08,69238,2660626553,924518,13.35,71.44,39450,29622,166,2899,13828,3591,32,15035,0,178,7507,21802,399,423,982698,26949,115,9224,24997,48,238,2098,40,0,40,,,,,,,,154734,"to the square at 1395,1275=1529; to the square at 1335,1305=1391; to the square at 1365,1395=1242; to the square at 1365,1305=1238; to the square at 1365,1245=1208",station=43; at Cassia of the enemy=6; to Perri=3; to Bryn Ashdown=3; to Kerrin=2
2026-09-21_21-58,2026-09-21T22:53:56,55.08,73019,2958385854,1029645,14.1,71.44,40699,32152,168,2920,15135,3626,32,16294,0,176,8779,23060,408,464,1067906,27817,128,9383,26598,53,242,2100,40,0,40,,,,,,,,169543,"to the square at 1395,1275=1529; to the square at 1335,1305=1391; to the square at 1365,1395=1242; to the square at 1365,1305=1238; to the square at 1365,1245=1233",station=43; at Cassia of the enemy=6; to Bryn Ashdown=3; to Perri=3; over to Piers=2
2026-09-21_21-58,2026-09-21T22:58:56,60.08,77418,3250548836,1133776,14.64,71.44,42458,34776,184,2923,16428,3742,32,17639,0,173,10087,24302,421,468,1162871,28814,138,9640,28228,55,266,2100,40,0,40,,,,,,,,189068,"to the square at 1395,1275=1529; to the square at 1335,1305=1391; to the square at 1365,1395=1242; to the square at 1335,1275=1241; to the square at 1365,1305=1238",station=43; at Cassia of the enemy=6; to Gerda=3; to Bryn Ashdown=3; to Perri=3
2026-09-21_21-58,2026-09-21T23:03:56,65.08,81878,3487583399,1217564,14.87,71.44,44833,36849,196,2931,17577,3892,32,18715,0,173,10221,26161,437,470,1251486,30135,141,9960,29804,67,291,2110,40,0,40,,,,,,,,201682,"to the square at 1365,1305=2154; to the square at 1395,1275=1529; to the square at 1335,1305=1391; to the square at 1365,1395=1242; to the square at 1335,1245=1242",station=43; to Gerda=10; at Cassia of the enemy=6; to Delwyn=4; to Bryn Ashdown=3
2026-09-21_21-58,2026-09-21T23:08:56,70.08,85759,3764808653,1313697,15.32,71.44,46352,39202,205,2937,18739,3967,32,19890,0,174,10310,28419,458,481,1338281,31383,149,10233,31232,68,317,2112,40,0,40,,,,,,,,211982,"to the square at 1365,1305=2769; to the square at 1395,1275=2035; to the square at 1335,1305=1391; to the square at 1365,1395=1242; to the square at 1335,1245=1242",station=43; to Gerda=10; at Cassia of the enemy=6; to Delwyn=4; to Bryn Ashdown=3
2026-09-21_21-58,2026-09-21T23:13:56,75.08,90302,4113899854,1435415,15.9,71.44,47895,42195,212,2982,20181,4111,32,21412,0,176,10477,31244,485,486,1423334,32500,156,10491,33232,69,343,2114,40,0,40,,,,,,,,226365,"to the square at 1365,1305=2769; to the square at 1395,1275=2077; to the square at 1395,1305=1893; to the square at 1335,1305=1391; to the square at 1335,1245=1242",station=43; to Gerda=10; at Cassia of the enemy=6; to Delwyn=4; to Bryn Ashdown=3
2026-09-21_21-58,2026-09-21T23:18:56,80.08,95633,4445988622,1548821,16.2,71.44,49403,46006,224,3686,21992,4334,32,23308,0,173,11873,33659,534,507,1504511,33478,163,10781,35377,70,388,2460,46,0,46,,,,,,,,240620,"to the square at 1365,1305=2769; to the square at 1335,1305=2577; to the square at 1395,1275=2077; to the square at 1395,1305=1933; to the square at 1335,1245=1242",station=49; to Gerda=10; at Cassia of the enemy=6; to Delwyn=4; to Bryn Ashdown=3
2026-09-21_21-58,2026-09-21T23:23:56,85.08,101271,4752155563,1655379,16.35,71.44,52314,48719,238,3700,23264,4539,32,24737,0,173,12131,36114,546,511,1592033,34960,179,11276,37360,71,404,2460,46,0,46,,,,,,,,244854,"to the square at 1365,1305=2769; to the square at 1335,1305=2619; to the square at 1365,1245=2423; to the square at 1395,1275=2077; to the square at 1395,1305=1933",station=49; to Gerda=10; at Cassia of the enemy=6; to Delwyn=4; to Bryn Ashdown=3
2026-09-21_21-58,2026-09-21T23:28:56,90.08,105582,5050923657,1759304,16.66,71.44,54058,51275,249,3703,24587,4586,32,26015,0,172,13385,37405,561,515,1682531,36119,187,11477,39016,76,420,2461,46,0,46,,,,,,,,255231,"to the square at 1365,1305=2769; to the square at 1335,1305=2619; to the square at 1365,1245=2466; to the square at 1335,1275=2439; to the square at 1395,1275=2077",station=49; to Gerda=10; at Cassia of the enemy=6; to Delwyn=4; over to Perri Ashdown=3
2026-09-21_21-58,2026-09-21T23:33:57,95.1,109461,5290320059,1844012,16.85,71.44,55717,53448,296,3705,25743,4632,32,27094,0,170,14503,38460,578,518,1758657,37073,195,11672,40398,80,480,2464,46,0,46,,,,,,,,263551,"to the square at 1365,1305=2769; to the square at 1335,1305=2619; to the square at 1335,1275=2482; to the square at 1365,1245=2466; to the square at 1335,1245=2149",station=49; to Gerda=10; at Cassia of the enemy=6; to Ulla=4; to Delwyn=4
2026-09-21_21-58,2026-09-21T23:38:57,100.1,116230,5561524962,1938182,16.68,71.44,59606,56184,440,3708,27116,5123,32,28531,0,169,15621,40078,588,532,1831160,41615,204,13443,43531,86,630,2630,46,0,46,,,,,,,,268968,"to the square at 1365,1305=2769; to the square at 1335,1245=2768; to the square at 1335,1305=2619; to the square at 1335,1275=2482; to the square at 1365,1245=2466",station=49; to Gerda=10; at Cassia of the enemy=6; to Ulla=4; to Delwyn=4
2026-09-21_21-58,2026-09-21T23:43:57,105.1,124797,5900465193,2054834,16.47,71.44,64910,59433,454,3716,28793,5565,32,30209,0,169,16075,42873,603,536,1903311,46213,217,15073,46702,92,654,2782,46,0,46,,,,,,,,271050,"to the square at 1365,1305=2769; to the square at 1335,1245=2768; to the square at 1335,1305=2619; to the square at 1335,1275=2482; to the square at 1365,1245=2466",station=49; to Gerda=10; at Cassia of the enemy=6; to Delwyn=4; to Ulla=4
2026-09-21_21-58,2026-09-21T23:48:57,110.1,130490,6202131976,2158617,16.54,71.44,67663,62215,612,3729,30100,5853,32,31666,0,171,16214,45337,622,539,1987481,48482,231,15737,48830,94,818,2835,46,0,46,,,,,,,,275734,"to the square at 1365,1305=2769; to the square at 1335,1245=2768; to the square at 1335,1305=2619; to the square at 1335,1275=2482; to the square at 1365,1245=2466",station=50; to Gerda=10; at Cassia of the enemy=6; to Delwyn=4; to Ulla=4
2026-09-21_21-58,2026-09-21T23:53:57,115.1,135967,6508401555,2267939,16.68,71.44,70191,65127,649,3776,31387,6256,32,33270,0,172,16452,47811,633,542,2057865,50167,244,16232,51288,94,854,2873,46,0,46,,,,,,,,279437,"to the square at 1365,1305=2769; to the square at 1335,1245=2768; to the square at 1335,1305=2619; to the square at 1335,1275=2482; to the square at 1365,1245=2466",station=50; to Gerda=10; at Cassia of the enemy=6; to Delwyn=4; to Ulla=4
2026-09-21_21-58,2026-09-21T23:58:57,120.1,144194,6796238334,2372766,16.46,71.44,75699,67838,657,3788,32713,6488,32,34717,0,171,17899,49075,641,545,2174106,52299,253,16853,53377,98,866,2876,46,0,46,,,,,,,,283028,"to the square at 1365,1305=2769; to the square at 1335,1245=2768; to the square at 1335,1305=2619; to the square at 1335,1275=2482; to the square at 1365,1245=2466",station=50; to Gerda=10; at Cassia of the enemy=6; to Ulla=4; to Delwyn=4
2026-09-21_21-58,2026-09-22T00:03:57,125.1,153265,7004126799,2450385,15.99,71.44,82794,69814,657,3788,33811,6537,32,35699,0,170,18929,50021,658,548,2281115,53675,267,17141,54660,104,879,2877,46,0,46,,,,,,,,284009,"to the square at 1365,1305=2769; to the square at 1335,1245=2768; to the square at 1335,1305=2619; to the square at 1335,1275=2482; to the square at 1365,1245=2466",station=50; to Gerda=10; at Cassia of the enemy=6; to Ulla=4; to Delwyn=4
2026-09-21_21-58,2026-09-22T00:08:57,130.1,163756,7269852734,2546272,15.55,71.44,90666,72432,658,4007,35118,6717,32,37009,0,169,20056,51512,670,561,2377517,57753,278,17815,56690,105,886,2994,46,0,46,,,,,,,,284320,"to the square at 1365,1305=3236; to the square at 1335,1245=2768; to the square at 1335,1305=2619; to the square at 1335,1275=2482; to the square at 1365,1245=2466",station=50; to Gerda=10; at Cassia of the enemy=6; to Ulla=4; to Delwyn=4
2026-09-21_21-58,2026-09-22T00:13:57,135.1,174315,7611745697,2669679,15.32,71.44,98308,75342,665,4084,36566,6782,32,38467,0,171,20187,54291,688,565,2486566,60236,291,18283,58611,105,906,2994,46,0,46,,,,,,,,285614,"to the square at 1395,1275=3411; to the square at 1365,1305=3312; to the square at 1335,1245=2768; to the square at 1335,1305=2619; to the square at 1335,1275=2482",station=50; to Gerda=10; at Cassia of the enemy=6; to Ulla=4; to Delwyn=4
2026-09-21_21-58,2026-09-22T00:18:57,140.1,182465,7643683687,2683911,14.71,127.88,106224,75573,668,4087,36704,6844,32,38574,0,170,20271,54438,704,565,2596552,61610,300,18558,59115,107,925,2994,46,0,46,,,,,,,,286147,"to the square at 1395,1275=3480; to the square at 1365,1305=3312; to the square at 1335,1245=2768; to the square at 1335,1305=2619; to the square at 1335,1275=2482",station=50; to Gerda=10; at Cassia of the enemy=6; to Delwyn=4; to Ulla=4
2026-09-21_21-58,2026-09-22T00:23:57,145.1,190774,7651410047,2688338,14.09,127.88,114507,75599,668,4087,36741,6864,32,38588,0,170,20295,54440,706,565,2704886,63473,308,18869,59646,108,927,2994,46,0,46,,,,,,,,292716,"to the square at 1395,1275=3480; to the square at 1365,1305=3312; to the square at 1335,1245=2768; to the square at 1335,1305=2619; to the square at 1335,1275=2482",station=50; to Gerda=10; at Cassia of the enemy=6; to Delwyn=4; to Ulla=4
2026-09-21_21-58,2026-09-22T00:28:57,150.1,196762,7661423271,2693396,13.69,127.88,120380,75714,668,4087,36782,6962,32,38663,0,170,20402,54448,719,565,2799974,65602,319,19316,60240,109,940,3008,46,0,46,,,,,,,,299326,"to the square at 1395,1275=3480; to the square at 1365,1305=3312; to the square at 1335,1245=2768; to the square at 1335,1305=2619; to the square at 1335,1275=2482","station=50; to Gerda=10; at Cassia of the enemy=6; to the square at 1425,1365=4; to Ulla=4"
2026-09-21_21-58,2026-09-22T00:33:57,155.1,198675,7667457508,2696304,13.57,127.88,122258,75749,668,4087,36841,6985,32,38676,0,170,20435,54450,726,565,2869180,66503,327,19465,60411,113,947,3008,46,0,46,,,,,,,,302771,"to the square at 1395,1275=3480; to the square at 1365,1305=3312; to the square at 1335,1245=2768; to the square at 1335,1305=2619; to the square at 1335,1275=2482",station=50; to Gerda=10; at Cassia of the enemy=6; to Delwyn=4; to Ulla=4
2026-09-21_21-58,2026-09-22T00:38:57,160.1,201048,7680370669,2702440,13.44,127.88,124598,75781,669,4087,36913,7002,32,38688,0,170,20467,54450,730,565,2971811,67410,331,19594,60693,118,951,3008,46,0,46,,,,,,,,314785,"to the square at 1395,1275=3480; to the square at 1365,1305=3312; to the square at 1335,1245=2768; to the square at 1335,1305=2619; to the square at 1335,1275=2482",station=50; to Gerda=10; at Cassia of the enemy=6; to Delwyn=4; to Ulla=4
2026-09-21_21-58,2026-09-22T00:43:57,165.1,206402,7713326837,2715843,13.16,127.88,129221,76480,701,4088,37079,7457,32,39220,0,169,20961,54561,749,568,3077442,69146,341,20217,61851,121,987,3021,46,0,46,,,,,,,,321842,"to the square at 1395,1275=3480; to the square at 1365,1305=3312; to the square at 1335,1245=2768; to the square at 1335,1305=2619; to the square at 1335,1275=2482","station=50; to Gerda=10; at Cassia of the enemy=6; to the square at 1425,1365=4; to Ulla=4"
2026-09-21_21-58,2026-09-22T00:48:57,170.1,210991,7727707643,2723040,12.91,127.88,133563,76664,764,4088,37163,7609,32,39334,0,169,21047,54570,766,568,3183628,70367,354,20673,62417,125,1051,3047,46,0,46,,,,,,,,328982,"to the square at 1395,1275=3480; to the square at 1365,1305=3312; to the square at 1335,1245=2768; to the square at 1335,1305=2619; to the square at 1335,1275=2482",station=51; to Gerda=10; at Cassia of the enemy=6; to Delwyn=4; to Ulla=4
2026-09-21_21-58,2026-09-22T00:53:57,175.1,214893,7742238641,2729704,12.7,127.88,137291,76838,764,4088,37201,7734,32,39450,0,168,21127,54587,785,568,3287645,71319,366,20957,62814,126,1070,3047,46,0,46,,,,,,,,334218,"to the square at 1395,1275=3480; to the square at 1365,1305=3312; to the square at 1335,1245=2768; to the square at 1335,1305=2619; to the square at 1335,1275=2482",station=51; to Gerda=10; at Cassia of the enemy=6; over to Ilsa Ashdown=4; to Ulla=4
2026-09-21_21-58,2026-09-22T00:58:57,180.1,219970,7775257600,2742790,12.47,127.88,142039,77167,764,4088,37366,7821,32,39589,0,168,21339,54704,803,569,3403203,72221,376,21248,63237,127,1087,3070,46,0,46,,,,,,,,339794,"to the square at 1395,1275=3480; to the square at 1365,1305=3312; to the square at 1335,1245=2768; to the square at 1335,1305=2619; to the square at 1335,1275=2482",station=51; to Gerda=10; at Cassia of the enemy=6; over to Ilsa Ashdown=4; to Ulla=4
2026-09-21_21-58,2026-09-22T01:03:57,185.1,224575,7784741827,2747796,12.24,127.88,146575,77236,764,4088,37391,7865,32,39625,0,168,21400,54711,812,569,3501802,73287,387,21522,63722,128,1096,3070,46,0,46,,,,,,,,349453,"to the square at 1395,1275=3480; to the square at 1365,1305=3312; to the square at 1335,1245=2768; to the square at 1335,1305=2619; to the square at 1335,1275=2482",station=51; to Gerda=10; at Cassia of the enemy=6; to Ulla=4; over to Ilsa Ashdown=4
2026-09-22_02-48,2026-09-22T02:53:46,5.08,8679,16552127,8679,1,300.21,8186,414,79,74,77,283,32,257,0,64,386,28,4,16,115926,4406,7,942,1189,0,81,25,1,1,0,,,,,,,,2168,looking for a fight=22; up to the rock=11; to Ivo=6; to a tree=6; over to Hale Ashdown=1,
2026-09-22_02-48,2026-09-22T02:58:46,10.08,20883,27114971,14174,0.68,300.21,20319,485,79,74,108,324,32,278,0,70,447,38,14,16,243301,8596,18,1952,2211,0,91,25,1,1,0,,,,,,,,2915,"looking for a fight=22; up to the rock=18; to the square at 1335,1335=10; to Ivo=6; to a tree=6",
2026-09-22_02-48,2026-09-22T03:03:46,15.08,31903,34463639,18722,0.59,300.21,31325,499,79,74,139,331,32,281,0,74,460,39,15,16,361560,12536,26,2916,3276,2,92,25,1,1,0,,,,,,,,3407,"looking for a fight=22; up to the rock=19; over to Brannoc=13; over to Delwyn=12; to the square at 1335,1335=10",over to Brannoc=1; over to Delwyn=1
2026-09-22_02-48,2026-09-22T03:08:46,20.08,43149,56019574,28554,0.66,300.21,42334,736,79,74,276,543,32,411,0,58,691,44,30,22,483025,15987,36,3794,4270,5,106,25,1,1,0,,,,,,,,4417,"up to the rock=86; looking for a fight=23; over to Brannoc=13; to the square at 1335,1335=13; over to Delwyn=12",over to Brannoc=1; over to Delwyn=1; over to Marek=1; over to Selwyn=1; over to Nyla=1
2026-09-22_02-48,2026-09-22T03:13:46,25.08,54148,65084888,33487,0.62,300.21,53231,838,79,74,340,621,32,461,0,57,788,49,45,38,596027,19008,46,4589,5106,8,120,25,1,1,0,,,,,,,,5478,"up to the rock=95; looking for a fight=23; to the square at 1335,1305=18; to the square at 1335,1335=13; over to Brannoc=13",over to Brannoc=1; over to Delwyn=1; over to Marek=1; over to Selwyn=1; over to Nyla=1
2026-09-22_02-48,2026-09-22T03:18:46,30.08,65312,80388070,40963,0.63,300.21,64226,1007,79,74,382,746,32,530,0,55,943,62,78,38,710153,21798,60,5302,5988,8,153,25,1,1,0,,,,,,,,6155,"up to the rock=116; looking for a fight=23; to the square at 1335,1305=18; over to Brannoc=13; to the square at 1335,1335=13",over to Brannoc=1; over to Delwyn=1; over to Marek=1; over to Selwyn=1; over to Nyla=1
2026-09-22_02-48,2026-09-22T03:23:46,35.08,71439,98869783,48990,0.69,300.21,70180,1180,79,74,491,879,32,582,0,53,1107,71,103,38,816044,23897,67,5766,6488,10,178,64,1,1,0,,,,,,,,6894,"up to the rock=128; to Nessa=29; looking for a fight=23; to the square at 1335,1305=18; to the ShadowIronOre=18",to Nessa=2; over to Brannoc=1; over to Delwyn=1; over to Marek=1; over to Selwyn=1
2026-09-22_02-48,2026-09-22T03:28:46,40.08,76451,141398973,64721,0.85,300.21,74047,2248,156,74,857,1433,32,1329,0,40,1982,73,112,51,913739,26453,73,6759,8190,16,256,349,3,1,2,,,,,,,,8685,up to the rock=130; to Nessa=40; fight=27; looking for a fight=26; to the ShadowIronOre=18,to Nessa=3; station=3; over to Brannoc=1; over to Delwyn=1; over to Marek=1
2026-09-22_02-48,2026-09-22T03:33:46,45.08,80775,206804725,87724,1.09,300.21,77142,3474,159,74,1276,1752,32,1853,0,45,3193,80,146,112,1010586,28244,83,7366,9217,16,283,743,18,1,17,,,,,,,,11540,up to the rock=137; to Nessa=40; looking for a fight=30; fight=27; to the ShadowIronOre=18,station=18; to Nessa=3; over to Brannoc=1; over to Delwyn=1; over to Marek=1
2026-09-22_02-48,2026-09-22T03:38:46,50.08,86701,339407655,132704,1.53,300.21,80543,5971,187,498,2290,1996,32,3035,0,66,5290,381,190,143,1121359,30391,93,8170,11102,19,339,1506,36,1,35,,,,,,,,15664,looking for a fight=229; up to the rock=145; to Nessa=40; fight=27; to the ShadowIronOre=19,station=36; to Nessa=3; over to Yarrow=1; over to Isolde=1; over to Lorcan=1
2026-09-22_02-48,2026-09-22T03:43:46,55.08,90850,351995655,138452,1.52,300.21,84391,6244,215,498,2325,2262,32,3287,0,63,5369,384,197,143,1235512,31614,105,8649,11830,20,373,1506,36,1,35,,,,,,,,20604,looking for a fight=229; up to the rock=151; to Nessa=40; fight=27; to the ShadowIronOre=20,station=36; to Nessa=3; over to Orin=1; over to Yarrow=1; over to Isolde=1
2026-09-22_02-48,2026-09-22T03:48:46,60.08,94084,386837346,151890,1.61,300.21,87325,6544,215,499,2481,2336,32,3435,0,66,5457,596,213,150,1351846,32654,114,8901,12352,22,388,1535,36,1,35,,,,,,,,23992,looking for a fight=329; up to the rock=161; to Nessa=40; fight=27; to the ShadowIronOre=20,station=37; to Nessa=3; to Nyla=1; over to Orin=1; over to Yarrow=1
2026-09-22_02-48,2026-09-22T03:53:46,65.08,97831,415837598,163053,1.67,300.21,90584,7032,215,499,2604,2602,32,3782,0,64,5844,697,227,152,1440010,34116,121,9401,13186,22,401,1545,36,1,35,,,,,,,,24987,looking for a fight=428; up to the rock=169; to Nessa=40; fight=27; to the ShadowIronOre=21,station=37; to Nessa=3; to Nyla=1; over to Orin=1; over to Yarrow=1
2026-09-22_03-57,2026-09-22T04:02:29,5.08,3663,55560957,21151,5.77,60.3,3055,608,0,57,324,84,32,303,0,121,269,339,5,18,137644,2131,13,379,1012,6,2,15,0,0,0,,,,,,,,0,looking for a fight=220; over to Orin Ashdown=22; over to Fendrel=20; up to the rock=13; over to Elspeth=11,over to Orin Ashdown=2; up to the rock=1; over to Fendrel=1; over to Elspeth=1; over to Bertram=1
2026-09-22_04-06,2026-09-22T04:11:54,5.08,5131,55844361,24048,4.69,63.39,4631,493,7,309,54,29,32,31,0,317,492,1,2,0,131667,1232,20,253,578,3,9,4,0,0,0,,,,,,,,750,over to Hale Ashdown=22; over to Orin Ashdown=11; over to Kerrin Ashdown=9; over to Lysa Ashdown=2; to the VeriteOre=2,over to Hale Ashdown=2; over to Orin Ashdown=1
2026-09-22_04-06,2026-09-22T04:16:54,10.08,9885,89831211,36505,3.69,63.39,8916,961,8,309,230,272,32,351,0,200,540,201,7,3,251474,2735,27,817,1441,7,14,24,0,0,0,,,,,,,,5573,looking for a fight=102; over to Hale Ashdown=22; fight=22; over to Orin Ashdown=11; over to Fendrel=11,over to Hale Ashdown=2; fight=2; over to Orin Ashdown=1; over to Jorunn=1; over to Fendrel=1
2026-09-22_04-06,2026-09-22T04:21:54,15.08,14516,112046533,45570,3.14,63.39,13024,1258,234,316,329,540,32,547,0,166,662,259,16,41,370004,3917,37,1228,2054,8,241,24,0,0,0,,,,,,,,9712,looking for a fight=107; to a tree=59; over to Hale Ashdown=31; fight=22; over to Orin Ashdown=11,over to Hale Ashdown=2; fight=2; over to Orin Ashdown=1; over to Jorunn=1; over to Fendrel=1
2026-09-22_04-06,2026-09-22T04:26:54,20.08,19297,199713863,74264,3.85,63.39,16879,2151,267,415,772,582,32,984,0,175,886,919,32,44,480834,5489,49,1758,3098,10,281,26,0,0,0,,,,,,,,15648,"to the square at 1305,1335=300; looking for a fight=208; to a tree=59; over to Hale Ashdown=31; to Edda=22",over to Hale Ashdown=2; fight=2; to Edda=2; over to Orin Ashdown=1; over to Jorunn=1
2026-09-22_04-06,2026-09-22T04:31:54,25.08,23938,234588610,87228,3.64,63.39,21086,2573,279,415,934,707,32,1221,0,160,1153,1035,52,48,586374,7468,58,2307,4001,12,312,45,0,0,0,,,,,,,,21596,"looking for a fight=307; to the square at 1305,1335=300; to a tree=59; over to Hale Ashdown=31; up to the rock=23",over to Hale Ashdown=2; fight=2; to Edda=2; over to Orin Ashdown=1; over to Jorunn=1
2026-09-22_04-06,2026-09-22T04:36:54,30.08,27945,250217116,93931,3.36,132.68,24971,2690,284,415,957,780,32,1278,0,156,1253,1052,69,48,691483,8622,67,2633,4446,12,334,46,0,0,0,,,,,,,,27304,"looking for a fight=310; to the square at 1305,1335=300; to a tree=59; up to the rock=33; over to Hale Ashdown=31",over to Hale Ashdown=2; fight=2; to Edda=2; over to Orin Ashdown=1; over to Jorunn=1
2026-09-22_04-06,2026-09-22T04:41:54,35.08,33706,436551931,159093,4.72,132.68,27602,5817,287,1375,2440,925,32,2774,0,157,2941,2490,113,117,783753,9663,80,2785,6323,13,370,134,6,1,5,,,,,,,,31535,"to a fire=460; looking for a fight=313; to the square at 1305,1335=300; after a dog=290; to the muster at (1440, 1470)=242",station=6; over to Hale Ashdown=2; fight=2; to Edda=2; over to Orin Ashdown=1
2026-09-22_04-06,2026-09-22T04:46:55,40.1,42896,847647983,302756,7.06,132.68,28685,13924,287,5084,6397,979,32,6684,0,165,7973,5565,143,132,883738,10880,99,2982,10423,15,385,135,7,1,6,,,,,,,,34896,"to the counter with a full pack=1472; after a dog=1247; to a fire=1063; to the muster at (1440, 1470)=599; looking for a fight=329",station=6; over to Hale Ashdown=2; over to Orin Ashdown=2; fight=2; to Edda=2
2026-09-22_04-06,2026-09-22T04:51:55,45.1,47039,922602286,330163,7.02,132.68,31851,14901,287,5107,6944,998,32,7151,0,160,8782,5733,157,150,994808,11781,110,3174,11205,20,395,436,15,1,14,,,,,,,,39630,"to the counter with a full pack=1643; after a dog=1247; to a fire=1063; to the muster at (1440, 1470)=599; looking for a fight=333",station=10; to the counter with a full pack=5; over to Orin Ashdown=3; over to Hale Ashdown=2; fight=2
2026-09-22_04-06,2026-09-22T04:56:55,50.1,50397,991645294,352691,7,132.68,34192,15918,287,5126,7386,1155,32,7683,0,165,9089,6442,172,152,1114599,12713,126,3471,12111,22,408,440,15,1,14,,,,,,,,42590,"to the counter with a full pack=1643; after a dog=1247; to a fire=1063; to the muster at (1440, 1470)=898; looking for a fight=434",station=10; to the counter with a full pack=5; over to Orin Ashdown=3; over to Hale Ashdown=2; fight=2
2026-09-22_04-06,2026-09-22T05:01:55,55.1,53371,1004137835,357876,6.71,132.68,37121,15963,287,5126,7429,1178,32,7696,0,165,9130,6446,178,190,1236765,13693,141,3678,12460,25,413,451,15,1,14,,,,,,,,44776,"to the counter with a full pack=1643; after a dog=1247; to a fire=1063; to the muster at (1440, 1470)=898; looking for a fight=438",station=11; to the counter with a full pack=5; over to Orin Ashdown=3; to Calla=2; over to Harlan=2
2026-09-22_04-06,2026-09-22T05:06:55,60.1,56667,1061491819,378945,6.69,132.68,39797,16583,287,5126,7719,1577,32,8006,0,160,9646,6550,189,193,1359598,14895,157,3939,13224,25,419,451,15,1,14,,,,,,,,46625,"to the counter with a full pack=1643; after a dog=1247; to a fire=1063; to the muster at (1440, 1470)=898; looking for a fight=551",station=11; to the counter with a full pack=5; over to Orin Ashdown=3; to Calla=2; over to Harlan=2
2026-09-22_05-11,2026-09-22T05:16:38,5.08,6681,83840130,29906,4.48,60.76,5577,1094,10,36,669,105,32,530,0,223,162,912,10,17,112377,2187,26,379,1664,13,8,21,1,1,0,,,,,,,,5471,out to the woods for herbs=358; looking for a fight=101; to Alden=81; to Gerda=36; up to the rock=12,to Alden=5; to Gerda=3; over to Harlan=1; over to Dain=1; up to the rock=1
2026-09-22_05-11,2026-09-22T05:21:38,10.08,11787,307823663,106444,9.03,60.76,8468,3279,40,104,1771,157,32,1628,0,224,329,2893,19,20,198398,3545,45,706,3294,16,43,21,1,1,0,,,,,,,,17142,"out to the woods for herbs=1010; to the square at 1455,1305=300; looking for a fight=200; to Alden=81; to Gerda=36",to Alden=5; to Gerda=3; over to Harlan=1; over to Dain=1; up to the rock=1
2026-09-22_05-11,2026-09-22T05:26:38,15.08,16869,461182875,157160,9.32,60.76,11631,5191,47,107,2587,305,32,2497,0,195,1166,3888,53,65,304971,6047,68,1312,4972,16,75,305,22,3,19,,,,,,,,28083,"out to the woods for herbs=1202; to the square at 1455,1305=300; to the square at 1335,1365=299; looking for a fight=200; to Alden=81",station=19; to Alden=5; to Gerda=3; over to Harlan=1; over to Dain=1
2026-09-22_05-11,2026-09-22T05:31:38,20.08,22025,565409492,190876,8.67,60.76,15446,6489,90,107,3153,557,32,3228,0,193,1370,4915,63,66,395747,7402,82,1788,6316,17,116,327,22,3,19,,,,,,,,32614,"out to the woods for herbs=1412; to the square at 1455,1305=300; to the square at 1335,1365=299; to the square at 1305,1365=299; looking for a fight=200",station=19; to Alden=5; to Gerda=3; over to Bryn=2; over to Harlan=1
2026-09-22_05-11,2026-09-22T05:36:38,25.08,26786,636845351,216881,8.1,60.76,19287,7365,134,124,3484,739,32,3690,0,209,1549,5543,83,75,488216,8725,92,2356,7323,17,176,330,23,4,19,,,,,,,,38065,"out to the woods for herbs=1412; looking for a fight=340; to the square at 1455,1305=300; to the square at 1305,1365=299; to the square at 1335,1365=299",station=19; to Alden=5; to Gerda=3; over to Bryn=2; over to Harlan=1
2026-09-22_05-11,2026-09-22T05:41:38,30.08,31532,692787609,237848,7.54,60.76,23161,8224,147,124,3782,1108,32,4202,0,203,1781,5908,100,77,589355,10146,113,2868,8413,17,200,351,23,4,19,,,,,,,,44381,"out to the woods for herbs=1413; looking for a fight=440; to the square at 1455,1305=300; back for its own things=299; to the square at 1305,1365=299",station=19; to Alden=5; to Gerda=3; over to Bryn=2; over to Harlan=1
2026-09-22_05-11,2026-09-22T05:46:38,35.08,35578,771350462,266148,7.48,60.76,26305,9088,185,124,4219,1192,32,4618,0,228,1978,6563,114,85,687481,11220,133,3113,9230,18,247,374,23,4,19,,,,,,,,49835,"out to the woods for herbs=1413; looking for a fight=540; to the square at 1455,1305=300; back for its own things=299; to the square at 1305,1365=299",station=19; to Alden=5; to Gerda=3; over to Bryn=2; over to Harlan=1
2026-09-22_05-11,2026-09-22T05:51:38,40.08,41092,846153318,290074,7.06,60.76,30191,10579,322,127,4967,1392,32,5355,0,247,2172,7836,119,86,789206,12782,152,3503,10382,18,353,465,23,4,19,,,,,,,,52961,"out to the woods for herbs=1413; to Rance with Magic Arrow Scroll=610; looking for a fight=540; to the square at 1455,1305=300; to the square at 1335,1365=299",station=19; to Alden=5; to Gerda=3; over to Bryn=2; over to Harlan=1
2026-09-22_05-11,2026-09-22T05:56:38,45.08,48298,1035387138,347303,7.19,60.76,33481,14468,349,149,6854,1539,32,7336,0,284,2359,11532,124,86,903626,15836,170,3933,12975,19,375,481,23,4,19,,,,,,,,56118,"to Rance with Magic Arrow Scroll=1647; out to the woods for herbs=1413; to Delano for glass=806; looking for a fight=541; to the square at 1455,1305=300",station=19; to Alden=5; to Gerda=3; over to Bryn=2; over to Alden=2
2026-09-22_05-11,2026-09-22T06:01:38,50.08,55920,1324397471,437439,7.82,60.76,36585,18981,354,448,9101,1573,32,9581,0,285,2870,15527,139,94,1021909,17711,189,4277,15812,20,387,487,30,4,26,,,,,,,,60994,out to the woods for herbs=1990; to Rance with Magic Arrow Scroll=1873; to Delano for glass=1044; looking for a fight=841; to Stephen for blank scrolls=747,station=20; to Delano for glass=6; to Alden=5; to Gerda=3; over to Bryn=2
2026-09-22_05-11,2026-09-22T06:06:38,55.08,60400,1422853774,469820,7.78,60.76,39740,20242,418,454,9696,1644,32,10228,0,285,3030,16596,145,95,1155813,19119,202,4661,16859,20,426,487,30,4,26,,,,,,,,65074,out to the woods for herbs=2306; to Rance with Magic Arrow Scroll=1873; to Delano for glass=1044; looking for a fight=946; to Stephen for blank scrolls=747,station=20; to Delano for glass=6; to Alden=5; to Gerda=3; over to Bryn=2
2026-09-22_05-11,2026-09-22T06:11:38,60.08,64291,1444650099,479907,7.46,60.76,43533,20339,419,454,9719,1693,32,10269,0,284,3112,16610,159,95,1289365,20700,226,4913,17803,20,441,487,30,4,26,,,,,,,,69090,out to the woods for herbs=2307; to Rance with Magic Arrow Scroll=1873; to Delano for glass=1044; looking for a fight=948; to Stephen for blank scrolls=747,station=20; to Delano for glass=6; to Alden=5; to Gerda=3; over to Bryn=2
2026-09-22_05-11,2026-09-22T06:16:38,65.08,68008,1475791773,492756,7.25,60.76,46888,20625,495,454,9842,1752,32,10418,0,282,3285,16716,166,97,1394972,21938,252,5214,18307,20,517,487,30,4,26,,,,,,,,71781,out to the woods for herbs=2307; to Rance with Magic Arrow Scroll=1873; looking for a fight=1053; to Delano for glass=1044; to Stephen for blank scrolls=747,station=20; to Delano for glass=6; to Alden=5; to Gerda=3; over to Bryn=2
2026-09-22_05-11,2026-09-22T06:21:38,70.08,70571,1498546477,502286,7.12,60.76,49207,20842,522,455,9963,1925,32,10539,0,279,3411,16745,175,98,1515643,23150,270,5536,18861,24,552,487,30,4,26,,,,,,,,77255,out to the woods for herbs=2307; to Rance with Magic Arrow Scroll=1873; looking for a fight=1061; to Delano for glass=1044; to Stephen for blank scrolls=747,station=20; to Gerda=6; to Delano for glass=6; to Alden=5; up to the rock=2
2026-09-22_05-11,2026-09-22T06:26:38,75.08,72650,1528029442,514770,7.09,60.76,51145,20975,530,455,10009,1975,32,10569,0,278,3529,16758,188,98,1664683,24773,292,5716,19296,31,572,487,30,4,26,,,,,,,,82537,out to the woods for herbs=2307; to Rance with Magic Arrow Scroll=1873; looking for a fight=1069; to Delano for glass=1044; to Stephen for blank scrolls=747,station=20; to Gerda=7; to Delano for glass=6; to Alden=5; up to the rock=2
2026-09-22_05-11,2026-09-22T06:31:39,80.1,75394,1554328121,524638,6.96,60.76,53624,21218,552,455,10079,2002,32,10662,0,276,3758,16761,200,128,1807972,26848,315,6053,19906,36,603,549,35,4,31,,,,,,,,86085,out to the woods for herbs=2307; to Rance with Magic Arrow Scroll=1873; looking for a fight=1071; to Delano for glass=1044; to Stephen for blank scrolls=747,station=25; to Gerda=7; to Delano for glass=6; to Alden=5; up to the rock=2
2026-09-22_05-11,2026-09-22T06:36:39,85.1,80692,1678761418,563956,6.99,60.76,56525,23615,552,455,11256,2026,32,11847,0,291,3800,19116,212,133,1957863,28500,331,6440,21810,38,609,549,35,4,31,,,,,,,,88295,out to the woods for herbs=2573; to Rance with Magic Arrow Scroll=1873; looking for a fight=1074; to Delano for glass=1044; to the counter with a full pack=919,station=25; to Gerda=7; to Delano for glass=6; to Alden=5; up to the rock=2
2026-09-22_05-11,2026-09-22T06:41:39,90.1,86203,1888304694,634627,7.36,60.76,59109,26542,552,550,12667,2305,32,13300,0,287,4357,21486,236,159,2110287,29387,353,6655,23482,38,619,652,35,4,31,,,,,,,,93157,out to the woods for herbs=3277; to Rance with Magic Arrow Scroll=1873; looking for a fight=1374; to the counter with a full pack=1212; to Delano for glass=1044,station=25; to Gerda=7; to Delano for glass=6; to Alden=5; up to the rock=2
2026-09-22_05-11,2026-09-22T06:46:39,95.1,93896,2095227341,703462,7.49,60.76,62801,30543,552,1067,14526,3115,32,15319,0,277,6408,23435,278,220,2227934,31161,361,7230,26116,39,645,1531,51,4,47,,,,,,,,95428,out to the woods for herbs=3319; to Rance with Magic Arrow Scroll=1873; to the counter with a full pack=1560; looking for a fight=1474; to Delano for glass=1044,station=41; to Gerda=7; to Delano for glass=6; to Alden=5; up to the rock=2
2026-09-22_05-11,2026-09-22T06:51:39,100.1,98898,2191976255,737484,7.46,60.76,66475,31762,661,1097,15004,3432,32,16041,0,273,6817,24210,296,222,2336825,34237,372,7813,27740,47,737,1559,51,4,47,,,,,,,,98241,out to the woods for herbs=3319; to Rance with Magic Arrow Scroll=1873; to the counter with a full pack=1561; looking for a fight=1495; to Delano for glass=1044,station=42; to Gerda=7; to Delano for glass=6; to Alden=5; up to the rock=2
2026-09-22_05-11,2026-09-22T06:56:39,105.1,105943,2466439713,825613,7.79,60.76,68700,36493,750,1701,17346,3626,32,18446,0,273,7624,28054,307,260,2477673,36349,384,8268,30604,52,830,1576,51,4,47,,,,,,,,104585,out to the woods for herbs=3319; to Rance with Magic Arrow Scroll=1873; looking for a fight=1597; to the counter with a full pack=1561; to Delano for glass=1044,station=42; to Gerda=11; to Delano for glass=6; to Alden=5; up to the rock=2
2026-09-22_05-11,2026-09-22T07:01:39,110.1,111568,2625287035,873952,7.83,60.76,71144,39594,830,1701,18873,3675,32,19986,0,277,7698,31078,318,265,2626719,39013,402,8552,32585,52,906,1584,55,4,51,,,,,,,,111656,out to the woods for herbs=3319; to Rance with Magic Arrow Scroll=1873; to the counter with a full pack=1769; to Aislinn with Double Axe=1639; looking for a fight=1603,station=42; to Gerda=11; to Delano for glass=6; to Alden=5; to the counter with a full pack=4
2026-09-22_05-11,2026-09-22T07:06:39,115.1,115114,2703117789,902487,7.84,60.76,73585,40694,835,1701,19298,3935,32,20595,0,271,8200,31478,336,267,2774158,40515,413,9000,33821,52,925,1602,55,4,51,,,,,,,,121098,out to the woods for herbs=3319; looking for a fight=1995; to Rance with Magic Arrow Scroll=1873; to the counter with a full pack=1769; to Aislinn with Double Axe=1639,station=42; to Gerda=11; to Delano for glass=6; to Alden=5; to the counter with a full pack=4
2026-09-22_05-11,2026-09-22T07:11:39,120.1,119222,2782941071,930303,7.8,60.76,76452,41904,866,1701,19772,4222,32,21281,0,269,8526,32152,353,268,2909774,42442,432,9429,35170,52,967,1614,55,4,51,,,,,,,,125496,out to the woods for herbs=3319; looking for a fight=2199; to Rance with Magic Arrow Scroll=1873; to the counter with a full pack=1770; to Aislinn with Double Axe=1639,station=42; to Gerda=11; to Delano for glass=6; to Alden=5; to the counter with a full pack=4
2026-09-22_05-11,2026-09-22T07:16:39,125.1,120700,2801869641,938984,7.78,60.76,77802,42032,866,1701,19815,4320,32,21336,0,268,8648,32157,361,270,3007464,43462,452,9577,35523,52,973,1614,55,4,51,,,,,,,,130726,out to the woods for herbs=3319; looking for a fight=2202; to Rance with Magic Arrow Scroll=1873; to the counter with a full pack=1770; to Aislinn with Double Axe=1639,station=42; to Gerda=11; to Delano for glass=6; to Alden=5; to the counter with a full pack=4
2026-09-22_05-11,2026-09-22T07:21:39,130.1,124005,2832259275,950609,7.67,60.76,80859,42280,866,1701,19928,4350,32,21452,0,267,8795,32256,364,272,3095286,44116,457,9723,35786,52,974,1614,55,4,51,,,,,,,,135212,out to the woods for herbs=3319; looking for a fight=2303; to Rance with Magic Arrow Scroll=1873; to the counter with a full pack=1770; to Aislinn with Double Axe=1639,station=42; to Gerda=11; to Delano for glass=6; to Alden=5; to the counter with a full pack=4
2026-09-22_05-11,2026-09-22T07:26:39,135.1,128789,2866101445,964333,7.49,60.76,85103,42788,898,1701,20082,4644,32,21806,0,265,9018,32355,366,273,3201753,45850,471,10346,36758,52,1005,1619,55,4,51,,,,,,,,152034,out to the woods for herbs=3319; looking for a fight=2403; to Rance with Magic Arrow Scroll=1873; to the counter with a full pack=1770; to Aislinn with Double Axe=1639,station=42; to Gerda=11; to Delano for glass=6; to Alden=5; to the counter with a full pack=4
2026-09-22_05-11,2026-09-22T07:31:39,140.1,133290,2907169113,979482,7.35,60.76,88968,43368,954,1701,20339,4744,32,22062,0,262,9401,32454,383,291,3311136,48133,488,10788,37431,57,1071,1769,68,5,63,,,,,,,,156951,out to the woods for herbs=3319; looking for a fight=2506; to Rance with Magic Arrow Scroll=1873; to the counter with a full pack=1770; to Aislinn with Double Axe=1639,station=54; to Gerda=11; to Delano for glass=6; to Alden=5; to the counter with a full pack=4
2026-09-22_05-11,2026-09-22T07:36:39,145.1,137376,2921017223,985719,7.18,60.76,92998,43386,992,1701,20353,4746,32,22064,0,262,9417,32455,383,291,3422986,50611,507,11060,37807,69,1107,1778,68,5,63,,,,,,,,159753,out to the woods for herbs=3319; looking for a fight=2508; to Rance with Magic Arrow Scroll=1873; to the counter with a full pack=1770; to Aislinn with Double Axe=1639,station=54; to Gerda=11; to Delano for glass=6; to Alden=5; to the counter with a full pack=4
2026-09-22_05-11,2026-09-22T07:41:39,150.1,141121,2933693744,991260,7.02,60.76,96648,43447,1026,1701,20386,4783,32,22096,0,262,9473,32459,384,291,3539092,52714,517,11349,38265,79,1141,1783,68,5,63,,,,,,,,163375,out to the woods for herbs=3319; looking for a fight=2512; to Rance with Magic Arrow Scroll=1873; to the counter with a full pack=1771; to Aislinn with Double Axe=1639,station=54; to Gerda=11; to Delano for glass=6; to Alden=5; to the counter with a full pack=4
2026-09-22_05-11,2026-09-22T07:46:39,155.1,145007,2943592583,995745,6.87,60.76,100450,43474,1083,1701,20392,4787,32,22100,0,262,9498,32461,385,291,3631461,53628,529,11583,38508,79,1199,1783,68,5,63,,,,,,,,165744,out to the woods for herbs=3320; looking for a fight=2515; to Rance with Magic Arrow Scroll=1873; to the counter with a full pack=1771; to Aislinn with Double Axe=1639,station=54; to Gerda=11; to Delano for glass=6; to Alden=5; to the counter with a full pack=4
2026-09-22_05-11,2026-09-22T07:51:39,160.1,150661,3029433801,1022944,6.79,60.76,104604,44974,1083,1701,21096,4897,32,22881,0,263,9629,33829,389,293,3728529,55455,542,11919,39985,80,1200,1783,68,5,63,,,,,,,,168933,out to the woods for herbs=3320; looking for a fight=2521; to Rance with Magic Arrow Scroll=1873; to the counter with a full pack=1771; to Aislinn with Double Axe=1639,station=54; to Gerda=11; to Delano for glass=6; to Alden=5; to the counter with a full pack=4
2026-09-22_05-11,2026-09-22T07:56:39,165.1,155777,3145061683,1061210,6.81,60.76,107868,46826,1083,1776,22012,4923,32,23789,0,264,9831,35479,394,295,3859756,57591,559,12212,41284,83,1201,1783,68,5,63,,,,,,,,173404,out to the woods for herbs=3320; looking for a fight=2726; to Rance with Magic Arrow Scroll=1873; to the counter with a full pack=1771; to Aislinn with Double Axe=1639,station=54; to Gerda=12; to Delano for glass=6; to Alden=5; to the counter with a full pack=4
2026-09-22_05-11,2026-09-22T08:01:39,170.1,160677,3219565752,1084969,6.75,60.76,111464,48113,1100,1776,22767,4947,32,24421,0,267,9875,36710,401,298,3990687,60071,576,12791,42629,90,1223,1785,71,5,66,,,,,,,,178788,out to the woods for herbs=3320; looking for a fight=2730; to Rance with Magic Arrow Scroll=1873; to the counter with a full pack=1772; to Aislinn with Double Axe=1639,station=54; to Gerda=15; to Delano for glass=6; to Alden=5; to the counter with a full pack=4
2026-09-22_05-11,2026-09-22T08:06:39,175.1,165080,3349012143,1126103,6.82,60.76,113548,50430,1102,1778,23924,4966,32,25572,0,272,10000,38897,405,300,4125714,62075,590,13156,44326,91,1228,1786,71,5,66,,,,,,,,183285,out to the woods for herbs=3320; looking for a fight=2820; to Rance with Magic Arrow Scroll=1873; to the counter with a full pack=1772; to Aislinn with Double Axe=1639,station=54; to Gerda=15; to Delano for glass=6; to Alden=5; to the counter with a full pack=4
2026-09-22_05-11,2026-09-22T08:11:39,180.1,170533,3462133115,1161369,6.81,60.76,116868,52563,1102,1778,24964,5052,32,26656,0,276,10130,40900,409,300,4265845,63202,606,13466,45903,92,1231,1789,71,5,66,,,,,,,,187836,out to the woods for herbs=3320; looking for a fight=2840; to Devon with Leather Bustier Arms=2569; to Rance with Magic Arrow Scroll=1873; to the counter with a full pack=1772,station=54; to Gerda=15; to Delano for glass=6; to Alden=5; to the counter with a full pack=4
2026-09-22_05-11,2026-09-22T08:16:39,185.1,177293,3677157925,1227790,6.93,60.76,119430,56761,1102,1946,27020,5262,32,28752,0,280,10503,44721,425,304,4376075,66154,624,13709,48374,92,1242,1789,71,5,66,,,,,,,,190464,to Devon with Leather Bustier Arms=3565; out to the woods for herbs=3320; looking for a fight=2942; to Rance with Magic Arrow Scroll=1873; to the counter with a full pack=1773,station=54; to Gerda=15; to Delano for glass=6; to Alden=5; to the counter with a full pack=4
2026-09-22_05-11,2026-09-22T08:21:39,190.1,184002,3889011442,1292258,7.02,60.76,121907,60920,1175,2013,29062,5486,32,30806,0,283,10887,48494,448,325,4470233,68504,637,13896,50657,93,1322,1828,75,5,70,,,,,,,,193720,to Devon with Leather Bustier Arms=4350; out to the woods for herbs=3321; looking for a fight=3044; to Rance with Magic Arrow Scroll=1873; to the counter with a full pack=1776,station=54; to Gerda=15; to Delano for glass=6; to Alden=5; to the counter with a full pack=4
2026-09-22_05-11,2026-09-22T08:26:39,195.1,192028,4243169125,1410510,7.35,60.76,124829,66024,1175,3376,31560,5535,32,33295,0,284,11774,52711,464,328,4619787,69974,654,14118,53555,98,1333,1828,76,6,70,,,,,,,,197364,to Devon with Leather Bustier Arms=4350; out to the woods for herbs=3321; looking for a fight=3062; to Rance with Magic Arrow Scroll=1873; to the counter with a full pack=1777,station=54; to Gerda=15; to Delano for glass=6; to Alden=5; to the counter with a full pack=4
2026-09-22_05-11,2026-09-22T08:31:39,200.1,199697,4524806933,1502874,7.53,60.76,128258,70263,1176,4048,33628,5720,32,35396,0,284,12337,56387,478,330,4763197,72238,675,14570,56397,100,1346,1884,76,6,70,,,,,,,,200210,to Devon with Leather Bustier Arms=4350; out to the woods for herbs=3321; looking for a fight=3065; to Gorman with Club=2991; to Rance with Magic Arrow Scroll=1873,station=54; to Gerda=15; to Delano for glass=6; to Alden=5; to the counter with a full pack=4
2026-09-22_05-11,2026-09-22T08:36:40,205.12,206401,4715753557,1569028,7.6,60.76,132230,72990,1181,4716,34874,5889,32,36774,0,282,13013,58327,494,336,4906084,74389,686,14989,58496,100,1356,1886,78,7,71,,,,,,,,224135,to Devon with Leather Bustier Arms=4350; looking for a fight=3367; out to the woods for herbs=3321; to Gorman with Club=2991; to Rance with Magic Arrow Scroll=1873,station=54; to Gerda=15; to Delano for glass=6; to Alden=5; to the counter with a full pack=4
2026-09-22_05-11,2026-09-22T08:41:40,210.12,211894,4905789598,1634202,7.71,60.76,134933,75728,1233,4813,36194,6071,32,38076,0,280,14115,59962,531,376,5049749,75665,702,15313,60293,101,1435,2103,96,10,86,,,,,,,,232756,to Devon with Leather Bustier Arms=4350; looking for a fight=3771; out to the woods for herbs=3321; to Gorman with Club=2991; to Rance with Magic Arrow Scroll=1881,station=63; to Gerda=15; to Delano for glass=7; to Alden=5; to the counter with a full pack=4
2026-09-22_05-11,2026-09-22T08:46:40,215.12,217334,5078880943,1693380,7.79,60.76,137964,78129,1241,5128,37363,6132,32,39252,0,279,14416,62062,549,383,5173200,77358,721,15757,62311,101,1455,2103,97,10,87,,,,,,,,237623,to Devon with Leather Bustier Arms=4350; looking for a fight=3971; out to the woods for herbs=3321; to Gorman with Club=2991; to Rance with Magic Arrow Scroll=1881,station=63; to Gerda=15; to Delano for glass=7; to Alden=5; to the counter with a full pack=4
2026-09-22_05-11,2026-09-22T08:51:40,220.12,224200,5236682187,1743213,7.78,60.76,142011,80947,1242,5129,38739,6226,32,40590,0,279,14637,64657,559,387,5290837,79362,744,16259,64476,103,1462,2114,98,10,88,,,,,,,,241647,to Devon with Leather Bustier Arms=4350; looking for a fight=4172; out to the woods for herbs=3321; to Gorman with Club=2991; to Sabra with Club=2309,station=64; to Gerda=15; to Delano for glass=7; to Alden=5; to the counter with a full pack=4
2026-09-22_05-11,2026-09-22T08:56:40,225.12,229640,5352164296,1779920,7.75,60.76,145254,83143,1243,5129,39835,6282,32,41593,0,281,14717,66772,576,389,5419704,81194,759,16752,66033,105,1481,2114,103,10,93,,,,,,,,243905,to Devon with Leather Bustier Arms=4350; looking for a fight=4174; out to the woods for herbs=3321; to Gorman with Club=2993; to Sabra with Club=2954,station=64; to Gerda=15; to Delano for glass=9; to Alden=5; to the counter with a full pack=4
2026-09-22_05-11,2026-09-22T09:01:40,230.12,234971,5507325473,1831553,7.79,60.76,148444,85283,1244,5378,40880,6297,32,42643,0,281,15095,68534,584,403,5544746,82483,773,17139,67479,105,1485,2114,103,10,93,,,,,,,,247674,looking for a fight=4374; to Devon with Leather Bustier Arms=4350; out to the woods for herbs=3321; to Gorman with Club=2993; to Sabra with Club=2954,station=64; to Gerda=15; to Delano for glass=9; to Alden=5; to the counter with a full pack=4
2026-09-22_05-11,2026-09-22T09:06:40,235.12,238987,5563138815,1850421,7.74,131.82,151402,86295,1290,5378,41392,6338,32,43144,0,282,15145,69489,594,421,5652460,83942,788,17545,68406,106,1537,2114,103,10,93,,,,,,,,251545,looking for a fight=4376; to Devon with Leather Bustier Arms=4350; out to the woods for herbs=3321; to Delano for glass=3217; to Gorman with Club=2993,station=64; to Gerda=15; to Delano for glass=9; to Alden=5; to the counter with a full pack=4
2026-09-22_05-11,2026-09-22T09:11:40,240.12,243619,5623962390,1871743,7.68,131.82,155098,87230,1291,5421,41852,6405,32,43577,0,283,15393,70176,609,423,5777172,85712,808,17956,69342,111,1550,2115,103,10,93,,,,,,,,256194,looking for a fight=4476; to Devon with Leather Bustier Arms=4350; out to the woods for herbs=3321; to Delano for glass=3217; to Gorman with Club=2993,station=64; to Gerda=15; to Delano for glass=9; to Alden=5; to the counter with a full pack=4
2026-09-22_05-11,2026-09-22T09:16:40,245.12,248322,5734110119,1908936,7.69,131.82,158088,88931,1303,5422,42662,6537,32,44424,0,282,15858,71411,633,427,5896977,87266,839,18295,70771,111,1578,2124,103,10,93,,,,,,,,260980,looking for a fight=4775; to Devon with Leather Bustier Arms=4350; out to the woods for herbs=3321; to Delano for glass=3217; to Gorman with Club=2993,station=64; to Gerda=15; to Delano for glass=9; to Alden=5; to the counter with a full pack=4
2026-09-22_09-19,2026-09-22T09:24:39,5.07,5174,142201185,54993,10.63,68.49,2842,2319,13,413,1067,720,32,1078,0,171,1407,890,31,61,146934,1306,23,383,1631,1,28,242,19,2,17,,,,,,,,2692,after reagents=299; to Delano for glass=293; looking for a fight=205; over to Ilsa Ashdown=11; after a crow=10,station=17; over to Ilsa Ashdown=1
2026-09-22_09-19,2026-09-22T09:29:40,10.08,9427,245862953,90747,9.63,68.49,5878,3530,19,415,1630,923,32,1746,0,204,1580,1844,37,63,284879,2801,35,880,2875,4,34,279,19,2,17,,,,,,,,11476,after reagents=299; to Delano for glass=293; out to the woods for herbs=254; to Rance for a scroll=220; looking for a fight=207,station=19; over to Ilsa Ashdown=1; over to Nyla=1
2026-09-22_09-19,2026-09-22T09:34:40,15.08,17796,498442067,173984,9.78,68.49,10345,7431,20,1192,3565,955,32,3663,0,254,2357,4968,49,75,433076,4411,54,1166,5409,5,38,281,19,2,17,,,,,,,,18566,to Rance for a scroll=1354; looking for a fight=607; out to the woods for herbs=600; after reagents=299; to Delano for glass=293,station=19; over to Ilsa Ashdown=1; over to Nyla=1; over to Bertram=1
2026-09-22_09-19,2026-09-22T09:39:40,20.08,28240,829162595,280808,9.94,68.49,14906,13300,34,3090,6413,1061,32,6557,0,282,3743,9451,67,81,567445,7030,69,1548,8870,5,55,281,19,2,17,,,,,,,,26328,"to Rance for a scroll=2544; looking for a fight=907; to a fire=637; out to the woods for herbs=600; to the square at 1425,1305=395",station=19; over to Ilsa Ashdown=1; over to Nyla=1; over to Bertram=1
2026-09-22_09-19,2026-09-22T09:44:40,25.08,40275,1132980956,374305,9.29,68.49,20781,19313,181,3552,9339,1319,32,9577,0,293,4469,14689,86,88,699043,8761,85,2053,12587,5,172,292,19,2,17,,,,,,,,31031,to Rance for a scroll=3326; to a fire=1879; looking for a fight=1207; out to the woods for herbs=600; to Aislinn with Club=501,station=19; over to Ilsa Ashdown=1; over to Nyla=1; over to Bertram=1
2026-09-22_09-19,2026-09-22T09:49:40,30.08,47801,1318499170,430776,9.01,68.49,24355,23211,235,3888,11234,1439,32,11516,0,298,4869,18175,107,96,828482,10728,99,2515,15014,8,232,358,23,2,21,,,,,,,,41256,to Rance for a scroll=3326; to a fire=2889; looking for a fight=1308; to Aislinn with Club=798; out to the woods for herbs=600,station=19; over to Ilsa Ashdown=1; over to Nyla=1; over to Bertram=1; to Aislinn with Club=1
2026-09-22_09-19,2026-09-22T09:54:40,35.08,52158,1327046701,435131,8.34,68.49,28685,23227,246,3888,11241,1445,32,11519,0,298,4878,18180,108,96,916643,12375,119,2909,15628,8,240,361,23,2,21,,,,,,,,49499,to Rance for a scroll=3326; to a fire=2889; looking for a fight=1308; to Aislinn with Club=798; out to the woods for herbs=600,station=19; over to Ilsa Ashdown=1; over to Nyla=1; over to Bertram=1; to Aislinn with Club=1
2026-09-22_09-19,2026-09-22T09:59:40,40.08,57570,1413842139,466181,8.1,68.49,33166,24009,395,3890,11647,1461,32,11903,0,296,4902,18936,114,98,1024949,13902,129,3276,16709,10,385,364,23,2,21,,,,,,,,59592,to Rance for a scroll=3326; to a fire=2889; looking for a fight=1308; to Aislinn with Club=798; out to the woods for herbs=600,station=19; over to Ilsa Ashdown=1; over to Nyla=1; over to Bertram=1; to Aislinn with Club=1
2026-09-22_09-19,2026-09-22T10:04:40,45.08,64325,1592689098,521943,8.11,68.49,36591,27337,397,3894,13266,1568,32,13538,0,301,5197,21969,130,101,1176708,15282,145,3615,18856,10,399,368,23,2,21,,,,,,,,64770,to Rance for a scroll=3326; to a fire=2889; looking for a fight=1458; to Aislinn with Club=798; to Missy=763,station=19; over to Ilsa Ashdown=1; over to Nyla=1; over to Bertram=1; to Aislinn with Club=1
2026-09-22_09-19,2026-09-22T10:09:40,50.08,70536,1782851288,581442,8.24,68.49,39333,30802,401,3904,14976,1623,32,15263,0,304,5527,25104,143,103,1331285,16411,162,3805,20991,10,414,368,23,2,21,,,,,,,,69819,to Rance for a scroll=3326; to a fire=2889; to Athena with Thigh Boots=2192; looking for a fight=1708; to Aislinn with Club=798,station=19; over to Ilsa Ashdown=1; over to Nyla=1; over to Bertram=1; to Aislinn with Club=1
2026-09-22_09-19,2026-09-22T10:14:40,55.08,74722,1817220826,594074,7.95,68.49,43031,31264,427,3904,15189,1806,32,15504,0,303,5726,25354,151,112,1472977,17579,180,4141,21776,11,445,422,23,2,21,,,,,,,,78645,to Rance for a scroll=3326; to a fire=2889; to Athena with Thigh Boots=2316; looking for a fight=1713; to Aislinn with Club=798,station=19; over to Ilsa Ashdown=1; over to Nyla=1; over to Bertram=1; to Aislinn with Club=1
2026-09-22_09-19,2026-09-22T10:19:40,60.08,79053,1861940000,611137,7.73,68.49,46788,31825,440,3905,15418,2124,32,15799,0,299,6124,25463,165,114,1621046,18733,194,4426,22548,11,463,488,23,2,21,,,,,,,,91505,to Rance for a scroll=3326; to a fire=2889; to Athena with Thigh Boots=2316; looking for a fight=1822; to Aislinn with Club=798,station=19; over to Ilsa Ashdown=1; over to Nyla=1; over to Bertram=1; to Aislinn with Club=1
2026-09-22_09-19,2026-09-22T10:24:40,65.08,83042,1934374571,634657,7.64,68.49,49503,33091,448,3905,16069,2174,32,16407,0,302,6194,26659,169,115,1732131,19577,210,4657,23535,11,471,525,23,2,21,,,,,,,,97708,to Rance for a scroll=3921; to a fire=2889; to Athena with Thigh Boots=2316; looking for a fight=1828; to Aislinn with Club=798,station=19; over to Ilsa Ashdown=1; over to Nyla=1; over to Bertram=1; to Aislinn with Club=1
2026-09-22_09-19,2026-09-22T10:29:40,70.08,87836,2052905432,671174,7.64,68.49,51994,35394,448,3905,17194,2228,32,17544,0,308,6279,28875,182,116,1834890,20420,224,4816,25023,11,483,525,23,2,21,,,,,,,,102617,to Rance for a scroll=5025; to a fire=2889; to Athena with Thigh Boots=2316; looking for a fight=1831; to Aislinn with Club=798,station=19; over to Ilsa Ashdown=1; over to Nyla=1; over to Bertram=1; to Aislinn with Club=1
2026-09-22_09-19,2026-09-22T10:34:40,75.08,95664,2306510932,751050,7.85,68.49,55634,39573,457,3932,19268,2264,32,19610,0,310,6376,32957,196,135,1999256,21304,243,5054,27360,12,500,528,23,2,21,,,,,,,,111549,to Rance for a scroll=6211; to a fire=2889; to Athena with Thigh Boots=2316; looking for a fight=1839; to Aislinn with Club=798,station=19; over to Calla Ashdown=2; over to Ilsa Ashdown=1; over to Nyla=1; over to Bertram=1
2026-09-22_09-19,2026-09-22T10:39:40,80.08,102281,2495934811,813977,7.96,68.49,58919,42904,458,4052,20944,2306,32,21267,0,314,6649,35986,199,138,2158372,22615,266,5433,29532,16,503,539,23,2,21,,,,,,,,117823,to Rance for a scroll=6211; to a fire=2889; to Athena with Thigh Boots=2316; looking for a fight=1847; to Delano with Strength Potion=1695,station=20; over to Calla Ashdown=2; over to Corwin=2; over to Doran=2; over to Ilsa Ashdown=1
2026-09-22_09-19,2026-09-22T10:44:40,85.08,109126,2692966202,880806,8.07,165.83,62200,46431,495,4120,22647,2563,32,23076,0,316,7156,38962,211,139,2300066,23874,276,5871,31907,18,549,552,23,2,21,,,,,,,,125288,to Rance for a scroll=6211; to Delano with Strength Potion=3083; to a fire=2889; to Athena with Thigh Boots=2316; looking for a fight=1949,station=21; over to Calla Ashdown=2; over to Corwin=2; over to Doran=2; over to Ilsa Ashdown=1
2026-09-22_09-19,2026-09-22T10:49:40,90.08,117171,2962804226,975150,8.32,165.83,65516,51144,511,5094,24954,2617,32,25398,0,311,8521,42309,223,144,2451268,24827,293,6150,34512,18,574,552,23,2,21,,,,,,,,134768,to Rance for a scroll=6211; to Delano with Strength Potion=4326; to a fire=2890; to Athena with Thigh Boots=2316; looking for a fight=1952,station=21; over to Calla Ashdown=2; over to Corwin=2; over to Doran=2; over to Ilsa Ashdown=1
2026-09-22_09-19,2026-09-22T10:54:40,95.08,125145,3218301623,1068363,8.54,165.83,69428,55206,511,5284,26975,2635,32,27415,0,305,9661,45231,227,147,2555988,25588,311,6372,36812,18,575,555,24,3,21,,,,,,,,140705,to Rance for a scroll=6211; to Delano with Strength Potion=5294; to a fire=2890; to Athena with Thigh Boots=2316; looking for a fight=1957,station=21; over to Calla Ashdown=2; over to Corwin=2; over to Doran=2; over to Ilsa Ashdown=1
2026-09-22_09-19,2026-09-22T10:59:40,100.08,130109,3338010719,1106499,8.5,165.83,72157,57441,511,5290,28112,2651,32,28524,0,309,9702,47425,232,148,2662925,26205,323,6542,38093,20,579,555,24,3,21,,,,,,,,155295,to Delano with Strength Potion=6390; to Rance for a scroll=6211; to a fire=2890; to Athena with Thigh Boots=2316; looking for a fight=1959,station=21; over to Calla Ashdown=3; over to Doran=2; over to Corwin=2; over to Ilsa Ashdown=1
2026-09-22_11-04,2026-09-22T11:09:49,5.08,8433,233833280,83419,9.89,300.37,3657,4776,0,1053,2384,743,32,2237,0,225,2170,2605,21,36,139109,1750,21,379,2953,3,7,448,0,0,0,,,,,,,,3930,to Missy=1128; looking for a fight=303; after reagents=299; to the GoldOre=72; over to Nessa=12,over to Nyla=1; over to Ivo=1; over to Lysa Ashdown=1
2026-09-22_11-04,2026-09-22T11:14:49,10.08,18086,399295421,133864,7.4,300.37,9416,8628,42,1055,4113,1745,32,4529,0,239,3235,5392,28,39,268861,5094,35,1769,6773,4,42,639,0,0,0,,,,,,,,22075,to Missy=2013; looking for a fight=305; after reagents=300; to the counter with a full pack=300; to the counter of The Blade=205,over to Lysa Ashdown=2; over to Ivo=1; over to Nyla=1
2026-09-22_11-04,2026-09-22T11:19:49,15.08,25714,626947554,205142,7.98,300.37,12937,12692,85,1473,5962,2257,32,6736,0,238,3998,8680,32,54,403609,7449,57,2585,10030,4,88,690,1,0,1,,,,,,,,32293,"to Missy=2013; to the counter of The Blade=1286; to Rance for a scroll=351; looking for a fight=306; to the square at 1425,1305=301",over to Lysa Ashdown=2; over to Nyla=1; over to Ivo=1; to the counter of The Blade=1
2026-09-22_11-04,2026-09-22T11:24:49,20.08,34047,886890814,287071,8.43,300.37,16861,17041,145,2338,8149,2339,32,8843,0,262,4839,12186,51,63,551366,9018,69,2842,12618,8,158,714,2,1,1,,,,,,,,39062,"to Missy=2418; to the counter of The Blade=1286; to Rance for a scroll=1119; looking for a fight=515; to the square at 1455,1365=441",over to Lysa Ashdown=2; over to Nyla=1; over to Ivo=1; to the counter of The Blade=1; to Leofric=1
2026-09-22_11-04,2026-09-22T11:29:49,25.08,42029,1093154342,349869,8.32,300.37,20700,21141,188,2338,10129,2637,32,10895,0,281,5278,15832,70,70,689945,12277,85,3162,15219,8,214,859,8,2,6,,,,,,,,44840,to Missy=2421; to Rance for a scroll=2021; to the counter of The Blade=1286; to Delano with Spiders Silk=1162; looking for a fight=516,station=3; over to Lysa Ashdown=2; over to Nyla=1; over to Ivo=1; to the counter of The Blade=1
2026-09-22_11-04,2026-09-22T11:34:49,30.08,47871,1244815019,399142,8.34,300.37,24193,23489,189,2371,11107,2916,32,12036,0,271,6151,17281,114,141,798575,13762,91,3683,16891,9,246,1185,40,6,34,,,,,,,,51193,to Missy=2421; to Rance for a scroll=2021; to the counter of The Blade=1286; to Delano with Spiders Silk=1162; looking for a fight=622,station=31; over to Lysa Ashdown=2; over to Nyla=1; over to Ivo=1; to the counter of The Blade=1
2026-09-22_11-40,2026-09-22T11:45:10,5.08,7809,220729118,72537,9.29,70.17,4334,3473,2,470,1636,55,32,1649,0,302,905,2565,29,74,168590,2193,20,361,2477,0,18,76,9,0,9,,,,,,,,3138,to Rance for a scroll=534; looking for a fight=404; to the counter with a full pack=320; out to the woods for herbs=130; to Missy=113,to Rance for a scroll=4; to a counter=2; to Missy=2; to the counter with a full pack=1
2026-09-22_11-40,2026-09-22T11:50:10,10.08,16197,404692134,131666,8.13,175.62,8769,7395,33,476,3519,324,32,3417,0,283,2471,4838,56,111,319613,4960,30,1179,4998,1,68,766,15,1,14,,,,,,,,16481,to Rance for a scroll=1668; looking for a fight=413; to the counter with a full pack=321; out to the woods for herbs=130; to Missy=113,station=5; to Rance for a scroll=4; to a counter=2; to Missy=2; to the counter with a full pack=1
2026-09-22_11-40,2026-09-22T11:55:10,15.08,25310,661660560,212517,8.4,175.62,12916,12360,34,1404,5873,451,32,5776,0,289,3952,8308,92,126,459817,8147,44,1764,8031,1,94,1153,32,3,29,,,,,,,,30298,"to Rance for a scroll=2204; to Rance with Weaken Scroll=744; to the counter with a full pack=480; looking for a fight=416; to the square at 1455,1365=299",station=18; to Rance for a scroll=4; to the counter with a full pack=2; to a counter=2; to Missy=2
2026-09-22_11-40,2026-09-22T12:00:10,20.08,34150,909485403,292471,8.56,175.62,17651,16465,34,2602,7860,615,32,7792,0,291,5062,11303,116,143,597145,10572,60,2267,10563,3,108,1199,35,3,32,,,,,,,,44409,"to Rance for a scroll=2767; to Rance with Weaken Scroll=1289; looking for a fight=906; to the counter with a full pack=487; to the square at 1365,1275=299",station=19; to Rance for a scroll=5; to the counter with a full pack=3; to a counter=2; to Missy=2
2026-09-22_11-40,2026-09-22T12:05:10,25.08,44200,1190526885,385427,8.72,175.62,22894,21271,35,3425,9709,1631,32,10234,0,297,6923,14247,135,147,723291,16514,73,4634,15396,8,124,1411,37,3,34,,,,,,,,50639,to Rance for a scroll=3302; to Rance with Weaken Scroll=1289; looking for a fight=906; to Delano=779; to the counter with a full pack=487,station=23; to Rance for a scroll=6; to the counter with a full pack=3; to a counter=2; to Missy=2
2026-09-22_11-40,2026-09-22T12:10:10,30.08,59263,1571875839,518121,8.74,175.62,33211,26013,39,5149,11404,1798,32,11909,0,322,8938,16974,151,153,826399,37342,89,11847,24455,11,135,1512,39,5,34,,,,,,,,55307,to Rance for a scroll=4212; to Rance with Weaken Scroll=1289; looking for a fight=912; to Delano=779; to the counter with a full pack=488,station=25; to Rance for a scroll=6; to the counter with a full pack=3; to a counter=2; to Missy=2
2026-09-22_12-15,2026-09-22T12:20:28,5.08,11366,397342117,128811,11.33,300.66,3936,7430,0,4242,3451,141,32,3298,0,285,2932,4496,46,190,136581,3352,16,495,3818,2,32,41,31,1,30,,,,,,,,3473,"to the counter of The Crown=1060; to Rance for a scroll=860; to the square at 1365,1305=492; to the counter with a full pack=455; out to the woods for herbs=138","to Rance for a scroll=8; to Alim for a scroll=7; to the counter with a full pack=6; over to Fenna=1; to the square at 1365,1305=1"
2026-09-22_12-15,2026-09-22T12:25:28,10.08,21323,745151045,237164,11.12,300.66,6173,15148,2,8131,7032,210,32,6829,0,289,6543,8603,106,235,270493,5397,31,905,7726,2,61,138,58,3,55,,,,,,,,6893,out to the woods for herbs=1604; to the counter of The Crown=1060; to Rance for a scroll=967; to the counter with a full pack=636; to Missy=530,to Rance for a scroll=17; to Alim for a scroll=12; to the counter with a full pack=8; out to the woods for herbs=4; to Missy=1
2026-09-22_12-15,2026-09-22T12:30:28,15.08,33909,1194271089,377068,11.12,300.66,10267,23634,8,11446,11084,769,32,10948,0,284,9325,14307,148,265,414227,7874,49,1210,12235,3,78,165,65,3,62,,,,,,,,11957,out to the woods for herbs=3321; to Missy=1387; to the counter of The Crown=1060; to Rance for a scroll=967; to the counter with a full pack=916,to Rance for a scroll=17; to Alim for a scroll=12; to the counter with a full pack=9; out to the woods for herbs=4; to Missy=2
2026-09-22_12-15,2026-09-22T12:35:28,20.08,40696,1394049223,438486,10.77,300.66,13358,27328,10,11608,12886,1050,32,12615,0,288,9739,17586,173,282,541411,9365,65,1554,14517,3,88,166,72,5,67,,,,,,,,22493,out to the woods for herbs=3749; to Missy=1488; to the counter of The Crown=1060; to Rance for a scroll=967; to the counter with a full pack=930,to Rance for a scroll=17; to Alim for a scroll=12; to the counter with a full pack=11; out to the woods for herbs=4; to Missy=3
2026-09-22_12-15,2026-09-22T12:40:28,25.08,50208,1738761718,541406,10.78,300.66,16581,33617,10,12725,15895,1230,32,15633,0,299,10860,22754,204,305,662158,11425,78,1908,17861,3,99,171,83,6,77,,,,,,,,27912,out to the woods for herbs=5014; to Missy=1713; to Rance with Reveal Scroll=1222; to the counter of The Crown=1060; to Rance for a scroll=967,to Rance for a scroll=17; to Alim for a scroll=12; to the counter with a full pack=11; out to the woods for herbs=5; to Missy=3
2026-09-22_12-15,2026-09-22T12:45:28,30.08,60297,2128646489,662999,11,300.66,19602,40685,10,14954,19287,1557,32,18987,0,295,13337,27345,256,366,787517,13452,85,2151,21427,3,114,503,101,9,92,,,,,,,,38346,out to the woods for herbs=5609; to Missy=1810; to the counter of The Crown=1634; to the counter with a full pack=1256; to Rance with Reveal Scroll=1222,to Rance for a scroll=18; to Alim for a scroll=12; to the counter with a full pack=12; station=8; out to the woods for herbs=5
2026-09-22_12-15,2026-09-22T12:50:28,35.08,70661,2488922700,778503,11.02,300.66,23763,46888,10,16690,22220,1960,32,22029,0,298,14944,31941,284,387,885392,16131,96,2533,24956,3,122,604,109,9,100,,,,,,,,44088,out to the woods for herbs=5908; to Missy=1810; to the counter of The Crown=1788; to the counter with a full pack=1659; to Rance with Reveal Scroll=1222,to Rance for a scroll=18; to Alim for a scroll=12; to the counter with a full pack=12; station=10; out to the woods for herbs=5
2026-09-22_12-15,2026-09-22T12:55:28,40.08,80490,2852246290,896695,11.14,300.66,26963,53517,10,19140,25375,2695,32,25189,0,297,17448,36065,314,410,982810,17720,108,2690,28268,5,127,607,115,11,104,,,,,,,,52940,"out to the woods for herbs=5908; to the counter with a full pack=1860; to Missy=1810; to the counter of The Crown=1788; to the square at 1365,1275=1349",to Rance for a scroll=18; to the counter with a full pack=12; to Alim for a scroll=12; station=10; out to the woods for herbs=5
2026-09-22_12-15,2026-09-22T13:00:28,45.08,92444,3290497612,1040720,11.26,300.66,31454,60980,10,22514,28888,3773,32,28823,0,285,20901,40075,353,447,1108923,19901,125,2977,32689,5,135,824,124,13,111,,,,,,,,68829,"out to the woods for herbs=5908; to the counter of The Crown=2853; to the counter with a full pack=1869; to Missy=1810; to the square at 1365,1275=1349",to Rance for a scroll=18; to the counter with a full pack=14; to Alim for a scroll=12; station=10; out to the woods for herbs=5
2026-09-22_12-15,2026-09-22T13:05:28,50.08,103675,3691033749,1176185,11.34,300.66,35712,67953,10,25124,32249,4557,32,32235,0,278,23992,43957,394,479,1227739,21350,137,3227,36406,5,141,824,131,15,116,,,,,,,,76307,"out to the woods for herbs=5908; to the counter of The Crown=2882; to the counter with a full pack=2455; to the square at 1365,1305=1902; to Missy=1810",to Rance for a scroll=18; to the counter with a full pack=15; to Alim for a scroll=12; station=10; out to the woods for herbs=5
2026-09-22_12-15,2026-09-22T13:10:29,55.1,113041,3971084272,1269672,11.23,300.66,40468,72561,12,25851,34446,6017,32,34520,0,276,25942,46614,446,517,1349272,22468,145,3510,39060,5,149,839,137,16,121,,,,,,,,82217,out to the woods for herbs=5908; to the counter of The Crown=2882; to the counter with a full pack=2708; to a tree=2213; to Rance for a scroll=1978,to Rance for a scroll=19; to the counter with a full pack=18; to Alim for a scroll=13; station=10; out to the woods for herbs=5
2026-09-22_12-15,2026-09-22T13:15:29,60.1,121767,4187742522,1339475,11,300.66,45464,76287,16,26061,36281,6837,32,36343,0,281,26943,49339,475,538,1461679,23769,149,3790,41282,7,156,839,140,17,123,,,,,,,,86890,out to the woods for herbs=5908; to the counter with a full pack=3257; to the counter of The Crown=2882; to a tree=2575; to Rance for a scroll=2222,to Rance for a scroll=20; to the counter with a full pack=19; to Alim for a scroll=13; station=10; out to the woods for herbs=5
2026-09-22_12-15,2026-09-22T13:20:29,65.1,128755,4371065228,1400893,10.88,300.66,49314,79425,16,26581,37847,7277,32,37903,0,283,27614,51806,478,540,1544550,24733,155,3926,43068,8,157,839,140,17,123,,,,,,,,90711,out to the woods for herbs=5908; to the counter with a full pack=3257; to Rance for a scroll=3167; to the counter of The Crown=2882; to a tree=2575,to Rance for a scroll=20; to the counter with a full pack=19; to Alim for a scroll=13; station=10; out to the woods for herbs=5
2026-09-22_13-25,2026-09-22T13:30:36,5.08,7279,223005904,73314,10.07,181.27,3217,4044,18,294,1909,109,32,1985,0,384,481,3532,16,26,146276,1537,17,369,2411,0,24,3,4,0,4,,,,,,,,1897,"to the counter with a full pack=794; to Abigail=312; to the square at 1425,1335=301; to Missy=294; looking for a fight=198",to the counter with a full pack=4
2026-09-22_13-25,2026-09-22T13:35:36,10.08,17768,577255294,177883,10.01,181.27,5402,12346,20,370,6047,149,32,6134,0,437,588,11727,26,33,285081,3128,34,566,6924,3,28,3,4,0,4,,,,,,,,8773,"to the counter with a full pack=2493; to Rance for a scroll=1190; to Abigail=1151; to Missy=673; to the square at 1425,1335=301",to the counter with a full pack=4; over to Marek=1
2026-09-22_13-25,2026-09-22T13:40:36,15.08,28512,941169964,288585,10.12,181.27,7672,20820,20,949,10250,160,32,10338,0,431,1419,19370,44,63,444528,3943,43,766,11335,4,31,45,4,0,4,,,,,,,,18490,to the counter with a full pack=5231; to Rance for a scroll=2130; to Abigail=1151; to Missy=673; looking for a fight=602,to the counter with a full pack=4; over to Marek=1; over to Garrow=1
2026-09-22_13-25,2026-09-22T13:45:36,20.08,36554,1142273461,353039,9.66,181.27,10388,26127,39,1055,12710,1303,32,13112,0,416,2843,23164,74,75,603695,5569,56,1349,14839,4,59,512,9,0,9,,,,,,,,26320,to the counter with a full pack=6721; to Rance for a scroll=2192; to Abigail=1151; looking for a fight=804; to Missy=673,to the counter with a full pack=6; to Rance for a scroll=2; over to Marek=1; over to Garrow=1; to Missy with Feather=1
2026-09-22_13-25,2026-09-22T13:50:36,25.08,44025,1277622585,396788,9.01,181.27,14212,29743,70,1082,14437,1493,32,14944,0,422,3121,26488,103,85,742847,7338,71,1745,17131,4,107,528,15,0,15,,,,,,,,29655,to the counter with a full pack=6949; to Rance for a scroll=2382; looking for a fight=1281; to Abigail=1151; to Missy=673,to the counter with a full pack=7; to Rance for a scroll=3; over to Marek=1; over to Garrow=1; to Missy with Feather=1
2026-09-22_13-25,2026-09-22T13:55:36,30.08,53668,1544613365,479462,8.93,300.02,17684,35899,85,1567,17489,1537,32,18003,0,430,3702,32044,112,90,882171,9658,86,2431,21101,4,128,531,18,1,17,,,,,,,,36960,to the counter with a full pack=6949; to Rance for a scroll=2382; looking for a fight=1629; to Alim for a scroll=1480; to Misty with Thigh Boots=1160,to the counter with a full pack=7; to Rance for a scroll=3; over to Marek=1; over to Garrow=1; to Missy with Feather=1
2026-09-22_13-25,2026-09-22T14:00:36,35.08,62913,1842598622,572689,9.1,300.02,20709,41939,265,2183,20470,1639,32,20995,0,430,4454,37278,131,104,989022,11256,101,2902,24614,6,315,549,22,1,21,,,,,,,,48022,to the counter with a full pack=6974; to Misty with Thigh Boots=2472; to Alim for a scroll=2425; to Rance for a scroll=2382; looking for a fight=1948,to the counter with a full pack=9; to Rance for a scroll=3; to Athena with Thigh Boots=2; over to Marek=1; over to Garrow=1
2026-09-22_14-02,2026-09-22T14:07:57,5.08,7852,273988985,89143,11.35,63.08,1355,6486,11,1556,3169,26,32,3152,0,347,1446,5040,22,82,146317,1265,12,203,3357,3,17,3,4,0,4,,,,,,,,6860,"to the counter with a full pack=2216; looking for a fight=557; to the square at 1365,1275=299; to Rance for a scroll=51; up to the rock=12",to the counter with a full pack=3; up to the rock=1; over to Brannoc=1; over to Kerrin Ashdown=1; to Rance for a scroll=1
2026-09-22_14-02,2026-09-22T14:12:57,10.08,17486,531507425,171516,9.81,63.08,5660,11753,73,2094,5771,171,32,5764,0,334,2275,9469,42,111,302550,2070,26,421,6211,4,81,8,4,0,4,,,,,,,,25262,"to the counter with a full pack=2509; looking for a fight=1465; to Rance for a scroll=1375; to the square at 1365,1275=299; up to the rock=61",to the counter with a full pack=3; up to the rock=1; over to Brannoc=1; over to Kerrin Ashdown=1; to Rance for a scroll=1
2026-09-22_14-02,2026-09-22T14:17:57,15.08,23044,675885539,220646,9.58,300.02,7846,15041,157,2098,7372,256,32,7392,0,356,2617,12408,68,119,460727,3045,41,671,8181,4,176,8,5,0,5,,,,,,,,43170,"to the counter with a full pack=3068; looking for a fight=1667; to Rance for a scroll=1579; to where the work is=300; to the square at 1365,1275=299",to the counter with a full pack=3; to Rance for a scroll=2; up to the rock=1; over to Brannoc=1; over to Kerrin Ashdown=1
2026-09-22_14-02,2026-09-22T14:22:57,20.08,30746,884444518,287982,9.37,300.03,10536,20015,195,2386,9800,352,32,9859,0,371,3049,16940,96,126,612274,4927,54,984,11043,4,234,8,5,0,5,,,,,,,,53909,to the counter with a full pack=4305; to Rance for a scroll=1985; looking for a fight=1822; to Delano with Lesser Poison Potion=599; to where the work is=300,to the counter with a full pack=3; to Rance for a scroll=2; up to the rock=1; over to Brannoc=1; over to Kerrin Ashdown=1
2026-09-22_14-02,2026-09-22T14:27:57,25.08,38644,1111813153,361828,9.36,300.03,13240,25204,200,2577,12365,427,32,12410,0,376,3567,21606,124,135,759615,6172,73,1232,13900,5,258,17,6,0,6,,,,,,,,64822,to the counter with a full pack=5544; to Rance for a scroll=2883; looking for a fight=2113; to Delano with Lesser Poison Potion=679; to where the work is=300,to the counter with a full pack=3; to Rance for a scroll=2; up to the rock=1; over to Brannoc=1; over to Kerrin Ashdown=1
2026-09-22_14-02,2026-09-22T14:32:57,30.08,48814,1367110117,443993,9.1,300.03,17350,31237,227,2687,15360,685,32,15441,0,383,3994,27208,152,142,897047,7920,84,1686,17337,7,296,39,6,0,6,,,,,,,,73150,to the counter with a full pack=6782; to Rance for a scroll=3924; looking for a fight=2178; to Delano with Lesser Poison Potion=679; to Missy with Bolt=512,to the counter with a full pack=3; to Rance for a scroll=2; up to the rock=1; over to Brannoc=1; over to Kerrin Ashdown=1
2026-09-22_14-02,2026-09-22T14:37:57,35.08,57299,1645193839,534934,9.34,300.03,19372,37694,233,3596,18533,940,32,18644,0,382,5185,32457,165,155,996632,8804,99,1887,20800,7,305,47,6,0,6,,,,,,,,77051,to the counter with a full pack=8291; to Rance for a scroll=4021; looking for a fight=2673; to Missy with Bolt=1464; to Delano with Lesser Poison Potion=679,to the counter with a full pack=3; to Rance for a scroll=2; up to the rock=1; over to Brannoc=1; over to Kerrin Ashdown=1
2026-09-22_14-02,2026-09-22T14:42:57,40.08,66024,1916205481,620190,9.39,300.03,21927,43864,233,3833,21620,968,32,21709,0,388,5530,38281,178,162,1108361,9668,114,2117,24104,7,311,48,6,0,6,,,,,,,,83145,to the counter with a full pack=10013; to Rance for a scroll=4021; looking for a fight=2874; to Missy with Bolt=2588; to Delano with Lesser Poison Potion=679,to the counter with a full pack=3; to Rance for a scroll=2; up to the rock=1; over to Brannoc=1; over to Kerrin Ashdown=1
2026-09-22_14-02,2026-09-22T14:47:57,45.08,74519,2139976260,691041,9.27,300.03,25563,48611,345,3993,23996,1106,32,24119,0,386,5846,42622,191,166,1260921,11378,135,2524,27032,14,408,52,6,0,6,,,,,,,,91459,to the counter with a full pack=10558; to Missy with Bolt=4025; to Rance for a scroll=4021; looking for a fight=3174; to Delano with Lesser Poison Potion=679,to the counter with a full pack=3; to Rance for a scroll=2; up to the rock=1; over to Brannoc=1; over to Kerrin Ashdown=1
2026-09-22_14-02,2026-09-22T14:52:57,50.08,83811,2411601369,787085,9.39,300.03,29560,53612,639,4413,26509,2259,32,26578,0,377,7182,46286,200,169,1395619,15108,143,2878,29987,19,700,52,6,0,6,,,,,,,,101715,to the counter with a full pack=10558; to Missy with Bolt=5071; to Rance for a scroll=4786; looking for a fight=3273; to Delano with Lesser Poison Potion=679,to the counter with a full pack=3; to Rance for a scroll=2; up to the rock=1; over to Elspeth=1; over to Delwyn=1
2026-09-22_14-02,2026-09-22T14:57:57,55.08,90903,2626396352,852360,9.38,300.03,32548,57709,646,4458,28611,2309,32,28615,0,377,7260,50305,215,177,1545643,18257,150,3212,32347,24,716,65,13,0,13,,,,,,,,108494,to the counter with a full pack=10915; to Missy with Bolt=5672; to Rance for a scroll=5392; looking for a fight=3372; to Delano with Lesser Poison Potion=679,to the counter with a full pack=6; to Rance for a scroll=4; up to the rock=1; over to Yarrow=1; to Iman with Raw Lamb Leg=1
2026-09-22_14-02,2026-09-22T15:02:57,60.08,95430,2760650964,898844,9.42,300.03,35111,59673,646,4747,29533,2349,32,29570,0,371,8190,51339,229,199,1696339,19541,158,3517,33590,25,722,193,20,1,19,,,,,,,,111582,to the counter with a full pack=10974; to Missy with Bolt=5672; to Rance for a scroll=5519; looking for a fight=3852; to Delano with Lesser Poison Potion=679,to the counter with a full pack=7; station=4; to Rance for a scroll=4; to Alim for a scroll=1; to Edda Ashdown=1
2026-09-22_14-02,2026-09-22T15:07:57,65.08,100532,3000505419,974841,9.7,300.03,36406,63469,657,4869,31403,2477,32,31446,0,368,8520,54804,240,203,1802747,21802,171,3713,35664,25,740,209,21,1,20,,,,,,,,113659,to the counter with a full pack=10974; to Rance for a scroll=6213; to Missy with Bolt=5672; looking for a fight=3976; to Abra with Leather Cap=746,to the counter with a full pack=7; station=5; to Rance for a scroll=4; to Alim for a scroll=1; to Edda Ashdown=1
2026-09-22_15-10,2026-09-22T15:16:03,5.07,6975,230848338,81926,11.75,300.28,2491,4471,13,264,2170,715,32,2204,0,315,866,3605,21,58,131476,2738,21,310,2513,2,22,6,3,0,3,,,,,,,,5894,to Rance for a scroll=762; after reagents=299; to the counter with a full pack=289; to a counter=199; out to the woods for herbs=95,to Aric=1; to Rance for a scroll=1; looking for a fight=1; to Alim for a scroll=1; up to the rock=1
2026-09-22_15-10,2026-09-22T15:21:03,10.07,12300,395381692,135528,11.02,300.28,5335,6944,21,448,3352,840,32,3420,0,324,1263,5681,43,81,287634,4189,39,644,4164,3,46,18,9,0,9,,,,,,,,14255,to Rance for a scroll=768; out to the woods for herbs=702; to the counter with a full pack=700; after reagents=299; to a counter=199,to Rance for a scroll=3; to Alim for a scroll=2; to the counter with a full pack=2; to Aric=1; looking for a fight=1
2026-09-22_15-10,2026-09-22T15:26:03,15.07,19485,629199508,213430,10.95,300.28,8374,11082,29,573,5404,1269,32,5488,0,297,2059,9023,67,91,447260,5822,53,951,6624,4,67,18,12,0,12,,,,,,,,19773,to the counter with a full pack=1663; out to the woods for herbs=1039; to Rance for a scroll=768; looking for a fight=415; to a counter=399,to Rance for a scroll=3; to Alim for a scroll=2; to the counter with a full pack=2; out to the woods for herbs=2; to Aric=1
2026-09-22_15-10,2026-09-22T15:31:04,20.08,26248,902644437,302465,11.52,300.28,10685,15533,30,974,7542,2457,32,7717,0,267,3646,11887,92,116,589154,7377,70,1323,9314,6,79,435,12,0,12,,,,,,,,26473,to the counter with a full pack=2159; out to the woods for herbs=1339; to Rance for a scroll=768; looking for a fight=716; to a tree=501,to Rance for a scroll=3; to Alim for a scroll=2; to the counter with a full pack=2; out to the woods for herbs=2; taking my place in the ranks=2
2026-09-22_15-10,2026-09-22T15:36:04,25.08,33009,1080727466,358471,10.86,300.28,13968,19007,34,974,9199,2604,32,9483,0,288,3849,15158,103,117,742108,9679,82,1670,11495,6,92,456,12,0,12,,,,,,,,35797,to the counter with a full pack=2159; out to the woods for herbs=1339; to Delano with Nightshade=1097; to Rance for a scroll=768; looking for a fight=723,to Rance for a scroll=3; to Alim for a scroll=2; to the counter with a full pack=2; out to the woods for herbs=2; taking my place in the ranks=2
2026-09-22_15-10,2026-09-22T15:41:04,30.08,38596,1293074300,424018,10.99,300.28,15488,23073,35,1001,11228,2654,32,11496,0,298,4057,19016,119,118,898260,12257,101,1866,13694,6,107,456,12,0,12,,,,,,,,40662,to the counter with a full pack=2159; to Delano with Ginseng=1594; to Delano with Nightshade=1479; out to the woods for herbs=1339; looking for a fight=828,to Rance for a scroll=3; to Alim for a scroll=2; to the counter with a full pack=2; out to the woods for herbs=2; taking my place in the ranks=2
2026-09-22_15-10,2026-09-22T15:46:04,35.08,43831,1487214908,482733,11.01,300.28,16738,27055,38,1002,13205,2767,32,13510,0,302,4187,22868,129,120,1002078,15391,123,2134,16106,7,119,456,12,0,12,,,,,,,,43562,to Delano with Ginseng=2555; to the counter with a full pack=2173; to Delano with Nightshade=1479; to Aislinn with Club=1457; out to the woods for herbs=1339,to Rance for a scroll=3; to the counter with a full pack=3; to Alim for a scroll=2; out to the woods for herbs=2; taking my place in the ranks=2
2026-09-22_15-48,2026-09-22T15:53:25,5.07,8318,248402227,80580,9.69,68.87,3864,4336,118,229,2166,402,32,2064,0,240,772,3556,18,35,140693,2082,18,502,3035,2,124,19,0,0,0,,,,,,,,6353,to Phyllis for Cloth=1352; looking for a fight=300; out to the woods for herbs=202; taking my place in the ranks=150; to a tree=46,over to Isolde=1; to Gerda=1
2026-09-22_15-48,2026-09-22T15:58:25,10.07,13723,415310904,132072,9.62,68.87,6002,7589,132,232,3724,572,32,3656,0,248,931,6584,41,53,290546,3390,34,882,5017,3,155,26,6,0,6,,,,,,,,15632,to Phyllis for Cloth=1352; to the counter of The Blade=563; out to the woods for herbs=500; to the counter with a full pack=366; to a counter=313,to the counter with a full pack=3; to Gerda=2; to a counter=2; over to Isolde=1; out to the woods for herbs=1
2026-09-22_15-48,2026-09-22T16:03:25,15.07,16885,466630476,149468,8.85,68.87,8507,8246,132,232,4038,644,32,3981,0,258,1030,7142,56,56,421187,4068,47,1085,5539,3,167,27,6,0,6,,,,,,,,17570,to Phyllis for Cloth=1352; to the counter of The Blade=563; to the counter with a full pack=519; out to the woods for herbs=500; looking for a fight=409,to the counter with a full pack=3; to Gerda=2; to a counter=2; over to Isolde=1; out to the woods for herbs=1
2026-09-22_15-48,2026-09-22T16:08:25,20.07,23558,652469478,208197,8.84,87.76,11843,11567,148,258,5647,786,32,5645,0,267,1429,10064,77,62,575858,5520,61,1435,7550,4,200,28,10,0,10,,,,,,,,20499,to Phyllis for Cloth=1352; looking for a fight=680; to Gorman with Club=601; to the counter of The Blade=563; to Aislinn with Club=532,to the counter with a full pack=3; to Gerda=2; to a counter=2; to Rance for a scroll=2; over to Isolde=1
2026-09-22_15-48,2026-09-22T16:13:25,25.07,27687,723867617,232165,8.39,87.76,14905,12634,148,258,6166,842,32,6162,0,269,1630,10930,92,64,707182,6052,74,1614,8238,5,214,30,10,0,10,,,,,,,,23285,to Phyllis for Cloth=1352; to Gorman with Club=984; looking for a fight=786; to the counter of The Blade=563; to Aislinn with Club=532,to the counter with a full pack=3; to Gerda=2; to a counter=2; to Rance for a scroll=2; over to Isolde=1
2026-09-22_15-48,2026-09-22T16:18:25,30.07,30537,788508864,256278,8.39,87.76,17066,13323,148,258,6506,880,32,6491,0,266,1909,11338,101,74,838617,6763,88,1812,8769,7,220,33,10,0,10,,,,,,,,27334,to Phyllis for Cloth=1352; looking for a fight=987; to Gorman with Club=984; to the counter of The Blade=563; to Aislinn with Club=532,to the counter with a full pack=3; to Gerda=2; to a counter=2; to Rance for a scroll=2; over to Isolde=1
2026-09-22_15-48,2026-09-22T16:23:26,35.08,35722,911308986,296008,8.29,214.63,19875,15695,152,258,7673,955,32,7676,0,279,2089,13498,114,76,930268,7781,107,1995,10493,8,232,37,10,0,10,,,,,,,,30595,to Phyllis for Cloth=1352; to Rance for a scroll=1296; looking for a fight=1095; to Gorman with Club=984; to the counter of The Blade=563,to the counter with a full pack=3; to Gerda=2; to a counter=2; to Rance for a scroll=2; over to Isolde=1
2026-09-22_15-48,2026-09-22T16:28:26,40.08,41469,1033451672,334554,8.07,214.63,23214,18099,156,258,8855,1063,32,8881,0,292,2196,15749,130,77,1044810,8816,123,2241,12191,9,249,43,10,0,10,,,,,,,,35377,to Rance for a scroll=2418; to Phyllis for Cloth=1352; looking for a fight=1110; to Gorman with Club=984; to the counter of The Blade=563,to Gerda=3; to the counter with a full pack=3; to a counter=2; to Rance for a scroll=2; over to Isolde=1
2026-09-22_15-48,2026-09-22T16:33:26,45.08,46869,1186529033,383690,8.19,214.63,25966,20734,169,273,10159,1135,32,10184,0,299,2498,18082,148,83,1181601,9487,134,2407,13676,10,276,47,10,0,10,,,,,,,,39354,to Rance for a scroll=2986; to Phyllis for Cloth=1352; looking for a fight=1315; to Gorman with Club=984; to the counter of The Blade=563,to Gerda=3; to the counter with a full pack=3; to a counter=2; to Rance for a scroll=2; over to Isolde=1
2026-09-22_15-48,2026-09-22T16:38:26,50.08,54695,1433669849,462543,8.46,214.63,28840,25685,170,485,12602,1429,32,12600,0,291,4493,21038,186,111,1333582,10670,149,2663,16618,12,298,885,25,3,22,,,,,,,,43344,to Rance for a scroll=2986; to Delano with Lesser Poison Potion=1925; looking for a fight=1424; to Phyllis for Cloth=1352; to Gorman with Club=984,station=12; to Gerda=4; to the counter with a full pack=3; to a counter=2; to Rance for a scroll=2
2026-09-22_15-48,2026-09-22T16:43:26,55.08,60835,1633294785,526123,8.65,214.63,31280,29383,172,870,14445,1499,32,14397,0,295,5206,24021,203,114,1504932,11907,168,2912,19101,14,313,886,25,3,22,,,,,,,,49983,to Delano with Lesser Poison Potion=3300; to Rance for a scroll=2986; looking for a fight=1813; to Phyllis for Cloth=1352; to Gorman with Club=984,station=12; to Gerda=6; to the counter with a full pack=3; to a counter=2; to Rance for a scroll=2
2026-09-22_15-48,2026-09-22T16:48:26,60.08,67832,1859795258,599634,8.84,214.63,34091,33542,199,1797,16443,1824,32,16472,0,296,6183,27149,218,120,1652549,12981,185,3277,21544,14,344,888,25,3,22,,,,,,,,56337,to Delano with Lesser Poison Potion=4544; to Rance for a scroll=2986; looking for a fight=2141; to Phyllis for Cloth=1352; to Gorman with Club=984,station=12; to Gerda=6; to the counter with a full pack=3; to a counter=2; to Rance for a scroll=2
2026-09-22_15-48,2026-09-22T16:53:26,65.08,72716,1997342758,643659,8.85,214.63,36577,35939,200,1819,17650,1859,32,17659,0,299,6455,29274,225,120,1748687,13833,200,3429,22958,15,351,890,25,3,22,,,,,,,,59278,to Delano with Lesser Poison Potion=5511; to Rance for a scroll=2986; looking for a fight=2335; to Phyllis for Cloth=1352; to Gorman with Club=984,station=12; to Gerda=7; to the counter with a full pack=3; to a counter=2; to Rance for a scroll=2
2026-09-22_16-56,2026-09-22T17:01:22,5.1,8222,301701741,97330,11.84,300.07,1959,6260,3,765,2166,1864,32,2147,0,214,2433,3826,17,36,130108,5609,19,2089,4301,1,14,1,5,0,5,,,,,,,,2271,"to Rance for a scroll=1030; out to the woods for herbs=567; to the square at 1365,1275=299; to Missy=113; looking for a fight=102",to Rance for a scroll=2; out to the woods for herbs=2; to Gerda=1; to Missy=1
2026-09-22_16-56,2026-09-22T17:06:22,10.1,14198,511237776,168090,11.84,300.07,4276,9919,3,883,3905,2665,32,3850,0,214,3566,6350,48,68,264867,6639,34,2460,6341,2,38,141,13,2,11,,,,,,,,8943,"to Rance for a scroll=1030; out to the woods for herbs=806; to the counter with a full pack=797; looking for a fight=313; to the square at 1365,1275=299",station=6; to Rance for a scroll=2; out to the woods for herbs=2; to Gerda=1; to Missy=1
2026-09-22_16-56,2026-09-22T17:11:22,15.1,18618,663066781,218173,11.72,300.07,6621,11983,14,1269,4848,2987,32,4831,0,210,4099,7773,69,74,415019,7874,48,2860,7826,2,63,174,13,2,11,,,,,,,,19094,"to the counter with a full pack=1097; to Rance for a scroll=1030; out to the woods for herbs=806; to the square at 1365,1275=600; looking for a fight=526",station=6; to Rance for a scroll=2; out to the woods for herbs=2; to Gerda=1; to Missy=1
2026-09-22_16-56,2026-09-22T17:16:22,20.1,23426,727428419,241146,10.29,300.07,9850,13556,20,1269,5528,3934,32,5340,0,208,4969,8348,87,77,562778,11215,76,4276,9914,5,85,177,13,2,11,,,,,,,,38113,"to the counter with a full pack=1380; to Rance for a scroll=1030; out to the woods for herbs=806; to the square at 1365,1275=600; looking for a fight=538",station=6; to Rance for a scroll=2; out to the woods for herbs=2; to Gerda=1; to Missy=1
2026-09-22_16-56,2026-09-22T17:21:22,25.1,29805,921983216,306945,10.3,300.07,13459,16320,26,1324,6855,4635,32,6420,0,196,5740,10328,125,82,710123,13988,88,5368,12394,6,125,177,13,2,11,,,,,,,,45379,to the counter with a full pack=1380; to Rance for a scroll=1030; to where they are kept=887; out to the woods for herbs=806; looking for a fight=637,station=6; to Rance for a scroll=2; out to the woods for herbs=2; to Gerda=1; to Missy=1
2026-09-22_16-56,2026-09-22T17:26:22,30.1,32886,1066797793,352987,10.73,300.07,14702,18158,26,1353,7726,4697,32,7300,0,202,6392,11513,151,90,834745,14802,100,5527,13421,7,143,177,16,2,14,,,,,,,,47575,to the counter with a full pack=1380; looking for a fight=1149; to Rance for a scroll=1123; to where they are kept=897; out to the woods for herbs=806,station=6; to Rance for a scroll=3; out to the woods for herbs=2; to Gerda=1; to Missy=1
2026-09-22_16-56,2026-09-22T17:31:22,35.1,35703,1149174397,379824,10.64,300.07,16231,19446,26,1536,8366,4759,32,7921,0,205,6803,12389,171,94,934974,15580,120,5708,14218,8,158,177,16,2,14,,,,,,,,49145,to the counter with a full pack=1380; looking for a fight=1374; to Rance for a scroll=1123; to where they are kept=897; out to the woods for herbs=806,station=6; to Rance for a scroll=3; out to the woods for herbs=2; to Gerda=1; to Missy=1
2026-09-22_16-56,2026-09-22T17:36:22,40.1,41044,1351564887,444473,10.83,300.07,18170,22840,34,2706,9990,4852,32,9570,0,210,8051,14503,202,106,1038345,16936,136,5940,16156,9,186,177,20,2,18,,,,,,,,53214,"looking for a fight=1790; to the counter with a full pack=1468; to Rance for a scroll=1123; to the square at 1365,1275=1082; to where they are kept=897",station=6; to Rance for a scroll=3; out to the woods for herbs=2; to Athena with Thigh Boots=1; to the counter with a full pack=1
2026-09-22_16-56,2026-09-22T17:41:22,45.1,47648,1606742621,521508,10.95,300.07,20381,27230,37,2810,12107,5293,32,11801,0,224,8931,17994,229,113,1160556,18385,145,6427,18883,11,206,182,21,3,18,,,,,,,,58358,"looking for a fight=2316; to Wynona with Nightshade=1514; to the counter with a full pack=1470; to Rance for a scroll=1123; to the square at 1365,1275=1082",station=6; to Rance for a scroll=3; out to the woods for herbs=2; to Delano with Nightshade=1; to Delano with Lesser Heal Potion=1
2026-09-22_16-56,2026-09-22T17:46:22,50.1,53470,1815299282,583526,10.91,300.07,22269,31163,38,2822,14055,5460,32,13751,0,241,9344,21514,265,129,1287667,19402,161,6706,21088,14,240,203,32,3,29,,,,,,,,64816,"looking for a fight=2515; to Wynona with Nightshade=2353; to the counter with a full pack=1767; to Rance for a scroll=1123; to the square at 1365,1275=1082",station=6; out to the woods for herbs=4; to Rance for a scroll=3; to the counter with a full pack=3; over to Fendrel=2
2026-09-22_16-56,2026-09-22T17:51:22,55.1,57814,1974252822,637200,11.02,300.07,24703,33068,43,3211,14963,5520,32,14669,0,239,9922,22841,283,137,1410590,20465,175,6956,22367,15,256,210,34,3,31,,,,,,,,69337,looking for a fight=2914; to Wynona with Nightshade=2353; to the counter with a full pack=1767; out to the woods for herbs=1270; to Rance for a scroll=1123,station=6; out to the woods for herbs=5; to Rance for a scroll=3; to the counter with a full pack=3; over to Fendrel=2
2026-09-22_16-56,2026-09-22T17:56:22,60.1,63062,2136232650,694944,11.02,300.07,27822,35196,44,3416,15917,7195,32,15689,0,226,11472,23419,358,187,1535605,21330,183,7183,23624,15,267,210,34,3,31,,,,,,,,74471,looking for a fight=3113; to Wynona with Nightshade=2353; to the counter with a full pack=1767; out to the woods for herbs=1270; to Rance for a scroll=1123,station=6; out to the woods for herbs=5; to Rance for a scroll=3; to the counter with a full pack=3; over to Fendrel=2
2026-09-22_16-56,2026-09-22T18:01:22,65.1,70803,2405644330,788395,11.14,300.07,31606,39153,44,3881,17697,10028,32,17580,0,213,13670,25178,468,272,1617648,23091,195,7749,26301,15,268,224,34,3,31,,,,,,,,80897,looking for a fight=3214; to Wynona with Nightshade=2353; to a tree=2127; to the counter with a full pack=1767; out to the woods for herbs=1270,station=6; out to the woods for herbs=5; to Rance for a scroll=3; to the counter with a full pack=3; over to Fendrel=2
2026-09-22_18-06,2026-09-22T18:11:36,5.08,9028,263903250,91984,10.19,300.15,4930,4087,11,1013,1962,435,32,1988,0,265,1192,2832,22,78,149884,2485,14,481,2644,8,21,23,6,0,6,,,,,,,,2300,to Rance for a scroll=720; looking for a fight=663; out to the woods for herbs=331; to a tree=148; to Faron Ashdown=22,to Rance for a scroll=3; to Faron Ashdown=2; looking for a fight=2; out to the woods for herbs=1; over to Perri Ashdown=1
2026-09-22_18-06,2026-09-22T18:16:36,10.08,17460,544160481,182349,10.44,300.15,8279,9155,26,1648,4400,835,32,4554,0,292,1843,7142,46,99,308227,5740,30,925,5626,9,54,43,10,0,10,,,,,,,,9856,to Rance for a scroll=2362; out to the woods for herbs=930; looking for a fight=714; to a tree=231; to Faron Ashdown=22,out to the woods for herbs=4; to Rance for a scroll=4; to Faron Ashdown=2; looking for a fight=2; over to Perri Ashdown=1
2026-09-22_18-06,2026-09-22T18:21:36,15.08,24356,792719934,260731,10.71,300.15,10962,13367,27,2066,6453,923,32,6612,0,309,2326,10871,83,134,457294,7551,48,1181,8010,9,84,48,16,1,15,,,,,,,,13342,"to Rance for a scroll=3897; out to the woods for herbs=930; looking for a fight=923; to the square at 1395,1275=252; to a tree=231",to Rance for a scroll=6; out to the woods for herbs=4; to Faron Ashdown=2; looking for a fight=2; station=2
2026-09-22_18-06,2026-09-22T18:26:36,20.08,31212,1111826871,367468,11.77,300.15,13082,18103,27,2534,8810,1106,32,8898,0,299,2855,15078,110,148,605386,8853,63,1524,10627,11,103,70,20,3,17,,,,,,,,16704,"to Rance for a scroll=4306; out to the woods for herbs=1199; looking for a fight=1131; to the square at 1395,1275=688; to Aislinn with Pitchfork=666",to Rance for a scroll=7; out to the woods for herbs=4; to Faron Ashdown=2; looking for a fight=2; station=2
2026-09-22_18-06,2026-09-22T18:31:36,25.08,37523,1364266165,451720,12.04,300.15,15519,21977,27,2661,10783,1318,32,10774,0,286,3386,18419,153,153,745287,9704,78,1770,12797,15,142,70,20,3,17,,,,,,,,21482,"to Rance for a scroll=4306; to Aislinn with Pitchfork=1909; out to the woods for herbs=1461; looking for a fight=1327; to the square at 1395,1275=780",to Rance for a scroll=7; out to the woods for herbs=4; to Faron Ashdown=2; looking for a fight=2; station=2
2026-09-22_18-06,2026-09-22T18:36:36,30.08,44235,1657994029,550059,12.43,300.15,17863,26340,32,3015,12975,1427,32,12914,0,276,4284,21883,182,160,889620,10700,103,1990,15353,18,168,70,21,4,17,,,,,,,,25648,"to Rance for a scroll=4306; to Aislinn with Pitchfork=3074; out to the woods for herbs=1760; looking for a fight=1746; to the square at 1395,1275=993",to Rance for a scroll=7; out to the woods for herbs=4; to Gerda=3; to Faron Ashdown=2; looking for a fight=2
2026-09-22_18-06,2026-09-22T18:41:36,35.08,50023,1940387586,645418,12.9,300.15,19521,30470,32,3468,14971,1618,32,14977,0,270,5288,25008,215,163,985572,12302,113,2194,17759,18,196,70,21,4,17,,,,,,,,29505,"to Rance for a scroll=4604; to Aislinn with Pitchfork=3874; out to the woods for herbs=2098; looking for a fight=1850; to the square at 1395,1275=1078",to Rance for a scroll=7; out to the woods for herbs=4; to Gerda=3; to Faron Ashdown=2; looking for a fight=2
2026-09-22_18-06,2026-09-22T18:46:37,40.1,55786,2232792759,743015,13.32,300.15,20856,34898,32,3828,17156,1673,32,17149,0,270,6163,28561,240,172,1100210,14386,120,2382,20228,20,214,70,26,4,22,,,,,,,,33826,"to Rance for a scroll=5475; to Aislinn with Pitchfork=4228; out to the woods for herbs=2363; looking for a fight=2150; to the square at 1395,1275=1078",to Rance for a scroll=9; out to the woods for herbs=4; to Gerda=3; to Faron Ashdown=2; looking for a fight=2
2026-09-22_18-06,2026-09-22T18:51:37,45.1,60825,2412225781,805468,13.24,300.15,23672,37119,34,3832,18237,1847,32,18293,0,270,6489,30455,259,173,1252878,15780,138,2700,22009,22,233,78,26,4,22,,,,,,,,39976,"to Rance for a scroll=5475; to Aislinn with Pitchfork=4228; out to the woods for herbs=2785; looking for a fight=2152; to the square at 1395,1275=1078",to Rance for a scroll=9; out to the woods for herbs=4; to Gerda=3; to Faron Ashdown=2; looking for a fight=2
2026-09-22_18-06,2026-09-22T18:56:37,50.1,67780,2657563540,890099,13.13,300.15,26017,41729,34,4452,20395,3042,32,20448,0,255,9192,32362,305,203,1394195,18278,163,3449,24960,22,261,1057,27,4,23,,,,,,,,44491,"to Rance for a scroll=5690; to Aislinn with Pitchfork=4228; out to the woods for herbs=3197; looking for a fight=2154; to the square at 1395,1275=1078",to Rance for a scroll=10; out to the woods for herbs=4; to Gerda=3; to Faron Ashdown=2; looking for a fight=2
2026-09-22_18-06,2026-09-22T19:01:37,55.1,74387,2938226462,983618,13.22,300.15,28316,46033,38,5180,22491,3193,32,22543,0,254,10303,35553,339,217,1530867,19775,181,3718,27399,22,285,1062,32,4,28,,,,,,,,48697,"to Rance for a scroll=5948; to Aislinn with Pitchfork=4228; out to the woods for herbs=3616; looking for a fight=2720; to the square at 1395,1275=1078",to Rance for a scroll=11; out to the woods for herbs=4; to the counter with a full pack=3; to Gerda=3; to Faron Ashdown=2
2026-09-22_18-06,2026-09-22T19:06:37,60.1,81435,3203515599,1068284,13.12,300.15,30705,50692,38,5377,24729,3297,32,24795,0,260,10983,39531,376,241,1685141,21659,190,4304,30197,23,310,1120,50,7,43,,,,,,,,54898,to Rance for a scroll=5948; to Aislinn with Pitchfork=4228; out to the woods for herbs=4094; looking for a fight=2926; to the counter with a full pack=1675,station=17; to Rance for a scroll=11; out to the woods for herbs=4; to the counter with a full pack=3; to Gerda=3
2026-09-22_18-06,2026-09-22T19:11:37,65.1,88409,3490271183,1164772,13.17,300.15,32678,55682,49,6455,27110,3548,32,27214,0,261,12668,42836,426,258,1801557,23195,202,4673,33238,24,350,1456,52,7,45,,,,,,,,59350,to Rance for a scroll=5948; to Aislinn with Pitchfork=4228; out to the woods for herbs=4094; looking for a fight=3302; to the counter with a full pack=1937,station=20; to Rance for a scroll=11; out to the woods for herbs=4; to the counter with a full pack=3; to Gerda=3
2026-09-22_18-06,2026-09-22T19:16:37,70.1,92686,3622399162,1211163,13.07,300.15,34624,58013,49,6526,28184,4184,32,28272,0,254,14507,43328,464,281,1928529,25385,221,5138,35117,29,376,2083,70,8,62,,,,,,,,64217,to Rance for a scroll=5948; to Aislinn with Pitchfork=4228; out to the woods for herbs=4094; looking for a fight=3510; to the counter with a full pack=2007,station=34; to Rance for a scroll=11; to Gerda=8; out to the woods for herbs=4; to the counter with a full pack=4
2026-09-24_01-56,2026-09-24T02:01:55,5.1,5878,256594011,89773,15.27,300.27,3011,2864,3,334,1230,299,32,1500,0,171,848,2015,19,22,113760,1428,18,504,2127,0,13,87,0,0,0,,,,,,,,2268,"out to the woods for herbs=719; to the square at 1395,1335=299; looking for a fight=108; drilling 7=6; taking my place in the ranks=2",
2026-09-24_01-56,2026-09-24T02:06:55,10.1,10323,423034033,146857,14.23,300.27,5755,4564,4,589,2063,332,32,2282,0,191,1272,3290,33,33,258883,3735,33,1250,3896,0,21,94,1,1,0,,,,,,,,8932,"out to the woods for herbs=1315; looking for a fight=300; to the square at 1395,1335=299; drilling 7=9; up to the rock=5",
2026-09-24_02-12,2026-09-24T02:17:27,5.07,5270,200881624,66241,12.57,300.09,1796,3450,24,761,1578,92,32,1599,0,236,920,2484,25,141,146281,1346,14,338,2010,2,35,1,9,0,9,,,,,,,,1755,out to the woods for herbs=903; looking for a fight=307; to Rance for a scroll=154; to Jora for ScribesPen=66; to Delano for MortarPestle=51,out to the woods for herbs=2; to Rance for a scroll=2; to the counter with a full pack=2; to Delano for MortarPestle=1; to Wynona for MortarPestle=1
2026-09-24_02-12,2026-09-24T02:22:27,10.07,8341,284322412,94309,11.31,300.09,4048,4266,27,761,1954,231,32,2023,0,209,1245,2930,39,156,288045,2594,27,615,2999,3,49,12,9,0,9,,,,,,,,8966,out to the woods for herbs=1032; looking for a fight=500; to Rance for a scroll=154; to Jora for ScribesPen=66; to Delano for MortarPestle=51,out to the woods for herbs=2; to Rance for a scroll=2; to the counter with a full pack=2; to Delano for MortarPestle=1; to Wynona for MortarPestle=1
2026-09-24_02-12,2026-09-24T02:27:27,15.07,15249,544726052,171716,11.26,300.09,5977,9242,30,1378,4372,467,32,4456,0,262,2458,6693,63,190,441694,3847,41,850,5668,4,63,183,10,1,9,,,,,,,,16001,to Rance for a scroll=1297; out to the woods for herbs=1032; looking for a fight=928; to the counter of The Ash=280; to Aislinn with Gnarled Staff=215,out to the woods for herbs=2; to Rance for a scroll=2; to the counter with a full pack=2; to Delano for MortarPestle=1; to Wynona for MortarPestle=1
2026-09-24_02-12,2026-09-24T02:32:28,20.08,20869,721645575,224455,10.76,300.09,8324,12514,31,1381,5967,576,32,6038,0,272,2745,9678,99,194,572245,5060,61,1116,7679,5,98,185,13,1,12,,,,,,,,17806,to Rance for a scroll=1403; to Sabra with Gnarled Staff=1113; looking for a fight=1037; out to the woods for herbs=1032; to the counter of The Ash=385,to Rance for a scroll=3; out to the woods for herbs=2; to the counter with a full pack=2; up to the rock=2; to Aislinn with Gnarled Staff=2
2026-09-24_02-12,2026-09-24T02:37:28,25.08,26464,936597242,289718,10.95,300.09,10181,16252,31,1498,7796,697,32,7878,0,276,3174,12987,136,199,713322,6301,79,1315,9891,5,131,185,13,1,12,,,,,,,,23396,to Sabra with Gnarled Staff=2428; to Rance for a scroll=1403; looking for a fight=1338; out to the woods for herbs=1032; to the counter of The Ash=385,to Rance for a scroll=3; out to the woods for herbs=2; to the counter with a full pack=2; up to the rock=2; to Aislinn with Gnarled Staff=2
2026-09-24_02-12,2026-09-24T02:42:28,30.08,32451,1064822363,328715,10.13,300.09,13758,18662,31,1498,8980,832,32,9094,0,281,3350,15221,161,204,857916,7516,97,1654,11538,6,155,188,18,1,17,,,,,,,,27596,to Sabra with Gnarled Staff=2432; to Rance for a scroll=1403; looking for a fight=1340; out to the woods for herbs=1032; to Aislinn with Gnarled Staff=855,to Rance for a scroll=3; to Aislinn with Gnarled Staff=3; out to the woods for herbs=2; to the counter with a full pack=2; up to the rock=2
2026-09-24_02-44,2026-09-24T02:49:06,5.08,7864,201750617,65987,8.39,300.22,3429,4397,38,187,1865,884,32,1915,0,223,1665,2732,18,72,139260,4084,14,1853,3809,0,44,347,0,0,0,,,,,,,,2388,to the counter with a full pack=1240; looking for a fight=207; taking my place in the ranks=42; drilling 10=3; looking for a line on a zombie=2,
2026-09-24_02-53,2026-09-24T02:58:06,5.08,5534,113806487,40203,7.26,300.2,3844,1665,25,140,753,249,32,808,0,187,390,1215,10,22,140176,1532,21,467,1469,3,24,11,0,0,0,,,,,,,,9954,looking for a fight=301; to the counter with a full pack=208; to a fire=150; to a tree=19; to Harlan=11,to Harlan=1; over to Vesna=1; over to Hale Ashdown=1
2026-09-24_02-53,2026-09-24T03:03:06,10.08,12356,356652476,118912,9.62,300.2,6202,6098,56,1214,2873,380,32,2958,0,240,1590,4447,44,54,287888,3057,40,726,4131,5,74,164,6,0,6,,,,,,,,15449,"to the counter with a full pack=1342; to a fire=512; looking for a fight=406; to the square at 1395,1275=299; to a tree=19",to the counter with a full pack=4; to a fire=2; to Harlan=1; over to Vesna=1; over to Hale Ashdown=1
2026-09-24_02-53,2026-09-24T03:08:06,15.08,17165,527480876,172062,10.02,300.2,8208,8891,66,1244,4267,472,32,4330,0,252,2087,6743,73,64,439920,3614,57,867,5735,7,107,200,6,0,6,,,,,,,,25110,"to the counter with a full pack=1342; to Kepa with Ribs=811; looking for a fight=710; to a fire=677; to the square at 1395,1275=299",to the counter with a full pack=4; to a fire=2; to Gerda=2; to Harlan=1; over to Vesna=1
2026-09-24_02-53,2026-09-24T03:13:06,20.08,23390,732876137,234144,10.01,300.2,10334,12990,66,1509,6239,702,32,6387,0,261,3260,9669,97,79,575350,4900,74,1194,8202,8,126,552,6,0,6,,,,,,,,28886,"to Kepa with Ribs=2251; to the counter with a full pack=1342; looking for a fight=816; to a fire=677; to the square at 1395,1275=299",to the counter with a full pack=4; to a fire=2; to Gerda=2; to Harlan=1; over to Vesna=1
2026-09-24_02-53,2026-09-24T03:18:06,25.08,28322,939890411,299197,10.56,300.2,12347,15909,66,1627,7646,835,32,7778,0,261,3782,12066,137,84,711254,5871,90,1344,10109,9,159,552,6,0,6,,,,,,,,35743,"to Kepa with Ribs=2439; to the counter with a full pack=1675; looking for a fight=1023; to a fire=977; to the square at 1395,1335=299",to the counter with a full pack=4; to a fire=2; to Gerda=2; over to Selwyn=2; to Harlan=1
2026-09-24_02-53,2026-09-24T03:23:06,30.08,33191,1136616050,365648,11.02,300.2,14532,18582,77,1692,8878,1413,32,8943,0,238,4895,13626,165,92,846271,7912,113,2179,12280,11,192,746,7,0,7,,,,,,,,42372,"to Kepa with Ribs=2439; to the counter with a full pack=1715; to a fire=1552; looking for a fight=1227; to the square at 1395,1335=299",to the counter with a full pack=4; to a fire=3; over to Leofric=2; to Gerda=2; over to Selwyn=2
2026-09-24_02-53,2026-09-24T03:28:06,35.08,35549,1211394007,395925,11.14,300.2,15628,19843,78,1695,9441,2343,32,9518,0,224,5996,13786,184,100,929616,9190,128,2731,13453,13,205,746,7,0,7,,,,,,,,47459,"to Kepa with Ribs=2439; to the counter with a full pack=1715; to a fire=1552; looking for a fight=1380; to the square at 1395,1335=299",to the counter with a full pack=4; to a fire=3; over to Leofric=2; to Gerda=2; over to Selwyn=2
2026-09-24_03-29,2026-09-24T03:34:35,5.08,3371,52929550,20270,6.01,300.12,2445,925,1,61,487,315,32,331,0,139,430,493,6,19,124655,2296,14,1000,1331,2,4,0,0,0,0,,,,,,,,4474,looking for a fight=202; taking my place in the ranks=112; drilling 5=69; to the counter of The Crown=46; over to Perri Ashdown=11,over to Perri Ashdown=1; over to Leofric=1
2026-09-24_03-29,2026-09-24T03:39:35,10.08,9259,412807479,138067,14.91,300.12,4948,4308,3,76,2079,779,32,2100,0,164,931,3375,19,20,230835,3639,22,1590,3680,2,19,4,0,0,0,,,,,,,,7702,to the counter of The Crown=1486; looking for a fight=206; drilling 5=176; taking my place in the ranks=112; over to Perri Ashdown=11,over to Perri Ashdown=1; over to Leofric=1
2026-09-24_03-29,2026-09-24T03:44:35,15.08,15230,606162645,197632,12.98,300.12,7916,7311,3,272,3527,964,32,3619,0,213,1361,5948,36,25,341406,4522,44,1893,5606,3,29,9,0,0,0,,,,,,,,10842,"to the counter of The Crown=1506; to the counter with a full pack=957; looking for a fight=309; to the square at 1455,1335=299; drilling 5=193",over to Perri Ashdown=1; over to Leofric=1; to Gerda Ashdown=1
2026-09-24_03-29,2026-09-24T03:49:35,20.08,18791,694073230,224741,11.96,300.12,9992,8795,4,309,4229,1051,32,4284,0,222,1711,7082,62,55,454800,5169,52,2089,6483,3,54,185,10,1,9,,,,,,,,14347,"to the counter of The Crown=1506; to the counter with a full pack=1425; looking for a fight=315; to the square at 1455,1335=299; drilling 5=193",station=9; over to Perri Ashdown=1; over to Leofric=1; to Gerda Ashdown=1
2026-09-24_03-29,2026-09-24T03:54:35,25.08,22806,767997780,251138,11.01,300.12,13191,9610,5,309,4484,1482,32,4697,0,212,2279,7327,79,57,568650,7454,70,2822,8227,3,70,185,10,1,9,,,,,,,,18542,"to the counter of The Crown=1506; to the counter with a full pack=1425; looking for a fight=416; to the square at 1455,1335=299; drilling 5=194",station=9; over to Perri Ashdown=1; over to Leofric=1; to Gerda Ashdown=1
2026-09-24_03-29,2026-09-24T03:59:35,30.08,29366,846367915,277245,9.44,300.12,17253,12107,6,309,5116,2880,32,6053,0,202,3714,8389,93,58,667912,12027,90,4900,11909,5,83,199,10,1,9,,,,,,,,22401,"to the counter of The Crown=1506; to the counter with a full pack=1425; to Rance with Fireball Scroll=492; looking for a fight=420; to the square at 1455,1335=299",station=10; over to Perri Ashdown=1; over to Leofric=1; to Gerda Ashdown=1; over to Quill Ashdown=1
2026-09-24_03-29,2026-09-24T04:04:35,35.08,32494,896582786,292749,9.01,300.12,19422,13063,9,309,5611,2933,32,6534,0,215,3783,9276,97,59,750478,12451,112,5026,12526,7,90,199,10,1,9,,,,,,,,25295,"to the counter of The Crown=1506; to the counter with a full pack=1425; to Rance with Fireball Scroll=936; looking for a fight=422; to the square at 1455,1335=299",station=10; over to Perri Ashdown=1; over to Leofric=1; to Gerda Ashdown=1; over to Quill Ashdown=1
2026-09-24_03-29,2026-09-24T04:09:35,40.08,35184,992868280,322294,9.16,300.12,20589,14582,13,312,6369,2945,32,7276,0,225,3913,10665,101,61,845135,12802,126,5145,13392,8,95,199,10,1,9,,,,,,,,29612,"to the counter of The Crown=1506; to Rance with Fireball Scroll=1468; to the counter with a full pack=1426; looking for a fight=621; to the square at 1455,1335=299",station=10; over to Perri Ashdown=1; over to Leofric=1; to Gerda Ashdown=1; over to Quill Ashdown=1
2026-09-24_03-29,2026-09-24T04:14:35,45.08,38408,1085417742,352030,9.17,300.12,22481,15914,13,315,7050,2987,32,7941,0,231,4078,11832,111,66,958236,13404,151,5275,14305,8,100,199,10,1,9,,,,,,,,35471,"to Rance with Fireball Scroll=1650; to the counter of The Crown=1506; to the counter with a full pack=1426; looking for a fight=779; to the square at 1455,1335=299",station=10; over to Perri Ashdown=1; over to Leofric=1; to Gerda Ashdown=1; over to Quill Ashdown=1
2026-09-24_04-15,2026-09-24T04:21:00,5.07,3760,87750606,30491,8.11,300.08,2270,1465,25,38,656,118,32,683,0,237,195,1270,8,47,90579,749,17,139,1132,0,29,3,0,0,0,,,,,,,,839,"out to the woods for herbs=539; looking for a fight=103; after reagents=2; to the muster at (1598, 1493)=1; after a zombie=1",
2026-09-24_04-15,2026-09-24T04:26:00,10.07,6639,166475570,55826,8.41,300.08,3795,2818,26,80,1308,143,32,1314,0,241,498,2320,15,61,198155,1226,36,274,1971,0,34,231,1,0,1,,,,,,,,5977,out to the woods for herbs=940; looking for a fight=103; up to the rock=4; after reagents=2; taking my place in the ranks=2,station=1
2026-09-24_04-15,2026-09-24T04:31:00,15.07,9814,259550572,83982,8.56,300.08,5268,4519,27,80,2168,178,32,2158,0,298,542,3977,23,64,300563,1586,52,386,2934,0,39,231,1,0,1,,,,,,,,10925,"out to the woods for herbs=1169; to the counter with a full pack=297; to the square at 1455,1395=294; looking for a fight=105; up to the rock=15",station=1
2026-09-24_04-15,2026-09-24T04:36:00,20.07,12530,308281834,101231,8.08,300.08,7427,5075,28,80,2450,296,32,2448,0,283,790,4285,33,82,393282,2097,63,557,3386,0,47,231,1,0,1,,,,,,,,14739,"out to the woods for herbs=1274; to the counter with a full pack=297; to the square at 1455,1395=294; looking for a fight=205; up to the rock=43",station=1
2026-09-24_04-15,2026-09-24T04:41:01,25.08,15544,380069641,124003,7.98,300.08,9274,6241,29,80,3070,353,32,3025,0,274,870,5371,41,83,480189,2664,82,662,4342,2,54,231,1,0,1,,,,,,,,18978,"out to the woods for herbs=1814; to the counter with a full pack=297; to the square at 1455,1395=294; looking for a fight=209; up to the rock=65",station=1; over to Merrick=1; over to Edda Ashdown=1
2026-09-24_04-15,2026-09-24T04:46:01,30.08,19800,500630181,161224,8.14,300.08,11860,7910,30,96,3893,388,32,3847,0,278,1012,6898,49,86,564770,3368,96,744,5703,3,60,269,1,0,1,,,,,,,,22068,"out to the woods for herbs=2027; to the counter with a full pack=538; to the square at 1395,1365=299; to the square at 1455,1395=294; looking for a fight=215",station=1; over to Merrick=1; over to Edda Ashdown=1; taking my place in the ranks=1
2026-09-24_04-15,2026-09-24T04:51:01,35.08,21384,550956689,179198,8.38,300.08,12905,8448,31,97,4153,410,32,4108,0,270,1223,7225,53,89,624027,3666,108,800,6026,3,61,269,1,0,1,,,,,,,,24199,"out to the woods for herbs=2027; to the counter with a full pack=538; looking for a fight=394; to the square at 1395,1365=299; to the square at 1455,1395=294",station=1; over to Merrick=1; over to Edda Ashdown=1; taking my place in the ranks=1
2026-09-24_04-15,2026-09-24T04:56:01,40.08,22594,584119996,190639,8.44,300.08,13499,9061,34,97,4412,493,32,4354,0,256,1811,7250,80,114,681644,4036,121,925,6363,3,84,503,21,0,21,,,,,,,,26418,"out to the woods for herbs=2027; to the counter with a full pack=538; looking for a fight=418; to the square at 1395,1365=299; to the square at 1455,1395=294",station=21; over to Merrick=1; over to Edda Ashdown=1; taking my place in the ranks=1
2026-09-24_05-00,2026-09-24T05:05:33,5.08,2769,40685247,15258,5.51,61.61,2278,490,1,24,238,18,32,221,0,343,78,410,7,18,77888,778,18,51,866,2,5,0,1,1,0,,,,,,,,3180,to a fire=207; over to Cassia=11; to Faron Ashdown=11; after reagents=2; looking for a line on a skeleton=1,over to Cassia=1; to Faron Ashdown=1
2026-09-24_05-00,2026-09-24T05:10:33,10.08,4545,52146293,19979,4.4,61.61,4013,530,2,24,249,42,32,234,0,323,113,415,12,18,163916,1565,31,92,1026,2,11,0,1,1,0,,,,,,,,11864,to a fire=207; over to Cassia=11; to Faron Ashdown=11; up to the rock=5; looking for a fight=3,over to Cassia=1; to Faron Ashdown=1
2026-09-24_05-00,2026-09-24T05:15:33,15.08,5381,59958590,23441,4.36,61.61,4834,545,2,24,249,43,32,234,0,326,128,415,12,18,238997,1743,46,141,1079,2,11,0,1,1,0,,,,,,,,13527,to a fire=207; over to Cassia=11; to Faron Ashdown=11; up to the rock=5; looking for a fight=3,over to Cassia=1; to Faron Ashdown=1
2026-09-24_05-00,2026-09-24T05:20:33,20.08,7382,81998474,31753,4.3,61.61,6609,771,2,24,352,54,32,341,0,257,252,516,16,19,313077,2410,58,278,1628,2,14,0,1,1,0,,,,,,,,16680,to a fire=207; looking for a fight=103; over to Cassia=11; to Faron Ashdown=11; up to the rock=8,over to Cassia=1; to Faron Ashdown=1
2026-09-24_05-00,2026-09-24T05:25:33,25.08,9128,94197294,36716,4.02,61.61,8275,850,3,24,384,68,32,375,0,242,307,539,21,21,396640,2684,64,327,1784,2,19,0,1,1,0,,,,,,,,18859,to a fire=207; looking for a fight=130; over to Cassia=11; to Faron Ashdown=11; up to the rock=9,over to Cassia=1; to Faron Ashdown=1
2026-09-24_05-00,2026-09-24T05:30:33,30.08,10473,146111630,55895,5.34,61.61,9151,1319,3,29,616,148,32,607,0,195,574,741,28,23,472025,3109,78,405,2249,3,24,0,1,1,0,,,,,,,,21838,looking for a fight=310; to a fire=209; up to the rock=30; over to Cassia=22; after Oswin=17,over to Cassia=2; to Faron Ashdown=1
2026-09-24_05-00,2026-09-24T05:35:33,35.08,11281,162682946,62490,5.54,61.61,9796,1480,5,29,691,298,32,682,0,176,735,741,30,24,527894,3362,89,448,2483,3,26,0,1,1,0,,,,,,,,24508,looking for a fight=311; to a fire=210; up to the rock=76; to a tree=25; over to Cassia=22,over to Cassia=2; to Faron Ashdown=1
2026-09-24_05-00,2026-09-24T05:40:33,40.08,12089,167600420,64677,5.35,61.61,10595,1489,5,29,715,302,32,684,0,176,743,742,31,24,580228,3570,106,506,2553,4,27,0,1,1,0,,,,,,,,26141,looking for a fight=313; to a fire=210; up to the rock=77; to a tree=25; over to Cassia=22,over to Cassia=2; to Faron Ashdown=1; over to Aric=1
2026-09-24_05-45,2026-09-24T05:50:24,5.07,1415,41391489,16239,11.48,60.4,889,523,3,98,229,31,32,234,0,164,156,367,7,31,72411,186,6,39,271,0,7,0,0,0,0,,,,,,,,2362,looking for a fight=220; after reagents=2; to a fire=1; after a zombie=1; up to the rock=1,
2026-09-24_05-45,2026-09-24T05:55:24,10.07,3517,106939328,38980,11.08,60.4,2062,1451,4,98,685,40,32,688,0,283,265,1186,11,32,155746,598,15,76,1052,0,10,2,0,0,0,,,,,,,,6473,looking for a fight=302; to a fire=301; to the counter with a full pack=68; up to the rock=3; after reagents=2,
2026-09-24_05-45,2026-09-24T06:00:24,15.07,8045,260340804,86540,10.76,60.4,3651,4370,24,98,2144,54,32,2135,0,319,303,4066,16,34,230481,1572,27,138,3337,0,21,2,0,0,0,,,,,,,,18029,to the counter with a full pack=1503; to a fire=310; looking for a fight=305; over to Vesna=9; up to the rock=3,
2026-09-24_05-45,2026-09-24T06:05:25,20.08,12861,449296121,146384,11.38,60.53,4873,7950,38,106,3910,96,32,3904,0,315,578,7345,26,39,309095,1961,36,238,5332,0,36,14,0,0,0,,,,,,,,30691,to the counter with a full pack=2940; looking for a fight=607; to a fire=312; over to Vesna=9; to Piers=6,
2026-09-24_05-45,2026-09-24T06:10:25,25.08,16551,589285151,189993,11.48,60.53,5823,10690,38,108,5261,116,32,5278,0,317,708,9955,31,42,371375,2151,41,306,6778,0,36,14,0,0,0,,,,,,,,33599,to the counter with a full pack=4191; looking for a fight=706; to a fire=312; over to Vesna=9; to Piers=6,
2026-09-24_05-45,2026-09-24T06:15:25,30.08,20013,727293833,232881,11.64,60.53,6625,13349,39,109,6588,146,32,6599,0,320,758,12563,44,58,446454,2425,51,369,8248,1,45,18,0,0,0,,,,,,,,38248,to the counter with a full pack=4800; looking for a fight=905; to Delano with Mandrake Root=492; to a fire=313; over to Ilsa Ashdown=11,over to Ilsa Ashdown=1
2026-09-24_05-45,2026-09-24T06:20:25,35.08,23680,870776582,277658,11.73,60.53,7490,16151,39,112,7971,176,32,7995,0,328,966,15157,52,60,498342,2829,59,496,9838,1,51,47,0,0,0,,,,,,,,39157,to the counter with a full pack=4800; to Delano with Mandrake Root=1737; looking for a fight=1008; to a fire=313; up to the rock=11,over to Ilsa Ashdown=1
2026-09-24_05-45,2026-09-24T06:25:25,40.08,27790,1020031368,324862,11.69,60.53,8830,18920,40,120,9326,236,32,9396,0,333,1139,17753,59,61,556715,3377,68,592,11596,1,58,48,0,0,0,,,,,,,,40919,to the counter with a full pack=4800; to Delano with Mandrake Root=2983; looking for a fight=1109; to a fire=314; up to the rock=14,over to Ilsa Ashdown=1
2026-09-24_05-45,2026-09-24T06:30:25,45.08,31916,1175714511,375163,11.75,146.22,10026,21849,41,126,10797,289,32,10829,0,336,1403,20418,64,64,631905,3829,82,694,13165,1,62,85,0,0,0,,,,,,,,43563,to the counter with a full pack=4800; to Delano with Mandrake Root=4225; looking for a fight=1294; to a fire=315; up to the rock=17,over to Ilsa Ashdown=1
2026-09-24_06-33,2026-09-24T06:38:41,5.07,2791,86609801,28925,10.36,64.72,1467,1319,5,39,618,51,32,652,0,186,341,978,10,30,60451,228,17,86,741,0,5,3,0,0,0,,,,,,,,2206,looking for a fight=303; to a fire=300; out to the woods for herbs=5; after reagents=2; after a zombie=1,
2026-09-24_06-33,2026-09-24T06:43:41,10.07,4085,94756191,32490,7.95,64.72,2732,1347,6,39,622,61,32,658,0,186,368,979,12,30,136527,477,29,138,849,0,8,3,0,0,0,,,,,,,,7298,looking for a fight=305; to a fire=300; out to the woods for herbs=5; up to the rock=3; after reagents=2,
2026-09-24_06-33,2026-09-24T06:48:41,15.07,5376,108501405,37818,7.03,64.72,4000,1370,6,39,629,65,32,662,0,187,390,980,13,30,215856,938,37,195,1186,0,9,3,0,0,0,,,,,,,,11405,looking for a fight=308; to a fire=300; out to the woods for herbs=5; up to the rock=4; after reagents=2,
2026-09-24_06-50,2026-09-24T06:55:58,5.08,3341,149002826,66601,19.93,61.66,975,2265,101,266,1108,1451,32,1108,0,65,1760,491,9,27,61380,422,9,119,1313,1,92,2,0,0,0,,,,,,,,6552,fight=682; looking for a fight=302; to a fire=74; after a zombie=28; over to Edda Ashdown=11,over to Edda Ashdown=1
2026-09-24_06-50,2026-09-24T07:00:58,10.08,8536,346853231,154648,18.12,61.66,3286,5138,112,624,2530,3251,32,2539,0,56,4177,941,13,29,121874,759,19,205,2906,1,103,5,0,0,0,,,,,,,,10091,fight=1569; to a fire=598; looking for a fight=306; after a zombie=28; over to Edda Ashdown=11,over to Edda Ashdown=1
2026-09-24_06-50,2026-09-24T07:05:58,15.08,13557,486079738,204410,15.08,61.66,6122,7323,112,636,3265,3508,32,3621,0,115,4503,2799,120,100,182807,2932,32,987,4960,6,104,156,0,0,0,,,,,,,,11802,fight=1569; to a fire=599; to the war company=543; looking for a fight=330; after a zombie=28,station=4; over to Edda Ashdown=1; to Piers=1
2026-09-24_06-50,2026-09-24T07:10:58,20.08,21069,620107773,250283,11.88,61.66,10500,10457,112,636,4169,4010,32,5245,0,168,5006,5430,230,157,231448,6475,42,2287,7941,9,105,353,0,0,0,,,,,,,,13385,fight=1569; to the war company=1182; to a fire=599; looking for a fight=330; after a zombie=28,station=5; over to Edda Ashdown=1; to Piers=1; to Hollis=1; to Cassia=1
2026-09-24_06-50,2026-09-24T07:15:58,25.08,25761,700768804,282293,10.96,61.66,14092,11557,112,663,4617,4439,32,5852,0,166,5558,5977,263,175,287494,9896,61,3602,9917,11,106,509,0,0,0,,,,,,,,13940,fight=1569; to the war company=1359; to a fire=599; looking for a fight=431; after a zombie=28,station=7; over to Edda Ashdown=1; to Piers=1; to Hollis=1; to Cassia=1
2026-09-24_07-19,2026-09-24T07:24:53,5.08,5699,132548637,58959,10.35,83.42,3506,2174,19,1,962,2157,32,1174,0,3,2117,4,12,16,56674,1961,15,776,1892,4,22,63,3,0,3,,,,,,,,1658,fight=797; after a zombie=28; to Yarrow=23; to a tree=19; to Kelda=14,fight=3; to Yarrow=2; to Aric=1; to Kelda=1
2026-09-24_07-19,2026-09-24T07:29:53,10.08,9102,219818062,96294,10.58,84.83,5564,3514,24,63,1538,3275,32,1796,0,10,3334,112,40,22,113998,3422,25,1318,2941,4,52,85,12,0,12,,,,,,,,8680,fight=1225; looking for a fight=101; after a zombie=28; to Yarrow=23; to a tree=19,fight=12; to Yarrow=2; to Aric=1; to Kelda=1
2026-09-24_07-19,2026-09-24T07:34:53,15.08,10978,310955759,128778,11.73,84.83,6413,4541,24,63,2043,3294,32,2288,0,31,3874,599,52,69,180202,3860,31,1384,3492,5,59,85,13,0,13,,,,,,,,10623,fight=1225; looking for a fight=587; after a zombie=28; to Yarrow=23; to a tree=19,fight=12; to Yarrow=2; to Aric=1; to Kelda=1; over to Yarrow=1
2026-09-24_07-19,2026-09-24T07:39:53,20.08,13217,336669204,138709,10.49,84.83,8412,4775,30,63,2147,3305,32,2397,0,37,3966,741,54,69,241544,4142,38,1436,3652,5,65,85,13,0,13,,,,,,,,13375,fight=1225; looking for a fight=688; after a zombie=28; to Yarrow=23; to a tree=19,fight=12; to Yarrow=2; to Aric=1; to Kelda=1; over to Yarrow=1
2026-09-24_07-19,2026-09-24T07:44:53,25.08,15173,372760296,152588,10.06,84.83,9999,5144,30,63,2306,3364,32,2590,0,40,4183,893,58,76,302844,4661,49,1520,4246,5,66,85,13,0,13,,,,,,,,16467,fight=1225; looking for a fight=834; after a zombie=28; to Yarrow=23; up to the rock=20,fight=12; to Yarrow=2; to Aric=1; to Kelda=1; over to Yarrow=1
2026-09-24_07-19,2026-09-24T07:49:53,30.08,16613,405273449,164576,9.91,84.83,11101,5480,32,63,2468,3365,32,2749,0,44,4365,1047,59,77,374952,4833,58,1564,4450,5,68,85,13,0,13,,,,,,,,20833,fight=1225; looking for a fight=993; after a zombie=28; to Yarrow=23; up to the rock=20,fight=12; to Yarrow=2; to Aric=1; to Kelda=1; over to Yarrow=1
2026-09-24_07-19,2026-09-24T07:54:53,35.08,17488,409451009,166434,9.52,84.83,11942,5514,32,63,2478,3389,32,2761,0,44,4393,1053,65,77,414457,5254,66,1605,4786,5,74,88,13,0,13,,,,,,,,25066,fight=1225; looking for a fight=994; after a zombie=28; up to the rock=25; to Yarrow=23,fight=12; to Yarrow=2; to Aric=1; to Kelda=1; over to Yarrow=1
2026-09-24_07-19,2026-09-24T07:59:53,40.08,19330,430808755,174675,9.04,84.83,13289,5989,52,63,2633,3647,32,3061,0,43,4548,1154,69,79,474072,6160,85,1971,5460,5,96,138,13,0,13,,,,,,,,31784,fight=1225; looking for a fight=1094; after a zombie=28; up to the rock=27; to Yarrow=23,fight=12; to Yarrow=2; to Aric=1; to Kelda=1; over to Yarrow=1
2026-09-24_08-04,2026-09-24T08:09:43,5.08,2676,110118896,40657,15.19,62.1,1625,1051,0,174,409,15,32,412,0,166,586,463,4,13,73447,1053,9,65,1282,0,2,0,0,0,0,,,,,,,,0,out to the woods for herbs=299; looking for a fight=105; up to the rock=2; to a fire=1,
2026-09-24_08-04,2026-09-24T08:14:43,10.08,4785,166198824,59004,12.33,62.1,2856,1923,6,184,848,64,32,822,0,250,754,1154,9,16,148640,1405,19,137,1864,2,8,13,0,0,0,,,,,,,,578,out to the woods for herbs=299; to Delano for glass=290; looking for a fight=207; up to the rock=13; over to Cassia=11,over to Cassia=1; to Calla Ashdown=1
2026-09-24_08-04,2026-09-24T08:19:43,15.08,7195,226012443,77278,10.74,62.1,4087,3087,21,184,1455,133,32,1403,0,297,810,2241,12,17,212753,1805,31,237,2641,3,24,19,0,0,0,,,,,,,,7507,to Delano for glass=833; out to the woods for herbs=299; looking for a fight=208; to Vance Ashdown=29; after a zombie=15,over to Cassia=1; to Calla Ashdown=1; to Vance Ashdown=1
2026-09-24_08-04,2026-09-24T08:24:43,20.08,9628,284299362,94756,9.84,62.1,5416,4191,21,184,2011,139,32,1950,0,323,825,3329,13,17,273396,1991,40,301,3256,3,25,19,0,0,0,,,,,,,,9464,to Delano for glass=1377; out to the woods for herbs=299; looking for a fight=208; to Vance Ashdown=29; after a zombie=15,over to Cassia=1; to Calla Ashdown=1; to Vance Ashdown=1
2026-09-24_08-04,2026-09-24T08:29:43,25.08,14302,440242594,144980,10.14,62.1,6974,7307,21,214,3513,698,32,3397,0,258,2853,4416,55,76,348411,3241,60,507,5504,4,51,958,25,0,25,,,,,,,,12886,to Delano for glass=1920; out to the woods for herbs=299; looking for a fight=208; to Vance Ashdown=29; up to the rock=15,station=25; over to Cassia=1; to Calla Ashdown=1; to Vance Ashdown=1; over to Vesna=1
2026-09-24_08-04,2026-09-24T08:34:43,30.08,17243,545470031,177145,10.27,62.1,7630,9592,21,214,4614,910,32,4519,0,249,3847,5706,77,86,419391,3578,66,605,6711,4,66,1408,37,0,37,,,,,,,,17762,to Delano for glass=2463; looking for a fight=309; out to the woods for herbs=299; to Vance Ashdown=29; up to the rock=16,station=37; over to Cassia=1; to Calla Ashdown=1; to Vance Ashdown=1; over to Vesna=1
2026-09-24_08-04,2026-09-24T08:39:43,35.08,19658,602023865,194096,9.87,62.1,8903,10734,21,214,5170,941,32,5084,0,263,3900,6793,87,86,462737,3698,72,640,7303,4,76,1408,37,0,37,,,,,,,,19896,to Delano for glass=3005; looking for a fight=310; out to the woods for herbs=299; to Vance Ashdown=29; up to the rock=20,station=37; over to Cassia=1; to Calla Ashdown=1; to Vance Ashdown=1; over to Vesna=1
2026-09-24_08-04,2026-09-24T08:44:43,40.08,22154,673940209,216514,9.77,62.1,10085,12048,21,214,5816,958,32,5734,0,272,4026,7981,92,88,528613,3858,86,688,8003,4,80,1408,37,0,37,,,,,,,,22144,to Delano for glass=3547; looking for a fight=409; out to the woods for herbs=299; to Vance Ashdown=29; up to the rock=22,station=37; over to Cassia=1; to Calla Ashdown=1; to Vance Ashdown=1; over to Vesna=1
2026-09-24_08-45,2026-09-24T08:50:26,5.08,4106,86586883,29506,7.19,62.16,2702,1404,0,64,686,65,32,695,0,216,144,1259,5,28,62169,1327,10,312,1366,3,2,19,0,0,0,,,,,,,,0,"to the square at 1185,1515=299; to Delano for glass=239; looking for a fight=101; to Lysa Ashdown=11; to Yarrow=11",station=1; to Lysa Ashdown=1; to Yarrow=1
2026-09-24_08-45,2026-09-24T08:55:26,10.08,8155,146743323,47890,5.87,62.16,5557,2598,0,64,1276,161,32,1288,0,284,250,2345,7,28,115077,2974,24,701,2790,3,4,55,0,0,0,,,,,,,,0,"to Delano for glass=781; to the square at 1185,1515=299; looking for a fight=103; to Lysa Ashdown=11; to Yarrow=11",station=1; to Lysa Ashdown=1; to Yarrow=1
2026-09-24_08-45,2026-09-24T09:00:26,15.08,12040,203030696,65084,5.41,62.16,8347,3693,0,64,1833,170,32,1834,0,285,259,3429,10,29,162894,3613,30,834,3582,4,6,55,0,0,0,,,,,,,,0,"to Delano for glass=1103; to the square at 1185,1515=299; to the square at 1215,1515=219; looking for a fight=106; to Lysa Ashdown=11",station=1; to Lysa Ashdown=1; to Yarrow=1; fight=1
2026-09-24_08-45,2026-09-24T09:05:26,20.08,16099,265660671,84401,5.24,62.16,11297,4802,0,64,2378,189,32,2394,0,300,283,4514,12,30,204377,4483,39,930,4717,4,7,55,0,0,0,,,,,,,,0,"to Delano for glass=1564; to the square at 1185,1515=299; to the square at 1215,1515=299; looking for a fight=109; to Lysa Ashdown=11",station=1; to Lysa Ashdown=1; to Yarrow=1; fight=1
2026-09-24_08-45,2026-09-24T09:10:26,25.08,21962,363793317,120672,5.49,62.16,15253,6709,0,64,3286,1008,32,3389,0,280,1103,5601,17,32,256627,6627,48,1721,6445,4,11,117,0,0,0,,,,,,,,373,"to Delano for glass=2107; after reagents=301; to the square at 1215,1515=299; to the square at 1185,1515=299; looking for a fight=109",station=1; to Lysa Ashdown=1; to Yarrow=1; fight=1
2026-09-24_08-45,2026-09-24T09:15:26,30.08,25580,445010565,145079,5.67,62.16,17679,7776,125,64,3827,1030,32,3921,0,276,1398,6372,18,33,306999,7446,55,1947,7197,4,120,121,0,0,0,,,,,,,,6168,"to Delano for glass=2360; after reagents=301; to the square at 1185,1515=299; to the square at 1215,1515=299; to the square at 1185,1545=263",station=1; to Lysa Ashdown=1; to Yarrow=1; fight=1
2026-09-24_08-45,2026-09-24T09:20:26,35.08,29278,552841239,177674,6.07,62.16,19968,9178,132,64,4516,1041,32,4610,0,514,1428,7744,25,40,354096,7945,64,2050,8097,4,124,128,0,0,0,,,,,,,,10072,"to Delano for glass=2360; to the corpse=375; after reagents=301; to the square at 1215,1515=299; to the square at 1215,1545=299",station=1; to Lysa Ashdown=1; to Yarrow=1; fight=1
2026-09-24_08-45,2026-09-24T09:25:26,40.08,32382,565339176,183176,5.66,150,23050,9200,132,64,4541,1049,32,4616,0,513,1448,7746,28,41,421569,8533,75,2123,8482,4,127,128,1,0,1,,,,,,,,15158,"to Delano for glass=2360; to the corpse=375; after reagents=301; to the square at 1185,1515=299; to the square at 1215,1545=299","station=1; to Lysa Ashdown=1; to Yarrow=1; fight=1; to the square at 1185,1455=1"
2026-09-24_08-45,2026-09-24T09:30:27,45.1,33529,571936411,186054,5.55,150,24158,9239,132,64,4565,1080,32,4630,0,511,1476,7757,31,42,486912,8718,85,2161,8596,5,129,128,1,0,1,,,,,,,,17286,"to Delano for glass=2360; to the corpse=375; after reagents=301; to the square at 1185,1515=299; to the square at 1215,1545=299","station=1; to Lysa Ashdown=1; to Yarrow=1; fight=1; to the square at 1185,1455=1"
2026-09-24_09-30,2026-09-24T09:35:40,5.08,2305,70524699,24032,10.43,63.47,1378,927,0,36,416,83,32,473,0,115,434,493,5,21,66719,819,12,323,792,0,3,10,0,0,0,,,,,,,,59,to the edge of town to gather=299; looking for a fight=99; after reagents=2; to a fire=1; out to the woods for herbs=1,
2026-09-24_09-30,2026-09-24T09:40:40,10.08,5373,189313280,63156,11.75,63.47,3285,2076,12,84,995,209,32,1043,0,117,840,1236,12,26,139893,1813,29,669,1682,0,17,41,0,0,0,,,,,,,,2405,"looking for a fight=302; to the square at 1335,1245=300; to the edge of town to gather=299; to a tree=39; up to the rock=3",
2026-09-24_09-30,2026-09-24T09:45:40,15.08,11250,405440718,127313,11.32,63.47,5083,6037,130,87,2950,283,32,2923,0,210,1961,4076,109,92,198709,2790,35,1069,3710,2,222,401,84,0,84,,,,,,,,4236,"to Jora for blank scrolls=683; to Rance with Magic Arrow Scroll=585; looking for a fight=401; to the square at 1335,1245=300; to the edge of town to gather=299",station=83; over to Torvin Ashdown=1; at Marek=1; over to Ulla Ashdown=1
2026-09-24_09-30,2026-09-24T09:50:40,20.08,16445,634432632,196815,11.97,68.23,5835,10479,131,155,5149,444,32,4993,0,241,3474,7003,244,153,256409,3792,49,1442,5887,2,353,1080,214,0,214,,,,,,,,5379,"to Rance with Magic Arrow Scroll=2024; to Jora for blank scrolls=683; looking for a fight=402; to the square at 1335,1245=300; to the edge of town to gather=299",station=213; over to Torvin Ashdown=1; at Marek=1; over to Ulla Ashdown=1
2026-09-24_09-54,2026-09-24T09:59:37,5.08,6363,90991234,33827,5.32,109.14,4959,1388,16,228,652,129,32,685,0,188,377,1001,8,28,62630,1269,9,459,1101,0,13,49,0,0,0,,,,,,,,31,looking for a fight=310; to where they are kept=187; to Delano for SulfurousAsh=99; after reagents=2; to Abigail=1,
2026-09-24_09-54,2026-09-24T10:04:37,10.08,11463,131033376,47847,4.17,109.14,9223,2210,30,228,1054,291,32,1139,0,214,546,1626,11,29,128877,2669,30,950,2052,3,25,104,0,0,0,,,,,,,,3071,looking for a fight=321; to Jora for blank scrolls=310; to where they are kept=187; to Delano for SulfurousAsh=99; over to Otho=12,station=1; over to Calla Ashdown=1; over to Otho=1
2026-09-24_09-54,2026-09-24T10:09:37,15.08,16405,201953381,73218,4.46,109.14,12945,3400,60,231,1630,356,32,1749,0,230,703,2603,18,50,191856,4314,36,1134,2961,8,59,112,2,0,2,,,,,,,,6071,to Jora for blank scrolls=714; looking for a fight=429; to where they are kept=222; to Delano for SulfurousAsh=99; over to Calla Ashdown=22,station=3; over to Calla Ashdown=2; over to Otho=1
2026-09-24_10-13,2026-09-24T10:18:44,5.07,7131,50954353,17109,2.4,61.7,6243,868,20,18,434,42,32,441,0,297,49,801,5,17,67972,920,7,154,930,0,10,1,1,1,0,,,,,,,,1951,to a fire=299; looking for a fight=99; over to Calla Ashdown=14; over to Corwin=13; to where they are kept=3,
2026-09-24_10-20,2026-09-24T10:25:59,5.07,5852,34463110,11223,1.92,62.61,5158,694,0,32,351,20,32,329,0,381,65,629,5,12,79742,753,3,180,507,0,4,1,0,0,0,,,,,,,,8,to Rance for a scroll=314; over to Selwyn=15; over to Yarrow=8; over to Corwin=5; to a fire=4,
2026-09-24_10-20,2026-09-24T10:30:59,10.07,13219,98143681,30306,2.29,62.61,11443,1776,0,32,973,23,32,866,0,353,183,1593,8,14,165774,1702,10,391,1277,3,5,1,0,0,0,,,,,,,,16,to Rance for a scroll=745; looking for a fight=104; over to Selwyn=43; over to Garrow=28; over to Yarrow=16,over to Garrow=1; over to Selwyn=1; over to Leofric=1
2026-09-24_10-20,2026-09-24T10:35:59,15.07,20745,152117375,46676,2.25,62.61,17891,2854,0,32,1526,35,32,1396,0,368,203,2651,11,15,249407,2626,24,580,1999,4,7,1,1,0,1,,,,,,,,34,to Rance for a scroll=1269; looking for a fight=104; over to Selwyn=62; over to Garrow=28; over to Yarrow=23,over to Selwyn=2; over to Garrow=1; over to Leofric=1; to Aislinn for Pickaxe=1
2026-09-24_10-20,2026-09-24T10:40:59,20.07,27687,197838320,60510,2.19,62.61,23878,3799,10,32,2032,76,32,1874,0,371,218,3550,14,16,325654,4015,35,847,2771,4,13,10,1,0,1,,,,,,,,300,to Rance for a scroll=1716; looking for a fight=105; over to Selwyn=94; over to Garrow=38; over to Yarrow=23,over to Selwyn=2; over to Garrow=1; over to Leofric=1; to Aislinn for Pickaxe=1
2026-09-24_10-20,2026-09-24T10:46:00,25.08,34974,275285890,85213,2.44,62.61,29849,5115,10,41,2725,78,32,2525,0,365,344,4740,17,26,408307,6231,42,1170,4187,5,15,10,3,0,3,,,,,,,,313,to Rance for a scroll=2260; looking for a fight=211; over to Selwyn=108; over to Garrow=48; over to Yarrow=23,over to Selwyn=2; looking for a fight=2; over to Garrow=1; over to Leofric=1; to Aislinn for Pickaxe=1
2026-09-24_10-20,2026-09-24T10:51:00,30.08,41560,337996957,104157,2.51,62.61,35235,6315,10,41,3359,78,32,3069,0,363,408,5876,19,28,494154,8111,52,1554,5114,6,15,10,3,0,3,,,,,,,,336,to Rance for a scroll=2335; to Athena with Thigh Boots=466; looking for a fight=263; over to Selwyn=131; over to Garrow=48,over to Selwyn=2; looking for a fight=2; over to Garrow=1; over to Leofric=1; to Aislinn for Pickaxe=1
2026-09-24_10-20,2026-09-24T10:56:00,35.08,44729,394070227,120759,2.7,62.61,37263,7456,10,41,3927,93,32,3621,0,345,447,6978,25,29,539039,8907,55,1690,5876,6,19,10,3,0,3,,,,,,,,344,"to Rance for a scroll=2335; to Athena with Thigh Boots=709; to the square at 1245,1455=299; looking for a fight=277; over to Selwyn=139",over to Selwyn=2; looking for a fight=2; over to Garrow=1; over to Leofric=1; to Aislinn for Pickaxe=1
2026-09-24_11-00,2026-09-24T11:05:25,5.07,2923,66419432,24279,8.31,61.76,1875,1048,0,16,525,16,32,513,0,106,275,773,4,31,64689,1467,11,526,1291,2,1,4,0,0,0,,,,,,,,0,"to the square at 1185,1455=299; looking for a fight=199; to Doran Ashdown=22; up to the rock=1",to Doran Ashdown=2
2026-09-24_11-00,2026-09-24T11:10:26,10.08,4250,91347139,33849,7.96,61.76,2955,1285,10,16,677,35,32,627,0,106,410,874,9,33,131648,2039,23,611,1742,5,12,4,0,0,0,,,,,,,,2659,"looking for a fight=304; to the square at 1185,1455=299; to Doran Ashdown=22; to Brannoc=22; to Gerda=11",to Doran Ashdown=2; to Brannoc=2; to Gerda=1
2026-09-24_11-00,2026-09-24T11:15:26,15.08,9315,288924224,100906,10.83,61.76,4758,4531,26,599,2153,89,32,2176,0,261,1790,2701,22,63,201509,2547,37,741,3492,6,20,774,1,0,1,,,,,,,,7223,"looking for a fight=602; to the square at 1185,1455=299; to the square at 1245,1485=299; to the corpse=95; to Doran Ashdown=22",to Doran Ashdown=2; to Brannoc=2; to Gerda=1; station=1; fight=1
2026-09-24_11-00,2026-09-24T11:20:26,20.08,12003,386292163,134262,11.19,115.76,6292,5685,26,600,2684,289,32,2789,0,601,2142,3503,27,73,282937,3498,49,1069,4427,7,21,835,3,1,2,,,,,,,,7262,"looking for a fight=713; to the corpse=439; to the square at 1185,1455=299; to the square at 1245,1485=299; to Doran Ashdown=22",to Doran Ashdown=2; to Brannoc=2; to Gerda=1; station=1; fight=1
2026-09-24_11-00,2026-09-24T11:25:26,25.08,15230,466643837,159983,10.5,115.76,7964,7240,26,615,3434,305,32,3562,0,542,2211,4989,36,92,378731,3721,58,1141,5255,7,23,845,3,1,2,,,,,,,,7830,"looking for a fight=916; to the corpse=439; to the square at 1185,1455=299; to the square at 1245,1485=299; to the counter with a full pack=297",to Doran Ashdown=2; to Brannoc=2; to Gerda=1; station=1; fight=1
2026-09-24_11-00,2026-09-24T11:30:26,30.08,17731,551208130,189052,10.66,115.76,9083,8622,26,615,4080,422,32,4249,0,484,2497,6084,51,98,474808,4059,65,1271,6060,7,30,915,3,1,2,,,,,,,,11189,"looking for a fight=1017; to the square at 1275,1515=515; to the corpse=439; to the square at 1185,1455=299; to the square at 1245,1485=299",to Doran Ashdown=2; to Brannoc=2; to Gerda=1; station=1; fight=1
2026-09-24_11-00,2026-09-24T11:35:26,35.08,21741,673615642,231421,10.64,115.76,11158,10469,114,615,4649,567,32,4976,0,429,3363,7055,81,146,520466,5715,70,1928,7419,7,59,1426,15,1,14,,,,,,,,14219,"looking for a fight=1017; to the square at 1275,1515=515; to the corpse=439; to the square at 1245,1485=299; to the square at 1185,1455=299",station=13; to Doran Ashdown=2; to Brannoc=2; to Gerda=1; fight=1
2026-09-24_11-00,2026-09-24T11:40:26,40.08,25394,814848616,281150,11.07,115.76,13075,12167,152,648,5462,652,32,5790,0,386,4247,7838,87,149,591638,6440,85,2109,8632,7,87,1807,15,1,14,,,,,,,,23547,"looking for a fight=1117; to the square at 1275,1515=515; to the corpse=439; to the square at 1185,1455=299; to the square at 1245,1485=299",station=13; to Doran Ashdown=2; to Brannoc=2; to Gerda=1; fight=1
2026-09-24_11-00,2026-09-24T11:45:26,45.08,27133,829594567,287358,10.59,115.76,14622,12321,190,648,5520,777,32,5882,0,382,4347,7838,90,149,682470,7230,101,2269,9059,7,120,1821,15,1,14,,,,,,,,33487,"looking for a fight=1119; to the square at 1275,1515=515; to the corpse=439; to the square at 1185,1455=299; to the square at 1245,1485=299",station=13; to Doran Ashdown=2; to Brannoc=2; to Gerda=1; fight=1
2026-09-24_11-47,2026-09-24T11:53:00,5.07,4134,171804912,60440,14.62,62.47,1815,2319,0,267,1061,116,32,1163,0,236,456,1863,9,27,94491,508,14,198,1362,0,3,0,0,0,0,,,,,,,,16,"looking for a fight=402; to Rance for a scroll=350; to the square at 1395,1245=299; to a fire=4; after reagents=2",
2026-09-24_11-47,2026-09-24T11:58:01,10.08,9400,373636737,124807,13.28,62.47,3745,5655,0,386,2645,203,32,2801,0,280,867,4788,16,31,171855,1543,26,360,3391,1,6,17,1,0,1,,,,,,,,174,"to Rance for a scroll=875; looking for a fight=700; to Delano for glass=538; to the square at 1395,1245=299; to the square at 1245,1485=201",to Rance for a scroll=1; station=1
2026-09-24_11-47,2026-09-24T12:03:01,15.08,14332,513261591,168842,11.78,62.47,6066,8266,0,397,3887,286,32,4144,0,286,1313,6953,22,43,239265,2340,35,519,4862,1,7,361,1,0,1,,,,,,,,1080,"to Delano for glass=1226; to Rance for a scroll=875; looking for a fight=701; to the square at 1395,1245=299; to the square at 1245,1485=201",to Rance for a scroll=1; station=1
2026-09-24_11-47,2026-09-24T12:08:01,20.08,19406,668510934,218080,11.24,62.47,8124,11282,0,408,5332,396,32,5622,0,298,1848,9433,44,82,322120,3361,49,657,6929,1,16,527,3,0,3,,,,,,,,3499,"to Delano for glass=2434; to Rance for a scroll=875; looking for a fight=701; to the square at 1395,1245=299; to the square at 1245,1485=201",station=3; to Rance for a scroll=1
2026-09-24_11-47,2026-09-24T12:13:01,25.08,23134,797723736,257520,11.13,62.47,9284,13850,0,408,6591,443,32,6882,0,314,1933,11916,61,85,406070,3576,56,725,8247,1,29,527,3,0,3,,,,,,,,6786,"to Delano for glass=3656; to Rance for a scroll=875; looking for a fight=708; to the square at 1395,1245=299; to the square at 1245,1485=201",station=3; to Rance for a scroll=1
2026-09-24_11-47,2026-09-24T12:18:01,30.08,26528,925710107,296375,11.17,62.47,10123,16405,0,408,7846,481,32,8141,0,325,2002,14401,73,85,488952,3990,61,797,9646,1,40,527,3,0,3,,,,,,,,9322,"to Delano for glass=4890; to Rance for a scroll=875; looking for a fight=714; to the square at 1395,1245=299; to the square at 1245,1485=201",station=3; to Rance for a scroll=1
2026-09-24_11-47,2026-09-24T12:23:01,35.08,31560,1156986220,370653,11.74,62.47,11385,20174,1,415,9729,512,32,10004,0,322,2138,18033,84,87,530166,4210,76,848,11588,2,50,527,3,0,3,,,,,,,,10484,"to Delano for glass=6136; to Rance for a scroll=875; looking for a fight=714; to a fire=601; to the square at 1395,1245=299",station=3; to Rance for a scroll=1; over to Aric=1
2026-09-24_11-47,2026-09-24T12:28:01,40.08,35427,1317081327,420979,11.88,62.47,12327,23075,25,422,11166,604,32,11273,0,325,2286,20784,92,89,604501,4900,89,1099,13097,2,79,527,4,0,4,,,,,,,,12781,"to Delano for glass=7340; to Rance for a scroll=875; to a fire=768; looking for a fight=715; to the square at 1395,1245=299",station=3; to Rance for a scroll=1; over to Aric=1; to a fire=1
2026-09-24_12-31,2026-09-24T12:36:24,5.08,3602,124502000,43223,12,300.23,1307,2295,0,91,1101,460,32,1128,0,288,583,1712,8,73,80498,310,12,82,1212,1,3,0,0,0,0,,,,,,,,2172,to Delano for glass=673; after a zombie=209; looking for a fight=200; over to Otho=11; after reagents=2,over to Otho=1
2026-09-24_12-31,2026-09-24T12:41:24,10.08,7908,243437500,79991,10.12,300.23,3529,4379,0,91,2139,606,32,2182,0,312,850,3529,11,74,144335,740,24,167,2546,1,4,2,0,0,0,,,,,,,,6472,to Delano for glass=1531; looking for a fight=304; after a zombie=260; over to Otho=11; after reagents=2,over to Otho=1
2026-09-24_12-31,2026-09-24T12:46:24,15.08,12646,413767961,137495,10.87,300.23,4987,7659,0,109,3785,1186,32,3814,0,319,1441,6218,15,75,215171,1377,40,217,4657,1,7,2,0,0,0,,,,,,,,8688,to Delano for glass=2874; looking for a fight=305; after reagents=283; after a zombie=260; over to Otho=11,over to Otho=1
2026-09-24_12-31,2026-09-24T12:51:24,20.08,17033,567360197,182969,10.74,300.23,6190,10843,0,109,5354,1226,32,5407,0,338,1495,9348,19,76,282211,2541,43,304,6335,1,9,2,0,0,0,,,,,,,,11732,to Delano for glass=3982; to Kepa with Ribs=447; looking for a fight=307; after reagents=283; after a zombie=260,over to Otho=1
2026-09-24_12-31,2026-09-24T12:56:24,25.08,20632,706675824,223949,10.85,300.23,6968,13664,0,109,6751,1301,32,6804,0,345,1591,12073,36,77,362462,2870,51,390,7807,1,24,2,0,0,0,,,,,,,,15388,to Delano for glass=5236; to Kepa with Ribs=447; looking for a fight=409; after reagents=283; after a zombie=260,over to Otho=1
2026-09-24_12-31,2026-09-24T13:01:24,30.08,24665,844930480,265145,10.75,300.23,8357,16306,2,109,8079,1431,32,8134,0,349,1738,14568,44,94,433714,3325,66,488,9392,2,32,8,0,0,0,,,,,,,,19076,to Delano for glass=5619; to Athena with Thigh Boots=864; to Kepa with Ribs=447; looking for a fight=411; after reagents=283,over to Otho=1; to Nyla=1
2026-09-24_12-31,2026-09-24T13:06:24,35.08,27808,956172077,297173,10.69,300.23,9176,18629,3,109,9249,1457,32,9290,0,352,1769,16860,51,94,471366,3484,77,529,10621,2,40,8,0,0,0,,,,,,,,20670,to Delano for glass=5619; to Athena with Thigh Boots=2006; to Kepa with Ribs=447; looking for a fight=412; after reagents=283,over to Otho=1; to Nyla=1
2026-09-24_12-31,2026-09-24T13:11:24,40.08,30879,1042896578,324181,10.5,300.23,10523,20348,8,109,10071,1583,32,10155,0,353,1913,18435,62,96,536263,3833,84,625,11582,2,54,8,0,0,0,,,,,,,,23359,to Delano for glass=6405; to Athena with Thigh Boots=2006; to Kepa with Ribs=447; looking for a fight=412; after reagents=284,over to Otho=1; to Nyla=1
2026-09-24_12-31,2026-09-24T13:16:24,45.08,34793,1174729423,363915,10.46,300.23,11922,22861,10,109,11339,1589,32,11407,0,358,1935,20926,62,96,622659,4358,97,695,12985,2,56,8,0,0,0,,,,,,,,26985,to Delano for glass=7651; to Athena with Thigh Boots=2006; to Kepa with Ribs=447; looking for a fight=415; after reagents=284,over to Otho=1; to Nyla=1
2026-09-24_12-31,2026-09-24T13:21:24,50.08,38577,1267539368,392239,10.17,300.23,13808,24731,38,109,12263,1659,32,12356,0,361,1973,22714,65,97,701886,5000,111,868,14172,2,86,16,0,0,0,,,,,,,,40970,to Delano for glass=8542; to Athena with Thigh Boots=2006; to Kepa with Ribs=447; looking for a fight=415; after reagents=284,over to Otho=1; to Nyla=1
2026-09-24_13-23,2026-09-24T13:29:03,5.08,5682,177192674,56675,9.97,300.46,2303,3303,76,203,1600,75,32,1634,0,342,247,3056,10,79,89614,973,14,193,1996,1,75,1,2,0,2,,,,,,,,20173,to Delano for glass=1227; looking for a fight=336; over to Selwyn=11; after reagents=2; over to Marek=2,looking for a fight=2; over to Selwyn=1
2026-09-24_13-23,2026-09-24T13:34:03,10.08,10079,255819909,81193,8.06,300.46,5138,4862,79,203,2359,175,32,2448,0,351,335,4511,13,80,160497,1680,21,420,3038,1,78,4,2,0,2,,,,,,,,39116,to Delano for glass=1953; looking for a fight=337; over to Selwyn=11; over to Kerrin=5; up to the rock=3,looking for a fight=2; over to Selwyn=1
2026-09-24_13-23,2026-09-24T13:39:03,15.08,15398,417453940,130907,8.5,300.46,7537,7782,79,253,3817,193,32,3891,0,484,391,7375,19,83,241399,2028,28,515,4598,2,82,7,2,0,2,,,,,,,,41720,to Delano for glass=3227; looking for a fight=338; to the corpse=158; over to Selwyn=11; over to Lysa=11,looking for a fight=2; over to Selwyn=1; over to Lysa=1
2026-09-24_13-23,2026-09-24T13:44:03,20.08,18995,504150803,158203,8.33,300.46,9549,9318,128,256,4567,245,32,4672,0,460,539,8742,24,84,309311,2456,40,663,5524,2,129,16,2,0,2,,,,,,,,52583,to Delano for glass=3861; looking for a fight=438; to the corpse=158; over to Lysa=11; over to Selwyn=11,looking for a fight=2; over to Selwyn=1; over to Lysa=1
2026-09-24_13-23,2026-09-24T13:49:03,25.08,24533,684836049,214589,8.75,300.46,10649,13676,208,647,6713,772,32,6682,0,392,2445,11190,71,124,376843,3451,54,957,7843,3,241,846,24,0,24,,,,,,,,74688,to Delano for glass=5116; looking for a fight=440; to the corpse=158; up to the rock=17; to Harlan=16,station=22; looking for a fight=2; over to Selwyn=1; over to Lysa=1; to Harlan=1
2026-09-24_13-23,2026-09-24T13:54:03,30.08,29012,817903695,259030,8.93,300.46,12713,16091,208,735,7909,808,32,7865,0,384,2829,13220,84,130,443453,4486,61,1082,9756,3,252,956,29,0,29,,,,,,,,84459,to Delano for glass=5136; to Delano with Lesser Cure Potion=947; looking for a fight=540; to the corpse=158; up to the rock=22,station=27; looking for a fight=2; over to Selwyn=1; over to Lysa=1; to Harlan=1
2026-09-24_13-23,2026-09-24T13:59:03,35.08,32479,939659717,295586,9.1,300.46,13630,18641,208,735,9181,857,32,9141,0,382,2874,15725,91,132,477884,4636,70,1121,11073,3,256,956,29,0,29,,,,,,,,85666,"to Delano for glass=5136; to Delano with Lesser Cure Potion=1891; looking for a fight=542; to the square at 1395,1425=300; to the corpse=158",station=27; looking for a fight=2; over to Selwyn=1; over to Lysa=1; to Harlan=1
2026-09-24_14-03,2026-09-24T14:08:51,5.08,5855,103706266,35308,6.03,300.49,3394,2461,0,28,1496,582,32,929,0,292,636,1825,6,16,88699,1556,12,655,1588,0,4,1,0,0,0,,,,,,,,7,to Delano for glass=810; taking my place in the ranks=554; looking for a fight=101; over to Fendrel=4; up to the rock=2,
2026-09-24_14-03,2026-09-24T14:13:51,10.08,11356,237897515,78779,6.94,300.49,5602,5754,0,28,3500,1362,32,2200,0,298,1447,4307,23,17,179499,3288,22,1459,3642,1,20,13,0,0,0,,,,,,,,2746,to Delano for glass=2040; taking my place in the ranks=1268; looking for a fight=102; over to Kerrin=11; up to the rock=8,over to Kerrin=1
2026-09-24_14-14,2026-09-24T14:19:59,5.08,6566,171581899,54054,8.23,300.04,3247,3306,13,260,1599,84,32,1650,0,351,245,3005,6,59,90221,795,14,246,1891,1,13,4,1,1,0,,,,,,,,1826,to Delano for glass=1245; looking for a fight=316; over to Harlan=11; to a fire=2; up to the rock=1,over to Harlan=1
2026-09-24_14-14,2026-09-24T14:24:59,10.08,11475,300959428,91728,7.99,300.04,5564,5890,21,260,2867,161,32,2965,0,366,283,5496,11,61,183240,1367,25,454,3422,1,25,8,1,1,0,,,,,,,,8395,to Delano for glass=2489; looking for a fight=321; over to Harlan=11; to a fire=2; up to the rock=2,over to Harlan=1
2026-09-24_14-14,2026-09-24T14:29:59,15.08,15929,436476025,131748,8.27,300.04,7496,8396,37,260,4089,215,32,4238,0,369,306,7940,14,62,267099,2108,35,645,4973,1,41,8,1,1,0,,,,,,,,21552,"to Delano for glass=3414; looking for a fight=322; to the square at 1425,1395=294; over to Harlan=11; up to the rock=3",over to Harlan=1
2026-09-24_14-14,2026-09-24T14:34:59,20.08,20103,566862313,169668,8.44,300.04,9007,11052,44,260,5430,366,32,5560,0,370,413,10470,20,64,339499,2944,44,950,6665,3,51,39,1,1,0,,,,,,,,38393,"to Delano for glass=4659; looking for a fight=322; to the square at 1425,1395=294; to a tree=38; over to Harlan=11",over to Harlan=1; over to Delwyn=1; to Gerda=1
2026-09-24_14-14,2026-09-24T14:39:59,25.08,24932,701434937,209130,8.39,300.04,11224,13662,46,260,6699,453,32,6887,0,373,524,12969,29,64,420159,3666,55,1111,8316,3,61,43,1,1,0,,,,,,,,40977,"to Delano for glass=5906; looking for a fight=326; to the square at 1425,1395=294; to a tree=38; up to the rock=11",over to Harlan=1; over to Delwyn=1; to Gerda=1
2026-09-24_14-14,2026-09-24T14:44:59,30.08,29220,831141259,247353,8.47,300.04,12973,16201,46,260,7981,475,32,8151,0,376,566,15466,33,64,521495,4118,68,1199,9848,3,65,43,1,1,0,,,,,,,,44746,"to Delano for glass=7154; looking for a fight=327; to the square at 1425,1395=294; to a tree=38; up to the rock=13",over to Harlan=1; over to Delwyn=1; to Gerda=1
2026-09-24_14-47,2026-09-24T14:52:11,5.07,4753,173298018,55924,11.77,300.01,1449,3303,1,99,1627,57,32,1603,0,384,176,3127,11,51,111785,1053,14,100,1991,2,5,0,1,0,1,,,,,,,,1963,to Delano for glass=951; out to the woods for herbs=624; to Gerda=11; over to Fendrel=11; to a fire=4,to Gerda=1; over to Fendrel=1; to a fire=1
2026-09-24_14-47,2026-09-24T14:57:12,10.08,9201,348902551,111033,12.07,300.01,2808,6390,3,105,3167,82,32,3145,0,367,223,6167,14,52,214729,1603,19,205,3640,2,8,0,1,0,1,,,,,,,,4682,to Delano for glass=2171; out to the woods for herbs=920; to Gerda=11; over to Fendrel=11; to a fire=4,to Gerda=1; over to Fendrel=1; to a fire=1
2026-09-24_14-47,2026-09-24T15:02:12,15.08,11989,413998043,134672,11.23,300.01,4692,7294,3,107,3616,240,32,3585,0,354,511,6783,28,56,301615,2240,25,300,4506,2,20,4,1,0,1,,,,,,,,6610,to Delano for glass=2428; out to the woods for herbs=920; looking for a fight=105; up to the rock=64; over to Fendrel=11,to Gerda=1; over to Fendrel=1; to a fire=1
2026-09-24_14-47,2026-09-24T15:07:12,20.08,13071,427711423,140256,10.73,300.01,5656,7412,3,107,3697,325,32,3635,0,349,619,6792,47,69,394236,2591,34,377,4706,4,38,4,1,0,1,,,,,,,,10397,to Delano for glass=2428; out to the woods for herbs=920; looking for a fight=109; up to the rock=82; to Gerda=22,to Gerda=2; over to Fendrel=1; to a fire=1; over to Sable Ashdown=1
2026-09-24_14-47,2026-09-24T15:12:12,25.08,15633,511264658,170167,10.89,300.01,7211,8405,17,110,4152,468,32,4153,0,320,1001,7402,68,73,480218,2937,41,515,5347,4,70,6,1,0,1,,,,,,,,12037,to Delano for glass=2428; out to the woods for herbs=920; to a fire=324; looking for a fight=114; up to the rock=93,to Gerda=2; over to Fendrel=1; to a fire=1; over to Sable Ashdown=1
2026-09-24_14-47,2026-09-24T15:17:12,30.08,17069,527296351,176909,10.36,300.01,8573,8479,17,110,4188,522,32,4192,0,318,1064,7413,72,74,569641,3354,54,629,5579,4,73,8,1,0,1,,,,,,,,15813,to Delano for glass=2428; out to the woods for herbs=920; to a fire=324; looking for a fight=115; up to the rock=103,to Gerda=2; over to Fendrel=1; to a fire=1; over to Sable Ashdown=1
2026-09-24_14-47,2026-09-24T15:22:12,35.08,19451,587082278,197245,10.14,300.01,9979,9455,17,110,4599,579,32,4660,0,294,2036,7416,100,118,618333,4053,64,782,6273,4,93,387,13,1,12,,,,,,,,16791,to Delano for glass=2428; out to the woods for herbs=920; to a fire=324; looking for a fight=115; up to the rock=107,station=11; to Gerda=2; over to Fendrel=1; to a fire=1; over to Sable Ashdown=1
2026-09-24_14-47,2026-09-24T15:27:12,40.08,20421,593052190,200009,9.79,300.01,10916,9486,19,110,4619,592,32,4667,0,294,2067,7416,103,119,676050,4360,74,836,6431,4,98,387,13,1,12,,,,,,,,19040,to Delano for glass=2428; out to the woods for herbs=920; to a fire=324; looking for a fight=116; up to the rock=108,station=11; to Gerda=2; over to Fendrel=1; to a fire=1; over to Sable Ashdown=1
2026-09-24_15-31,2026-09-24T15:36:58,5.08,1570,9341485,5802,3.7,300.49,1463,107,0,34,56,40,32,21,0,157,107,0,3,1,70648,248,7,68,133,0,3,7,0,0,0,,,,,,,,965,over to Edda Ashdown=19; to a fire=3; looking for a fight=2; after a zombie=1; looking for a line on a zombie=1,
2026-09-24_15-31,2026-09-24T15:41:58,10.08,5245,24630019,12361,2.36,300.49,4785,460,0,34,80,368,32,345,0,61,459,0,5,1,135865,1267,13,479,1012,0,5,7,0,0,0,,,,,,,,2029,over to Edda Ashdown=19; to a fire=4; up to the rock=3; out to the woods for herbs=2; looking for a fight=2,
2026-09-24_15-31,2026-09-24T15:46:58,15.08,6708,33891703,16381,2.44,300.49,6164,544,0,34,130,435,32,389,0,57,529,14,16,2,210110,1545,25,572,1147,1,15,8,0,0,0,,,,,,,,5795,over to Edda Ashdown=19; up to the rock=15; fight=11; to a fire=4; to the CopperOre=3,fight=1
2026-09-24_15-31,2026-09-24T15:51:58,20.08,8846,41600158,19900,2.25,300.49,8273,572,1,34,158,446,32,396,0,64,556,14,19,2,274288,1908,33,695,1285,1,19,10,0,0,0,,,,,,,,8190,over to Edda Ashdown=19; up to the rock=16; fight=11; to a fire=4; looking for a fight=3,fight=1
2026-09-24_15-31,2026-09-24T15:56:58,25.08,11452,54532562,25576,2.23,300.49,10713,737,2,34,223,554,32,476,0,61,709,26,47,2,345119,2456,39,829,1472,2,48,10,0,0,0,,,,,,,,10067,over to Edda Ashdown=28; up to the rock=28; over to Wynn=11; fight=11; to the CopperOre=8,fight=1; over to Wynn=1
2026-09-24_15-31,2026-09-24T16:01:58,30.08,14300,71972728,32596,2.28,300.49,13431,867,2,34,294,665,32,545,0,55,833,32,60,17,408378,3598,51,1066,2074,3,60,13,0,0,0,,,,,,,,12408,up to the rock=59; over to Edda Ashdown=28; to the CopperOre=11; fight=11; over to Wynn=11,fight=1; over to Wynn=1; to Garrow=1
2026-09-24_15-31,2026-09-24T16:06:59,35.1,17001,86150899,39289,2.31,300.49,16083,913,5,34,322,702,32,568,0,55,878,32,68,17,442888,4974,59,1224,3028,3,70,13,0,0,0,,,,,,,,13338,up to the rock=65; over to Edda Ashdown=28; over to Wynn=11; to the CopperOre=11; to Garrow=11,fight=1; over to Wynn=1; to Garrow=1
2026-09-24_15-31,2026-09-24T16:11:59,40.1,19859,96985269,44117,2.22,300.49,18840,1013,6,34,368,773,32,611,0,53,969,41,89,17,511860,5740,67,1429,3356,3,92,15,0,0,0,,,,,,,,18435,up to the rock=77; over to Edda Ashdown=28; to the CopperOre=14; over to Wynn=11; to Garrow=11,fight=1; over to Wynn=1; to Garrow=1
2026-09-24_16-14,2026-09-24T16:19:32,5.08,3365,23027909,10340,3.07,300.05,2913,435,17,29,135,157,32,250,0,204,127,206,10,37,69930,953,12,247,753,0,23,7,1,1,0,,,,,,,,2534,looking for a fight=102; up to the rock=3; after a zombie=2; to the DullCopperOre=2; fight=2,
2026-09-24_16-14,2026-09-24T16:24:32,10.08,6501,69273142,28409,4.37,300.05,5625,853,23,45,286,329,32,473,0,806,265,385,18,39,148669,2312,29,636,1750,0,36,31,1,1,0,,,,,,,,6543,looking for a fight=104; to the corpse=87; fight=12; up to the rock=6; to a fire=3,
2026-09-24_16-14,2026-09-24T16:29:32,15.08,10760,127799278,48464,4.5,300.05,8810,1881,69,45,758,580,32,1012,0,530,307,1141,25,39,235009,3875,40,1023,3242,0,86,100,1,1,0,,,,,,,,36991,to Delano with Spiders Silk=374; looking for a fight=104; to the corpse=87; fight=12; up to the rock=10,
2026-09-24_16-14,2026-09-24T16:34:33,20.1,16159,235089104,82032,5.08,300.05,12137,3950,72,46,1800,678,32,2016,0,411,369,3103,40,58,317685,6626,49,1506,5150,1,100,127,2,1,1,,,,,,,,44857,"to Delano with Spiders Silk=978; to the square at 1305,1515=252; looking for a fight=203; to the corpse=87; up to the rock=23",over to Kelda=1; to Delano with Spiders Silk=1
2026-09-24_16-14,2026-09-24T16:39:33,25.1,19335,245076007,86762,4.49,300.05,15128,4123,84,46,1833,845,32,2166,0,394,387,3103,43,59,397403,8569,59,1980,6015,1,115,136,2,1,1,,,,,,,,48404,"to Delano with Spiders Silk=978; to the square at 1305,1515=252; looking for a fight=203; to the corpse=87; up to the rock=25",over to Kelda=1; to Delano with Spiders Silk=1
2026-09-24_16-14,2026-09-24T16:44:33,30.1,23169,253885792,90748,3.92,300.05,18802,4279,88,46,1881,983,32,2260,0,380,483,3111,54,59,479020,10363,70,2433,6556,2,129,141,2,1,1,,,,,,,,62511,"to Delano with Spiders Silk=978; to the square at 1305,1515=252; looking for a fight=203; to the corpse=87; up to the rock=28",over to Kelda=1; to Delano with Spiders Silk=1; over to Edda Ashdown=1
2026-09-24_16-14,2026-09-24T16:49:33,35.1,26856,259905551,93671,3.49,300.05,22415,4353,88,46,1901,1021,32,2263,0,375,557,3111,54,59,542052,11947,87,2764,7005,2,129,141,2,1,1,,,,,,,,65894,"to Delano with Spiders Silk=978; to the square at 1305,1515=252; looking for a fight=203; to the corpse=87; up to the rock=28",over to Kelda=1; to Delano with Spiders Silk=1; over to Edda Ashdown=1
2026-09-24_16-14,2026-09-24T16:54:33,40.1,31183,370340999,131797,4.23,300.05,25449,5643,91,46,2552,1040,32,2902,0,332,610,4348,62,63,617932,13523,95,3111,8060,2,137,141,2,1,1,,,,,,,,69304,"to Delano with Spiders Silk=978; to where they are kept=626; to the square at 1305,1515=252; looking for a fight=203; to the corpse=87",over to Kelda=1; to Delano with Spiders Silk=1; over to Edda Ashdown=1
2026-09-24_16-14,2026-09-24T16:59:33,45.1,33713,432748013,158091,4.69,300.05,27407,6215,91,51,2845,1059,32,3182,0,315,801,4729,68,63,694330,14304,104,3294,8518,2,143,143,2,1,1,,,,,,,,70829,"to Delano with Spiders Silk=978; to where they are kept=894; to the square at 1305,1515=252; looking for a fight=203; to the corpse=87",over to Kelda=1; to Delano with Spiders Silk=1; over to Edda Ashdown=1
2026-09-24_17-03,2026-09-24T17:08:15,5.08,3764,16697660,9223,2.45,300.32,3607,132,25,59,43,30,32,23,0,233,130,0,5,1,85880,862,16,159,321,1,27,0,0,0,0,,,,,,,,7078,"over to Elspeth=11; after reagents=3; to a fire=2; on to (5302, 1355) in the Orc Caves=2; looking for a line on a zombie=1",over to Elspeth=1
2026-09-24_17-03,2026-09-24T17:13:15,10.08,6787,22563066,11874,1.75,300.32,6615,147,25,59,70,35,32,27,0,223,144,1,6,1,172051,1231,31,246,416,1,28,0,0,0,0,,,,,,,,12208,over to Elspeth=11; to a fire=4; looking for a fight=4; after reagents=3; up to the rock=2,over to Elspeth=1
2026-09-24_17-03,2026-09-24T17:18:15,15.08,9259,28379184,14683,1.59,300.32,9068,165,26,59,96,47,32,33,0,202,159,3,8,1,245992,1677,44,319,616,1,31,1,0,0,0,,,,,,,,16075,over to Elspeth=11; looking for a fight=5; to a fire=4; up to the rock=4; after reagents=3,over to Elspeth=1
2026-09-24_17-03,2026-09-24T17:23:15,20.08,11481,35295954,17919,1.56,300.32,11223,231,27,59,138,93,32,58,0,162,215,13,18,2,308449,2031,51,399,712,1,41,6,0,0,0,,,,,,,,19477,up to the rock=16; over to Elspeth=11; looking for a fight=5; to a fire=4; after reagents=3,over to Elspeth=1
2026-09-24_17-03,2026-09-24T17:28:15,25.08,14446,45781808,22856,1.58,300.32,14150,269,27,59,168,114,32,71,0,151,248,18,23,2,384540,2698,68,492,1095,1,46,6,0,0,0,,,,,,,,26457,up to the rock=19; over to Elspeth=11; to a fire=6; looking for a fight=5; after reagents=3,over to Elspeth=1
2026-09-24_17-03,2026-09-24T17:33:15,30.08,17347,51670799,25907,1.49,300.32,17007,313,27,59,194,135,32,86,0,142,290,20,27,2,455046,3102,76,575,1221,1,50,6,0,0,0,,,,,,,,33434,up to the rock=21; over to Elspeth=11; to a fire=6; looking for a fight=6; to the VeriteOre=4,over to Elspeth=1
2026-09-24_17-03,2026-09-24T17:38:15,35.08,24531,95698519,46296,1.89,300.32,23855,648,28,93,280,431,32,360,0,87,614,31,38,2,541623,5740,91,1306,2294,2,62,46,0,0,0,,,,,,,,37114,up to the rock=26; over to Elspeth=11; looking for a fight=7; over to Vance=7; to the VeriteOre=7,over to Elspeth=1; station=1
2026-09-24_17-03,2026-09-24T17:43:16,40.1,34700,114870068,54813,1.58,300.32,33444,1228,28,93,580,1008,32,633,0,47,1194,31,38,2,612747,14036,102,4638,5569,3,62,320,0,0,0,,,,,,,,38238,up to the rock=26; over to Elspeth=11; to a fire=8; over to Vance=7; looking for a fight=7,station=2; over to Elspeth=1
2026-09-24_17-03,2026-09-24T17:48:16,45.1,48035,145452524,68377,1.42,300.32,45721,2286,28,93,1269,2060,32,1038,0,26,2252,31,39,2,677174,27608,106,10334,11052,10,63,848,0,0,0,,,,,,,,40391,to Merrick=38; to Kerrin=34; to Doran=34; up to the rock=27; to Lysa=17,station=5; to Merrick=3; over to Elspeth=1; to Doran=1
2026-09-24_17-03,2026-09-24T17:53:16,50.1,61168,201737041,92764,1.52,300.32,57776,3364,28,93,1834,3138,32,1524,0,18,3329,32,40,2,761524,36250,113,13405,14452,18,64,1337,0,0,0,,,,,,,,44548,to Merrick=38; to Sable=35; to Doran=34; to Kerrin=34; up to the rock=28,station=8; to Merrick=3; over to Elspeth=1; to Doran=1; to Sable=1
2026-09-24_17-03,2026-09-24T17:58:16,55.1,70814,225218935,103418,1.46,300.32,66773,4013,28,93,2217,3786,32,1836,0,15,3978,32,40,2,846695,43162,119,15631,17059,19,64,1699,0,0,0,,,,,,,,47612,to Merrick=38; to Sable=35; to Doran=34; to Kerrin=34; up to the rock=28,station=8; to Merrick=3; over to Elspeth=1; to Doran=1; to Sable=1
2026-09-24_17-03,2026-09-24T18:03:16,60.1,81714,248242352,113826,1.39,300.32,76828,4808,78,93,2650,4573,32,2294,0,13,4753,32,40,2,908294,54292,128,18972,20836,25,111,2029,0,0,0,,,,,,,,50315,to Aric=46; to Merrick=38; to Sable=35; to Doran=34; to Kerrin=34,station=9; to Merrick=3; to Aric=2; over to Elspeth=1; to Doran=1
2026-09-24_18-06,2026-09-24T18:11:43,5.08,13071,10998216,9163,0.7,300.49,12730,240,101,102,21,107,32,90,0,175,179,5,9,1,151223,3137,10,803,884,0,92,6,0,0,0,,,,,,,,4727,"up to the rock=4; to a fire=2; to the BronzeOre=2; to the muster at (1440, 1470)=1; to the square at 1335,1425=1",
2026-09-24_18-06,2026-09-24T18:16:43,10.08,29235,14415242,12779,0.44,300.49,28872,259,104,102,138,117,32,94,0,171,196,5,11,1,308922,8697,20,2112,2376,8,94,6,0,0,0,,,,,,,,5670,over to Orin Ashdown=22; over to Faron Ashdown=15; over to Harlan=14; over to Perri Ashdown=14; over to Nyla=14,over to Faron Ashdown=1; over to Harlan=1; over to Pell=1; over to Perri Ashdown=1; over to Alden Ashdown=1
2026-09-24_18-06,2026-09-24T18:21:43,15.08,45243,17385883,16031,0.35,300.49,44786,353,104,102,150,206,32,179,0,127,285,5,11,1,448165,16242,29,3900,4334,9,94,7,0,0,0,,,,,,,,5889,over to Orin Ashdown=22; over to Faron Ashdown=15; over to Nyla=14; over to Perri Ashdown=14; over to Harlan=14,over to Faron Ashdown=1; over to Harlan=1; over to Pell=1; over to Perri Ashdown=1; over to Alden Ashdown=1
2026-09-24_18-06,2026-09-24T18:26:43,20.08,61502,22658256,20412,0.33,300.49,60980,418,104,102,163,252,32,205,0,117,338,17,24,1,581848,24019,35,5684,6182,9,107,7,0,0,0,,,,,,,,6616,over to Orin Ashdown=22; over to Faron Ashdown=15; over to Harlan=14; over to Nyla=14; over to Perri Ashdown=14,over to Faron Ashdown=1; over to Harlan=1; over to Pell=1; over to Perri Ashdown=1; over to Alden Ashdown=1
2026-09-24_18-06,2026-09-24T18:31:43,25.08,78062,27588132,25217,0.32,300.49,77477,481,104,102,220,298,32,230,0,108,395,23,36,1,715492,34284,48,7963,8550,13,119,7,0,0,0,,,,,,,,7124,over to Orin Ashdown=33; over to Harlan=25; over to Hollis=22; up to the rock=19; over to Faron Ashdown=15,over to Harlan=2; over to Orin Ashdown=2; over to Hollis=2; over to Faron Ashdown=1; over to Pell=1
2026-09-24_18-32,2026-09-24T18:37:32,5.12,6257,200658766,95818,15.31,300.6,3454,2803,0,412,1344,58,32,1331,0,140,1329,1473,14,32,117522,981,15,230,1717,3,4,13,0,0,0,,,,,,,,546,to a fire=665; looking for a fight=401; out to the woods for herbs=224; over to Rhiannon=12; over to Hollis=11,over to Hollis=1; over to Dain=1; over to Rhiannon=1
2026-09-24_18-32,2026-09-24T18:42:32,10.12,10718,280772107,132736,12.38,300.6,6975,3743,0,423,1783,148,32,1747,0,138,1818,1924,21,45,214420,1753,27,498,2460,4,10,20,3,0,3,,,,,,,,3955,to a fire=1017; looking for a fight=406; out to the woods for herbs=224; going home=54; over to Dain=22,over to Dain=2; to a fire=2; over to Hollis=1; over to Rhiannon=1; looking for a fight=1
2026-09-24_18-32,2026-09-24T18:47:32,15.12,13810,353017476,157102,11.38,300.6,8794,5016,0,474,2330,272,32,2359,0,145,2480,2535,47,97,306552,2920,42,877,3417,5,26,235,16,1,15,,,,,,,,6345,"to a fire=1017; looking for a fight=407; to the square at 1335,1425=299; out to the woods for herbs=224; going home=54",station=12; over to Dain=2; to a fire=2; over to Hollis=1; over to Rhiannon=1
2026-09-24_18-32,2026-09-24T18:52:32,20.12,16630,500038021,210489,12.66,300.6,9972,6657,1,650,3100,357,32,3163,0,159,3042,3614,62,112,394719,3549,50,1077,4416,5,34,353,18,1,17,,,,,,,,9451,"to a fire=1017; out to the woods for herbs=689; looking for a fight=535; to the square at 1335,1425=299; going home=54",station=14; over to Dain=2; to a fire=2; over to Hollis=1; over to Rhiannon=1
2026-09-24_18-32,2026-09-24T18:57:32,25.12,19756,611195883,246819,12.49,300.6,11099,8656,1,651,4081,388,32,4151,0,166,3170,5485,76,114,476206,3938,62,1192,5510,5,45,356,18,1,17,,,,,,,,12727,"to a fire=1017; out to the woods for herbs=989; looking for a fight=608; to the square at 1335,1425=299; to where Faron Ashdown was fighting=290",station=14; over to Dain=2; to a fire=2; over to Hollis=1; over to Rhiannon=1
2026-09-24_18-32,2026-09-24T19:02:32,30.12,20968,619249278,250353,11.94,300.6,12270,8697,1,651,4099,407,32,4163,0,166,3207,5489,81,115,542691,4169,80,1247,5619,5,49,359,18,1,17,,,,,,,,15099,"to a fire=1018; out to the woods for herbs=989; looking for a fight=610; to the square at 1335,1425=299; to where Faron Ashdown was fighting=290",station=14; over to Dain=2; to a fire=2; over to Hollis=1; over to Rhiannon=1
2026-09-24_18-32,2026-09-24T19:07:32,35.12,21577,641735231,258810,11.99,300.6,12629,8946,2,651,4208,443,32,4273,0,167,3255,5690,86,115,576636,4413,91,1283,5791,5,54,359,18,1,17,,,,,,,,17738,"to a fire=1018; out to the woods for herbs=989; looking for a fight=709; to the square at 1335,1425=299; to where Faron Ashdown was fighting=290",station=14; over to Dain=2; to a fire=2; over to Hollis=1; over to Rhiannon=1
2026-09-24_18-32,2026-09-24T19:12:32,40.12,23358,702573163,281188,12.04,300.6,13793,9562,3,651,4510,447,32,4576,0,164,3571,5990,88,116,656050,4772,107,1345,6310,5,56,359,18,1,17,,,,,,,,21932,"to a fire=1319; out to the woods for herbs=989; looking for a fight=709; to the square at 1335,1425=299; to where Faron Ashdown was fighting=290",station=14; over to Dain=2; to a fire=2; over to Hollis=1; over to Rhiannon=1
2026-09-24_18-32,2026-09-24T19:17:32,45.12,24231,711037060,284716,11.75,300.6,14626,9602,3,651,4532,462,32,4590,0,164,3605,5995,93,116,740379,4950,116,1395,6371,5,61,361,18,1,17,,,,,,,,26013,"to a fire=1319; out to the woods for herbs=989; looking for a fight=719; to the square at 1335,1425=299; to where Faron Ashdown was fighting=290",station=14; over to Dain=2; to a fire=2; over to Hollis=1; over to Rhiannon=1
2026-09-24_18-32,2026-09-24T19:22:32,50.12,27973,781564505,310764,11.11,300.6,17525,10444,4,652,4889,681,32,5065,0,158,4065,6377,98,117,821999,6212,127,1741,7572,5,66,397,18,1,17,,,,,,,,29103,"to a fire=1618; out to the woods for herbs=989; looking for a fight=721; to the square at 1335,1425=299; to where Faron Ashdown was fighting=290",station=14; over to Dain=2; to a fire=2; over to Hollis=1; over to Rhiannon=1
2026-09-24_18-32,2026-09-24T19:27:32,55.12,31988,945102693,368767,11.53,300.6,19784,12180,24,653,5744,695,32,5905,0,153,4762,7416,106,119,912500,6612,135,1845,8627,5,91,397,19,1,18,,,,,,,,30639,"to a fire=2466; out to the woods for herbs=989; looking for a fight=724; to the square at 1335,1425=299; to where Faron Ashdown was fighting=290",station=14; to a fire=3; over to Dain=2; over to Hollis=1; over to Rhiannon=1
2026-09-24_18-32,2026-09-24T19:32:32,60.12,33386,959822906,375087,11.23,300.6,21096,12255,35,653,5777,701,32,5913,0,153,4808,7443,106,119,999579,7082,148,1975,8854,5,102,398,19,1,18,,,,,,,,35752,"to a fire=2495; out to the woods for herbs=989; looking for a fight=724; to the square at 1335,1425=299; to where Faron Ashdown was fighting=290",station=14; to a fire=3; over to Dain=2; over to Hollis=1; over to Rhiannon=1
2026-09-24_18-32,2026-09-24T19:37:32,65.12,35728,1025195232,395992,11.08,300.6,22166,13515,47,653,6381,747,32,6550,0,170,4922,8578,114,121,1049606,7647,157,2069,9719,5,120,398,19,1,18,,,,,,,,38652,"to a fire=2495; out to the woods for herbs=989; looking for a fight=724; to Akello=531; to the square at 1335,1425=299",station=14; to a fire=3; over to Dain=2; over to Hollis=1; over to Rhiannon=1
2026-09-24_18-32,2026-09-24T19:42:32,70.12,37644,1038188442,401140,10.66,300.6,23896,13690,58,653,6458,812,32,6657,0,172,4968,8676,116,122,1103834,8742,176,2462,10358,7,123,422,19,1,18,,,,,,,,41723,"to a fire=2495; out to the woods for herbs=989; looking for a fight=724; to Akello=578; to the square at 1335,1425=299",station=16; to a fire=3; over to Dain=2; over to Hollis=1; over to Rhiannon=1
2026-09-24_18-32,2026-09-24T19:47:32,75.12,39667,1088009589,417901,10.54,300.6,25464,14141,62,658,6676,820,32,6877,0,265,4989,9106,120,125,1188656,9324,185,2540,10763,7,129,422,19,1,18,,,,,,,,44593,"to a fire=2495; out to the woods for herbs=989; looking for a fight=726; to Akello=578; to the square at 1335,1425=299",station=16; to a fire=3; over to Dain=2; over to Hollis=1; over to Rhiannon=1
2026-09-24_18-32,2026-09-24T19:52:32,80.12,41139,1095286870,421143,10.24,300.6,26912,14165,62,658,6681,831,32,6883,0,265,5012,9107,123,125,1274974,9467,191,2591,10820,7,132,422,19,1,18,,,,,,,,49045,"to a fire=2495; out to the woods for herbs=989; looking for a fight=727; to Akello=578; to the square at 1335,1425=299",station=16; to a fire=3; over to Dain=2; over to Hollis=1; over to Rhiannon=1
2026-09-24_18-32,2026-09-24T19:57:32,85.12,42581,1109954750,427269,10.03,300.6,28249,14268,64,658,6701,888,32,6934,0,263,5104,9116,135,125,1360326,9792,199,2677,11024,7,146,422,19,1,18,,,,,,,,51700,"to a fire=2495; out to the woods for herbs=989; looking for a fight=731; to Akello=578; to the square at 1335,1425=299",station=16; to a fire=3; over to Dain=2; over to Hollis=1; over to Rhiannon=1
2026-09-24_20-06,2026-09-24T20:11:06,5.1,2171,60541114,28828,13.28,63.85,1014,1151,6,237,527,45,32,533,0,334,371,777,15,26,102376,519,10,143,670,0,12,6,0,0,0,,,,,,,,2616,to the counter with a full pack=299; looking for a fight=202; up to the rock=4; to a fire=3; to the ShadowIronOre=2,
2026-09-24_20-06,2026-09-24T20:16:06,10.1,4037,74044307,36035,8.93,63.85,2700,1281,56,237,582,129,32,597,0,310,437,777,20,27,204192,1212,18,313,989,1,61,23,0,0,0,,,,,,,,10112,to the counter with a full pack=299; looking for a fight=207; to Dain=18; to a fire=8; up to the rock=6,to Dain=1
2026-09-24_20-06,2026-09-24T20:21:06,15.1,6102,98444744,49025,8.03,63.85,4421,1600,81,238,695,244,32,791,0,263,642,808,28,29,290554,1887,20,539,1488,1,92,29,0,0,0,,,,,,,,17183,looking for a fight=304; to the counter with a full pack=299; to Dain=18; to a fire=10; up to the rock=10,to Dain=1
2026-09-24_20-06,2026-09-24T20:26:06,20.1,8580,126922600,62623,7.3,124.09,6626,1869,85,238,822,277,32,922,0,238,802,909,34,32,372258,2291,28,611,1844,1,99,29,1,0,1,,,,,,,,20180,looking for a fight=412; to the counter with a full pack=299; to Dain=18; up to the rock=13; to a fire=11,to Dain=1; looking for a fight=1
2026-09-24_20-06,2026-09-24T20:31:06,25.1,9885,136283506,68081,6.89,124.09,7874,1926,85,238,838,292,32,936,0,237,858,910,37,32,457259,2633,32,667,1962,1,102,29,1,0,1,,,,,,,,22660,looking for a fight=418; to the counter with a full pack=299; to Dain=18; up to the rock=15; to a fire=13,to Dain=1; looking for a fight=1
2026-09-24_20-06,2026-09-24T20:36:06,30.1,11444,168166091,82067,7.17,124.09,8887,2471,86,238,1098,318,32,1197,0,285,922,1391,40,52,550514,2980,38,735,2342,1,104,29,1,0,1,,,,,,,,25886,to the counter with a full pack=538; looking for a fight=426; up to the rock=24; to Dain=18; to a fire=14,to Dain=1; looking for a fight=1
2026-09-24_20-06,2026-09-24T20:41:06,35.1,12191,175621526,85409,7.01,124.09,9515,2589,87,238,1163,331,32,1258,0,291,944,1487,40,52,597234,3139,42,788,2446,1,105,35,1,0,1,,,,,,,,27216,to the counter with a full pack=586; looking for a fight=430; up to the rock=24; to Dain=18; to a fire=14,to Dain=1; looking for a fight=1
2026-09-24_20-06,2026-09-24T20:46:06,40.1,14048,185003466,90559,6.45,124.09,11345,2614,89,238,1170,342,32,1263,0,290,966,1490,42,52,687217,4024,47,888,2627,1,109,35,1,0,1,,,,,,,,34948,to the counter with a full pack=586; looking for a fight=431; up to the rock=25; to Dain=18; to a fire=15,to Dain=1; looking for a fight=1
2026-09-24_20-06,2026-09-24T20:51:06,45.1,15175,208611476,100450,6.62,124.09,12244,2841,90,239,1278,349,32,1369,0,273,1094,1589,45,53,770226,4185,50,937,2780,1,112,35,1,0,1,,,,,,,,39649,to the counter with a full pack=586; looking for a fight=533; up to the rock=26; to Dain=18; to a fire=15,to Dain=1; looking for a fight=1
2026-09-24_20-06,2026-09-24T20:56:06,50.1,16203,215961473,104654,6.46,124.09,13248,2865,90,239,1285,354,32,1375,0,273,1117,1589,45,53,860785,4487,57,1024,2874,1,112,35,1,0,1,,,,,,,,46057,to the counter with a full pack=586; looking for a fight=537; up to the rock=26; to Dain=18; to a fire=15,to Dain=1; looking for a fight=1
2026-09-24_20-06,2026-09-24T21:01:06,55.1,18483,243960659,117303,6.35,124.09,14629,3764,90,239,1706,1113,32,1800,0,213,2016,1589,59,65,937052,5171,61,1209,3478,1,119,452,6,1,5,,,,,,,,49179,to the counter with a full pack=586; looking for a fight=537; up to the rock=28; to Dain=18; to a fire=15,station=4; looking for a fight=1; to Dain=1
2026-09-24_20-06,2026-09-24T21:06:06,60.1,20035,267964833,129814,6.48,124.09,15883,4045,107,240,1864,1176,32,1933,0,206,2218,1646,63,67,1013592,5733,71,1364,3773,2,130,479,6,1,5,,,,,,,,62900,looking for a fight=637; to the counter with a full pack=586; up to the rock=29; to Nyla=22; to Dain=18,station=4; to Dain=1; looking for a fight=1; to Nyla=1
2026-09-24_20-06,2026-09-24T21:11:06,65.1,20992,271957736,132216,6.3,124.09,16779,4103,110,240,1876,1227,32,1981,0,203,2233,1646,65,67,1065100,6261,78,1475,4120,2,135,480,6,1,5,,,,,,,,70584,looking for a fight=638; to the counter with a full pack=586; up to the rock=31; to Nyla=22; to Dain=18,station=4; to Dain=1; looking for a fight=1; to Nyla=1
2026-09-24_20-06,2026-09-24T21:16:06,70.1,22857,295863431,142612,6.24,124.09,18417,4325,115,240,1981,1231,32,2086,0,197,2357,1744,67,68,1149339,6425,80,1511,4260,2,141,480,6,1,5,,,,,,,,77507,looking for a fight=739; to the counter with a full pack=586; up to the rock=32; to Nyla=22; to a fire=20,station=4; to Dain=1; looking for a fight=1; to Nyla=1
2026-09-25_06-17,2026-09-25T06:22:51,5.12,5735,67294361,27192,4.74,300.08,4301,1434,0,390,590,599,32,686,0,79,1014,420,25,45,138612,1724,21,380,1380,0,13,257,9,0,9,,,,,,,,549,looking for a fight=300; to a fire=8; after reagents=2; to the CopperOre=1; up to the rock=1,station=9
2026-09-25_06-17,2026-09-25T06:27:51,10.12,11061,111448568,44400,4.01,300.08,9253,1795,13,392,752,705,32,870,0,91,1233,520,27,46,293719,3110,33,725,2054,1,27,292,9,0,9,,,,,,,,5422,looking for a fight=402; to a fire=8; up to the rock=2; after reagents=2; to the CopperOre=1,station=10
2026-09-25_06-29,2026-09-25T06:34:39,5.08,6189,134736550,50159,8.1,300.24,2717,3439,33,100,1606,2246,32,1518,0,42,3299,107,44,68,145304,2041,7,515,1968,2,55,1426,17,1,16,,,,,,,,2853,looking for a fight=103; to Selwyn=16; taking my place in the ranks=12; to Alden Ashdown=11; to a fire=3,station=17; to Alden Ashdown=1
2026-09-25_06-29,2026-09-25T06:39:39,10.08,12632,241803413,87765,6.95,300.24,8019,4564,49,103,2124,2507,32,2104,0,470,3696,820,64,85,280847,3187,11,826,2918,2,87,1493,18,1,17,,,,,,,,3126,to the corpse=299; looking for a fight=216; to Selwyn=16; taking my place in the ranks=12; to Alden Ashdown=11,station=18; to Alden Ashdown=1
2026-09-25_06-29,2026-09-25T06:44:39,15.08,17764,365267544,132257,7.45,300.24,11455,6260,49,262,2934,2601,32,2937,0,378,4378,1834,85,87,435447,4052,19,1039,4030,2,105,1493,18,1,17,,,,,,,,3190,after a horse=388; looking for a fight=318; to the corpse=299; to Aislinn with Short Spear=280; up to the rock=18,station=18; to Alden Ashdown=1
2026-09-25_06-29,2026-09-25T06:49:39,20.08,23024,537494219,186369,8.09,300.24,13454,9507,63,269,4529,2724,32,4547,0,334,4614,4822,104,88,577617,5472,35,1348,6103,2,133,1499,18,1,17,,,,,,,,6334,to Aislinn with Short Spear=1719; after a horse=487; looking for a fight=319; to the corpse=299; up to the rock=39,station=18; to Alden Ashdown=1
2026-09-25_06-29,2026-09-25T06:54:39,25.08,28265,682103180,231424,8.19,300.24,15937,12247,81,269,5877,2882,32,5909,0,317,4783,7360,138,88,728260,6755,57,1624,8028,4,181,1508,18,1,17,,,,,,,,12517,to Aislinn with Short Spear=2978; after a horse=487; looking for a fight=323; to the corpse=299; up to the rock=69,station=18; to Alden Ashdown=1; up to the rock=1; over to Selwyn=1
2026-09-25_06-29,2026-09-25T06:59:39,30.08,38135,1010048222,335261,8.79,300.24,18095,19957,83,2895,9468,3159,32,9623,0,253,10289,9561,230,157,862667,8362,67,2187,12127,5,248,3676,61,3,58,,,,,,,,14184,to Aislinn with Short Spear=4204; after a horse=487; looking for a fight=426; to the corpse=299; up to the rock=116,station=59; to Alden Ashdown=1; up to the rock=1; over to Selwyn=1; over to Delwyn=1
2026-09-25_07-04,2026-09-25T07:09:06,5.07,8892,269525882,98472,11.07,300.36,3309,5568,15,459,2559,1842,32,2532,0,122,3658,1908,66,108,135939,2319,15,578,3159,0,62,2110,40,4,36,,,,,,,,6390,to a counter=300; looking for a fight=100; up to the rock=6; to the ShadowIronOre=4; after a scorpion=3,station=36
2026-09-25_07-04,2026-09-25T07:14:06,10.07,13837,367547399,135972,9.83,300.36,6509,7306,22,469,3392,2783,32,3326,0,113,4988,2307,79,110,279543,3301,26,807,4227,0,80,2803,40,4,36,,,,,,,,18178,to a counter=301; looking for a fight=202; up to the rock=14; after a scorpion=4; to the ShadowIronOre=4,station=36
2026-09-25_07-04,2026-09-25T07:19:06,15.07,17981,385933977,144572,8.04,300.36,10545,7412,24,469,3456,2852,32,3384,0,112,5088,2313,88,110,427119,4250,31,1011,4512,2,91,2803,40,4,36,,,,,,,,20976,to a counter=301; looking for a fight=211; up to the rock=21; over to Ysolt=11; over to Marek=11,station=36; over to Ysolt=1; over to Marek=1
2026-09-25_07-04,2026-09-25T07:24:06,20.07,21076,410670037,155488,7.38,300.36,13385,7664,27,469,3547,3022,32,3525,0,111,5326,2326,116,110,572678,5328,38,1272,5081,4,122,2803,40,4,36,,,,,,,,22994,to a counter=301; looking for a fight=215; up to the rock=34; over to Hale Ashdown=16; over to Marek=11,station=36; over to Ysolt=1; over to Marek=1; over to Hale Ashdown=1; over to Corwin=1
2026-09-25_07-04,2026-09-25T07:29:06,25.07,24851,434979230,166209,6.69,300.36,17042,7782,27,469,3607,3084,32,3566,0,110,5435,2335,135,110,721215,6389,48,1413,5545,5,141,2803,40,4,36,,,,,,,,24986,to a counter=301; looking for a fight=220; up to the rock=45; over to Hale Ashdown=16; over to Corwin=11,station=36; over to Ysolt=1; over to Marek=1; over to Hale Ashdown=1; over to Corwin=1
2026-09-25_07-04,2026-09-25T07:34:06,30.07,28147,472614821,182054,6.47,300.36,20017,8102,28,470,3755,3161,32,3710,0,110,5635,2453,154,113,862518,7422,58,1565,5961,5,159,2803,40,4,36,,,,,,,,29767,looking for a fight=321; to a counter=301; up to the rock=63; over to Hale Ashdown=16; to the ShadowIronOre=13,station=36; over to Ysolt=1; over to Marek=1; over to Hale Ashdown=1; over to Corwin=1
2026-09-25_07-04,2026-09-25T07:39:07,35.08,29672,483279069,187015,6.3,300.36,21472,8172,28,470,3791,3193,32,3734,0,110,5696,2462,165,113,937307,8394,67,1669,6609,5,170,2805,40,4,36,,,,,,,,31715,looking for a fight=322; to a counter=301; up to the rock=66; over to Hale Ashdown=16; to the ShadowIronOre=14,station=36; over to Ysolt=1; over to Marek=1; over to Hale Ashdown=1; over to Corwin=1
2026-09-25_07-04,2026-09-25T07:44:07,40.08,32500,520099625,203172,6.25,300.36,24126,8344,30,471,3839,3237,32,3751,0,113,5865,2463,170,113,1059442,9638,82,1821,7417,5,177,2821,40,4,36,,,,,,,,35296,looking for a fight=324; to a counter=301; up to the rock=70; over to Hale Ashdown=16; to the ShadowIronOre=15,station=36; over to Ysolt=1; over to Marek=1; over to Hale Ashdown=1; over to Corwin=1
2026-09-25_07-04,2026-09-25T07:49:07,45.08,36996,667682960,253812,6.86,300.36,26239,10726,31,521,4955,3292,32,4843,0,156,6496,4214,201,129,1217050,10582,94,2047,8893,7,200,2973,48,5,43,,,,,,,,41978,to Delano=803; looking for a fight=433; to a counter=301; up to the rock=74; to the ShadowIronOre=19,station=44; over to Ysolt=1; over to Marek=1; over to Hale Ashdown=1; over to Corwin=1
2026-09-25_07-04,2026-09-25T07:54:07,50.08,41037,769057400,289247,7.05,300.36,28545,12459,33,521,5805,3414,32,5702,0,185,6674,5769,215,130,1372218,11596,102,2237,10192,7,215,2973,48,5,43,,,,,,,,50427,to Delano=1576; looking for a fight=439; to a counter=301; up to the rock=82; to a tree=24,station=44; over to Ysolt=1; over to Marek=1; over to Hale Ashdown=1; over to Corwin=1
2026-09-25_07-56,2026-09-25T08:01:18,5.07,5509,110561694,40909,7.43,300.31,3476,2019,14,200,1265,759,32,669,0,120,926,1015,10,33,134251,2324,10,969,1637,2,15,0,0,0,0,,,,,,,,4869,taking my place in the ranks=630; looking for a fight=570; after a scorpion=11; to Otho=11; over to Rhiannon=11,to Otho=1; over to Rhiannon=1
2026-09-25_07-56,2026-09-25T08:06:18,10.07,9599,200927063,73110,7.62,300.31,5953,3632,14,203,2431,1541,32,1092,0,110,1756,1785,22,36,279618,4411,20,1861,2936,4,25,12,0,0,0,,,,,,,,13993,taking my place in the ranks=1343; looking for a fight=574; back for its own things=381; over to Orin Ashdown=13; to Otho=12,to Otho=1; over to Rhiannon=1; over to Dain=1; station=1
2026-09-25_07-56,2026-09-25T08:11:18,15.07,12882,312086530,111452,8.65,300.31,7962,4899,21,205,3097,1728,32,1676,0,122,1992,2808,49,53,430776,5317,27,2094,3811,7,56,12,0,0,0,,,,,,,,24626,taking my place in the ranks=1398; back for its own things=886; looking for a fight=580; up to the rock=35; over to Vesna=13,to Otho=1; over to Rhiannon=1; over to Dain=1; station=1; over to Ulwin=1
2026-09-25_07-56,2026-09-25T08:16:18,20.07,14713,359007372,128396,8.73,300.31,9404,5288,21,205,3268,1877,32,1844,0,219,2200,2979,89,55,568900,6057,32,2257,4277,8,95,12,0,0,0,,,,,,,,34497,taking my place in the ranks=1398; back for its own things=886; looking for a fight=586; to the corpse=83; up to the rock=53,to Otho=1; over to Rhiannon=1; over to Dain=1; station=1; over to Ulwin=1
2026-09-25_07-56,2026-09-25T08:21:19,25.08,17071,402061252,144822,8.48,300.31,11386,5664,21,207,3476,1982,32,2014,0,211,2471,3083,115,57,714235,6914,39,2450,4838,12,120,15,0,0,0,,,,,,,,42488,taking my place in the ranks=1398; back for its own things=886; looking for a fight=689; to the corpse=83; up to the rock=67,to Otho=1; over to Rhiannon=1; over to Dain=1; station=1; over to Ulwin=1
2026-09-25_07-56,2026-09-25T08:26:19,30.08,19812,433093833,156828,7.92,300.31,13867,5923,22,208,3592,2177,32,2124,0,204,2706,3105,146,59,859846,7608,42,2632,5137,13,150,17,0,0,0,,,,,,,,49134,taking my place in the ranks=1398; back for its own things=886; looking for a fight=701; up to the rock=123; to the corpse=83,to Otho=1; over to Rhiannon=1; over to Dain=1; station=1; over to Ulwin=1
2026-09-25_07-56,2026-09-25T08:31:19,35.08,22339,441896676,160467,7.18,300.31,16311,6005,23,208,3638,2234,32,2157,0,202,2785,3107,161,59,934121,7950,45,2725,5248,13,166,20,0,0,0,,,,,,,,50251,taking my place in the ranks=1398; back for its own things=886; looking for a fight=707; up to the rock=134; to the corpse=83,to Otho=1; over to Rhiannon=1; over to Dain=1; station=1; over to Ulwin=1
2026-09-25_07-56,2026-09-25T08:36:19,40.08,25886,481240298,175267,6.77,300.31,19453,6399,34,208,3795,2377,32,2337,0,195,3048,3215,197,61,1066587,8832,48,2968,5710,13,205,24,0,0,0,,,,,,,,59422,taking my place in the ranks=1398; back for its own things=886; looking for a fight=708; up to the rock=156; to the ShadowIronOre=108,to Otho=1; over to Rhiannon=1; over to Dain=1; station=1; over to Ulwin=1
2026-09-25_07-56,2026-09-25T08:41:19,45.08,30112,551692098,201946,6.71,300.31,22843,7230,39,212,4123,2697,32,2712,0,185,3669,3419,216,95,1204099,9933,56,3219,6550,13,224,105,1,0,1,,,,,,,,65545,taking my place in the ranks=1398; back for its own things=886; looking for a fight=814; up to the rock=162; to the ShadowIronOre=108,station=2; to Otho=1; over to Rhiannon=1; over to Dain=1; over to Ulwin=1
2026-09-25_08-44,2026-09-25T08:49:25,5.07,5547,168597990,58735,10.59,62.44,2926,2579,42,738,1135,54,32,1148,0,169,941,1616,13,37,139531,744,4,243,1443,0,41,0,0,0,0,,,,,,,,697,out to the woods for herbs=599; looking for a fight=504; after reagents=2; over to Isolde Ashdown=2; up to the rock=2,
2026-09-25_08-44,2026-09-25T08:54:26,10.08,10936,371483316,126217,11.54,62.44,5854,5023,59,843,2352,117,32,2361,0,217,1418,3560,26,46,279399,1581,13,446,2931,0,59,22,0,0,0,,,,,,,,4148,out to the woods for herbs=1456; looking for a fight=803; up to the rock=14; after reagents=4; over to Isolde Ashdown=2,
2026-09-25_08-44,2026-09-25T08:59:26,15.08,14859,415171756,141283,9.51,62.44,9088,5711,60,843,2697,149,32,2690,0,220,1499,4167,32,47,414502,2065,13,569,3372,1,65,33,0,0,0,,,,,,,,7979,out to the woods for herbs=1755; looking for a fight=811; up to the rock=16; after reagents=4; over to Isolde Ashdown=2,station=1
2026-09-25_08-44,2026-09-25T09:04:26,20.08,18293,462499827,159955,8.74,62.44,12092,6106,95,851,2870,264,32,2846,0,215,1781,4280,48,68,539926,2816,21,784,3828,1,111,68,5,1,4,,,,,,,,15942,out to the woods for herbs=1755; looking for a fight=918; up to the rock=20; after reagents=4; to a fire=2,station=5
2026-09-25_08-44,2026-09-25T09:09:26,25.08,22098,476169430,165881,7.51,62.44,15733,6204,161,851,2911,320,32,2892,0,213,1856,4284,59,68,665427,3416,24,968,4047,1,177,68,5,1,4,,,,,,,,36186,out to the woods for herbs=1755; looking for a fight=925; up to the rock=24; after reagents=4; to the ValoriteOre=3,station=5
2026-09-25_08-44,2026-09-25T09:14:26,30.08,25041,487598123,171020,6.83,62.44,18583,6283,175,851,2946,380,32,2932,0,212,1929,4288,66,81,770510,4027,28,1121,4281,1,195,68,5,1,4,,,,,,,,53910,out to the woods for herbs=1755; looking for a fight=925; up to the rock=26; to a tree=9; to the DullCopperOre=4,station=5
2026-09-25_08-44,2026-09-25T09:19:26,35.08,27405,552301263,192214,7.01,62.44,20289,6939,177,851,3279,415,32,3253,0,470,1976,4897,77,83,823370,4656,34,1224,4694,1,207,69,5,1,4,,,,,,,,56192,out to the woods for herbs=1755; looking for a fight=926; to the corpse=299; up to the rock=30; to a tree=9,station=5
2026-09-25_08-44,2026-09-25T09:24:26,40.08,28841,561571079,196435,6.81,62.44,21683,6981,177,851,3304,444,32,3269,0,468,2016,4899,82,83,909640,5251,44,1306,4909,1,212,69,5,1,4,,,,,,,,59736,out to the woods for herbs=1755; looking for a fight=926; to the corpse=299; up to the rock=32; to a tree=9,station=5
2026-09-25_08-44,2026-09-25T09:29:26,45.08,30207,572733387,201397,6.67,62.44,23029,7001,177,851,3329,449,32,3272,0,467,2035,4900,83,83,1025831,6192,62,1444,5296,1,213,69,5,1,4,,,,,,,,62625,out to the woods for herbs=1755; looking for a fight=929; to the corpse=299; up to the rock=33; to a tree=9,station=5
2026-09-25_08-44,2026-09-25T09:34:26,50.08,31616,591532080,209664,6.63,62.44,24324,7113,179,851,3402,457,32,3319,0,462,2106,4941,85,85,1142784,7237,65,1625,5698,1,216,69,5,1,4,,,,,,,,67677,out to the woods for herbs=1755; looking for a fight=937; to the corpse=299; to the counter with a full pack=41; up to the rock=34,station=5
2026-09-25_08-44,2026-09-25T09:39:26,55.08,35976,838179985,307228,8.54,62.44,25639,10158,179,1016,4916,469,32,4834,0,350,3698,6394,89,92,1257444,7824,70,1791,7478,1,216,71,5,1,4,,,,,,,,72477,out to the woods for herbs=1755; looking for a fight=1043; after a dog=842; to the counter with a full pack=598; to the corpse=299,station=5
2026-09-25_08-44,2026-09-25T09:44:26,60.08,41096,1061580044,395356,9.62,62.44,27578,13337,181,1599,6465,521,32,6405,0,288,5557,7714,98,96,1354837,8228,75,1920,9173,2,224,72,5,1,4,,,,,,,,75461,after a dog=1768; out to the woods for herbs=1755; looking for a fight=1046; to the counter with a full pack=897; to the corpse=299,station=5; to Ulwin=1
2026-09-25_08-44,2026-09-25T09:49:26,65.08,42829,1135844185,425411,9.93,62.44,28474,14163,192,1600,6860,562,32,6826,0,277,5974,8105,104,98,1408800,8567,78,2015,9687,2,236,73,5,1,4,,,,,,,,87513,after a dog=1860; out to the woods for herbs=1755; to the counter with a full pack=1192; looking for a fight=1048; to the corpse=299,station=5; to Ulwin=1
2026-09-25_08-44,2026-09-25T09:54:26,70.08,45388,1242220992,468287,10.32,62.44,29515,15672,201,1600,7588,588,32,7558,0,256,6753,8819,106,100,1490030,9162,86,2132,10578,2,245,75,5,1,4,,,,,,,,97812,"after a dog=2573; out to the woods for herbs=1755; to the counter with a full pack=1192; looking for a fight=1048; to the square at 1335,1275=299",station=5; to Ulwin=1
2026-09-25_08-44,2026-09-25T09:59:26,75.08,48286,1383679323,524657,10.87,62.44,30522,17562,202,1651,8517,610,32,8491,0,235,7745,9717,113,109,1588575,9554,93,2224,11661,2,250,75,5,1,4,,,,,,,,101834,"after a dog=3292; out to the woods for herbs=1756; looking for a fight=1251; to the counter with a full pack=1192; to the square at 1335,1275=299",station=5; to Ulwin=1
2026-09-25_08-44,2026-09-25T10:04:26,80.08,49529,1394022128,529308,10.69,62.44,31739,17586,204,1651,8521,620,32,8495,0,235,7767,9719,115,109,1701308,10109,110,2336,11840,2,254,75,5,1,4,,,,,,,,106870,"after a dog=3292; out to the woods for herbs=1756; looking for a fight=1253; to the counter with a full pack=1192; to the square at 1335,1275=299",station=5; to Ulwin=1
2026-09-25_08-44,2026-09-25T10:09:26,85.08,51671,1424238410,541084,10.47,62.44,33443,18022,206,1651,8724,864,32,8686,0,231,8203,9719,126,135,1814198,10547,114,2437,12169,2,263,271,12,1,11,,,,,,,,110839,"after a dog=3292; out to the woods for herbs=1756; looking for a fight=1258; to the counter with a full pack=1192; to the square at 1335,1275=299",station=12; to Ulwin=1
2026-09-25_08-44,2026-09-25T10:14:26,90.08,56514,1656642853,625962,11.08,62.44,34891,21416,207,1850,10404,868,32,10362,0,225,9434,11882,135,144,1918277,11086,123,2557,14069,2,268,379,17,2,15,,,,,,,,114515,after a dog=3646; out to the woods for herbs=1756; to the counter with a full pack=1729; looking for a fight=1259; to Abra with Leather=681,station=16; to Ulwin=1
2026-09-25_08-44,2026-09-25T10:19:26,95.08,62296,1928241898,723174,11.61,62.44,35963,26126,207,2251,12723,905,32,12693,0,225,10743,15283,147,147,1988156,11493,127,2613,16496,2,278,379,17,2,15,,,,,,,,117567,after a dog=4358; to the counter with a full pack=2064; to Abra with Leather=1942; out to the woods for herbs=1756; looking for a fight=1259,station=16; to Ulwin=1
2026-09-25_08-44,2026-09-25T10:24:26,100.08,65835,2094354003,785082,11.93,62.44,36916,28712,207,2271,14000,919,32,13979,0,218,11658,16954,154,169,2060208,11743,134,2676,17874,2,281,423,17,2,15,,,,,,,,121241,after a dog=5153; to Abra with Leather=2341; to the counter with a full pack=2098; out to the woods for herbs=1756; looking for a fight=1260,station=16; to Ulwin=1
2026-09-25_08-44,2026-09-25T10:29:26,105.08,70332,2254267275,850057,12.09,62.44,39192,30931,209,2479,15072,962,32,15080,0,207,12878,17953,161,173,2150959,12383,148,2811,19323,2,287,423,18,2,16,,,,,,,,123262,after a dog=6006; to Abra with Leather=2341; to the counter with a full pack=2306; out to the woods for herbs=1756; looking for a fight=1263,station=16; to Ulwin=1; to the counter with a full pack=1
2026-09-25_08-44,2026-09-25T10:34:26,110.08,75097,2441594303,925137,12.32,62.44,41135,33753,209,3176,16487,1033,32,16441,0,197,14619,19033,170,175,2248354,13046,157,2948,21097,3,294,469,18,2,16,,,,,,,,126111,after a dog=6861; to the counter with a full pack=2791; to Abra with Leather=2341; out to the woods for herbs=1756; looking for a fight=1270,station=16; to Ulwin=1; to the counter with a full pack=1; over to Delwyn=1
2026-09-25_08-44,2026-09-25T10:39:26,115.08,78868,2590146346,985393,12.49,62.44,42893,35764,211,3195,17470,1068,32,17434,0,189,15663,20000,181,177,2351505,13374,164,3018,22194,3,305,469,18,2,16,,,,,,,,129327,after a dog=7714; to the counter with a full pack=2909; to Abra with Leather=2341; out to the woods for herbs=1756; looking for a fight=1271,station=16; to Ulwin=1; to the counter with a full pack=1; over to Delwyn=1
2026-09-25_08-44,2026-09-25T10:44:26,120.08,80454,2627853435,1000797,12.44,62.44,44006,36237,211,3195,17698,1089,32,17669,0,187,15917,20219,182,177,2446519,13998,177,3125,22784,3,306,469,18,2,16,,,,,,,,131889,after a dog=7932; to the counter with a full pack=2909; to Abra with Leather=2341; out to the woods for herbs=1756; looking for a fight=1276,station=16; to Ulwin=1; to the counter with a full pack=1; over to Delwyn=1
2026-09-25_08-44,2026-09-25T10:49:26,125.08,81149,2634720519,1003691,12.37,62.44,44650,36288,211,3195,17722,1122,32,17689,0,187,15963,20224,191,177,2517197,14302,180,3177,22884,3,315,471,18,2,16,,,,,,,,136653,after a dog=7932; to the counter with a full pack=2909; to Abra with Leather=2341; out to the woods for herbs=1756; looking for a fight=1279,station=16; to Ulwin=1; to the counter with a full pack=1; over to Delwyn=1
2026-09-25_08-44,2026-09-25T10:54:26,130.08,82151,2676349745,1020095,12.42,62.44,45289,36651,211,3195,17916,1136,32,17864,0,187,16163,20387,197,178,2578799,14663,187,3207,23208,5,320,471,18,2,16,,,,,,,,141551,after a dog=7932; to the counter with a full pack=3072; to Abra with Leather=2341; out to the woods for herbs=1756; looking for a fight=1282,station=16; to Ulwin=1; to the counter with a full pack=1; over to Delwyn=1; over to Jarek=1
2026-09-25_08-44,2026-09-25T10:59:27,135.1,85851,2912364938,1113045,12.96,62.44,45952,39688,211,3259,19436,1140,32,19376,0,178,17732,21855,202,181,2654742,14897,188,3256,24767,6,321,471,18,2,16,,,,,,,,148450,after a dog=8913; to the counter with a full pack=3498; to Abra with Leather=2341; out to the woods for herbs=1756; looking for a fight=1382,station=16; to Ulwin=1; to the counter with a full pack=1; over to Delwyn=1; over to Jarek=1
2026-09-25_08-44,2026-09-25T11:04:27,140.1,90496,3145712744,1194981,13.2,62.44,46757,43528,211,3294,21379,1151,32,21290,0,177,18639,24788,207,184,2726354,15275,194,3303,26806,9,322,471,18,2,16,,,,,,,,152935,after a dog=9773; to the counter with a full pack=3498; to Abra with Leather=2341; out to the woods for herbs=1756; looking for a fight=1551,station=16; to Ulwin=1; to the counter with a full pack=1; over to Delwyn=1; over to Jarek=1
2026-09-25_08-44,2026-09-25T11:09:27,145.1,94905,3324475717,1252710,13.2,62.44,47742,46952,211,3296,23084,1183,32,22992,0,182,18933,27918,216,184,2824130,15719,205,3361,28744,10,331,471,18,2,16,,,,,,,,157387,after a dog=10010; to the counter with a full pack=3498; to Abra with Leather=2341; to Aislinn with Club=2314; out to the woods for herbs=1756,station=16; to Ulwin=1; to the counter with a full pack=1; over to Delwyn=1; over to Jarek=1
2026-09-25_08-44,2026-09-25T11:14:27,150.1,98762,3478559504,1300056,13.16,62.44,48630,49921,211,3305,24548,1198,32,24441,0,191,19018,30802,219,185,2918952,16042,211,3429,30363,10,333,471,18,2,16,,,,,,,,162623,after a dog=10010; to the counter with a full pack=3498; to Aislinn with Club=2952; to Abra with Leather=2341; out to the woods for herbs=1756,station=16; to Ulwin=1; to the counter with a full pack=1; over to Delwyn=1; over to Jarek=1
2026-09-25_08-44,2026-09-25T11:19:27,155.1,102518,3621270791,1343392,13.1,62.44,49462,52845,211,3305,26021,1209,32,25891,0,203,19056,33688,220,185,2991365,16185,216,3470,31854,11,334,471,18,2,16,,,,,,,,166687,after a dog=10010; to the counter with a full pack=3498; to Aislinn with Club=2952; to Abra with Leather=2341; to Delano for glass=2245,station=16; to Ulwin=1; to the counter with a full pack=1; over to Delwyn=1; over to Jarek=1
2026-09-25_08-44,2026-09-25T11:24:27,160.1,106477,3764492976,1386918,13.03,62.44,50527,55738,212,3305,27481,1210,32,27334,0,213,19064,36573,220,185,3049552,16493,221,3525,33457,12,334,476,18,2,16,,,,,,,,173019,after a dog=10010; to Delano for glass=3688; to the counter with a full pack=3498; to Aislinn with Club=2952; to Abra with Leather=2341,station=16; to Ulwin=1; to the counter with a full pack=1; over to Delwyn=1; over to Jarek=1
2026-09-25_08-44,2026-09-25T11:29:27,165.1,108375,3812601037,1402651,12.94,62.44,51543,56615,217,3305,27920,1258,32,27773,0,215,19106,37390,227,185,3145409,16815,225,3612,34016,13,346,476,18,2,16,,,,,,,,180708,after a dog=10010; to Delano for glass=4094; to the counter with a full pack=3499; to Aislinn with Club=2952; to Abra with Leather=2341,station=16; to Ulwin=1; to the counter with a full pack=1; over to Delwyn=1; over to Jarek=1
2026-09-25_08-44,2026-09-25T11:34:27,170.1,111186,3921399590,1436056,12.92,62.44,52221,58748,217,3305,28968,1291,32,28827,0,222,19165,39464,237,185,3242528,16995,236,3651,35141,13,355,476,18,2,16,,,,,,,,184822,after a dog=10010; to Delano for glass=5127; to the counter with a full pack=3499; to Aislinn with Club=2952; to Abra with Leather=2341,station=16; to Ulwin=1; to the counter with a full pack=1; over to Delwyn=1; over to Jarek=1
2026-09-25_08-44,2026-09-25T11:39:27,175.1,115551,4107097143,1500006,12.98,62.44,53524,61804,223,3344,30467,1296,32,30323,0,226,19705,41980,240,187,3340215,17410,251,3723,36797,13,362,477,18,2,16,,,,,,,,188501,after a dog=10167; to Delano for glass=6162; to the counter with a full pack=3798; to Aislinn with Club=2952; to Abra with Leather=2341,station=16; to Ulwin=1; to the counter with a full pack=1; over to Delwyn=1; over to Jarek=1
2026-09-25_08-44,2026-09-25T11:44:29,180.13,119818,4327569885,1584440,13.22,62.44,54611,64983,224,3351,32057,1336,32,31901,0,222,20918,43946,253,189,3431914,17634,257,3804,38432,13,373,494,18,2,16,,,,,,,,194276,after a dog=11020; to Delano for glass=6566; to the counter with a full pack=4092; to Aislinn with Club=2952; to Abra with Leather=2341,station=16; to Ulwin=1; to the counter with a full pack=1; over to Delwyn=1; over to Jarek=1
2026-09-25_08-44,2026-09-25T11:49:29,185.13,125486,4587537034,1681100,13.4,62.44,55482,69778,226,4503,34428,1360,32,34014,0,221,23079,46580,261,193,3501345,18951,264,4157,40892,13,378,497,18,2,16,,,,,,,,197024,after a dog=11850; to Delano for glass=7199; to the counter with a full pack=4691; to Aislinn with Club=2952; to Abra with Leather=2341,station=16; to Ulwin=1; to the counter with a full pack=1; over to Delwyn=1; over to Jarek=1
2026-09-25_08-44,2026-09-25T11:54:29,190.13,127903,4741565142,1740509,13.61,62.44,56155,71520,228,4504,35265,1369,32,34779,0,219,23901,47500,265,195,3557718,19244,270,4262,41808,13,382,497,18,2,16,,,,,,,,202106,after a dog=12127; to Delano for glass=7272; to the counter with a full pack=5173; to Aislinn with Club=2952; to Abra with Leather=2341,station=16; to Ulwin=1; to the counter with a full pack=1; over to Delwyn=1; over to Jarek=1
2026-09-25_08-44,2026-09-25T11:59:29,195.13,133547,5024119283,1849350,13.85,62.44,57665,75648,234,5581,37212,1404,32,36527,0,216,26079,49448,281,222,3639172,20662,280,4715,44260,13,399,497,19,2,17,,,,,,,,205094,after a dog=12834; to Delano for glass=7272; to the counter with a full pack=5800; to Aislinn with Club=2952; to Abra with Leather=2341,station=16; to the counter with a full pack=2; to Ulwin=1; over to Delwyn=1; over to Jarek=1
2026-09-25_08-44,2026-09-25T12:04:29,200.13,136293,5135475215,1894013,13.9,62.44,58893,77164,236,5581,37956,1443,32,37275,0,213,26867,50176,298,317,3725002,21017,286,4801,45163,14,413,497,19,2,17,,,,,,,,211427,after a dog=13552; to Delano for glass=7272; to the counter with a full pack=5800; to Aislinn with Club=2952; to Abra with Leather=2341,station=16; to the counter with a full pack=2; over to Delwyn=2; to Ulwin=1; over to Jarek=1
2026-09-25_08-44,2026-09-25T12:09:29,205.13,139909,5299621028,1957593,13.99,62.44,60124,79547,238,5840,39098,1539,32,38456,0,212,27865,51561,314,320,3822658,21405,292,4922,46451,14,429,499,19,2,17,,,,,,,,216130,after a dog=14264; to Delano for glass=7272; to the counter with a full pack=5800; to Aislinn with Club=2952; to Abra with Leather=2341,station=16; to the counter with a full pack=2; over to Delwyn=2; to Ulwin=1; over to Jarek=1
2026-09-25_08-44,2026-09-25T12:14:29,210.13,140738,5307615798,1961079,13.93,62.44,60904,79592,242,5840,39121,1568,32,38473,0,211,27906,51565,318,320,3905520,21715,296,5014,46555,14,437,505,19,2,17,,,,,,,,221864,after a dog=14264; to Delano for glass=7272; to the counter with a full pack=5800; to Aislinn with Club=2952; to Abra with Leather=2341,station=16; to the counter with a full pack=2; over to Delwyn=2; to Ulwin=1; over to Jarek=1
2026-09-25_08-44,2026-09-25T12:19:29,215.13,141668,5313917406,1963764,13.86,62.44,61799,79626,243,5840,39139,1584,32,38484,0,211,27937,51568,321,320,3972825,21947,301,5061,46612,14,440,505,19,2,17,,,,,,,,226408,after a dog=14264; to Delano for glass=7272; to the counter with a full pack=5800; to Aislinn with Club=2952; to Abra with Leather=2341,station=16; to the counter with a full pack=2; over to Delwyn=2; to Ulwin=1; over to Jarek=1
2026-09-25_08-44,2026-09-25T12:24:29,220.13,143803,5327593942,1969673,13.7,62.44,63871,79686,246,5840,39148,1620,32,38501,0,211,27990,51575,329,320,4055768,22246,308,5126,46687,14,451,505,19,2,17,,,,,,,,228685,after a dog=14264; to Delano for glass=7272; to the counter with a full pack=5800; to Aislinn with Club=2952; to Abra with Leather=2341,station=16; to the counter with a full pack=2; over to Delwyn=2; to Ulwin=1; over to Jarek=1
2026-09-25_08-44,2026-09-25T12:29:30,225.15,145200,5338578778,1974367,13.6,62.44,65205,79749,246,5840,39165,1651,32,38520,0,211,28051,51575,337,320,4148540,22487,311,5198,46771,14,459,505,19,2,17,,,,,,,,232201,after a dog=14264; to Delano for glass=7275; to the counter with a full pack=5800; to Aislinn with Club=2952; to Abra with Leather=2341,station=16; to the counter with a full pack=2; over to Delwyn=2; to Ulwin=1; over to Jarek=1
2026-09-25_08-44,2026-09-25T12:34:30,230.15,146330,5351566246,1979887,13.53,62.44,66236,79845,249,5840,39186,1714,32,38563,0,211,28143,51579,350,320,4247589,22858,319,5319,46926,14,475,505,19,2,17,,,,,,,,237202,after a dog=14264; to Delano for glass=7275; to the counter with a full pack=5800; to Aislinn with Club=2952; to Abra with Leather=2341,station=16; to the counter with a full pack=2; over to Delwyn=2; to Ulwin=1; over to Jarek=1
2026-09-25_08-44,2026-09-25T12:39:30,235.15,147982,5373960881,1988057,13.43,62.44,67592,80136,254,5840,39304,1769,32,38694,0,211,28223,51790,365,321,4343203,23129,327,5402,47137,14,494,505,19,2,17,,,,,,,,242176,after a dog=14264; to Delano for glass=7275; to the counter with a full pack=5800; to Aislinn with Club=2952; to Abra with Leather=2341,station=16; to the counter with a full pack=2; over to Delwyn=2; to Ulwin=1; over to Jarek=1
2026-09-25_08-44,2026-09-25T12:44:30,240.15,154236,5697016673,2105031,13.65,62.44,68418,85562,256,6810,41976,1813,32,41379,0,211,30301,55138,383,328,4426687,23729,329,5479,49891,14,507,505,20,3,17,,,,,,,,247320,after a dog=14905; to Delano for glass=7275; to the counter with a full pack=6605; to Abra with Leather=3549; to Aislinn with Club=2952,station=16; to the counter with a full pack=2; over to Delwyn=2; to Ulwin=1; over to Jarek=1
2026-09-25_08-44,2026-09-25T12:49:30,245.15,158858,5902946809,2179531,13.72,62.44,69548,89053,257,6875,43701,1851,32,43114,0,211,31172,57758,395,329,4518141,24087,341,5590,51753,14,518,505,20,3,17,,,,,,,,250631,after a dog=15617; to Delano for glass=7275; to the counter with a full pack=6672; to Abra with Leather=4478; to Aislinn with Club=2952,station=16; to the counter with a full pack=2; over to Delwyn=2; to Ulwin=1; over to Jarek=1
2026-09-25_08-44,2026-09-25T12:54:30,250.15,160084,5914502513,2184546,13.65,62.44,70663,89150,271,6875,43728,1918,32,43149,0,211,31260,57767,412,329,4595191,24336,345,5656,51873,14,549,506,20,3,17,,,,,,,,254785,after a dog=15617; to Delano for glass=7275; to the counter with a full pack=6672; to Abra with Leather=4478; to Aislinn with Club=2952,station=16; to the counter with a full pack=2; over to Delwyn=2; to Ulwin=1; over to Jarek=1
2026-09-25_08-44,2026-09-25T12:59:30,255.15,161791,5925362259,2189341,13.53,62.44,72319,89198,274,6875,43747,1947,32,43163,0,211,31308,57767,419,329,4667627,24745,348,5721,52114,15,559,506,20,3,17,,,,,,,,256263,after a dog=15617; to Delano for glass=7275; to the counter with a full pack=6672; to Abra with Leather=4478; to Aislinn with Club=2952,station=16; to the counter with a full pack=2; over to Delwyn=2; to Ulwin=1; over to Jarek=1
2026-09-25_08-44,2026-09-25T13:04:30,260.15,163177,5935164004,2193605,13.44,62.44,73607,89295,275,6875,43763,2019,32,43205,0,211,31397,57775,433,329,4739844,25186,352,5805,52316,15,574,506,20,3,17,,,,,,,,257979,after a dog=15617; to Delano for glass=7275; to the counter with a full pack=6672; to Abra with Leather=4478; to Aislinn with Club=2952,station=16; to the counter with a full pack=2; over to Delwyn=2; to Ulwin=1; over to Jarek=1
2026-09-25_08-44,2026-09-25T13:09:30,265.15,165703,5981177397,2211297,13.34,62.44,75617,89793,293,6875,43988,2302,32,43449,0,210,31876,57780,448,331,4825323,25889,358,5908,52970,15,596,712,21,3,18,,,,,,,,261956,after a dog=15617; to Delano for glass=7275; to the counter with a full pack=6672; to Abra with Leather=4478; to Aislinn with Club=2952,station=17; to the counter with a full pack=2; over to Delwyn=2; to Ulwin=1; over to Jarek=1
2026-09-25_08-44,2026-09-25T13:14:30,270.15,167403,6006778055,2221654,13.27,62.44,77217,89884,302,6875,44008,2363,32,43484,0,209,31957,57786,463,331,4914601,26568,366,6036,53383,15,616,714,21,3,18,,,,,,,,264844,after a dog=15617; to Delano for glass=7275; to the counter with a full pack=6672; to Abra with Leather=4478; to Aislinn with Club=2952,station=17; to the counter with a full pack=2; over to Delwyn=2; to Ulwin=1; over to Jarek=1
2026-09-25_08-44,2026-09-25T13:19:30,275.15,169397,6019402161,2227062,13.15,62.44,79063,89991,343,6875,44028,2445,32,43534,0,209,32040,57797,480,331,5001281,26996,372,6134,53629,15,672,714,21,3,18,,,,,,,,268314,after a dog=15617; to Delano for glass=7275; to the counter with a full pack=6672; to Abra with Leather=4478; to Aislinn with Club=2952,station=17; to the counter with a full pack=2; over to Delwyn=2; to Ulwin=1; over to Jarek=1
2026-09-25_08-44,2026-09-25T13:24:30,280.15,170556,6027102068,2230436,13.08,62.44,80103,90097,356,6875,44040,2521,32,43610,0,209,32111,57797,481,331,5081034,27468,378,6307,53873,15,683,717,21,3,18,,,,,,,,273033,after a dog=15617; to Delano for glass=7275; to the counter with a full pack=6672; to Abra with Leather=4478; to Aislinn with Club=2952,station=17; to the counter with a full pack=2; over to Delwyn=2; to Ulwin=1; over to Jarek=1
2026-09-25_08-44,2026-09-25T13:29:30,285.15,171845,6041603035,2236748,13.02,62.44,81302,90180,363,6875,44067,2583,32,43640,0,209,32186,57805,496,331,5161957,28117,386,6387,54364,16,705,717,21,3,18,,,,,,,,281723,after a dog=15617; to Delano for glass=7275; to the counter with a full pack=6672; to Abra with Leather=4478; to Aislinn with Club=2952,station=17; to the counter with a full pack=2; over to Delwyn=2; to Ulwin=1; over to Jarek=1
2026-09-25_08-44,2026-09-25T13:34:30,290.15,172894,6051120812,2240802,12.96,62.44,82215,90251,428,6875,44080,2620,32,43659,0,209,32251,57811,504,331,5237143,28422,394,6440,54459,16,720,717,21,3,18,,,,,,,,287690,after a dog=15617; to Delano for glass=7275; to the counter with a full pack=6672; to Abra with Leather=4478; to Aislinn with Club=2952,station=17; to the counter with a full pack=2; over to Delwyn=2; to Ulwin=1; over to Jarek=1
2026-09-25_08-44,2026-09-25T13:39:30,295.15,173851,6061606553,2245177,12.91,62.44,82986,90336,529,6875,44105,2640,32,43683,0,210,32325,57822,515,331,5304182,28660,397,6495,54570,17,733,717,21,3,18,,,,,,,,293917,after a dog=15617; to Delano for glass=7275; to the counter with a full pack=6672; to Abra with Leather=4478; to Aislinn with Club=2952,station=17; to the counter with a full pack=2; over to Delwyn=2; over to Ulla Ashdown=1; over to Wystan=1
2026-09-25_08-44,2026-09-25T13:44:30,300.15,175408,6071080176,2249310,12.82,62.44,84401,90395,612,6875,44118,2666,32,43706,0,211,32383,57823,516,331,5372702,29165,404,6565,54930,17,734,717,21,3,18,,,,,,,,296349,after a dog=15617; to Delano for glass=7275; to the counter with a full pack=6672; to Abra with Leather=4478; to Aislinn with Club=2952,station=17; to the counter with a full pack=2; over to Delwyn=2; over to Ulla Ashdown=1; over to Wystan=1
2026-09-25_08-44,2026-09-25T13:49:30,305.15,176928,6085525005,2254990,12.75,62.44,85798,90509,621,6875,44174,2685,32,43759,0,213,32409,57905,520,333,5449739,29669,412,6651,55067,17,743,717,21,3,18,,,,,,,,299716,after a dog=15617; to Delano for glass=7275; to the counter with a full pack=6673; to Abra with Leather=4478; to Aislinn with Club=2952,station=17; to the counter with a full pack=2; over to Delwyn=2; over to Ulla Ashdown=1; over to Wystan=1
2026-09-25_08-44,2026-09-25T13:54:30,310.15,177953,6091045068,2257433,12.69,62.44,86758,90567,628,6875,44217,2722,32,43788,0,213,32462,57910,528,333,5507052,30350,417,6889,55203,18,753,750,21,3,18,,,,,,,,302689,after a dog=15617; to Delano for glass=7275; to the counter with a full pack=6673; to Abra with Leather=4478; to Aislinn with Club=2952,station=18; to the counter with a full pack=2; over to Delwyn=2; over to Ulla Ashdown=1; over to Wystan=1
2026-09-25_08-44,2026-09-25T13:59:30,315.15,179081,6095084152,2259432,12.62,62.44,87827,90593,661,6875,44220,2741,32,43802,0,213,32480,57910,529,333,5568732,30836,421,7016,55423,18,772,752,21,3,18,,,,,,,,308388,after a dog=15617; to Delano for glass=7275; to the counter with a full pack=6673; to Abra with Leather=4478; to Aislinn with Club=2952,station=18; to the counter with a full pack=2; over to Delwyn=2; over to Ulla Ashdown=1; over to Wystan=1
2026-09-25_08-44,2026-09-25T14:04:30,320.15,182085,6107463061,2264975,12.44,62.44,90259,91142,684,6875,44412,3267,32,44085,0,212,33007,57915,535,333,5634845,33376,426,8099,56736,19,785,921,21,3,18,,,,,,,,312809,after a dog=15617; to Delano for glass=7275; to the counter with a full pack=6673; to Abra with Leather=4478; to Aislinn with Club=2952,station=19; to the counter with a full pack=2; over to Delwyn=2; over to Ulla Ashdown=1; over to Wystan=1
2026-09-25_08-44,2026-09-25T14:09:30,325.15,188361,6243823455,2319790,12.32,62.44,94036,93426,899,7019,45521,3986,32,45213,0,209,34547,58648,545,342,5699196,37787,430,9731,59364,22,1000,1254,22,3,19,,,,,,,,316832,after a dog=15986; to Delano for glass=7275; to the counter with a full pack=7073; to Abra with Leather=4478; to Aislinn with Club=2952,station=22; to the counter with a full pack=3; over to Delwyn=2; over to Ulla Ashdown=1; over to Wystan=1
2026-09-25_08-44,2026-09-25T14:14:30,330.15,193649,6321538370,2350609,12.14,62.44,97603,95059,987,7020,46303,4710,32,46052,0,206,35735,59093,550,343,5762256,42477,436,11670,61892,22,1092,1576,22,3,19,,,,,,,,318127,after a dog=16330; to Delano for glass=7275; to the counter with a full pack=7073; to Abra with Leather=4478; to Aislinn with Club=2952,station=22; to the counter with a full pack=3; over to Delwyn=2; over to Ulla Ashdown=1; over to Wystan=1
2026-09-25_08-44,2026-09-25T14:19:30,335.15,197375,6473615693,2411860,12.22,62.44,99267,97121,987,7020,47339,4896,32,47036,0,203,36868,60022,553,345,5845220,44110,439,12172,63364,24,1093,1655,22,3,19,,,,,,,,319035,after a dog=16959; to the counter with a full pack=7373; to Delano for glass=7275; to Abra with Leather=4478; to Aislinn with Club=2952,station=22; to the counter with a full pack=3; over to Delwyn=2; to Jarek Ashdown=2; over to Jarek=1
2026-09-25_08-44,2026-09-25T14:24:30,340.15,200479,6616671677,2469033,12.32,62.44,100287,99199,993,7172,48340,4956,32,48071,0,200,38007,60961,564,346,5925536,44887,447,12328,64696,24,1108,1655,22,3,19,,,,,,,,320443,after a dog=17764; to the counter with a full pack=7554; to Delano for glass=7275; to Abra with Leather=4478; to Aislinn with Club=2952,station=22; to the counter with a full pack=3; over to Delwyn=2; to Jarek Ashdown=2; over to Jarek=1
2026-09-25_08-44,2026-09-25T14:29:30,345.15,204421,6780891823,2534940,12.4,62.44,102071,101355,995,7172,49382,5037,32,49165,0,197,39133,61991,573,348,5999552,45599,455,12504,65956,24,1117,1660,22,3,19,,,,,,,,322222,after a dog=18484; to the counter with a full pack=7861; to Delano for glass=7275; to Abra with Leather=4478; to Aislinn with Club=2952,station=22; to the counter with a full pack=3; over to Delwyn=2; to Jarek Ashdown=2; over to Jarek=1
2026-09-25_08-44,2026-09-25T14:34:31,350.17,206917,6923076342,2590784,12.52,62.44,103149,102772,996,7172,50080,5062,32,49863,0,196,39869,62672,582,350,6074932,45946,461,12581,66787,24,1124,1667,22,3,19,,,,,,,,323761,after a dog=18484; to the counter with a full pack=8542; to Delano for glass=7275; to Abra with Leather=4478; to Aislinn with Club=2952,station=22; to the counter with a full pack=3; over to Delwyn=2; to Jarek Ashdown=2; over to Jarek=1
2026-09-25_08-44,2026-09-25T14:39:31,355.17,209592,7024089853,2632246,12.56,62.44,104363,104233,996,7172,50812,5077,32,50584,0,194,40613,63388,586,351,6144459,46302,463,12668,67590,24,1127,1669,22,3,19,,,,,,,,326067,after a dog=19198; to the counter with a full pack=8542; to Delano for glass=7275; to Abra with Leather=4478; to Aislinn with Club=2952,station=22; to the counter with a full pack=3; over to Delwyn=2; to Jarek Ashdown=2; over to Jarek=1
2026-09-25_08-44,2026-09-25T14:44:31,360.17,216107,7308201330,2740316,12.68,62.44,107010,108100,997,7916,52615,5332,32,52586,0,191,42626,65242,602,355,6227278,47216,469,13008,69957,25,1138,1685,22,3,19,,,,,,,,328183,after a dog=19911; to the counter with a full pack=9290; to Delano for glass=7275; to Abra with Leather=4478; to Aislinn with Club=2952,station=22; to the counter with a full pack=3; over to Delwyn=2; to Jarek Ashdown=2; over to Ivo=1
2026-09-25_08-44,2026-09-25T14:49:31,365.17,219452,7484493147,2810014,12.8,62.44,108071,110384,997,7916,53734,5337,32,53695,0,189,43691,66461,606,357,6305218,47419,479,13062,71158,26,1139,1685,22,3,19,,,,,,,,331613,after a dog=20625; to the counter with a full pack=9577; to Delano for glass=7275; to Abra with Leather=4478; to Aislinn with Club=2952,station=22; to the counter with a full pack=3; to Jarek Ashdown=2; over to Delwyn=2; over to Ivo=1
2026-09-25_08-44,2026-09-25T14:54:31,370.17,222391,7614388690,2861817,12.87,62.44,109433,111961,997,7916,54509,5360,32,54485,0,188,44497,67232,610,359,6381481,47794,483,13162,72044,26,1141,1686,22,3,19,,,,,,,,333594,after a dog=21110; to the counter with a full pack=9863; to Delano for glass=7275; to Abra with Leather=4478; to Aislinn with Club=2952,station=22; to the counter with a full pack=3; to Jarek Ashdown=2; over to Delwyn=2; over to Ivo=1
2026-09-25_08-44,2026-09-25T14:59:31,375.17,225733,7679308078,2886395,12.79,62.44,111840,112895,998,7916,54976,5376,32,54943,0,188,44766,67897,616,360,6445971,48328,484,13247,72583,27,1146,1686,22,3,19,,,,,,,,335021,after a dog=21343; to the counter with a full pack=10022; to Delano for glass=7275; to Abra with Leather=4478; to Aislinn with Club=2952,station=22; to the counter with a full pack=3; over to Delwyn=2; to Jarek Ashdown=2; over to Rowan Ashdown=1
2026-09-25_08-44,2026-09-25T15:04:31,380.17,227854,7700406519,2893787,12.7,62.44,113625,113230,999,7916,55145,5395,32,55095,0,188,44821,68177,621,360,6518814,48879,487,13325,72974,28,1152,1686,22,3,19,,,,,,,,336905,after a dog=21343; to the counter with a full pack=10162; to Delano for glass=7275; to Abra with Leather=4478; to Aislinn with Club=2952,station=22; to the counter with a full pack=3; over to Delwyn=2; to Jarek Ashdown=2; over to Yarrow=1
2026-09-25_08-44,2026-09-25T15:09:31,385.17,231520,7917439801,2980573,12.87,62.44,114582,115938,1000,7916,56466,5482,32,56472,0,186,46234,69472,630,363,6599551,49218,491,13432,74453,28,1159,1686,22,3,19,,,,,,,,338370,after a dog=22057; to the counter with a full pack=10742; to Delano for glass=7275; to Abra with Leather=4478; to Aislinn with Club=2952,station=22; to the counter with a full pack=3; over to Delwyn=2; to Jarek Ashdown=2; over to Yarrow=1
2026-09-25_08-44,2026-09-25T15:14:31,390.17,234741,8022176427,3023735,12.88,62.44,116319,117422,1000,7916,57207,5501,32,57209,0,184,46991,70199,635,364,6670783,49563,496,13498,75255,28,1163,1686,22,3,19,,,,,,,,340365,after a dog=22771; to the counter with a full pack=10755; to Delano for glass=7275; to Abra with Leather=4478; to Aislinn with Club=2952,station=22; to the counter with a full pack=3; over to Delwyn=2; to Jarek Ashdown=2; over to Yarrow=1
2026-09-25_15-18,2026-09-25T15:23:54,5.1,3257,30992315,13050,4.01,60.41,2934,303,20,6,146,70,32,163,0,88,204,99,3,6,96400,950,6,174,407,1,22,5,0,0,0,,,,,,,,227,looking for a fight=100; over to Selwyn=11; over to Brannoc Ashdown=10; over to Dain=10; to a fire=5,over to Selwyn=1
2026-09-25_15-18,2026-09-25T15:28:54,10.1,4926,38063589,16309,3.31,61.96,4551,355,20,6,168,104,32,180,0,87,250,105,11,19,181306,1088,13,217,460,2,30,5,0,0,0,,,,,,,,1684,looking for a fight=100; over to Selwyn=11; over to Calla Ashdown=11; over to Brannoc Ashdown=10; over to Dain=10,over to Selwyn=1; over to Calla Ashdown=1
2026-09-25_15-18,2026-09-25T15:33:54,15.1,6230,65672246,27521,4.42,64.15,5582,628,20,6,297,155,32,307,0,93,417,211,25,24,260227,1317,15,290,666,3,43,5,0,0,0,,,,,,,,2738,looking for a fight=200; over to Calla Ashdown=22; up to the rock=15; over to Selwyn=11; over to Dain=10,over to Calla Ashdown=2; over to Selwyn=1
2026-09-25_15-35,2026-09-25T15:40:05,5.07,3609,64798130,24576,6.81,60.42,2663,917,29,293,512,29,32,437,0,136,441,471,12,28,92795,441,10,118,646,7,27,3,1,1,0,,,,,,,,6064,looking for a fight=413; over to Dain=18; over to Brannoc Ashdown=11; over to Harlan=11; over to Garrow=11,over to Harlan=1; over to Brannoc Ashdown=1; over to Garrow=1; over to Ivo=1; over to Otho=1
2026-09-25_15-35,2026-09-25T15:45:05,10.07,6045,75180867,29275,4.84,60.42,5002,1011,32,293,554,84,32,474,0,128,520,482,28,28,174874,1163,12,184,1121,8,46,3,1,1,0,,,,,,,,9486,looking for a fight=414; over to Dain=18; over to Brannoc Ashdown=11; over to Harlan=11; over to Garrow=11,over to Harlan=1; over to Brannoc Ashdown=1; over to Garrow=1; over to Ivo=1; over to Otho=1
2026-09-25_15-35,2026-09-25T15:50:05,15.07,8184,132052029,48827,5.97,60.42,6128,1946,110,293,986,160,32,959,0,146,718,1207,38,46,249803,1504,14,310,1725,8,106,6,2,2,0,,,,,,,,11845,"looking for a fight=514; to the square at 1305,1425=301; to where they are kept=20; over to Dain=18; to Kelda Ashdown=11",over to Harlan=1; over to Brannoc Ashdown=1; over to Garrow=1; over to Ivo=1; over to Otho=1
2026-09-25_15-35,2026-09-25T15:55:06,20.08,11389,210142655,76086,6.68,60.42,8171,3108,110,293,1473,356,32,1587,0,141,1109,1978,61,48,323155,2101,23,494,2666,8,127,7,2,2,0,,,,,,,,12968,"looking for a fight=514; to the square at 1305,1425=301; to the square at 1275,1425=300; to where they are kept=183; over to Dain=18",over to Harlan=1; over to Brannoc Ashdown=1; over to Garrow=1; over to Ivo=1; over to Otho=1
2026-09-25_15-35,2026-09-25T16:00:06,25.08,14158,233327578,85577,6.04,60.42,10785,3251,122,294,1535,398,32,1647,0,139,1207,2022,73,48,419309,2511,26,572,2869,9,151,7,2,2,0,,,,,,,,14443,"looking for a fight=515; to the square at 1305,1425=301; to the square at 1275,1425=300; to where they are kept=218; up to the rock=23",over to Harlan=1; over to Brannoc Ashdown=1; over to Garrow=1; over to Ivo=1; over to Otho=1
2026-09-25_15-35,2026-09-25T16:05:06,30.08,15931,245940490,91087,5.72,60.42,12453,3356,122,294,1576,462,32,1686,0,138,1301,2033,92,48,494274,2742,31,629,2946,10,170,7,2,2,0,,,,,,,,15784,"looking for a fight=517; to the square at 1305,1425=301; to the square at 1275,1425=300; to where they are kept=218; up to the rock=31",over to Harlan=1; over to Brannoc Ashdown=1; over to Garrow=1; over to Ivo=1; over to Otho=1
2026-09-25_16-05,2026-09-25T16:10:54,5.08,5719,69742707,25849,4.52,61.77,4150,1407,162,33,546,369,32,832,0,509,94,964,7,21,60414,3655,10,1155,2437,0,127,53,0,0,0,,,,,,,,16937,out to the woods for herbs=299; looking for a fight=112; to the corpse=77; up to the rock=2; after a zombie=1,
2026-09-25_16-05,2026-09-25T16:15:54,10.08,9935,127491023,55319,5.57,61.77,7397,2322,216,33,974,1084,32,1341,0,321,800,1055,11,22,130192,5253,12,1624,3622,1,170,80,0,0,0,,,,,,,,23378,out to the woods for herbs=299; after reagents=282; looking for a fight=202; to the corpse=77; over to Emrys Ashdown=11,over to Emrys Ashdown=1
2026-09-25_16-05,2026-09-25T16:20:54,15.08,14249,143378614,61712,4.33,61.77,11064,2928,257,33,1187,1415,32,1762,0,274,853,1310,16,23,197126,7141,14,2314,4761,2,199,122,0,0,0,,,,,,,,53113,out to the woods for herbs=299; after reagents=282; looking for a fight=202; to where they are kept=127; to the corpse=77,"over to Emrys Ashdown=1; to the square at 1455,1335=1"
2026-09-25_16-05,2026-09-25T16:25:54,20.08,19222,300811649,115905,6.03,61.77,13458,5375,389,38,2325,1698,32,3068,0,937,935,3444,30,27,253415,9241,29,2851,7023,5,334,149,0,0,0,,,,,,,,84723,to the corpse=675; out to the woods for herbs=299; to where they are kept=299; to the counter with a full pack=293; after reagents=282,"over to Emrys Ashdown=1; to the square at 1455,1335=1; over to Dain=1; fight=1"
2026-09-25_16-05,2026-09-25T16:30:54,25.08,22681,338466912,129737,5.72,63.04,15534,6690,457,38,2885,2002,32,3835,0,813,1125,4438,49,43,305759,11554,34,3363,8421,8,405,155,0,0,0,,,,,,,,109345,to the corpse=675; to the counter with a full pack=586; looking for a fight=400; out to the woods for herbs=299; to where they are kept=299,"over to Emrys Ashdown=1; to the square at 1455,1335=1; over to Dain=1; fight=1; to Dain=1"
2026-09-25_16-05,2026-09-25T16:35:54,30.08,25188,350426897,135008,5.36,63.04,17776,6895,517,38,2955,2165,32,3964,0,790,1299,4453,76,44,366918,13059,40,3727,9085,9,480,178,0,0,0,,,,,,,,140522,to the corpse=675; to the counter with a full pack=586; looking for a fight=400; to where they are kept=299; out to the woods for herbs=299,"over to Emrys Ashdown=1; to the square at 1455,1335=1; over to Dain=1; fight=1; to Dain=1"
2026-09-25_16-05,2026-09-25T16:40:54,35.08,27238,354072800,136918,5.03,63.04,19504,7085,649,38,3030,2341,32,4101,0,769,1326,4454,79,44,402652,14987,43,4202,9667,10,591,212,0,0,0,,,,,,,,207687,to the corpse=675; to the counter with a full pack=586; looking for a fight=400; out to the woods for herbs=299; to where they are kept=299,"fight=2; over to Emrys Ashdown=1; to the square at 1455,1335=1; over to Dain=1; to Dain=1"
2026-09-25_16-05,2026-09-25T16:45:54,40.08,29815,363722725,141513,4.75,63.04,21722,7319,774,38,3124,2569,32,4282,0,744,1339,4454,81,44,459961,16589,51,4741,10435,11,677,277,0,0,0,,,,,,,,254328,to the corpse=675; to the counter with a full pack=587; looking for a fight=400; out to the woods for herbs=300; to where they are kept=299,"fight=2; station=2; over to Emrys Ashdown=1; to the square at 1455,1335=1; over to Dain=1"
2026-09-25_16-05,2026-09-25T16:50:54,45.08,31575,370594547,144928,4.59,63.04,23167,7527,881,38,3160,2755,32,4453,0,726,1395,4454,91,44,512379,17964,53,5069,10874,13,776,281,0,0,0,,,,,,,,298430,to the corpse=675; to the counter with a full pack=587; looking for a fight=400; out to the woods for herbs=300; to where they are kept=299,"fight=2; station=2; over to Emrys Ashdown=1; to the square at 1455,1335=1; over to Dain=1"
2026-09-25_16-51,2026-09-25T16:56:33,5.08,4927,11034504,6528,1.32,300.03,4130,574,223,36,115,527,32,429,0,19,136,0,4,25,56580,3657,11,1186,2131,1,178,49,0,0,0,,,,,,,,99999,"to a tree=32; to Wynn Ashdown=11; to Emrys=6; fight=4; on to (5317, 1309) in the Orc Caves=3",to Wynn Ashdown=1
2026-09-25_16-58,2026-09-25T17:03:58,5.08,10795,111475564,43578,4.04,300.2,8626,2035,134,52,849,1144,32,1159,0,81,1200,711,13,15,73545,7847,6,3245,4182,8,129,418,0,0,0,,,,,,,,35218,"to the square at 1365,1335=299; looking for a fight=99; fight=13; to the muster at (1418, 1258) for the next wave=6; over to Garrow=5",station=8
2026-09-25_16-58,2026-09-25T17:08:58,10.08,24933,148893334,59619,2.39,300.2,21560,3208,165,52,1213,2245,32,1940,0,56,2075,776,24,16,184460,18574,16,6900,8478,16,160,721,0,0,0,,,,,,,,51693,"to the square at 1365,1335=299; looking for a fight=100; to the war company=28; fight=13; over to Quill Ashdown=11",station=13; over to Quill Ashdown=1
2026-09-25_16-58,2026-09-25T17:13:58,15.08,39339,233714042,90753,2.31,300.2,32611,6510,218,52,2716,3887,32,3859,0,159,3730,2413,40,34,289146,28972,22,10974,14432,26,214,1245,0,0,0,,,,,,,,55360,"to the muster at (1778, 1492) for the next wave=449; to the counter with a full pack=299; to the square at 1365,1335=299; looking for a fight=101; to the war company=87",station=17; at Selwyn of the enemy=3; over to Quill Ashdown=1; to Ulla Ashdown=1; over to Kerrin Ashdown=1
2026-09-25_16-58,2026-09-25T17:18:58,20.08,49846,326064924,130632,2.62,300.2,40857,8720,269,309,3667,4833,32,5055,0,172,4663,3539,70,38,406666,35704,30,13531,18299,29,277,1469,0,0,0,,,,,,,,82585,"to the counter with a full pack=592; to the muster at (1778, 1492) for the next wave=449; looking for a fight=361; to the square at 1365,1335=299; to the war company=87",station=17; at Selwyn of the enemy=3; over to Quill Ashdown=1; to Ulla Ashdown=1; over to Kerrin Ashdown=1
2026-09-25_16-58,2026-09-25T17:23:58,25.08,59630,375326084,151124,2.53,300.2,49012,10265,353,309,4522,5479,32,5878,0,180,5219,4408,86,42,524317,41107,42,15635,21279,33,359,1726,1,0,1,,,,,,,,105098,"to the counter with a full pack=886; looking for a fight=499; to the muster at (1778, 1492) for the next wave=449; to the square at 1365,1335=299; to the war company=87",station=18; at Selwyn of the enemy=3; to Ronan Ashdown=2; over to Quill Ashdown=1; to Ulla Ashdown=1
2026-09-26_01-08,2026-09-26T01:13:55,5.1,2735,50218421,17405,6.36,60.62,1600,1105,30,1,548,155,32,596,0,332,136,921,17,1,37887,824,2,344,920,1,45,6,0,0,0,,,,,,,,3217,to Delano for glass=456; to Alden=11; to the BronzeOre=6; to Ronan=6; to the IronOre=4,to Alden=1
2026-09-26_01-08,2026-09-26T01:18:55,10.1,6453,113481034,39147,6.07,60.62,3826,2552,75,5,1315,507,32,1355,0,313,257,2004,21,20,67548,2237,5,934,2232,2,75,97,0,0,0,,,,,,,,7303,to Delano for glass=998; to a tree=48; fight=12; to Alden=11; to Ronan=9,to Alden=1; fight=1
2026-09-26_01-08,2026-09-26T01:23:55,15.1,9676,169650640,56639,5.85,60.62,5788,3793,95,5,2010,654,32,2030,0,325,390,3089,21,20,105835,3176,7,1310,3252,2,95,122,0,0,0,,,,,,,,10076,to Delano for glass=1540; to a tree=48; fight=12; to Alden=11; to Ronan=9,to Alden=1; fight=1
2026-09-26_01-08,2026-09-26T01:28:55,20.1,13532,223637276,73904,5.46,60.62,8261,5150,121,51,2641,961,32,2790,0,323,485,4076,26,21,152343,4699,8,1920,4569,2,119,165,0,0,0,,,,,,,,12776,to Delano for glass=1793; to Vaughn for glass=238; to a tree=48; fight=13; to Alden=11,to Alden=1; fight=1
2026-09-26_01-08,2026-09-26T01:33:55,25.1,18032,299845017,101224,5.61,121.57,11977,5909,146,51,2983,1113,32,3211,0,300,578,4669,29,23,207700,5800,10,2297,5351,2,142,195,0,0,0,,,,,,,,18054,to Delano for glass=1793; out to the woods for herbs=301; to Vaughn for glass=238; to a tree=48; fight=15,to Alden=1; fight=1
2026-09-26_01-35,2026-09-26T01:40:55,5.08,3273,51667243,17178,5.25,90.81,2128,1131,14,22,545,158,32,586,0,336,120,944,4,25,46269,950,1,231,847,1,7,6,0,0,0,,,,,,,,9366,to Delano for glass=471; to a tree=39; to Ronan=11; to Vesna=10; to Ulwin=2,to Ronan=1
2026-09-26_01-48,2026-09-26T01:53:16,5.08,5446,43164513,15075,2.77,60.71,4601,771,74,17,300,252,32,460,0,194,67,475,3,20,46185,2128,1,755,1213,1,61,32,1,1,0,,,,,,,,10246,to Rance for a scroll=131; out to the woods for herbs=109; fight=16; to Neriah=7; after a timber wolf=1,fight=1
2026-09-26_01-55,2026-09-26T02:00:55,5.08,4819,55287867,17254,3.58,61.1,3162,1493,164,15,606,383,32,916,0,293,105,1075,4,21,41402,1963,11,786,1683,4,159,9,0,0,0,,,,,,,,31543,to Rance for a scroll=353; to Delano for glass=189; to Wystan=47; fight=6; looking for a line on a wraith=1,to Wystan=4
2026-09-26_02-10,2026-09-26T02:15:55,5.08,3047,4545842,3079,1.01,150.02,2653,228,166,0,108,195,32,169,0,54,34,9,3,15,40918,1079,8,368,641,5,157,29,1,0,1,,,,,,,,15610,to Torvin=40; to Kelda=16; to Ulla=11; to Rance for a scroll=6; to Perri=3,to Torvin=3; to Kelda=1; to Ulla=1; walking Stacey home=1
2026-09-26_02-33,2026-09-26T02:38:33,5.08,3216,53415265,21939,6.82,158.95,1972,1174,70,10,537,549,32,699,0,161,326,586,2,15,35140,1729,2,502,1184,7,33,5,0,0,0,,,,,,,,21005,out to the woods for herbs=298; after reagents=140; to Edda=43; to Maeve=22; fight=16,to Edda=3; to Maeve=2; to Kelda=1; fight=1
2026-09-26_02-42,2026-09-26T02:47:06,5.07,3889,63459942,19853,5.1,114.29,2424,1408,57,9,652,134,32,751,0,363,47,1242,1,17,42479,761,2,252,999,2,20,1,0,0,0,,,,,,,,10653,to Rance for a scroll=621; to Torvin=11; to Neriah=11; to a fire=4; fight=2,to Torvin=1; to Neriah=1
2026-09-26_02-42,2026-09-26T02:52:06,10.07,8569,129417025,40882,4.77,114.29,5592,2825,152,9,1290,447,32,1511,0,342,255,2330,7,23,80922,1598,4,527,2028,2,58,23,0,0,0,,,,,,,,39150,to Rance for a scroll=1164; after reagents=63; to Torvin=13; to Neriah=11; fight=8,to Torvin=1; to Neriah=1
2026-09-26_02-42,2026-09-26T02:57:06,15.07,12142,156613501,50525,4.16,114.29,8602,3325,215,9,1549,562,32,1765,0,344,371,2703,8,23,116151,2228,6,652,2426,4,68,28,0,0,0,,,,,,,,67782,to Rance for a scroll=1350; after reagents=108; fight=19; to Torvin=13; to Neriah=11,to Torvin=1; to Neriah=1; to Orin=1; fight=1
2026-09-26_02-42,2026-09-26T03:02:07,20.08,15571,159492921,51879,3.33,114.29,11788,3523,260,9,1585,756,32,1949,0,326,400,2704,9,23,151368,3579,7,1145,3086,5,88,47,0,0,0,,,,,,,,98907,to Rance for a scroll=1350; after reagents=108; fight=24; to Orin=22; to Torvin=13,to Orin=2; to Torvin=1; to Neriah=1; fight=1
2026-09-26_02-42,2026-09-26T03:07:07,25.08,18418,163316171,53597,2.91,114.29,14472,3604,342,9,1588,822,32,2010,0,331,421,2704,11,23,182611,4413,10,1360,3451,5,124,48,0,0,0,,,,,,,,130808,to Rance for a scroll=1350; after reagents=108; fight=24; to Orin=22; to Torvin=13,to Orin=2; to Torvin=1; to Neriah=1; fight=1
2026-09-26_02-42,2026-09-26T03:12:07,30.08,20895,168721198,55932,2.68,114.29,16822,3655,418,9,1622,848,32,2034,0,346,454,2705,12,23,221786,5018,11,1515,3624,7,139,51,0,0,0,,,,,,,,132651,to Rance for a scroll=1350; after reagents=108; fight=24; to Orin=22; to Maeve=19,to Orin=2; to Torvin=1; to Neriah=1; fight=1; to Talia=1
2026-09-26_02-42,2026-09-26T03:17:07,35.08,22768,172157003,57482,2.52,114.29,18630,3704,434,9,1631,892,32,2076,0,343,503,2705,13,23,256178,5648,16,1673,3851,7,141,57,0,0,0,,,,,,,,139505,to Rance for a scroll=1350; after reagents=108; fight=24; to Orin=22; to Maeve=19,to Orin=2; to Torvin=1; to Neriah=1; fight=1; to Talia=1
2026-09-26_02-42,2026-09-26T03:22:07,40.08,24392,175282287,58879,2.41,114.29,20164,3787,441,9,1667,965,32,2150,0,336,538,2705,14,23,291795,6404,18,1980,4220,10,149,81,0,0,0,,,,,,,,155582,to Rance for a scroll=1350; after reagents=108; fight=24; to Orin=22; to Maeve=19,to Orin=2; station=2; to Torvin=1; to Neriah=1; fight=1
2026-09-26_03-26,2026-09-26T03:31:58,5.08,2434,13345268,5909,2.43,62.25,1858,504,72,0,204,482,32,300,0,26,309,0,3,25,30662,1082,0,444,732,3,65,154,0,0,0,,,,,,,,19507,to Ilsa=38; to Oswin=11; to Talia=1,to Ilsa=2; to Oswin=1
2026-09-26_03-26,2026-09-26T03:36:58,10.08,5031,15336302,7044,1.4,62.25,4382,548,101,0,211,523,32,341,0,25,312,0,3,25,64888,1872,0,738,1061,3,85,161,0,0,0,,,,,,,,39149,to Ilsa=38; to Oswin=11; to Talia=1,to Ilsa=2; to Oswin=1
2026-09-26_03-45,2026-09-26T03:50:56,5.07,1721,2556614,2002,1.16,60.6,1545,94,82,0,49,81,32,62,0,31,46,0,0,0,31736,684,0,235,273,1,65,41,0,0,0,,,,,,,,23913,to Calla=5; fight=2; to Talia=1,station=1
2026-09-26_03-45,2026-09-26T03:55:56,10.07,4566,6639476,3950,0.87,60.6,4068,371,127,0,116,355,32,297,0,11,211,0,1,0,63468,2578,0,803,1040,3,109,84,0,0,0,,,,,,,,46276,fight=18; to Calla=5; to Maeve=3; looking for a fight=2; to Talia=1,station=1; fight=1
2026-09-26_03-45,2026-09-26T04:00:56,15.07,7170,10011470,6281,0.88,316.78,6486,547,137,0,140,521,32,450,0,11,276,0,10,0,95318,3787,1,1159,1534,4,126,88,0,0,0,,,,,,,,64409,fight=19; to Maeve=14; up to the rock=6; to Calla=5; looking for a fight=2,station=1; fight=1; to Maeve=1
2026-09-26_03-45,2026-09-26T04:05:57,20.08,10143,13964539,8167,0.81,316.78,9147,785,211,0,150,745,32,629,0,12,337,0,16,0,128253,4988,3,1577,2120,4,196,89,0,0,0,,,,,,,,92599,fight=19; to Maeve=14; up to the rock=9; to Calla=5; to the DullCopperOre=4,station=1; fight=1; to Maeve=1
2026-09-26_04-07,2026-09-26T04:12:25,5.08,2237,3941059,2569,1.15,63.57,2109,115,13,0,99,102,32,92,0,26,100,0,1,0,29844,1001,1,321,371,1,7,67,0,0,0,,,,,,,,9437,fight=15; to Rowan=12; to Talia=4; round to the anvil side of the forge=1,fight=1
2026-09-26_04-15,2026-09-26T04:20:58,5.08,1613,2993810,1831,1.14,60.23,1260,292,61,0,72,275,32,202,0,9,91,0,2,0,21084,1568,0,675,856,1,53,56,0,0,0,,,,,,,,5637,fight=14; looking for a line on a wraith=1,fight=1
2026-09-26_04-15,2026-09-26T04:25:58,10.08,3235,5800841,3075,0.95,60.23,2645,517,73,0,116,497,32,389,0,6,217,0,3,0,42568,2174,1,956,1308,2,64,99,0,0,0,,,,,,,,17708,fight=14; looking for a line on a wraith=1; up to the rock=1,fight=1; station=1
2026-09-26_04-26,2026-09-26T04:31:28,5.08,1290,4597540,2670,2.07,64,1214,61,15,0,15,43,32,28,0,40,61,0,2,0,24709,618,6,83,367,1,17,2,0,0,0,,,,,,,,1077,to Orin=11; to Aislinn=1,to Orin=1
2026-09-26_04-31,2026-09-26T04:36:56,5.08,1725,1439068,991,0.57,60.49,1676,39,10,0,24,22,32,20,0,45,17,0,0,0,28731,306,0,70,88,2,1,0,0,0,0,,,,,,,,324,to Orin=12; to Nessa=11; to the DullCopperOre=1,to Orin=1; to Nessa=1
2026-09-26_04-31,2026-09-26T04:41:56,10.08,4301,2662673,1759,0.41,67.38,4245,46,10,0,24,24,32,21,0,75,24,0,0,0,59333,565,0,135,154,2,1,0,0,0,0,,,,,,,,1387,to Orin=12; to Nessa=11; to the DullCopperOre=1,to Orin=1; to Nessa=1
2026-09-26_04-31,2026-09-26T04:46:56,15.08,6346,3852801,2359,0.37,67.38,6264,70,12,0,38,44,32,40,0,55,28,0,0,0,91955,955,2,231,269,3,2,0,0,0,0,,,,,,,,5789,to Orin=12; to Cassia=12; to Nessa=11; to the DullCopperOre=1; fight=1,to Orin=1; to Nessa=1; to Cassia=1
2026-09-26_04-31,2026-09-26T04:51:56,20.08,8949,6782930,3857,0.43,67.38,8799,111,39,0,55,79,32,53,0,46,68,0,5,0,127232,1346,2,306,351,4,34,2,0,0,0,,,,,,,,6045,to Cassia=23; to Orin=12; to Nessa=11; to the AgapiteOre=2; up to the rock=2,to Cassia=2; to Nessa=1; to Orin=1
2026-09-26_04-31,2026-09-26T04:56:56,25.08,10938,8979820,4911,0.45,67.38,10762,136,40,0,59,96,32,61,0,46,93,0,9,0,158698,1732,5,396,450,4,39,2,0,0,0,,,,,,,,15250,to Cassia=23; to Orin=12; to Nessa=11; up to the rock=4; to the ShadowIronOre=3,to Cassia=2; to Nessa=1; to Orin=1
2026-09-26_04-57,2026-09-26T05:02:45,5.08,2520,4884852,2550,1.01,62.91,2440,57,23,0,14,39,32,36,0,42,26,0,1,0,29318,542,3,148,182,0,17,3,0,0,0,,,,,,,,19603,"on to (5332, 1365) in the Orc Caves=5; to Brannoc=4; to a fire=2",
2026-09-26_04-57,2026-09-26T05:07:45,10.08,4830,6321959,3390,0.7,62.91,4726,65,39,0,15,44,32,38,0,44,34,0,2,0,59655,1021,3,259,292,0,34,3,0,0,0,,,,,,,,37053,"on to (5332, 1365) in the Orc Caves=5; to Brannoc=4; to a fire=2; up to the rock=1",
2026-09-26_04-57,2026-09-26T05:12:45,15.08,6877,8346406,4416,0.64,62.91,6766,72,39,0,47,48,32,40,0,52,41,0,3,0,97952,1419,3,332,366,2,35,3,0,0,0,,,,,,,,37204,"to Delwyn=31; on to (5332, 1365) in the Orc Caves=5; to Brannoc=4; to a fire=2; up to the rock=2",to Delwyn=2
2026-09-26_04-57,2026-09-26T05:17:45,20.08,8804,10094672,5317,0.6,62.91,8668,93,43,0,50,62,32,46,0,49,62,0,6,0,129125,1753,3,404,441,2,42,4,0,0,0,,,,,,,,37241,"to Delwyn=31; on to (5332, 1365) in the Orc Caves=5; to Brannoc=4; up to the rock=4; to a fire=2",to Delwyn=2
2026-09-26_04-57,2026-09-26T05:22:45,25.08,10690,11449580,5993,0.56,62.91,10547,100,43,0,61,63,32,46,0,51,67,0,6,0,158372,2142,5,486,522,3,42,4,0,0,0,,,,,,,,37342,"to Delwyn=31; to Elspeth=11; on to (5332, 1365) in the Orc Caves=5; to Brannoc=4; up to the rock=4",to Delwyn=2; to Elspeth=1
2026-09-26_04-57,2026-09-26T05:27:45,30.08,12574,12977573,6748,0.54,62.91,12425,106,43,0,63,67,32,48,0,51,72,1,7,0,184455,2771,5,563,599,3,43,5,0,0,0,,,,,,,,37434,"to Delwyn=31; to Elspeth=11; on to (5332, 1365) in the Orc Caves=5; up to the rock=5; to Brannoc=4",to Delwyn=2; to Elspeth=1
2026-09-26_04-57,2026-09-26T05:32:45,35.08,14750,18267763,8970,0.61,62.91,14456,251,43,0,86,207,32,185,0,24,217,1,8,0,208785,4060,6,766,918,8,44,27,0,0,0,,,,,,,,37547,"to Delwyn=31; to Elspeth=11; up to the rock=6; on to (5332, 1365) in the Orc Caves=5; to Brannoc=4",to Delwyn=2; to Elspeth=1; station=1
2026-09-26_04-57,2026-09-26T05:37:45,40.08,17652,21801986,10406,0.59,62.91,17116,488,48,0,115,441,32,418,0,13,382,1,8,0,230228,6082,11,1123,1774,11,46,55,0,0,0,,,,,,,,40669,"to Delwyn=31; to Elspeth=11; up to the rock=6; on to (5332, 1365) in the Orc Caves=5; to Brannoc=4",to Delwyn=2; station=2; to Elspeth=1
2026-09-26_04-57,2026-09-26T05:42:45,45.08,20761,25878043,12039,0.58,62.91,19939,753,69,0,139,699,32,671,0,29,582,2,9,0,252908,7773,14,1483,2547,13,51,78,0,0,0,,,,,,,,41550,"to Delwyn=31; to Elspeth=11; up to the rock=7; on to (5332, 1365) in the Orc Caves=5; to Brannoc=4",station=3; to Delwyn=2; to Elspeth=1
2026-09-26_04-57,2026-09-26T05:47:45,50.08,23550,29116005,13404,0.57,62.91,22503,928,119,0,194,869,32,832,0,33,712,3,10,0,280371,8675,17,1777,3148,15,74,121,0,0,0,,,,,,,,42448,"to Delwyn=31; to Elspeth=11; to Alden=11; up to the rock=8; on to (5332, 1365) in the Orc Caves=5",station=4; to Delwyn=2; to Elspeth=1; to Alden=1
2026-09-26_04-57,2026-09-26T05:52:45,55.08,26369,56532940,25829,0.98,62.91,24722,1466,181,0,414,1395,32,1187,0,42,1249,3,12,16,306210,9500,22,2091,3825,18,95,171,0,0,0,,,,,,,,42829,to a tree=166; to Delwyn=31; to Elspeth=11; to Alden=11; up to the rock=8,station=7; to Delwyn=2; to Elspeth=1; to Alden=1
2026-09-26_04-57,2026-09-26T05:57:45,60.08,28500,61828842,28410,1,62.91,26766,1546,188,0,447,1473,32,1232,0,40,1329,3,13,16,330196,10016,28,2203,4119,18,96,172,0,0,0,,,,,,,,42914,to a tree=197; to Delwyn=31; to Elspeth=11; to Alden=11; up to the rock=9,station=7; to Delwyn=2; to Elspeth=1; to Alden=1
2026-09-26_04-57,2026-09-26T06:02:46,65.1,29899,62887805,28968,0.97,62.91,28154,1554,191,0,461,1477,32,1234,0,40,1336,4,14,16,351011,10346,32,2285,4237,19,100,174,0,0,0,,,,,,,,43422,to a tree=197; to Delwyn=31; to Elspeth=11; to Alden=11; to Calla=11,station=7; to Delwyn=2; to Elspeth=1; to Alden=1; to Calla=1
2026-09-26_04-57,2026-09-26T06:07:46,70.1,31129,67410997,30804,0.99,62.91,29260,1678,191,0,478,1597,32,1335,0,37,1460,4,14,16,372253,10798,34,2479,4528,19,100,191,0,0,0,,,,,,,,44888,to a tree=197; to Delwyn=31; to Elspeth=11; to Alden=11; to Calla=11,station=7; to Delwyn=2; to Elspeth=1; to Alden=1; to Calla=1
2026-09-26_04-57,2026-09-26T06:12:46,75.1,32468,69779076,31787,0.98,62.91,30583,1692,193,0,480,1607,32,1339,0,37,1472,6,16,16,393872,10922,36,2511,4562,19,104,191,0,0,0,,,,,,,,45115,to a tree=197; to Delwyn=31; up to the rock=12; to Elspeth=11; to Alden=11,station=7; to Delwyn=2; to Elspeth=1; to Alden=1; to Calla=1
2026-09-26_04-57,2026-09-26T06:17:46,80.1,34271,72056564,32796,0.96,62.91,32361,1717,193,0,493,1630,32,1360,0,37,1496,7,17,16,416461,11170,36,2580,4651,20,105,191,0,0,0,,,,,,,,45256,to a tree=197; to Delwyn=31; up to the rock=13; to Elspeth=11; to Alden=11,station=7; to Delwyn=2; to Elspeth=1; to Alden=1; to Calla=1
2026-09-26_04-57,2026-09-26T06:22:46,85.1,36645,73263571,33421,0.91,62.91,34614,1806,225,0,496,1715,32,1445,0,42,1500,7,17,16,435667,11663,38,2733,4893,20,135,194,0,0,0,,,,,,,,57461,to a tree=197; to Delwyn=31; up to the rock=13; to Elspeth=11; to Alden=11,station=7; to Delwyn=2; to Elspeth=1; to Alden=1; to Calla=1
2026-09-26_04-57,2026-09-26T06:27:46,90.1,38808,74585872,34064,0.88,62.91,36733,1819,256,0,504,1725,32,1455,0,46,1503,7,17,16,455132,12268,38,2950,5113,20,150,202,0,0,0,,,,,,,,59269,to a tree=197; to Delwyn=31; up to the rock=13; to Elspeth=11; to Alden=11,station=7; to Delwyn=2; to Elspeth=1; to Alden=1; to Calla=1
2026-09-26_04-57,2026-09-26T06:32:46,95.1,40753,75802907,34613,0.85,62.91,38641,1856,256,0,515,1761,32,1482,0,45,1539,8,18,16,479532,12664,38,3053,5236,20,151,206,0,0,0,,,,,,,,59449,to a tree=197; to Delwyn=31; up to the rock=14; to Elspeth=11; to Alden=11,station=7; to Delwyn=2; to Elspeth=1; to Alden=1; to Calla=1
2026-09-26_04-57,2026-09-26T06:37:46,100.1,43270,78919805,35883,0.83,62.91,40855,2130,285,0,660,2031,32,1619,0,39,1663,9,19,16,504232,13528,38,3384,5692,21,177,242,0,0,0,,,,,,,,64236,to a tree=197; fight=104; to Delwyn=31; up to the rock=15; to Elspeth=11,station=7; to Delwyn=2; to Elspeth=1; to Alden=1; to Calla=1
2026-09-26_04-57,2026-09-26T06:42:46,105.1,45244,80738278,36766,0.81,62.91,42764,2160,320,0,661,2059,32,1647,0,40,1665,9,19,16,532108,14093,38,3536,5869,21,207,243,0,0,0,,,,,,,,65356,to a tree=197; fight=104; to Delwyn=31; up to the rock=15; to Elspeth=11,station=7; to Delwyn=2; to Elspeth=1; to Alden=1; to Calla=1
2026-09-26_04-57,2026-09-26T06:47:46,110.1,46975,84048346,38220,0.81,62.91,44305,2307,363,0,728,2200,32,1763,0,38,1708,13,23,16,564271,14641,39,3744,6177,21,253,257,0,0,0,,,,,,,,93494,to a tree=197; fight=104; to Delwyn=31; up to the rock=17; to Elspeth=11,station=7; to Delwyn=2; to Elspeth=1; to Alden=1; to Calla=1
2026-09-26_04-57,2026-09-26T06:52:46,115.1,48043,86861289,39514,0.82,62.91,45344,2323,376,0,732,2213,32,1768,0,38,1722,14,25,16,596807,15544,49,3813,6387,21,260,258,0,0,0,,,,,,,,93859,to a tree=197; fight=104; to Delwyn=31; up to the rock=19; to Elspeth=11,station=7; to Delwyn=2; to Elspeth=1; to Alden=1; to Calla=1
2026-09-26_04-57,2026-09-26T06:57:46,120.1,49192,89299647,40648,0.83,62.91,46421,2383,388,0,750,2269,32,1820,0,37,1730,16,27,16,624648,16584,57,3939,6560,27,269,263,0,0,0,,,,,,,,97338,to a tree=197; fight=104; to Delwyn=31; up to the rock=21; to Selwyn=11,station=7; to Delwyn=2; to Elspeth=1; to Alden=1; to Calla=1
2026-09-26_04-57,2026-09-26T07:02:46,125.1,51371,111266588,49509,0.96,62.91,47811,3140,420,0,991,3026,32,2387,0,28,2298,71,32,33,647795,18932,61,4618,7799,31,285,376,0,0,0,,,,,,,,106570,to a tree=300; fight=117; to Delwyn=31; up to the rock=21; to Calla=11,station=8; to Delwyn=2; to Elspeth=1; to Alden=1; to Calla=1
2026-09-26_04-57,2026-09-26T07:07:46,130.1,54155,215566499,89399,1.65,62.91,48951,4736,468,59,1650,4568,32,3232,0,26,3241,545,64,52,667487,20361,70,4923,8938,34,324,383,1,0,1,,,,,,,,141544,to a tree=936; fight=117; to Delwyn=31; up to the rock=21; to Talia=14,station=8; to Delwyn=2; to Elspeth=1; to Alden=1; to Calla=1
2026-09-26_04-57,2026-09-26T07:12:46,135.1,58700,475695598,185700,3.16,62.91,49852,8377,471,540,3184,7563,32,4887,0,40,6221,1206,149,108,690143,20597,74,5012,10686,35,327,394,1,0,1,,,,,,,,142282,"to a tree=2296; to the muster at (1440, 1470)=162; fight=117; to Delwyn=31; up to the rock=21",station=9; to Delwyn=2; to Elspeth=1; to Alden=1; to Calla=1
2026-09-26_04-57,2026-09-26T07:17:46,140.1,61710,630449631,242196,3.92,62.91,50918,10306,486,585,4096,9489,32,5871,0,33,7722,1567,183,130,712834,21366,79,5232,11876,38,340,406,1,0,1,,,,,,,,143305,"to a tree=3179; to the muster at (1440, 1470)=162; fight=119; to Delwyn=31; up to the rock=21",station=9; to Delwyn=2; to Elspeth=1; to Alden=1; to Calla=1
2026-09-26_04-57,2026-09-26T07:22:46,145.1,66220,785188965,295209,4.46,62.91,53283,12442,495,629,5087,10997,32,6931,0,45,8950,2452,227,161,739581,22058,80,5364,13066,39,350,407,1,0,1,,,,,,,,146859,"to a tree=3847; to the muster at (1440, 1470)=461; fight=119; to Delwyn=31; to Ivo=23",station=9; to Delwyn=2; to Elspeth=1; to Alden=1; to Calla=1
2026-09-26_04-57,2026-09-26T07:27:46,150.1,69177,832310498,311609,4.5,62.91,55648,13033,496,629,5336,11586,32,7257,0,43,9230,2690,235,223,765420,23178,84,5596,13622,39,351,409,1,0,1,,,,,,,,148524,"to a tree=4094; to the muster at (1440, 1470)=461; fight=119; to Delwyn=31; to Ivo=23",station=9; to Delwyn=2; to Elspeth=1; to Alden=1; to Calla=1
2026-09-26_04-57,2026-09-26T07:32:46,155.1,71812,839399514,315703,4.4,62.91,58118,13048,646,629,5339,11599,32,7264,0,43,9243,2691,239,269,792470,23971,88,5725,13856,39,499,409,1,0,1,,,,,,,,153913,"to a tree=4094; to the muster at (1440, 1470)=461; fight=119; to Delwyn=31; up to the rock=23",station=9; to Delwyn=2; to Elspeth=1; to Alden=1; to Calla=1
2026-09-26_04-57,2026-09-26T07:37:46,160.1,74662,842166620,317356,4.25,62.91,60933,13081,648,629,5340,11630,32,7293,0,43,9248,2692,240,269,819504,25460,93,6313,14616,39,500,409,1,0,1,,,,,,,,158706,"to a tree=4094; to the muster at (1440, 1470)=461; fight=119; to Delwyn=31; up to the rock=24",station=9; to Delwyn=2; to Elspeth=1; to Alden=1; to Calla=1
2026-09-26_04-57,2026-09-26T07:42:47,165.12,77072,847058558,319906,4.15,62.91,63236,13159,677,629,5371,11708,32,7338,0,43,9309,2692,242,271,846493,25974,94,6433,14781,39,529,412,1,0,1,,,,,,,,160901,"to a tree=4122; to the muster at (1440, 1470)=461; fight=119; to Delwyn=31; up to the rock=24",station=9; to Delwyn=2; to Elspeth=1; to Alden=1; to Calla=1
2026-09-26_04-57,2026-09-26T07:47:47,170.12,79435,848980052,321088,4.04,62.91,65598,13160,677,629,5371,11708,32,7338,0,43,9310,2692,242,271,870177,26580,98,6504,14953,39,529,412,1,0,1,,,,,,,,160945,"to a tree=4122; to the muster at (1440, 1470)=461; fight=119; to Delwyn=31; up to the rock=24",station=9; to Delwyn=2; to Elspeth=1; to Alden=1; to Calla=1
2026-09-26_04-57,2026-09-26T07:52:47,175.12,81174,850303406,321903,3.97,62.91,67309,13188,677,629,5372,11735,32,7364,0,42,9314,2692,242,271,894693,26908,108,6584,15081,39,529,412,1,0,1,,,,,,,,170695,"to a tree=4122; to the muster at (1440, 1470)=461; fight=119; to Delwyn=31; up to the rock=24",station=9; to Delwyn=2; to Elspeth=1; to Alden=1; to Calla=1
2026-09-26_04-57,2026-09-26T07:57:47,180.12,83207,855152146,324177,3.9,62.91,69059,13446,702,629,5416,11988,32,7599,0,42,9357,2693,243,271,916659,28147,114,7013,15787,40,553,441,1,0,1,,,,,,,,187510,"to a tree=4122; to the muster at (1440, 1470)=461; fight=132; to Delwyn=31; up to the rock=25",station=9; to Delwyn=2; fight=2; to Elspeth=1; to Alden=1
2026-09-26_04-57,2026-09-26T08:02:47,185.12,85915,857892877,325813,3.79,62.91,71417,13751,747,629,5442,12289,32,7888,0,41,9363,2693,243,271,942053,29625,118,7437,16493,43,583,455,1,0,1,,,,,,,,207157,"to a tree=4122; to the muster at (1440, 1470)=461; fight=132; to Delwyn=31; up to the rock=25",station=9; to Delwyn=2; to Selwyn=2; fight=2; to Elspeth=1
2026-09-26_04-57,2026-09-26T08:07:47,190.12,89084,860518535,327423,3.68,62.91,74321,13980,783,629,5460,12517,32,8105,0,40,9364,2693,243,271,963407,31419,123,7831,17242,44,612,473,1,0,1,,,,,,,,235726,"to a tree=4122; to the muster at (1440, 1470)=461; fight=132; to Delwyn=31; up to the rock=25",station=9; to Delwyn=2; to Selwyn=2; fight=2; to Elspeth=1
2026-09-26_04-57,2026-09-26T08:12:47,195.12,91498,861197768,328013,3.58,62.91,76563,14036,899,629,5481,12572,32,8138,0,40,9369,2693,244,271,980714,32137,124,7941,17381,44,725,493,1,0,1,,,,,,,,249800,"to a tree=4122; to the muster at (1440, 1470)=461; fight=132; to Delwyn=31; up to the rock=26",station=9; to Delwyn=2; to Selwyn=2; fight=2; to Elspeth=1
2026-09-26_04-57,2026-09-26T08:17:47,200.12,93789,867184529,330998,3.53,62.91,78740,14128,921,629,5514,12660,32,8191,0,40,9461,2693,246,272,1006523,32782,129,8007,17501,44,747,493,1,0,1,,,,,,,,252558,"to a tree=4155; to the muster at (1440, 1470)=461; fight=132; to Delwyn=31; up to the rock=26",station=9; to Delwyn=2; to Selwyn=2; fight=2; to Elspeth=1
2026-09-26_04-57,2026-09-26T08:22:47,205.12,96452,868257627,331830,3.44,62.91,81313,14207,932,629,5532,12734,32,8264,0,40,9467,2693,246,272,1028066,33896,134,8262,17911,45,753,494,1,0,1,,,,,,,,271053,"to a tree=4155; to the muster at (1440, 1470)=461; fight=143; to Delwyn=31; up to the rock=26",station=9; fight=3; to Delwyn=2; to Selwyn=2; to Elspeth=1
2026-09-26_04-57,2026-09-26T08:27:47,210.12,98997,869660788,332761,3.36,62.91,83777,14268,952,629,5534,12795,32,8323,0,39,9470,2694,247,272,1051731,35228,135,8401,18111,45,758,495,1,0,1,,,,,,,,287413,"to a tree=4155; to the muster at (1440, 1470)=461; fight=143; to Delwyn=31; up to the rock=27",station=9; fight=3; to Delwyn=2; to Selwyn=2; to Elspeth=1
2026-09-26_04-57,2026-09-26T08:32:47,215.12,100576,874020069,335020,3.33,62.91,85154,14452,970,629,5606,12977,32,8452,0,39,9515,2694,249,273,1076115,35878,139,8656,18494,47,772,526,1,0,1,,,,,,,,299189,"to a tree=4173; to the muster at (1440, 1470)=461; fight=143; to Delwyn=31; up to the rock=27",station=9; fight=3; to Delwyn=2; to Selwyn=2; to Elspeth=1
2026-09-26_04-57,2026-09-26T08:37:47,220.12,102176,876452071,336335,3.29,62.91,86652,14509,1015,629,5632,13032,32,8495,0,39,9540,2695,251,273,1098949,36285,140,8817,18685,48,818,531,1,0,1,,,,,,,,319061,"to a tree=4182; to the muster at (1440, 1470)=461; fight=143; to Delwyn=31; up to the rock=28",station=9; fight=3; to Delwyn=2; to Hollis=2; to Selwyn=2
2026-09-26_04-57,2026-09-26T08:42:47,225.12,103224,880159655,338341,3.28,62.91,87640,14554,1030,629,5656,13073,32,8515,0,39,9544,2695,251,273,1121778,36659,144,8907,18891,48,820,552,1,0,1,,,,,,,,327530,"to a tree=4182; to the muster at (1440, 1470)=461; fight=146; to Delwyn=31; up to the rock=28",station=9; fight=3; to Delwyn=2; to Hollis=2; to Selwyn=2
2026-09-26_04-57,2026-09-26T08:47:47,230.12,105536,915351835,355040,3.36,62.91,89183,15292,1061,629,5927,13810,32,9032,0,37,9992,2695,253,274,1144700,38412,150,9316,20052,51,844,554,1,0,1,,,,,,,,346361,"to a tree=4400; to the muster at (1440, 1470)=461; fight=146; to Ulla=65; to Delwyn=31",station=9; fight=3; to Ulla=3; to Delwyn=2; to Hollis=2
2026-09-26_04-57,2026-09-26T08:52:47,235.12,106595,919808988,357412,3.35,62.91,90131,15352,1112,629,5949,13867,32,9089,0,37,9995,2695,253,274,1168072,40116,155,9454,20350,61,895,565,1,0,1,,,,,,,,370379,"to a tree=4400; to the muster at (1440, 1470)=461; fight=146; to Ulla=65; to Hollis=33",station=10; to Hollis=3; fight=3; to Ulla=3; to Delwyn=2
2026-09-26_04-57,2026-09-26T08:57:47,240.12,107928,922576040,358785,3.32,62.91,91422,15368,1138,629,5964,13882,32,9104,0,37,9998,2695,253,274,1194211,41282,158,9551,20489,67,915,567,1,0,1,,,,,,,,375033,"to a tree=4400; to the muster at (1440, 1470)=461; fight=146; to Ulla=65; to Hollis=33",station=10; fight=3; to Ulla=3; to Hollis=3; to Selwyn=2
2026-09-26_04-57,2026-09-26T09:02:47,245.12,110504,927080164,361338,3.27,62.91,93896,15450,1158,629,5984,13962,32,9182,0,37,10039,2696,254,274,1223875,42627,163,9719,20899,69,933,575,1,0,1,,,,,,,,383143,"to a tree=4400; to the muster at (1440, 1470)=461; fight=157; to Ulla=65; to Hollis=33",station=10; fight=4; to Ulla=3; to Hollis=3; to Selwyn=2
2026-09-26_04-57,2026-09-26T09:07:47,250.12,113466,935607954,365619,3.22,62.91,96710,15559,1197,629,6040,14070,32,9234,0,37,10145,2696,259,277,1248476,44285,166,9813,21144,70,967,575,1,0,1,,,,,,,,391627,"to a tree=4445; to the muster at (1440, 1470)=461; fight=157; to Ulla=65; to Hollis=33",station=10; fight=4; to Ulla=3; to Hollis=3; to Brannoc=2
2026-09-26_04-57,2026-09-26T09:12:47,255.12,115572,943300441,369438,3.2,62.91,98683,15692,1197,629,6088,14202,32,9313,0,36,10278,2696,264,280,1273360,44812,170,9899,21310,72,967,578,1,0,1,,,,,,,,395945,"to a tree=4490; to the muster at (1440, 1470)=461; fight=157; to Ulla=65; to Hollis=33",station=10; fight=4; to Ulla=3; to Hollis=3; to Brannoc=2
2026-09-26_04-57,2026-09-26T09:17:47,260.12,118160,945905589,370932,3.14,62.91,101264,15699,1197,629,6089,14207,32,9315,0,36,10284,2697,265,280,1304837,45198,179,9940,21435,73,968,578,1,0,1,,,,,,,,399169,"to a tree=4490; to the muster at (1440, 1470)=461; fight=157; to Ulla=65; to Hollis=33",station=10; fight=4; to Ulla=3; to Hollis=3; to Brannoc=2
2026-09-26_04-57,2026-09-26T09:22:47,265.12,120877,960402372,377833,3.13,62.91,103756,15876,1245,629,6171,14383,32,9420,0,36,10447,2697,266,281,1343164,45832,181,10091,21796,74,1000,578,1,0,1,,,,,,,,401683,"to a tree=4559; to the muster at (1440, 1470)=461; fight=157; to Ulla=65; to Hollis=33",station=10; fight=4; to Ulla=3; to Hollis=3; to Brannoc=2
2026-09-26_04-57,2026-09-26T09:27:47,270.12,123844,963065784,379357,3.06,62.91,106497,16065,1282,629,6231,14571,32,9586,0,36,10450,2697,266,281,1374551,46851,184,10495,22336,76,1037,604,1,0,1,,,,,,,,415754,"to a tree=4559; to the muster at (1440, 1470)=461; fight=179; to Ulla=65; to Hollis=33",station=10; fight=6; to Ulla=3; to Hollis=3; to Brannoc=2
2026-09-26_04-57,2026-09-26T09:32:47,275.12,125239,969982319,382584,3.05,62.91,107641,16307,1291,629,6260,14811,32,9795,0,35,10625,2697,268,282,1401569,47944,187,10776,22824,76,1045,604,1,0,1,,,,,,,,422595,"to a tree=4587; to the muster at (1440, 1470)=461; fight=179; to Ulla=65; to Hollis=33",station=10; fight=6; to Ulla=3; to Hollis=3; to Brannoc=2
2026-09-26_04-57,2026-09-26T09:37:47,280.12,126973,977000429,386341,3.04,62.91,109298,16348,1327,629,6283,14849,32,9823,0,35,10628,2697,268,282,1429792,49059,190,10895,23061,77,1077,610,1,0,1,,,,,,,,433836,"to a tree=4587; to the muster at (1440, 1470)=461; fight=184; to Ulla=65; to Hollis=33",station=10; fight=6; to Ulla=3; to Hollis=3; to Brannoc=2
2026-09-26_04-57,2026-09-26T09:42:47,285.12,128388,980243643,387954,3.02,62.91,110480,16530,1378,629,6319,15028,32,9995,0,35,10637,2698,269,282,1455755,50000,191,11171,23493,80,1125,617,1,0,1,,,,,,,,462192,"to a tree=4587; to the muster at (1440, 1470)=461; fight=193; to Ulla=65; to Hollis=33",station=10; fight=7; to Ulla=3; to Hollis=3; to Brannoc=2
2026-09-26_04-57,2026-09-26T09:47:48,290.13,129722,989769269,392501,3.03,62.91,111632,16672,1418,629,6377,15166,32,10083,0,34,10740,2698,273,284,1483383,50498,195,11378,23847,80,1162,629,1,0,1,,,,,,,,477814,"to a tree=4632; to the muster at (1440, 1470)=461; fight=193; to Ulla=65; to Hollis=33",station=10; fight=7; to Ulla=3; to Hollis=3; to Brannoc=2
2026-09-26_04-57,2026-09-26T09:52:48,295.13,130558,993426404,394249,3.02,62.91,112425,16707,1426,629,6387,15198,32,10103,0,34,10766,2698,274,284,1513539,50926,204,11452,23941,80,1170,629,1,0,1,,,,,,,,478192,"to a tree=4641; to the muster at (1440, 1470)=461; fight=193; to Ulla=65; to Hollis=33",station=10; fight=7; to Ulla=3; to Hollis=3; to Brannoc=2
2026-09-26_04-57,2026-09-26T09:57:48,300.13,131711,996645968,395565,3,62.91,113386,16860,1465,629,6416,15351,32,10255,0,34,10881,2698,274,284,1533078,51606,207,11718,24336,80,1205,653,1,0,1,,,,,,,,494940,"to a tree=4641; to the muster at (1440, 1470)=461; fight=198; to Ulla=65; to Hollis=33",station=10; fight=7; to Ulla=3; to Hollis=3; to Brannoc=2
2026-09-26_04-57,2026-09-26T10:02:48,305.13,132961,998623178,396607,2.98,62.91,114463,16982,1516,629,6426,15473,32,10375,0,34,10895,2698,274,284,1554966,52268,210,11967,24698,80,1253,655,1,0,1,,,,,,,,505668,"to a tree=4641; to the muster at (1440, 1470)=461; fight=206; to Ulla=65; to Hollis=33",station=10; fight=7; to Ulla=3; to Hollis=3; to Brannoc=2
2026-09-26_04-57,2026-09-26T10:07:48,310.13,134760,1000573260,397624,2.95,62.91,116155,17056,1549,629,6450,15547,32,10432,0,34,10915,2698,274,284,1579986,53812,214,12418,25191,80,1283,676,1,0,1,,,,,,,,517459,"to a tree=4641; to the muster at (1440, 1470)=461; fight=206; to Ulla=65; to Hollis=33",station=10; fight=7; to Ulla=3; to Hollis=3; to Brannoc=2
2026-09-26_04-57,2026-09-26T10:12:48,315.13,138289,1007275774,400688,2.9,62.91,118974,17755,1560,629,6593,16245,32,11050,0,32,11286,2698,274,284,1600572,59708,219,13343,26914,87,1291,814,1,0,1,,,,,,,,536916,"to a tree=4641; to the muster at (1440, 1470)=461; fight=206; to Ulla=65; to Hollis=33",station=10; fight=7; to Ulla=3; to Hollis=3; to Brannoc=2
2026-09-26_04-57,2026-09-26T10:17:48,320.13,141288,1012310856,402900,2.85,62.91,121525,18126,1637,629,6730,16615,32,11330,0,32,11607,2698,275,285,1615454,65629,221,14183,27973,94,1353,951,1,0,1,,,,,,,,545845,"to a tree=4641; to the muster at (1440, 1470)=461; fight=206; to Ulla=65; to Hollis=33",station=11; fight=7; to Ulla=3; to Hollis=3; to Brannoc=2
2026-09-26_04-57,2026-09-26T10:22:48,325.13,144875,1022143149,407167,2.81,62.91,124707,18426,1742,629,6858,16888,32,11522,0,37,11907,2698,275,285,1640879,71207,228,14959,28853,95,1355,1075,1,0,1,,,,,,,,546994,"to a tree=4641; to the muster at (1440, 1470)=461; fight=210; to Ulla=65; to Hollis=33",station=12; fight=7; to Ulla=3; to Hollis=3; to Brannoc=2
2026-09-26_04-57,2026-09-26T10:27:48,330.13,149008,1030560755,410991,2.76,62.91,128162,18941,1905,629,6991,17324,32,11856,0,38,12272,2698,275,285,1662779,75454,232,16171,30505,97,1377,1194,1,0,1,,,,,,,,554701,"to a tree=4641; to the muster at (1440, 1470)=461; fight=215; to Ulla=65; to Hollis=33",station=13; fight=7; to Ulla=3; to Hollis=3; to Brannoc=2
2026-09-26_04-57,2026-09-26T10:32:48,335.13,153544,1035245883,413290,2.69,62.91,131997,19546,2001,629,7263,17752,32,12035,0,38,12517,2698,275,285,1686034,80459,237,17502,31933,105,1380,1416,1,0,1,,,,,,,,556369,"to a tree=4641; to the muster at (1440, 1470)=461; fight=215; to Ulla=65; to Hollis=33",station=19; fight=7; to Ulla=3; to Hollis=3; to Brannoc=2
2026-09-26_04-57,2026-09-26T10:37:48,340.13,155398,1042501186,416801,2.68,62.91,133561,19777,2060,629,7356,17982,32,12192,0,38,12608,2698,278,286,1707297,81903,246,17910,32566,107,1426,1450,1,0,1,,,,,,,,569420,"to a tree=4678; to the muster at (1440, 1470)=461; fight=215; to Ulla=65; to Ivo=34",station=19; fight=7; to Hollis=3; to Ulla=3; to Delwyn=2
2026-09-26_10-41,2026-09-26T10:46:10,5.08,6446,9999313,4289,0.67,60.39,5627,728,91,0,485,715,32,419,0,3,650,0,2,0,26919,5572,10,2256,2424,4,91,407,0,0,0,,,,,,,,5539,to Lorcan=22; at Perri of the enemy=13; over to Rowan=12; at a wraith=9; over to Perri=7,station=2; at Perri of the enemy=1; to Lorcan=1
2026-09-26_10-41,2026-09-26T10:51:10,10.08,10608,17204988,7353,0.69,60.39,9162,1317,129,0,690,1301,32,824,0,2,983,1,3,0,69263,9467,22,3615,4162,5,126,591,0,0,0,,,,,,,,45555,to Lorcan=22; to Jarek=15; at Perri of the enemy=13; over to Rowan=12; at a wraith=9,station=2; to Lorcan=1; at Perri of the enemy=1; to Jarek=1
2026-09-26_10-41,2026-09-26T10:56:10,15.08,14886,26446736,11492,0.77,60.39,12914,1829,143,0,896,1804,32,1231,0,9,1217,1,3,0,107211,13379,26,4999,5982,10,135,766,0,0,0,,,,,,,,69003,at Brannoc of the enemy=25; to Lorcan=22; over to Rowan=16; to Jarek=15; at Perri of the enemy=13,station=6; to Lorcan=1; at Perri of the enemy=1; to Jarek=1
2026-09-26_10-41,2026-09-26T11:01:10,20.08,21597,44155680,18933,0.88,60.39,18681,2765,151,0,1300,2738,32,1813,0,6,2127,2,4,0,129735,20748,36,7684,9499,10,139,1157,0,0,0,,,,,,,,96142,at Brannoc of the enemy=25; to Lorcan=22; over to Rowan=16; to Jarek=15; at Perri of the enemy=13,station=6; to Lorcan=1; at Perri of the enemy=1; to Jarek=1
2026-09-26_10-41,2026-09-26T11:06:10,25.08,26520,53428581,23440,0.88,60.39,23087,3122,311,71,1398,3010,32,2007,0,18,2393,2,4,0,174645,23931,47,8533,10682,12,287,1242,0,0,0,,,,,,,,135246,to Jarek=26; at Brannoc of the enemy=25; to Lorcan=22; over to Rowan=16; at Perri of the enemy=13,station=6; to Jarek=2; to Lorcan=1; at Perri of the enemy=1
2026-09-26_10-41,2026-09-26T11:11:11,30.1,32058,64764797,29050,0.91,60.39,28184,3419,455,71,1566,3299,32,2255,0,16,2512,2,7,0,216948,27813,51,9234,11705,26,416,1265,0,0,0,,,,,,,,165477,at Ulla of the enemy=60; at Jarek of the enemy=45; to Brannoc=37; to Jarek=26; at Brannoc of the enemy=25,station=6; at Jarek of the enemy=3; at Ulla of the enemy=3; to Jarek=2; to Lorcan=1
2026-09-26_10-41,2026-09-26T11:16:11,35.1,37347,72348239,32691,0.88,60.39,33106,3724,517,71,1761,3599,32,2448,0,15,2756,2,7,0,249036,31630,58,10439,13039,28,474,1391,0,0,0,,,,,,,,181215,at Jarek of the enemy=69; at Ulla of the enemy=60; to Brannoc=40; to Jarek=26; at Garrow of the enemy=26,station=6; at Jarek of the enemy=4; at Ulla of the enemy=3; to Jarek=2; to Lorcan=1
2026-09-26_10-41,2026-09-26T11:21:11,40.1,43202,78388488,35551,0.82,60.39,38346,4326,530,71,2031,4194,32,2903,0,13,3094,2,7,0,276934,36853,68,12082,15046,32,478,1605,0,0,0,,,,,,,,199205,at Jarek of the enemy=69; at Ulla of the enemy=60; to Brannoc=40; to Jarek=26; at Garrow of the enemy=26,station=7; at Jarek of the enemy=4; at Ulla of the enemy=3; to Jarek=2; to Lorcan=1
2026-09-26_10-41,2026-09-26T11:26:11,45.1,48748,85475677,38527,0.79,60.39,43232,4920,596,71,2267,4788,32,3368,0,12,3530,2,7,0,310745,42483,74,13636,17307,36,540,1786,0,0,0,,,,,,,,236849,at Jarek of the enemy=69; at Ulla of the enemy=60; at Perri of the enemy=43; to Brannoc=40; at Garrow of the enemy=26,station=8; at Jarek of the enemy=4; at Ulla of the enemy=3; to Jarek=2; to Lorcan=1
2026-09-26_10-41,2026-09-26T11:31:11,50.1,50913,100771450,43956,0.86,60.39,45033,5225,655,71,2379,4938,32,3585,0,14,3670,77,8,2,353460,43615,80,14051,17933,37,593,1799,0,0,0,,,,,,,,270447,"to the new ground at 1082,1402=75; at Jarek of the enemy=69; at Ulla of the enemy=60; at Perri of the enemy=43; to Brannoc=40",station=8; at Jarek of the enemy=4; at Ulla of the enemy=3; to Jarek=2; to Lorcan=1
2026-09-26_10-41,2026-09-26T11:36:11,55.1,53619,155428434,62307,1.16,61.52,46954,5988,677,72,2750,5039,32,3977,0,22,4077,401,11,30,382957,44587,82,14420,18675,37,607,1837,0,0,0,,,,,,,,277252,"to the new ground at 1082,1402=399; at Jarek of the enemy=69; at Ulla of the enemy=60; at Perri of the enemy=43; to Brannoc=40",station=8; at Jarek of the enemy=4; at Ulla of the enemy=3; to Jarek=2; to Lorcan=1
2026-09-26_10-41,2026-09-26T11:41:12,60.12,57302,261961253,99245,1.73,61.52,49004,7545,753,74,3465,5279,32,4835,0,32,4857,1061,27,31,414248,45743,89,14825,19955,38,690,1854,0,0,0,,,,,,,,299027,"to the new ground at 1082,1402=1046; at Jarek of the enemy=69; at Ulla of the enemy=60; at Perri of the enemy=43; to Brannoc=40",station=8; at Jarek of the enemy=4; at Ulla of the enemy=3; to Jarek=2; to Lorcan=1
2026-09-26_11-45,2026-09-26T11:50:57,5.08,6937,132052623,46722,6.74,62.02,4593,2199,145,111,1254,1463,32,1299,0,121,813,1007,11,34,32732,3759,13,1467,2823,5,132,87,0,0,0,,,,,,,,34183,"to a tree=419; to where they are kept=288; at Dain of the enemy=173; at Isolde of the enemy=55; to the new ground at 1082,1402=55",at Dain of the enemy=2; at Rowan of the enemy=1; at Talia of the enemy=1; station=1
2026-09-26_11-45,2026-09-26T11:55:57,10.08,12554,220878973,78480,6.25,150.06,8829,3563,162,111,1890,2426,32,2023,0,95,1557,1516,24,41,81484,6323,16,2321,4329,7,144,178,1,0,1,,,,,,,,45283,"to a tree=738; to where they are kept=288; to the new ground at 1082,1402=239; at Dain of the enemy=173; at Isolde of the enemy=55",at Dain of the enemy=2; at Rowan of the enemy=1; at Talia of the enemy=1; station=1; at Maeve of the enemy=1
2026-09-26_11-45,2026-09-26T12:00:57,15.08,18909,356324542,123199,6.52,150.06,12769,5954,186,112,3085,2641,32,3263,0,154,2228,3233,32,44,116884,9979,19,3302,6480,9,171,265,1,0,1,,,,,,,,49998,"to a tree=747; to the new ground at 1082,1402=690; to Rance for a scroll=626; to where they are kept=288; at Dain of the enemy=173",at Dain of the enemy=2; at Rowan of the enemy=1; at Talia of the enemy=1; station=1; at Maeve of the enemy=1
2026-09-26_11-45,2026-09-26T12:05:57,20.08,25952,518938625,173904,6.7,150.06,16507,9236,209,126,4700,2782,32,4816,0,228,2451,6231,39,75,154268,11956,23,3735,8491,9,186,292,1,0,1,,,,,,,,68371,"to Rance for a scroll=2067; to the new ground at 1082,1402=809; to a tree=774; to where they are kept=288; at Dain of the enemy=173",at Dain of the enemy=2; at Rowan of the enemy=1; at Talia of the enemy=1; station=1; at Maeve of the enemy=1
2026-09-26_11-45,2026-09-26T12:10:57,25.08,29748,582850809,195742,6.58,150.06,19052,10427,269,126,5248,3005,32,5507,0,218,2792,6950,44,77,180936,13256,25,4143,9573,13,243,317,1,0,1,,,,,,,,82649,"to Rance for a scroll=2103; to the new ground at 1082,1402=1053; to a tree=783; to where they are kept=288; to the square at 1335,1425=195",at Dain of the enemy=2; at Rowan of the enemy=1; at Talia of the enemy=1; station=1; at Maeve of the enemy=1
2026-09-26_11-45,2026-09-26T12:15:57,30.08,34365,673547284,223915,6.52,150.06,21634,12436,295,126,6158,3173,32,6515,0,212,2803,8780,52,83,200510,14587,25,4561,10966,14,265,335,2,0,2,,,,,,,,105810,"to Rance for a scroll=2103; to the new ground at 1082,1402=1053; to a tree=783; to the muster at (1178, 1500) for the next wave=610; to where they are kept=288",at Dain of the enemy=2; fight=2; at Rowan of the enemy=1; at Talia of the enemy=1; station=1
2026-09-26_11-45,2026-09-26T12:20:57,35.08,38434,749212939,247764,6.45,150.06,24301,13813,320,126,6431,3234,32,6577,0,210,3045,9854,57,88,219124,19084,30,5861,12276,17,287,342,3,0,3,,,,,,,,130861,"to Rance for a scroll=2103; to the new ground at 1082,1402=1053; to a tree=783; to the muster at (1178, 1500) for the next wave=763; to where they are kept=288",at Dain of the enemy=2; fight=2; at Rowan of the enemy=1; at Talia of the enemy=1; station=1
2026-09-26_11-45,2026-09-26T12:25:57,40.08,42950,820926628,272049,6.33,150.06,27369,15248,333,126,6979,3574,32,7237,0,201,3260,10912,63,92,237499,23083,32,6400,13780,26,298,369,5,0,5,,,,,,,,148506,"to Rance for a scroll=2103; to the muster at (1178, 1500) for the next wave=1182; to the new ground at 1082,1402=1053; to a tree=862; to where they are kept=288","at Dain of the enemy=2; fight=2; to the muster at (1178, 1500) for the next wave=2; at Rowan of the enemy=1; at Talia of the enemy=1"
2026-09-26_11-45,2026-09-26T12:30:57,45.08,45800,848316515,282186,6.16,150.06,29644,15814,342,126,7184,3807,32,7608,0,198,3440,11170,70,179,257957,25405,34,6712,14671,30,307,378,5,0,5,,,,,,,,163806,"to Rance for a scroll=2103; to the muster at (1178, 1500) for the next wave=1205; to the new ground at 1082,1402=1053; to a tree=880; to where they are kept=288","fight=3; at Dain of the enemy=2; to the muster at (1178, 1500) for the next wave=2; at Rowan of the enemy=1; at Talia of the enemy=1"
2026-09-26_11-45,2026-09-26T12:35:57,50.08,48310,886889351,295726,6.12,150.06,31583,16353,374,126,7452,3861,32,7888,0,194,3701,11408,72,180,274361,27507,34,7409,15641,31,339,391,5,0,5,,,,,,,,182120,"to Rance for a scroll=2103; to the muster at (1178, 1500) for the next wave=1205; to the new ground at 1082,1402=1053; to a tree=880; to the counter of The Lantern=302","fight=3; at Dain of the enemy=2; to the muster at (1178, 1500) for the next wave=2; at Rowan of the enemy=1; at Talia of the enemy=1"
2026-09-26_11-45,2026-09-26T12:40:57,55.08,49844,893531400,298518,5.99,150.06,32794,16591,459,126,7495,4043,32,8059,0,193,3759,11452,74,182,288834,28824,34,7858,16251,33,423,402,5,0,5,,,,,,,,212108,"to Rance for a scroll=2103; to the muster at (1178, 1500) for the next wave=1205; to the new ground at 1082,1402=1053; to a tree=889; to the counter of The Lantern=302","fight=3; at Dain of the enemy=2; to the muster at (1178, 1500) for the next wave=2; at Rowan of the enemy=1; at Talia of the enemy=1"
2026-09-26_11-45,2026-09-26T12:45:57,60.08,52446,961061870,319511,6.09,150.06,33970,18000,476,126,8156,4108,32,8782,0,203,3815,12777,81,187,309619,29864,34,8075,17173,34,440,408,5,0,5,,,,,,,,227468,"to Rance for a scroll=2103; to the muster at (1178, 1500) for the next wave=1364; to the new ground at 1082,1402=1053; to a tree=889; to the counter of The Lantern=302","fight=3; at Dain of the enemy=2; to the muster at (1178, 1500) for the next wave=2; at Rowan of the enemy=1; at Talia of the enemy=1"
2026-09-26_11-45,2026-09-26T12:50:57,65.08,56412,1113066713,369401,6.55,150.06,35492,20409,511,137,9226,4207,32,9558,0,205,4118,14791,90,192,324555,32020,38,8910,18764,37,464,435,8,0,8,,,,,,,,261698,"to Rance for a scroll=2289; to the muster at (1178, 1500) for the next wave=1462; to the new ground at 1082,1402=1053; to a tree=889; out to the woods for herbs=711","fight=4; to the muster at (1178, 1500) for the next wave=4; at Dain of the enemy=2; at Rowan of the enemy=1; at Talia of the enemy=1"
2026-09-26_11-45,2026-09-26T12:55:57,70.08,58759,1175316226,390085,6.64,367.12,36458,21784,517,154,9790,4391,32,10264,0,212,4321,15955,96,197,341384,32902,44,9204,19883,38,467,439,8,0,8,,,,,,,,290048,"to Rance for a scroll=2289; to the muster at (1178, 1500) for the next wave=1501; to the new ground at 1082,1402=1053; to a tree=889; out to the woods for herbs=711","fight=4; to the muster at (1178, 1500) for the next wave=4; at Dain of the enemy=2; at Rowan of the enemy=1; at Talia of the enemy=1"
2026-09-26_11-45,2026-09-26T13:00:57,75.08,61179,1258558721,421616,6.89,367.12,37721,22893,565,156,10291,4542,32,10890,0,212,4738,16608,98,199,359053,33713,47,9446,20820,39,512,458,8,0,8,,,,,,,,304523,"to Rance for a scroll=2289; to the muster at (1178, 1500) for the next wave=1501; to the new ground at 1082,1402=1053; out to the woods for herbs=1009; to a tree=889","fight=4; to the muster at (1178, 1500) for the next wave=4; at Dain of the enemy=2; at Rowan of the enemy=1; at Talia of the enemy=1"
2026-09-26_11-45,2026-09-26T13:05:58,80.1,63965,1329483384,443792,6.94,367.12,38951,24446,568,156,11015,4657,32,11640,0,216,4862,18035,103,213,378828,35590,52,9776,21959,44,514,473,9,0,9,,,,,,,,309072,"to Rance for a scroll=2289; to the muster at (1178, 1500) for the next wave=1542; out to the woods for herbs=1309; to the new ground at 1082,1402=1053; to a tree=889","to the muster at (1178, 1500) for the next wave=5; fight=4; at Dain of the enemy=2; at Rowan of the enemy=1; at Talia of the enemy=1"
2026-09-26_13-10,2026-09-26T13:15:54,5.07,6382,134655518,48766,7.64,301.34,3827,2398,157,33,970,598,32,1081,0,72,751,1143,8,18,46955,3427,5,1379,2526,3,139,57,2,0,2,,,,,,,,31407,"to the square at 1065,1395=447; to the war company=299; to the muster at (1084, 1406)=99; to Dain=22; to Maeve=16","to the square at 1065,1395=1; to Delwyn=1; station=1; to the muster at (1084, 1406)=1; to Dain=1"
2026-09-26_13-16,2026-09-26T13:21:48,5.08,7567,206671238,71209,9.41,151.11,3849,3664,54,90,1893,305,32,1802,0,299,625,2922,11,60,48106,1745,6,742,2455,15,50,60,5,0,5,,,,,,,,18394,to Missy=1019; out to the woods for herbs=284; to the counter of The Lantern=209; fight=158; at Fendrel of the enemy=46,"fight=6; at Fendrel of the enemy=3; to the square at 1065,1425=2; at Maeve of the enemy=2; out to the woods for herbs=2"
2026-09-26_13-16,2026-09-26T13:26:48,10.08,14848,331826876,113890,7.67,151.11,8984,5809,55,90,2761,511,32,2644,0,243,1261,4431,51,117,101879,4042,9,1642,4102,24,65,312,20,1,19,,,,,,,,22579,to Missy=1188; to the counter of The Lantern=318; out to the woods for herbs=287; fight=238; to the war company=153,"station=13; fight=11; at Fendrel of the enemy=3; to the square at 1065,1425=2; at Maeve of the enemy=2"
2026-09-26_13-16,2026-09-26T13:31:48,15.08,22229,533315678,181091,8.15,151.11,12586,9588,55,481,4505,621,32,4471,0,265,1701,7770,70,136,154722,5871,13,1999,6268,28,72,376,26,1,25,,,,,,,,22579,"to Missy=1273; to Rance with Mandrake Root=674; marching on (1035, 1395)=335; to the counter of The Lantern=318; out to the woods for herbs=287","station=13; fight=12; at Fendrel of the enemy=3; to Missy=3; to the square at 1065,1425=2"
2026-09-26_13-16,2026-09-26T13:36:48,20.08,30153,689883499,235625,7.81,151.11,17864,12231,58,519,5728,1143,32,5686,0,242,2736,9378,89,148,219134,10315,17,3735,9079,34,85,568,32,1,31,,,,,,,,22909,"to Missy=1457; to the counter of The Lantern=735; to Rance with Mandrake Root=674; marching on (1035, 1395)=434; back for its own things=389","station=16; fight=14; to Missy=4; at Fendrel of the enemy=3; to the square at 1065,1425=2"
2026-09-26_13-16,2026-09-26T13:41:48,25.08,36570,820922948,279034,7.63,151.11,21957,14554,59,537,6751,1398,32,6503,0,237,3399,11038,124,176,275687,14356,21,5292,11376,39,93,749,40,2,38,,,,,,,,23683,"to Missy=1560; to the counter of The Lantern=895; to Rance with Mandrake Root=674; out to the woods for herbs=597; marching on (1035, 1395)=434",station=17; fight=16; to Missy=6; at Fendrel of the enemy=3; out to the woods for herbs=3
2026-09-26_13-16,2026-09-26T13:46:48,30.08,44467,1054507354,359622,8.09,151.11,26217,18185,65,537,8605,1633,32,8199,0,226,5012,13056,159,219,326169,17096,26,6338,14013,43,104,1425,43,2,41,,,,,,,,23884,to the counter of The Lantern=1648; to Missy=1560; to Rance with Mandrake Root=674; out to the woods for herbs=597; fight=451,station=18; fight=17; to Missy=6; to the counter of The Lantern=4; at Fendrel of the enemy=3
2026-09-26_13-16,2026-09-26T13:51:48,35.08,54922,1337860844,457508,8.33,151.11,31727,23124,71,537,11154,1787,32,9719,0,232,6037,16871,161,220,387473,20769,38,7844,17017,47,111,1481,44,2,42,,,,,,,,29652,to the counter of The Lantern=2608; to Missy=1561; to Athena with Thigh Boots=1504; to Rance with Mandrake Root=674; out to the woods for herbs=597,station=18; fight=17; to Missy=6; to the counter of The Lantern=4; at Fendrel of the enemy=3
2026-09-26_13-16,2026-09-26T13:56:48,40.08,63765,1507861118,517837,8.12,151.11,38061,25630,74,537,12398,1884,32,10116,0,225,7018,18395,169,224,447220,24159,45,9127,18668,47,122,1508,48,2,46,,,,,,,,29761,to the counter of The Lantern=3467; to Missy=1855; to Athena with Thigh Boots=1504; to Rance with Mandrake Root=674; out to the woods for herbs=626,station=18; fight=17; to Missy=7; to the counter of The Lantern=6; at Fendrel of the enemy=3
2026-09-26_13-16,2026-09-26T14:01:48,45.08,72294,1629443823,561778,7.77,311.68,44476,27739,79,760,13324,2256,32,11141,0,224,7851,19670,183,232,490955,27825,46,10360,20890,49,128,1780,49,2,47,,,,,,,,29771,to the counter of The Lantern=3479; to Missy=1855; to Athena with Thigh Boots=1504; out to the woods for herbs=935; to Rance with Mandrake Root=674,station=20; fight=17; to Missy=7; to the counter of The Lantern=7; at Fendrel of the enemy=3
2026-09-26_14-05,2026-09-26T14:10:56,5.08,7633,208093810,78218,10.25,216.83,3984,3641,8,83,1723,692,32,1828,0,138,1661,1951,10,39,49097,3440,7,1130,3154,4,13,114,4,0,4,,,,,,,,26,"to the counter of The Lantern=612; to Chiara=563; to the muster at (1084, 1406)=267; fight=113; away from Nulgha=24","station=2; to the counter of The Lantern=2; to the muster at (1084, 1406)=2; after Chetickuki=1; fight=1"
2026-09-26_14-11,2026-09-26T14:17:04,5.08,9510,290500812,100714,10.59,64.53,4389,5121,0,972,2589,315,32,2520,0,166,2739,2367,59,100,41626,3855,3,1268,3741,2,10,849,8,0,8,,,,,,,,0,"to the counter of The Lantern=661; to Garritt=556; out to the woods for herbs=299; to the muster at (1084, 1406)=163; fight=31","station=7; to Kelda=1; to the muster at (1084, 1406)=1; fight=1"
2026-09-26_14-11,2026-09-26T14:22:04,10.08,17399,651777484,224799,12.92,64.53,6331,11068,0,1082,5561,426,32,5503,0,191,4325,6728,65,102,65164,5604,7,1727,7163,3,13,859,8,0,8,,,,,,,,19,to the counter of The Lantern=2097; to Sabra=860; to Garritt=556; to Gus=323; out to the woods for herbs=299,"station=7; fight=2; to Kelda=1; to the muster at (1084, 1406)=1"
2026-09-26_14-25,2026-09-26T14:30:58,5.08,7542,170346920,61446,8.15,287.94,5053,2488,1,32,1215,352,32,847,1,105,1367,1118,20,37,64459,3560,7,1285,2486,6,11,171,7,0,7,,,,,,,,22,"marching on (1068, 1452)=325; to the counter of The Lantern=154; to the muster at (1084, 1406)=150; looking for a fight=99; to Missy=95","to Torvin=2; to Wystan=1; to the muster at (1084, 1406)=1; fight=1; to Kelda=1"
2026-09-26_14-32,2026-09-26T14:37:38,5.08,7067,26195481,12097,1.71,65.77,6298,769,0,29,513,488,32,424,0,48,739,30,24,64,54234,3356,17,1228,1579,17,7,202,5,0,5,2420,0,,,,,,0,to Talia=48; to a tree=39; to Marek=33; to Merrick=26; fight=23,station=6; to Marek=3; to Talia=3; to Merrick=2; to Bertram=1
2026-09-26_14-32,2026-09-26T14:42:38,10.08,12805,28383076,13456,1.05,77.75,11935,870,0,29,754,582,32,481,0,46,836,30,25,64,108460,4351,21,1580,1923,24,8,251,5,0,5,5412,0,,,,,,0,fight=88; to Bertram=48; to Talia=48; to a tree=39; to Marek=33,station=7; to Bertram=3; to Marek=3; fight=3; to Talia=3
2026-09-26_14-32,2026-09-26T14:47:38,15.08,19660,32030226,15256,0.78,77.75,18700,960,0,38,836,656,32,550,0,49,925,31,26,64,179306,5130,26,1820,2233,25,9,252,5,0,5,8976,0,,,,,,0,fight=118; to Bertram=48; to Talia=48; to a tree=39; to Marek=33,station=7; to Bertram=3; to Marek=3; fight=3; to Talia=3
2026-09-26_14-32,2026-09-26T14:52:38,20.08,26693,84394053,33746,1.26,77.75,25053,1635,5,38,1220,730,32,909,0,164,1000,631,29,66,244711,5992,34,2138,2900,28,16,255,5,0,5,12065,0,,,,,,5,to where they are kept=299; fight=150; to Bertram=48; to Talia=48; to a tree=39,station=7; fight=4; to Bertram=3; to Marek=3; to Talia=3
2026-09-26_14-32,2026-09-26T14:57:38,25.08,32998,85389126,34881,1.06,291.7,31325,1668,5,38,1249,763,32,936,0,161,1033,631,32,67,299756,6537,46,2257,3138,29,19,255,5,0,5,14611,0,,,,,,27,to where they are kept=299; fight=160; to Bertram=48; to Talia=48; to a tree=39,station=7; fight=4; to Bertram=3; to Marek=3; to Talia=3
2026-09-26_14-32,2026-09-26T15:02:38,30.08,39769,87733241,36112,0.91,291.7,38032,1732,5,38,1353,827,32,996,0,155,1096,631,32,67,350224,7377,54,2493,3506,34,19,255,5,0,5,16985,0,,,,,,30,to where they are kept=299; fight=209; to Bertram=48; to Talia=48; to a tree=39,station=7; fight=6; to Bertram=3; to Talia=3; to Marek=3
2026-09-26_14-32,2026-09-26T15:07:38,35.08,45701,88531346,36705,0.8,291.7,43948,1748,5,38,1400,843,32,1007,0,153,1112,631,32,67,391916,7775,62,2594,3625,36,19,255,5,0,5,18765,0,,,,,,41,to where they are kept=299; fight=225; to Talia=48; to Bertram=48; to a tree=39,station=7; fight=6; to Bertram=3; to Marek=3; to Talia=3
2026-09-26_14-32,2026-09-26T15:12:38,40.08,51412,89671209,37437,0.73,291.7,49618,1789,5,38,1432,883,32,1044,0,150,1152,632,33,67,436303,8381,73,2775,3841,36,20,258,5,0,5,20615,0,,,,,,41,to where they are kept=299; fight=243; to Bertram=48; to Talia=48; to a tree=39,station=7; fight=6; to Bertram=3; to Marek=3; to Talia=3
2026-09-26_14-32,2026-09-26T15:17:38,45.08,55722,94608825,39951,0.72,291.7,53655,2062,5,38,1528,1151,32,1279,0,131,1425,632,34,67,477987,9360,82,3143,4444,39,21,284,5,0,5,22915,0,,,,,,51,to where they are kept=299; fight=275; to Bertram=48; to Talia=48; to a tree=39,station=7; fight=7; to Bertram=3; to Marek=3; to Talia=3
2026-09-26_15-18,2026-09-26T15:23:36,5.08,2731,3197078,2460,0.9,68.46,2696,35,0,2,27,16,32,13,0,185,35,0,1,0,35320,304,10,72,106,1,1,0,0,0,0,1218,0,132,0,0,0,,0,fight=24; out to the woods for herbs=2; up to the rock=1,fight=1
2026-09-26_15-18,2026-09-26T15:28:36,10.08,6254,31641741,15044,2.41,188.01,6000,254,0,2,81,28,32,23,1,218,218,35,3,15,70068,894,22,200,363,3,3,0,0,0,0,2780,0,327,0,2,2,,0,fight=46; to Doran=12; to Jarek=12; out to the woods for herbs=2; after Frukag=2,fight=1; to a fire=1; out to the woods for herbs=1; to Doran=1; to Jarek=1
2026-09-26_15-30,2026-09-26T15:35:54,5.08,4170,77621164,27866,6.68,61.62,2928,1242,0,3,542,81,32,383,0,196,411,831,8,27,37950,1845,3,767,979,3,3,1,2,0,2,1398,0,202,0,2,,213,0,"to the muster at (1084, 1406)=299; to Rance for a scroll=110; to a fire=60; fight=45; to Jarek=11","fight=2; to the counter with a full pack=1; to the muster at (1440, 1470)=1; to Jarek=1"
2026-09-26_15-42,2026-09-26T15:47:49,5.08,4063,47712204,18539,4.56,180.03,3406,657,0,562,359,42,32,338,0,90,358,299,2,14,30903,459,10,87,518,0,0,0,0,0,0,1169,0,157,0,0,,0,0,"to the muster at (1084, 1406)=299; fight=16; after Krugorim=8; to Ronan=6; after Baugh=5",
2026-09-26_15-42,2026-09-26T15:52:49,10.08,7064,48821230,19451,2.75,180.03,6382,682,0,562,406,64,32,350,0,87,383,299,6,15,66540,1000,31,155,719,1,4,1,0,0,0,3016,0,342,0,1,,1,31,"to the muster at (1084, 1406)=299; fight=40; to Marek=11; after Krugorim=8; to Ronan=6",to Marek=1
2026-09-26_15-55,2026-09-26T16:01:05,5.13,8030,3285268,3212,0.4,180.02,7810,220,0,3881,162,146,32,144,0,175,216,4,1,0,34518,546,7,203,381,1,1,4,0,0,0,1884,0,321,0,0,,0,0,fight=18; after a harpy=14; after a skeleton=7; after a troll=4; after a grizzly bear=3,after a harpy=1
